sequence,learning_rate,frame,excluded,luminance,tp,fp,fn,tn,background_fpr
I_IL_01,0.001,1,1,89.40848918876263,0,0,0,101376,0.0
I_IL_01,0.001,2,1,89.39692826704545,0,0,0,101376,0.0
I_IL_01,0.001,3,1,89.42444957386364,0,0,0,101376,0.0
I_IL_01,0.001,4,1,89.3935546875,0,0,0,101376,0.0
I_IL_01,0.001,5,1,89.44360598169192,0,0,0,101376,0.0
I_IL_01,0.001,6,1,89.4359710385101,0,0,0,101376,0.0
I_IL_01,0.001,7,1,89.47677951388889,0,0,0,101376,0.0
I_IL_01,0.001,8,1,89.45130997474747,0,0,0,101376,0.0
I_IL_01,0.001,9,1,89.4694700915404,0,0,0,101376,0.0
I_IL_01,0.001,10,1,89.44492779356061,0,0,0,101376,0.0
I_IL_01,0.001,11,1,89.51195549242425,0,0,0,101376,0.0
I_IL_01,0.001,12,1,89.45871803977273,0,0,0,101376,0.0
I_IL_01,0.001,13,1,89.50053267045455,0,0,0,101376,0.0
I_IL_01,0.001,14,1,89.47664141414141,0,0,0,101376,0.0
I_IL_01,0.001,15,1,89.52545967487374,0,0,0,101376,0.0
I_IL_01,0.001,16,1,89.47073271780303,0,0,0,101376,0.0
I_IL_01,0.001,17,1,89.54497119633838,0,0,0,101376,0.0
I_IL_01,0.001,18,1,89.51359296085859,0,0,0,101376,0.0
I_IL_01,0.001,19,1,89.55551609848484,0,0,0,101376,0.0
I_IL_01,0.001,20,1,89.52985913825758,0,0,0,101376,0.0
I_IL_01,0.001,21,1,89.55272451073232,0,0,0,101376,0.0
I_IL_01,0.001,22,1,89.52612058080808,0,0,0,101376,0.0
I_IL_01,0.001,23,1,89.59019886363636,0,0,0,101376,0.0
I_IL_01,0.001,24,1,89.53218710542929,0,0,0,101376,0.0
I_IL_01,0.001,25,1,89.58011758207071,0,0,0,101376,0.0
I_IL_01,0.001,26,0,89.55352351641415,0,0,0,101376,0.0
I_IL_01,0.001,27,0,89.58620383522727,0,0,0,101376,0.0
I_IL_01,0.001,28,0,89.53575797032828,0,0,0,101376,0.0
I_IL_01,0.001,29,0,89.58768347537878,0,0,0,101376,0.0
I_IL_01,0.001,30,0,89.56974037247475,0,0,0,101376,0.0
I_IL_01,0.001,31,0,89.61215672348484,0,0,0,101376,0.0
I_IL_01,0.001,32,0,89.56803385416667,0,0,0,101376,0.0
I_IL_01,0.001,33,0,89.60353535353535,0,0,0,101376,0.0
I_IL_01,0.001,34,0,89.56608072916667,0,0,0,101376,0.0
I_IL_01,0.001,35,0,89.62309619633838,0,0,0,101376,0.0
I_IL_01,0.001,36,0,89.57042100694444,0,0,0,101376,0.0
I_IL_01,0.001,37,0,89.62439827967172,0,0,0,101376,0.0
I_IL_01,0.001,38,0,89.57465277777777,0,0,0,101376,0.0
I_IL_01,0.001,39,0,89.6090790719697,0,0,0,101376,0.0
I_IL_01,0.001,40,0,89.55906723484848,0,0,0,101376,0.0
I_IL_01,0.001,41,0,89.6162997159091,0,0,0,101376,0.0
I_IL_01,0.001,42,0,89.59088936237374,0,0,0,101376,0.0
I_IL_01,0.001,43,0,89.6366299715909,0,0,0,101376,0.0
I_IL_01,0.001,44,0,89.57585621843434,0,0,0,101376,0.0
I_IL_01,0.001,45,0,89.60734296085859,0,0,0,101376,0.0
I_IL_01,0.001,46,0,89.57139756944444,0,0,0,101376,0.0
I_IL_01,0.001,47,0,89.63159919507575,0,0,0,101376,0.0
I_IL_01,0.001,48,0,89.57776988636364,0,0,0,101376,0.0
I_IL_01,0.001,49,0,89.59920494002525,0,0,0,101376,0.0
I_IL_01,0.001,50,0,89.56514362373737,0,0,0,101376,0.0
I_IL_01,0.001,51,0,89.60418639520202,0,0,0,101376,0.0
I_IL_01,0.001,52,0,89.55637428977273,0,0,0,101376,0.0
I_IL_01,0.001,53,0,89.62505918560606,0,0,0,101376,0.0
I_IL_01,0.001,54,0,89.59797190656566,0,0,0,101376,0.0
I_IL_01,0.001,55,0,89.64681976010101,0,0,0,101376,0.0
I_IL_01,0.001,56,0,89.58467487373737,0,0,0,101376,0.0
I_IL_01,0.001,57,0,89.60667219065657,0,0,0,101376,0.0
I_IL_01,0.001,58,0,89.55169862689394,0,0,0,101376,0.0
I_IL_01,0.001,59,0,89.60808278093434,0,0,0,101376,0.0
I_IL_01,0.001,60,0,89.52841895517676,0,0,0,101376,0.0
I_IL_01,0.001,61,0,89.54555318813131,0,0,0,101376,0.0
I_IL_01,0.001,62,0,89.50061158459596,0,0,0,101376,0.0
I_IL_01,0.001,63,0,89.51963975694444,0,0,0,101376,0.0
I_IL_01,0.001,64,0,89.44716698232324,0,0,0,101376,0.0
I_IL_01,0.001,65,0,89.4807252209596,0,0,0,101376,0.0
I_IL_01,0.001,66,0,89.4338502209596,0,0,0,101376,0.0
I_IL_01,0.001,67,0,89.44281684027777,0,0,0,101376,0.0
I_IL_01,0.001,68,0,89.35096077967172,0,0,0,101376,0.0
I_IL_01,0.001,69,0,89.36155500315657,0,0,0,101376,0.0
I_IL_01,0.001,70,0,89.27375315656566,0,0,0,101376,0.0
I_IL_01,0.001,71,0,89.2963620580808,0,0,0,101376,0.0
I_IL_01,0.001,72,0,89.20690301452021,0,0,0,101376,0.0
I_IL_01,0.001,73,0,89.18276515151516,0,0,0,101376,0.0
I_IL_01,0.001,74,0,89.09161931818181,0,0,0,101376,0.0
I_IL_01,0.001,75,0,89.07310408775253,0,0,0,101376,0.0
I_IL_01,0.001,76,0,88.94871567234848,0,0,0,101376,0.0
I_IL_01,0.001,77,0,88.90449416035354,0,0,0,101376,0.0
I_IL_01,0.001,78,0,88.83744673295455,0,0,0,101376,0.0
I_IL_01,0.001,79,0,88.79370857007575,0,0,0,101376,0.0
I_IL_01,0.001,80,0,88.65893308080808,0,0,0,101376,0.0
I_IL_01,0.001,81,0,88.62033420138889,0,0,0,101376,0.0
I_IL_01,0.001,82,0,88.47777580492425,0,0,0,101376,0.0
I_IL_01,0.001,83,0,88.42732007575758,0,0,0,101376,0.0
I_IL_01,0.001,84,0,88.26242897727273,0,0,0,101376,0.0
I_IL_01,0.001,85,0,88.13367069128788,0,0,0,101376,0.0
I_IL_01,0.001,86,0,87.94347774621212,0,0,0,101376,0.0
I_IL_01,0.001,87,0,87.81375276199495,0,0,0,101376,0.0
I_IL_01,0.001,88,0,87.48026160037878,0,59,0,101317,0.0005819917929292929
I_IL_01,0.001,89,0,87.14578401199495,0,129,0,101247,0.0012724905303030303
I_IL_01,0.001,90,0,86.8518584280303,0,182,0,101194,0.0017952967171717172
I_IL_01,0.001,91,0,86.43012152777777,0,186,0,101190,0.001834753787878788
I_IL_01,0.001,92,0,86.03525489267676,0,150,0,101226,0.0014796401515151515
I_IL_01,0.001,93,0,85.9077395044192,0,144,0,101232,0.0014204545454545455
I_IL_01,0.001,94,0,85.94411892361111,0,122,0,101254,0.0012034406565656565
I_IL_01,0.001,95,0,85.92307844065657,0,106,0,101270,0.0010456123737373737
I_IL_01,0.001,96,0,85.77055713383838,0,83,0,101293,0.0008187342171717171
I_IL_01,0.001,97,0,85.52134627525253,43,32,0,101253,0.0003159401688305277
I_IL_01,0.001,98,0,85.08261324179293,195,79,372,100482,0.0007855928242559243
I_IL_01,0.001,99,0,85.07904237689394,516,72,413,100043,0.0007191729511062279
I_IL_01,0.001,100,0,84.9990234375,865,77,346,99706,0.0007716745337382119
I_IL_01,0.001,101,0,84.84078085542929,1257,135,389,99021,0.001361490983904151
I_IL_01,0.001,102,0,84.67851365214646,1857,211,320,98384,0.0021400679547644405
I_IL_01,0.001,103,0,84.4136383364899,2475,158,329,97782,0.001613232591382479
I_IL_01,0.001,104,0,84.08157749368686,3108,130,265,97213,0.00133548380469063
I_IL_01,0.001,105,0,83.6349333175505,3676,146,379,96301,0.001513784772984126
I_IL_01,0.001,106,0,83.37069917929293,4724,89,148,95667,0.0009294456744224905
I_IL_01,0.001,107,0,83.00576073232324,4924,80,121,95421,0.0008376875634810107
I_IL_01,0.001,108,0,82.71507062815657,5099,172,53,95076,0.0018058121955316646
I_IL_01,0.001,109,0,82.44237294823232,5323,182,53,94728,0.0019176061531977664
I_IL_01,0.001,110,0,82.4031526199495,5214,236,46,94772,0.002484001347254968
I_IL_01,0.001,111,0,82.37713068181819,5477,199,20,94512,0.0021011286967722864
I_IL_01,0.001,112,0,82.10098050820707,5693,206,64,93990,0.002186929381290076
I_IL_01,0.001,113,0,82.3627288510101,5762,288,91,93721,0.0030635364699124553
I_IL_01,0.001,114,0,82.56497593118686,5824,261,134,93641,0.002779493514515133
I_IL_01,0.001,115,0,82.79335345643939,5779,346,166,93553,0.0036848102748698068
I_IL_01,0.001,116,0,82.8577178030303,5861,316,162,93521,0.003367541588072935
I_IL_01,0.001,117,0,83.00648082386364,5859,278,142,93591,0.002961574108598153
I_IL_01,0.001,118,0,83.37590751262626,5789,314,79,93762,0.0033377269441727964
I_IL_01,0.001,119,0,84.16764322916667,5732,406,74,93897,0.004305271306321114
I_IL_01,0.001,120,0,84.49575836489899,5535,407,108,94115,0.0043058758807473395
I_IL_01,0.001,121,0,84.87059067234848,5358,505,74,94345,0.005324196099103848
I_IL_01,0.001,122,0,85.1639737215909,5170,484,46,94595,0.005090503686408144
I_IL_01,0.001,123,0,85.32017440025253,5193,556,99,94443,0.005852693186244066
I_IL_01,0.001,124,0,85.04200205176768,5501,532,123,94114,0.005620945417661602
I_IL_01,0.001,125,0,85.01760771780303,5562,559,135,93847,0.005921233819884329
I_IL_01,0.001,126,0,85.02039930555556,5591,570,146,93773,0.006041783704143391
I_IL_01,0.001,127,0,85.07866753472223,5619,609,154,93709,0.006456879916876948
I_IL_01,0.001,128,0,84.98928740530303,5593,588,190,93721,0.00623482382381321
I_IL_01,0.001,129,0,102.14701704545455,5653,61923,42,32500,0.6558042002478209
I_IL_01,0.001,130,0,104.78609335542929,5505,82734,51,11865,0.8745758411822535
I_IL_01,0.001,131,0,106.07301530934343,5384,86289,44,8458,0.9107306827656813
I_IL_01,0.001,132,0,106.37237610479798,5248,86699,49,8208,0.9135153360658329
I_IL_01,0.001,133,0,106.30346433080808,5154,86839,48,8181,0.9139023363502421
I_IL_01,0.001,134,0,105.87480271464646,5117,86023,35,9065,0.9046672555948174
I_IL_01,0.001,135,0,106.51121567234848,4971,86144,38,9106,0.9043989501312336
I_IL_01,0.001,136,0,107.1382477114899,4859,86696,51,8673,0.9090584990929966
I_IL_01,0.001,137,0,107.25198271780303,4826,86959,64,8494,0.9110137973662431
I_IL_01,0.001,138,0,108.16978377525253,4780,87296,94,8195,0.914180393963829
I_IL_01,0.001,139,0,107.61829229797979,4789,86926,91,8547,0.9104773077205074
I_IL_01,0.001,140,0,106.7732698074495,4903,86195,86,9134,0.9041844559368083
I_IL_01,0.001,141,0,105.56971077967172,5039,85115,96,9934,0.8954854864333134
I_IL_01,0.001,142,0,104.51679884785354,5329,84173,92,10647,0.8877135625395486
I_IL_01,0.001,143,0,103.35547861426768,5369,82425,90,12220,0.8708859422050822
I_IL_01,0.001,144,0,102.42642242739899,5413,80896,85,13645,0.8556710845030199
I_IL_01,0.001,145,0,101.60624802714646,5382,79504,94,15052,0.8408139092178181
I_IL_01,0.001,146,0,101.04191327335859,5437,78392,77,16121,0.8294308719435421
I_IL_01,0.001,147,0,101.70018544823232,5377,78385,72,16202,0.8287079619820905
I_IL_01,0.001,148,0,102.10619870580808,5383,79224,97,15342,0.8377641012626103
I_IL_01,0.001,149,0,101.67344341856061,5419,78505,107,16003,0.8306704194353917
I_IL_01,0.001,150,0,101.43678977272727,5449,78108,148,16333,0.8270560455734268
I_IL_01,0.001,151,0,102.11063762626263,5438,79642,105,14853,0.8428170802687973
I_IL_01,0.001,152,0,104.27632773042929,5430,81935,120,12539,0.8672756525604929
I_IL_01,0.001,153,0,107.39367305871212,5425,83410,118,11071,0.882823001450027
I_IL_01,0.001,154,0,112.48040956439394,5538,85983,110,8456,0.910460720676839
I_IL_01,0.001,155,0,116.68139401830808,5509,87760,91,6882,0.9272838697407071
I_IL_01,0.001,156,0,118.40771977588383,5345,88549,107,6313,0.9334506968016698
I_IL_01,0.001,157,0,119.61410984848484,5211,89087,135,5915,0.9377381528809919
I_IL_01,0.001,158,0,120.15008483270202,5280,88882,179,6041,0.9363589435647841
I_IL_01,0.001,159,0,121.12182370580808,5263,88822,231,6158,0.9351652979574647
I_IL_01,0.001,160,0,121.14812184343434,5392,88082,351,6568,0.9306075013206551
I_IL_01,0.001,161,0,119.73303345959596,5687,86161,385,7985,0.9151849255411807
I_IL_01,0.001,162,0,119.0962160669192,5935,85066,329,8766,0.9065777133600478
I_IL_01,0.001,163,0,118.1844815340909,6061,84388,269,9358,0.9001770742218335
I_IL_01,0.001,164,0,117.05091934974747,6329,83535,220,10004,0.8930499577716247
I_IL_01,0.001,165,0,116.08985361426768,6438,82944,246,10468,0.8879373099815869
I_IL_01,0.001,166,0,114.84858349116162,6522,81701,270,11625,0.8754366414503997
I_IL_01,0.001,167,0,114.15590475063131,6632,80906,249,12367,0.8674107190719715
I_IL_01,0.001,168,0,113.36210740214646,6612,78918,204,14428,0.8454352623572515
I_IL_01,0.001,169,0,112.63758680555556,6749,75754,157,17510,0.8122533882312575
I_IL_01,0.001,170,0,111.7831143465909,6834,70439,111,22792,0.7555319582542287
I_IL_01,0.001,171,0,110.47422466856061,7035,63318,99,29800,0.6799759445005262
I_IL_01,0.001,172,0,109.7082642834596,6786,61538,209,31731,0.6597904984507178
I_IL_01,0.001,173,0,109.15381352588383,6686,60490,283,32821,0.6482622627557308
I_IL_01,0.001,174,0,108.55900804924242,6703,59738,283,33582,0.640141448778397
I_IL_01,0.001,175,0,108.03788865214646,6790,58539,224,34789,0.6272394136807817
I_IL_01,0.001,176,0,107.14804292929293,7379,55710,261,36901,0.6015484121756595
I_IL_01,0.001,177,0,106.37643031881314,7508,54650,233,37564,0.5926431995141735
I_IL_01,0.001,178,0,105.31915838068181,7549,53662,247,38477,0.5824026742204712
I_IL_01,0.001,179,0,105.33154790088383,7729,53777,237,38196,0.5847042066693486
I_IL_01,0.001,180,0,105.49359809027777,7883,53928,253,37885,0.5873678019452583
I_IL_01,0.001,181,0,105.69608191287878,8113,54226,279,37365,0.5920450699304517
I_IL_01,0.001,182,0,105.81237176452021,8118,54657,278,36951,0.5966400314383024
I_IL_01,0.001,183,0,105.88399621212122,8116,55308,280,36376,0.6032459316783736
I_IL_01,0.001,184,0,105.31956281565657,7893,55360,320,36547,0.6023480257216534
I_IL_01,0.001,185,0,103.7807370580808,7432,54523,295,37987,0.5893741217165712
I_IL_01,0.001,186,0,102.58045296717172,6871,54042,270,39087,0.5802918532358342
I_IL_01,0.001,187,0,101.58519767992425,6577,54362,203,39402,0.5797747536367902
I_IL_01,0.001,188,0,101.16333254419192,5702,55106,24,39940,0.5797824211434464
I_IL_01,0.001,189,0,101.3921145044192,4284,56304,14,40272,0.5830019880715706
I_IL_01,0.001,190,0,102.00110479797979,3147,57689,5,40075,0.5900842846037396
I_IL_01,0.001,191,0,103.51171875,2145,59590,0,39241,0.6029484675860813
I_IL_01,0.001,192,0,104.78317353219697,1331,60716,0,38985,0.6089808527497217
I_IL_01,0.001,193,0,106.14845722853535,686,62154,4,38307,0.6186878490160361
I_IL_01,0.001,194,0,106.5401278409091,467,62689,0,38123,0.6218406538904099
I_IL_01,0.001,195,0,108.05676886047979,322,64682,0,36301,0.6405236524959647
I_IL_01,0.001,196,0,107.41608467487374,197,63985,0,37137,0.632750538952948
I_IL_01,0.001,197,0,107.44595367739899,100,64551,0,36690,0.6375974160666134
I_IL_01,0.001,198,0,106.76739070391415,25,63392,0,37938,0.6255995263002072
I_IL_01,0.001,199,0,106.65434619633838,0,63373,0,38003,0.625128235479798
I_IL_01,0.001,200,0,106.5307863794192,0,63317,0,38059,0.624575836489899
I_IL_01,0.001,201,0,106.58467487373737,0,63403,0,37973,0.625424163510101
I_IL_01,0.001,202,0,105.85010258838383,0,62401,0,38975,0.6155401672979798
I_IL_01,0.001,203,0,105.25728969381314,0,61526,0,39850,0.6069089330808081
I_IL_01,0.001,204,0,105.11232441603535,0,61270,0,40106,0.6043836805555556
I_IL_01,0.001,205,0,104.96945036300505,0,61028,0,40348,0.6019965277777778
I_IL_01,0.001,206,0,104.80309935290404,0,60768,0,40608,0.5994318181818182
I_IL_01,0.001,207,0,104.79506983901516,0,60697,0,40679,0.5987314551767676
I_IL_01,0.001,208,0,104.70026436237374,0,60532,0,40844,0.597103851010101
I_IL_01,0.001,209,0,104.60916785037878,0,60263,0,41113,0.5944503630050505
I_IL_01,0.001,210,0,104.5737551294192,0,60148,0,41228,0.5933159722222222
I_IL_01,0.001,211,0,104.51585187815657,0,59996,0,41380,0.5918166035353535
I_IL_01,0.001,212,0,104.44722616792929,0,59844,0,41532,0.5903172348484849
I_IL_01,0.001,213,0,104.38537720959596,0,59675,0,41701,0.5886501736111112
I_IL_01,0.001,214,0,104.25440932765152,0,59275,0,42101,0.5847044665404041
I_IL_01,0.001,215,0,104.22266611426768,0,59210,0,42166,0.5840632891414141
I_IL_01,0.001,216,0,104.16067905618686,0,58835,0,42541,0.5803641887626263
I_IL_01,0.001,217,0,104.0229738794192,0,58538,0,42838,0.5774345012626263
I_IL_01,0.001,218,0,103.9446318655303,0,58070,0,43306,0.572818023989899
I_IL_01,0.001,219,0,103.95211884469697,0,57871,0,43505,0.5708550347222222
I_IL_01,0.001,220,0,103.83690419823232,0,57236,0,44140,0.5645912247474747
I_IL_01,0.001,221,0,103.73902107007575,0,56825,0,44551,0.5605370107323232
I_IL_01,0.001,222,0,103.69077493686869,0,56436,0,44940,0.5566998106060606
I_IL_01,0.001,223,0,103.56188841540404,0,55820,0,45556,0.5506234217171717
I_IL_01,0.001,224,0,103.49623184974747,0,55189,0,46187,0.5443990688131313
I_IL_01,0.001,225,0,103.49665601325758,0,54667,0,46709,0.5392499210858586
I_IL_01,0.001,226,0,103.28096393623737,0,53529,0,47847,0.528024384469697
I_IL_01,0.001,227,0,103.23378314393939,0,52644,0,48732,0.5192945075757576
I_IL_01,0.001,228,0,103.19313249684343,0,51831,0,49545,0.5112748579545454
I_IL_01,0.001,229,0,103.10997672032828,0,50721,0,50655,0.5003255208333334
I_IL_01,0.001,230,0,102.96992384785354,0,49474,0,51902,0.48802477904040403
I_IL_01,0.001,231,0,102.98626893939394,0,48939,0,52437,0.4827473958333333
I_IL_01,0.001,232,0,102.83655894886364,0,47774,0,53602,0.471255523989899
I_IL_01,0.001,233,0,102.81665285669192,0,47099,0,54277,0.46459714330808083
I_IL_01,0.001,234,0,102.1526396780303,0,44874,0,56502,0.4426491477272727
I_IL_01,0.001,235,0,101.89472853535354,0,43203,0,58173,0.4261659564393939
I_IL_01,0.001,236,0,101.79404395517676,0,41884,0,59492,0.41315498737373735
I_IL_01,0.001,237,0,101.81254932133838,0,40870,0,60506,0.403152619949495
I_IL_01,0.001,238,0,101.75431068497475,0,39913,0,61463,0.3937125157828283
I_IL_01,0.001,239,0,101.79351128472223,0,38412,0,62964,0.37890625
I_IL_01,0.001,240,0,101.79739780618686,0,37198,0,64178,0.36693102904040403
I_IL_01,0.001,241,0,101.79048295454545,0,36192,0,65184,0.35700757575757575
I_IL_01,0.001,242,0,101.76079150883838,0,35089,0,66287,0.346127288510101
I_IL_01,0.001,243,0,101.8377229324495,0,30299,0,71077,0.2988774463383838
I_IL_01,0.001,244,0,101.77350654987374,0,27858,0,73518,0.2747987689393939
I_IL_01,0.001,245,0,101.80623619002525,0,26358,0,75018,0.26000236742424243
I_IL_01,0.001,246,0,101.84661063762626,0,25065,0,76311,0.24724786931818182
I_IL_01,0.001,247,0,101.92206242108585,0,23347,0,78029,0.23030105744949494
I_IL_01,0.001,248,0,101.90543126578282,0,20938,0,80438,0.20653803661616163
I_IL_01,0.001,249,0,101.91102430555556,0,17985,0,83391,0.17740885416666666
I_IL_01,0.001,250,0,101.88831676136364,0,14843,0,86533,0.14641532512626262
I_IL_01,0.001,251,0,101.94363557449495,0,11254,0,90122,0.11101246843434344
I_IL_01,0.001,252,0,101.89785550820707,0,8221,0,93155,0.08109414457070707
I_IL_01,0.001,253,0,101.94932725694444,0,6738,0,94638,0.06646543560606061
I_IL_01,0.001,254,0,101.91115254103535,0,5680,0,95696,0.05602904040404041
I_IL_01,0.001,255,0,101.91231652462122,0,4766,0,96610,0.047013099747474744
I_IL_01,0.001,256,0,101.88832662563131,0,4036,0,97340,0.039812184343434344
I_IL_01,0.001,257,0,101.94901160037878,0,3519,0,97857,0.034712357954545456
I_IL_01,0.001,258,0,101.89630681818181,0,2966,0,98410,0.029257417929292928
I_IL_01,0.001,259,0,101.95029395517676,0,2480,0,98896,0.02446338383838384
I_IL_01,0.001,260,0,101.9281585385101,0,2037,0,99339,0.020093513257575756
I_IL_01,0.001,261,0,101.96000039457071,0,1554,0,99822,0.01532907196969697
I_IL_01,0.001,262,0,101.90896267361111,0,955,0,100421,0.009420375631313132
I_IL_01,0.001,263,0,101.96153922032828,0,601,0,100775,0.005928424873737374
I_IL_01,0.001,264,0,101.94864662247475,0,396,0,100980,0.00390625
I_IL_01,0.001,265,0,101.95071811868686,0,292,0,101084,0.0028803661616161615
I_IL_01,0.001,266,0,101.9206025094697,0,134,0,101242,0.0013218118686868687
I_IL_01,0.001,267,0,101.91782078598484,0,102,0,101274,0.001006155303030303
I_IL_01,0.001,268,0,101.9103239425505,0,44,0,101332,0.00043402777777777775
I_IL_01,0.001,269,0,101.96519886363636,0,8,0,101368,7.891414141414142e-05
I_IL_01,0.001,270,0,101.91951744002525,0,0,0,101376,0.0
I_IL_01,0.001,271,0,101.96638257575758,0,0,0,101376,0.0
I_IL_01,0.001,272,0,101.94137665719697,0,0,0,101376,0.0
I_IL_01,0.001,273,0,101.98530224116162,0,0,0,101376,0.0
I_IL_01,0.001,274,0,101.9187776199495,0,0,0,101376,0.0
I_IL_01,0.001,275,0,101.97406684027777,0,0,0,101376,0.0
I_IL_01,0.001,276,0,101.96664891098484,0,0,0,101376,0.0
I_IL_01,0.001,277,0,101.95269097222223,0,0,0,101376,0.0
I_IL_01,0.001,278,0,101.94128787878788,0,0,0,101376,0.0
I_IL_01,0.001,279,0,102.00516887626263,0,0,0,101376,0.0
I_IL_01,0.001,280,0,101.92750749684343,0,0,0,101376,0.0
I_IL_01,0.001,281,0,101.98207662563131,0,0,0,101376,0.0
I_IL_01,0.001,282,0,101.91874802714646,0,0,0,101376,0.0
I_IL_01,0.001,283,0,101.96940104166667,0,0,0,101376,0.0
I_IL_01,0.001,284,0,101.93688841540404,0,0,0,101376,0.0
I_IL_01,0.001,285,0,101.9639559659091,0,0,0,101376,0.0
I_IL_01,0.001,286,0,101.91786024305556,0,0,0,101376,0.0
I_IL_01,0.001,287,0,101.96284130366162,0,0,0,101376,0.0
I_IL_01,0.001,288,0,101.96374881628788,0,0,0,101376,0.0
I_IL_01,0.001,289,0,101.94592408459596,0,0,0,101376,0.0
I_IL_01,0.001,290,0,101.91284919507575,0,0,0,101376,0.0
I_IL_01,0.001,291,0,101.9367799084596,0,0,0,101376,0.0
I_IL_01,0.001,292,0,101.87998145517676,0,0,0,101376,0.0
I_IL_01,0.001,293,0,101.9376676925505,0,0,0,101376,0.0
I_IL_01,0.001,294,0,101.89391966540404,0,0,0,101376,0.0
I_IL_01,0.001,295,0,101.9144866635101,0,0,0,101376,0.0
I_IL_01,0.001,296,0,101.88745857007575,0,0,0,101376,0.0
I_IL_01,0.001,297,0,101.88700481376263,0,0,0,101376,0.0
I_IL_01,0.001,298,0,101.86195943813131,0,0,0,101376,0.0
I_IL_01,0.001,299,0,101.89675071022727,0,0,0,101376,0.0
I_IL_01,0.001,300,0,101.84700520833333,0,0,0,101376,0.0
I_IL_01,0.01,1,1,89.40848918876263,0,0,0,101376,0.0
I_IL_01,0.01,2,1,89.39692826704545,0,0,0,101376,0.0
I_IL_01,0.01,3,1,89.42444957386364,0,0,0,101376,0.0
I_IL_01,0.01,4,1,89.3935546875,0,0,0,101376,0.0
I_IL_01,0.01,5,1,89.44360598169192,0,0,0,101376,0.0
I_IL_01,0.01,6,1,89.4359710385101,0,0,0,101376,0.0
I_IL_01,0.01,7,1,89.47677951388889,0,0,0,101376,0.0
I_IL_01,0.01,8,1,89.45130997474747,0,0,0,101376,0.0
I_IL_01,0.01,9,1,89.4694700915404,0,0,0,101376,0.0
I_IL_01,0.01,10,1,89.44492779356061,0,0,0,101376,0.0
I_IL_01,0.01,11,1,89.51195549242425,0,0,0,101376,0.0
I_IL_01,0.01,12,1,89.45871803977273,0,0,0,101376,0.0
I_IL_01,0.01,13,1,89.50053267045455,0,0,0,101376,0.0
I_IL_01,0.01,14,1,89.47664141414141,0,0,0,101376,0.0
I_IL_01,0.01,15,1,89.52545967487374,0,0,0,101376,0.0
I_IL_01,0.01,16,1,89.47073271780303,0,0,0,101376,0.0
I_IL_01,0.01,17,1,89.54497119633838,0,0,0,101376,0.0
I_IL_01,0.01,18,1,89.51359296085859,0,0,0,101376,0.0
I_IL_01,0.01,19,1,89.55551609848484,0,0,0,101376,0.0
I_IL_01,0.01,20,1,89.52985913825758,0,0,0,101376,0.0
I_IL_01,0.01,21,1,89.55272451073232,0,0,0,101376,0.0
I_IL_01,0.01,22,1,89.52612058080808,0,0,0,101376,0.0
I_IL_01,0.01,23,1,89.59019886363636,0,0,0,101376,0.0
I_IL_01,0.01,24,1,89.53218710542929,0,0,0,101376,0.0
I_IL_01,0.01,25,1,89.58011758207071,0,0,0,101376,0.0
I_IL_01,0.01,26,0,89.55352351641415,0,0,0,101376,0.0
I_IL_01,0.01,27,0,89.58620383522727,0,0,0,101376,0.0
I_IL_01,0.01,28,0,89.53575797032828,0,0,0,101376,0.0
I_IL_01,0.01,29,0,89.58768347537878,0,0,0,101376,0.0
I_IL_01,0.01,30,0,89.56974037247475,0,0,0,101376,0.0
I_IL_01,0.01,31,0,89.61215672348484,0,0,0,101376,0.0
I_IL_01,0.01,32,0,89.56803385416667,0,0,0,101376,0.0
I_IL_01,0.01,33,0,89.60353535353535,0,0,0,101376,0.0
I_IL_01,0.01,34,0,89.56608072916667,0,0,0,101376,0.0
I_IL_01,0.01,35,0,89.62309619633838,0,0,0,101376,0.0
I_IL_01,0.01,36,0,89.57042100694444,0,0,0,101376,0.0
I_IL_01,0.01,37,0,89.62439827967172,0,0,0,101376,0.0
I_IL_01,0.01,38,0,89.57465277777777,0,0,0,101376,0.0
I_IL_01,0.01,39,0,89.6090790719697,0,0,0,101376,0.0
I_IL_01,0.01,40,0,89.55906723484848,0,0,0,101376,0.0
I_IL_01,0.01,41,0,89.6162997159091,0,0,0,101376,0.0
I_IL_01,0.01,42,0,89.59088936237374,0,0,0,101376,0.0
I_IL_01,0.01,43,0,89.6366299715909,0,0,0,101376,0.0
I_IL_01,0.01,44,0,89.57585621843434,0,0,0,101376,0.0
I_IL_01,0.01,45,0,89.60734296085859,0,0,0,101376,0.0
I_IL_01,0.01,46,0,89.57139756944444,0,0,0,101376,0.0
I_IL_01,0.01,47,0,89.63159919507575,0,0,0,101376,0.0
I_IL_01,0.01,48,0,89.57776988636364,0,0,0,101376,0.0
I_IL_01,0.01,49,0,89.59920494002525,0,0,0,101376,0.0
I_IL_01,0.01,50,0,89.56514362373737,0,0,0,101376,0.0
I_IL_01,0.01,51,0,89.60418639520202,0,0,0,101376,0.0
I_IL_01,0.01,52,0,89.55637428977273,0,0,0,101376,0.0
I_IL_01,0.01,53,0,89.62505918560606,0,0,0,101376,0.0
I_IL_01,0.01,54,0,89.59797190656566,0,0,0,101376,0.0
I_IL_01,0.01,55,0,89.64681976010101,0,0,0,101376,0.0
I_IL_01,0.01,56,0,89.58467487373737,0,0,0,101376,0.0
I_IL_01,0.01,57,0,89.60667219065657,0,0,0,101376,0.0
I_IL_01,0.01,58,0,89.55169862689394,0,0,0,101376,0.0
I_IL_01,0.01,59,0,89.60808278093434,0,0,0,101376,0.0
I_IL_01,0.01,60,0,89.52841895517676,0,0,0,101376,0.0
I_IL_01,0.01,61,0,89.54555318813131,0,0,0,101376,0.0
I_IL_01,0.01,62,0,89.50061158459596,0,0,0,101376,0.0
I_IL_01,0.01,63,0,89.51963975694444,0,0,0,101376,0.0
I_IL_01,0.01,64,0,89.44716698232324,0,0,0,101376,0.0
I_IL_01,0.01,65,0,89.4807252209596,0,0,0,101376,0.0
I_IL_01,0.01,66,0,89.4338502209596,0,0,0,101376,0.0
I_IL_01,0.01,67,0,89.44281684027777,0,0,0,101376,0.0
I_IL_01,0.01,68,0,89.35096077967172,0,0,0,101376,0.0
I_IL_01,0.01,69,0,89.36155500315657,0,0,0,101376,0.0
I_IL_01,0.01,70,0,89.27375315656566,0,0,0,101376,0.0
I_IL_01,0.01,71,0,89.2963620580808,0,0,0,101376,0.0
I_IL_01,0.01,72,0,89.20690301452021,0,0,0,101376,0.0
I_IL_01,0.01,73,0,89.18276515151516,0,0,0,101376,0.0
I_IL_01,0.01,74,0,89.09161931818181,0,0,0,101376,0.0
I_IL_01,0.01,75,0,89.07310408775253,0,0,0,101376,0.0
I_IL_01,0.01,76,0,88.94871567234848,0,0,0,101376,0.0
I_IL_01,0.01,77,0,88.90449416035354,0,0,0,101376,0.0
I_IL_01,0.01,78,0,88.83744673295455,0,0,0,101376,0.0
I_IL_01,0.01,79,0,88.79370857007575,0,0,0,101376,0.0
I_IL_01,0.01,80,0,88.65893308080808,0,0,0,101376,0.0
I_IL_01,0.01,81,0,88.62033420138889,0,0,0,101376,0.0
I_IL_01,0.01,82,0,88.47777580492425,0,0,0,101376,0.0
I_IL_01,0.01,83,0,88.42732007575758,0,0,0,101376,0.0
I_IL_01,0.01,84,0,88.26242897727273,0,0,0,101376,0.0
I_IL_01,0.01,85,0,88.13367069128788,0,0,0,101376,0.0
I_IL_01,0.01,86,0,87.94347774621212,0,0,0,101376,0.0
I_IL_01,0.01,87,0,87.81375276199495,0,0,0,101376,0.0
I_IL_01,0.01,88,0,87.48026160037878,0,8,0,101368,7.891414141414142e-05
I_IL_01,0.01,89,0,87.14578401199495,0,8,0,101368,7.891414141414142e-05
I_IL_01,0.01,90,0,86.8518584280303,0,4,0,101372,3.945707070707071e-05
I_IL_01,0.01,91,0,86.43012152777777,0,0,0,101376,0.0
I_IL_01,0.01,92,0,86.03525489267676,0,0,0,101376,0.0
I_IL_01,0.01,93,0,85.9077395044192,0,0,0,101376,0.0
I_IL_01,0.01,94,0,85.94411892361111,0,9,0,101367,8.87784090909091e-05
I_IL_01,0.01,95,0,85.92307844065657,0,0,0,101376,0.0
I_IL_01,0.01,96,0,85.77055713383838,0,0,0,101376,0.0
I_IL_01,0.01,97,0,85.52134627525253,42,15,1,101270,0.00014809695413930986
I_IL_01,0.01,98,0,85.08261324179293,196,27,371,100534,0.00026849375006215135
I_IL_01,0.01,99,0,85.07904237689394,509,4,420,100111,3.995405283923488e-05
I_IL_01,0.01,100,0,84.9990234375,854,6,357,99777,6.01304831484321e-05
I_IL_01,0.01,101,0,84.84078085542929,1204,13,442,99143,0.0001311065391907701
I_IL_01,0.01,102,0,84.67851365214646,1663,13,514,98582,0.0001318525280186622
I_IL_01,0.01,103,0,84.4136383364899,2242,44,562,97896,0.0004492546457014499
I_IL_01,0.01,104,0,84.08157749368686,2828,35,545,97308,0.0003595533320320927
I_IL_01,0.01,105,0,83.6349333175505,3403,23,652,96424,0.0002384729436892801
I_IL_01,0.01,106,0,83.37069917929293,4381,19,491,95737,0.00019842098667446426
I_IL_01,0.01,107,0,83.00576073232324,4464,19,581,95482,0.00019895079632674005
I_IL_01,0.01,108,0,82.71507062815657,4526,85,626,95163,0.0008924071896522762
I_IL_01,0.01,109,0,82.44237294823232,4445,74,931,94836,0.0007796860183331577
I_IL_01,0.01,110,0,82.4031526199495,4336,184,924,94824,0.0019366790165038733
I_IL_01,0.01,111,0,82.37713068181819,4842,213,655,94498,0.0022489467960426983
I_IL_01,0.01,112,0,82.10098050820707,5106,207,651,93989,0.0021975455433351733
I_IL_01,0.01,113,0,82.3627288510101,5245,262,608,93747,0.0027869672052675807
I_IL_01,0.01,114,0,82.56497593118686,5333,185,625,93717,0.0019701390811697303
I_IL_01,0.01,115,0,82.79335345643939,5434,163,511,93736,0.0017359077306467587
I_IL_01,0.01,116,0,82.8577178030303,5499,64,524,93773,0.0006820337393565438
I_IL_01,0.01,117,0,83.00648082386364,5617,69,384,93800,0.0007350669550117717
I_IL_01,0.01,118,0,83.37590751262626,5597,98,271,93978,0.001041710957098516
I_IL_01,0.01,119,0,84.16764322916667,5532,115,274,94188,0.0012194733995737146
I_IL_01,0.01,120,0,84.49575836489899,5307,142,336,94380,0.001502295761833224
I_IL_01,0.01,121,0,84.87059067234848,4945,185,487,94665,0.0019504480759093305
I_IL_01,0.01,122,0,85.1639737215909,4711,218,505,94861,0.0022928301728036686
I_IL_01,0.01,123,0,85.32017440025253,4510,140,782,94859,0.0014736997231549805
I_IL_01,0.01,124,0,85.04200205176768,4647,77,977,94569,0.0008135578893983898
I_IL_01,0.01,125,0,85.01760771780303,4549,59,1148,94347,0.0006249602779484355
I_IL_01,0.01,126,0,85.02039930555556,4417,57,1320,94286,0.0006041783704143392
I_IL_01,0.01,127,0,85.07866753472223,4347,57,1426,94261,0.0006043385143874976
I_IL_01,0.01,128,0,84.98928740530303,4251,33,1532,94276,0.00034991358194870053
I_IL_01,0.01,129,0,102.14701704545455,5093,68819,602,25604,0.7288372536352372
I_IL_01,0.01,130,0,104.78609335542929,5136,85503,420,9096,0.9038467637078617
I_IL_01,0.01,131,0,106.07301530934343,5039,87579,389,7168,0.9243458895796173
I_IL_01,0.01,132,0,106.37237610479798,4784,87822,513,7085,0.9253479722254417
I_IL_01,0.01,133,0,106.30346433080808,4395,86413,807,8607,0.9094190696695432
I_IL_01,0.01,134,0,105.87480271464646,4090,80850,1062,14238,0.8502650176678446
I_IL_01,0.01,135,0,106.51121567234848,3832,77199,1177,18051,0.810488188976378
I_IL_01,0.01,136,0,107.1382477114899,3508,74363,1402,21006,0.7797397477167634
I_IL_01,0.01,137,0,107.25198271780303,3336,71966,1554,23487,0.7539417304851602
I_IL_01,0.01,138,0,108.16978377525253,3311,70908,1563,24583,0.7425621262736802
I_IL_01,0.01,139,0,107.61829229797979,3255,3896,1625,91577,0.040807348674494356
I_IL_01,0.01,140,0,106.7732698074495,3179,1593,1810,93736,0.016710549780234767
I_IL_01,0.01,141,0,105.56971077967172,3208,1366,1927,93683,0.014371534682111333
I_IL_01,0.01,142,0,104.51679884785354,3371,1360,2050,93460,0.014342965619067708
I_IL_01,0.01,143,0,103.35547861426768,3296,1246,2163,93399,0.013164984943737123
I_IL_01,0.01,144,0,102.42642242739899,3384,1159,2114,93382,0.012259231444558446
I_IL_01,0.01,145,0,101.60624802714646,3526,1100,1950,93456,0.011633317822242903
I_IL_01,0.01,146,0,101.04191327335859,3722,1088,1792,93425,0.011511643900839037
I_IL_01,0.01,147,0,101.70018544823232,3747,1210,1702,93377,0.012792455622865722
I_IL_01,0.01,148,0,102.10619870580808,3775,1407,1705,93159,0.014878497557261595
I_IL_01,0.01,149,0,101.67344341856061,3845,1591,1681,92917,0.01683455368857663
I_IL_01,0.01,150,0,101.43678977272727,4024,1669,1573,92772,0.017672409229042473
I_IL_01,0.01,151,0,102.11063762626263,4304,1818,1239,92677,0.019239113180591565
I_IL_01,0.01,152,0,104.27632773042929,4625,2967,925,91507,0.03140546605415247
I_IL_01,0.01,153,0,107.39367305871212,4908,9831,635,84650,0.10405266667372276
I_IL_01,0.01,154,0,112.48040956439394,5304,29970,344,64469,0.31734770592657696
I_IL_01,0.01,155,0,116.68139401830808,5392,43658,208,50984,0.461296253249086
I_IL_01,0.01,156,0,118.40771977588383,5270,45092,182,49770,0.47534313002045075
I_IL_01,0.01,157,0,119.61410984848484,5101,44942,245,50060,0.47306372497421106
I_IL_01,0.01,158,0,120.15008483270202,5074,42938,385,51985,0.452345585369194
I_IL_01,0.01,159,0,121.12182370580808,4858,40418,636,54562,0.4255422194146136
I_IL_01,0.01,160,0,121.14812184343434,4844,31604,899,63046,0.3339038563127311
I_IL_01,0.01,161,0,119.73303345959596,5141,21918,931,72228,0.2328086164043082
I_IL_01,0.01,162,0,119.0962160669192,5287,12370,977,81462,0.1318313581720522
I_IL_01,0.01,163,0,118.1844815340909,5401,3374,929,90372,0.0359908689437416
I_IL_01,0.01,164,0,117.05091934974747,5548,1187,1001,92352,0.012689894054886196
I_IL_01,0.01,165,0,116.08985361426768,5618,966,1066,92446,0.01034128377510384
I_IL_01,0.01,166,0,114.84858349116162,5656,1061,1136,92265,0.011368750401817286
I_IL_01,0.01,167,0,114.15590475063131,5797,1113,1084,92160,0.01193271364703612
I_IL_01,0.01,168,0,113.36210740214646,5842,751,974,92595,0.008045336704304415
I_IL_01,0.01,169,0,112.63758680555556,6060,430,846,92834,0.004610567850403157
I_IL_01,0.01,170,0,111.7831143465909,6424,167,521,93064,0.0017912496916261758
I_IL_01,0.01,171,0,110.47422466856061,6560,53,574,93065,0.0005691703000493996
I_IL_01,0.01,172,0,109.7082642834596,6516,20,479,93249,0.00021443352024788515
I_IL_01,0.01,173,0,109.15381352588383,6232,21,737,93290,0.00022505385217176966
I_IL_01,0.01,174,0,108.55900804924242,6273,15,713,93305,0.0001607372481783112
I_IL_01,0.01,175,0,108.03788865214646,6276,18,738,93310,0.00019286816389507973
I_IL_01,0.01,176,0,107.14804292929293,6604,7,1036,92604,7.5584973707227e-05
I_IL_01,0.01,177,0,106.37643031881314,6584,27,1157,92187,0.0002927971891469842
I_IL_01,0.01,178,0,105.31915838068181,6532,19,1264,92120,0.00020621018244174562
I_IL_01,0.01,179,0,105.33154790088383,6649,24,1317,91949,0.0002609461472388636
I_IL_01,0.01,180,0,105.49359809027777,6806,26,1330,91787,0.00028318429851981744
I_IL_01,0.01,181,0,105.69608191287878,6981,10,1411,91581,0.00010918103307093492
I_IL_01,0.01,182,0,105.81237176452021,6950,17,1446,91591,0.0001855733123744651
I_IL_01,0.01,183,0,105.88399621212122,6827,12,1569,91672,0.00013088434186990096
I_IL_01,0.01,184,0,105.31956281565657,6734,20,1479,91887,0.00021761128096880542
I_IL_01,0.01,185,0,103.7807370580808,6568,9,1159,92501,9.728677980758837e-05
I_IL_01,0.01,186,0,102.58045296717172,6227,12,914,93117,0.00012885352575459845
I_IL_01,0.01,187,0,101.58519767992425,5901,9,879,93755,9.598566614052302e-05
I_IL_01,0.01,188,0,101.16333254419192,4997,30,729,95016,0.0003156366391010668
I_IL_01,0.01,189,0,101.3921145044192,3763,24,535,96552,0.00024850894632206757
I_IL_01,0.01,190,0,102.00110479797979,2585,28,567,97736,0.0002864039932899636
I_IL_01,0.01,191,0,103.51171875,1520,15,625,98816,0.00015177424087583856
I_IL_01,0.01,192,0,104.78317353219697,709,18,622,99683,0.00018053981404399154
I_IL_01,0.01,193,0,106.14845722853535,167,5,523,100456,4.977055772886991e-05
I_IL_01,0.01,194,0,106.5401278409091,116,0,351,100812,0.0
I_IL_01,0.01,195,0,108.05676886047979,34,0,288,100983,0.0
I_IL_01,0.01,196,0,107.41608467487374,30,0,167,101122,0.0
I_IL_01,0.01,197,0,107.44595367739899,21,0,79,101241,0.0
I_IL_01,0.01,198,0,106.76739070391415,9,0,16,101330,0.0
I_IL_01,0.01,199,0,106.65434619633838,0,0,0,101376,0.0
I_IL_01,0.01,200,0,106.5307863794192,0,0,0,101376,0.0
I_IL_01,0.01,201,0,106.58467487373737,0,0,0,101376,0.0
I_IL_01,0.01,202,0,105.85010258838383,0,0,0,101376,0.0
I_IL_01,0.01,203,0,105.25728969381314,0,0,0,101376,0.0
I_IL_01,0.01,204,0,105.11232441603535,0,0,0,101376,0.0
I_IL_01,0.01,205,0,104.96945036300505,0,0,0,101376,0.0
I_IL_01,0.01,206,0,104.80309935290404,0,0,0,101376,0.0
I_IL_01,0.01,207,0,104.79506983901516,0,0,0,101376,0.0
I_IL_01,0.01,208,0,104.70026436237374,0,0,0,101376,0.0
I_IL_01,0.01,209,0,104.60916785037878,0,0,0,101376,0.0
I_IL_01,0.01,210,0,104.5737551294192,0,0,0,101376,0.0
I_IL_01,0.01,211,0,104.51585187815657,0,0,0,101376,0.0
I_IL_01,0.01,212,0,104.44722616792929,0,0,0,101376,0.0
I_IL_01,0.01,213,0,104.38537720959596,0,0,0,101376,0.0
I_IL_01,0.01,214,0,104.25440932765152,0,0,0,101376,0.0
I_IL_01,0.01,215,0,104.22266611426768,0,0,0,101376,0.0
I_IL_01,0.01,216,0,104.16067905618686,0,0,0,101376,0.0
I_IL_01,0.01,217,0,104.0229738794192,0,0,0,101376,0.0
I_IL_01,0.01,218,0,103.9446318655303,0,0,0,101376,0.0
I_IL_01,0.01,219,0,103.95211884469697,0,0,0,101376,0.0
I_IL_01,0.01,220,0,103.83690419823232,0,0,0,101376,0.0
I_IL_01,0.01,221,0,103.73902107007575,0,0,0,101376,0.0
I_IL_01,0.01,222,0,103.69077493686869,0,0,0,101376,0.0
I_IL_01,0.01,223,0,103.56188841540404,0,0,0,101376,0.0
I_IL_01,0.01,224,0,103.49623184974747,0,0,0,101376,0.0
I_IL_01,0.01,225,0,103.49665601325758,0,0,0,101376,0.0
I_IL_01,0.01,226,0,103.28096393623737,0,0,0,101376,0.0
I_IL_01,0.01,227,0,103.23378314393939,0,0,0,101376,0.0
I_IL_01,0.01,228,0,103.19313249684343,0,0,0,101376,0.0
I_IL_01,0.01,229,0,103.10997672032828,0,0,0,101376,0.0
I_IL_01,0.01,230,0,102.96992384785354,0,0,0,101376,0.0
I_IL_01,0.01,231,0,102.98626893939394,0,0,0,101376,0.0
I_IL_01,0.01,232,0,102.83655894886364,0,0,0,101376,0.0
I_IL_01,0.01,233,0,102.81665285669192,0,0,0,101376,0.0
I_IL_01,0.01,234,0,102.1526396780303,0,0,0,101376,0.0
I_IL_01,0.01,235,0,101.89472853535354,0,0,0,101376,0.0
I_IL_01,0.01,236,0,101.79404395517676,0,0,0,101376,0.0
I_IL_01,0.01,237,0,101.81254932133838,0,0,0,101376,0.0
I_IL_01,0.01,238,0,101.75431068497475,0,0,0,101376,0.0
I_IL_01,0.01,239,0,101.79351128472223,0,0,0,101376,0.0
I_IL_01,0.01,240,0,101.79739780618686,0,0,0,101376,0.0
I_IL_01,0.01,241,0,101.79048295454545,0,0,0,101376,0.0
I_IL_01,0.01,242,0,101.76079150883838,0,0,0,101376,0.0
I_IL_01,0.01,243,0,101.8377229324495,0,0,0,101376,0.0
I_IL_01,0.01,244,0,101.77350654987374,0,0,0,101376,0.0
I_IL_01,0.01,245,0,101.80623619002525,0,0,0,101376,0.0
I_IL_01,0.01,246,0,101.84661063762626,0,0,0,101376,0.0
I_IL_01,0.01,247,0,101.92206242108585,0,0,0,101376,0.0
I_IL_01,0.01,248,0,101.90543126578282,0,0,0,101376,0.0
I_IL_01,0.01,249,0,101.91102430555556,0,0,0,101376,0.0
I_IL_01,0.01,250,0,101.88831676136364,0,0,0,101376,0.0
I_IL_01,0.01,251,0,101.94363557449495,0,0,0,101376,0.0
I_IL_01,0.01,252,0,101.89785550820707,0,0,0,101376,0.0
I_IL_01,0.01,253,0,101.94932725694444,0,0,0,101376,0.0
I_IL_01,0.01,254,0,101.91115254103535,0,0,0,101376,0.0
I_IL_01,0.01,255,0,101.91231652462122,0,0,0,101376,0.0
I_IL_01,0.01,256,0,101.88832662563131,0,0,0,101376,0.0
I_IL_01,0.01,257,0,101.94901160037878,0,0,0,101376,0.0
I_IL_01,0.01,258,0,101.89630681818181,0,0,0,101376,0.0
I_IL_01,0.01,259,0,101.95029395517676,0,0,0,101376,0.0
I_IL_01,0.01,260,0,101.9281585385101,0,0,0,101376,0.0
I_IL_01,0.01,261,0,101.96000039457071,0,0,0,101376,0.0
I_IL_01,0.01,262,0,101.90896267361111,0,0,0,101376,0.0
I_IL_01,0.01,263,0,101.96153922032828,0,0,0,101376,0.0
I_IL_01,0.01,264,0,101.94864662247475,0,0,0,101376,0.0
I_IL_01,0.01,265,0,101.95071811868686,0,0,0,101376,0.0
I_IL_01,0.01,266,0,101.9206025094697,0,0,0,101376,0.0
I_IL_01,0.01,267,0,101.91782078598484,0,0,0,101376,0.0
I_IL_01,0.01,268,0,101.9103239425505,0,0,0,101376,0.0
I_IL_01,0.01,269,0,101.96519886363636,0,0,0,101376,0.0
I_IL_01,0.01,270,0,101.91951744002525,0,0,0,101376,0.0
I_IL_01,0.01,271,0,101.96638257575758,0,0,0,101376,0.0
I_IL_01,0.01,272,0,101.94137665719697,0,0,0,101376,0.0
I_IL_01,0.01,273,0,101.98530224116162,0,0,0,101376,0.0
I_IL_01,0.01,274,0,101.9187776199495,0,0,0,101376,0.0
I_IL_01,0.01,275,0,101.97406684027777,0,0,0,101376,0.0
I_IL_01,0.01,276,0,101.96664891098484,0,0,0,101376,0.0
I_IL_01,0.01,277,0,101.95269097222223,0,0,0,101376,0.0
I_IL_01,0.01,278,0,101.94128787878788,0,0,0,101376,0.0
I_IL_01,0.01,279,0,102.00516887626263,0,0,0,101376,0.0
I_IL_01,0.01,280,0,101.92750749684343,0,0,0,101376,0.0
I_IL_01,0.01,281,0,101.98207662563131,0,0,0,101376,0.0
I_IL_01,0.01,282,0,101.91874802714646,0,0,0,101376,0.0
I_IL_01,0.01,283,0,101.96940104166667,0,0,0,101376,0.0
I_IL_01,0.01,284,0,101.93688841540404,0,0,0,101376,0.0
I_IL_01,0.01,285,0,101.9639559659091,0,0,0,101376,0.0
I_IL_01,0.01,286,0,101.91786024305556,0,0,0,101376,0.0
I_IL_01,0.01,287,0,101.96284130366162,0,0,0,101376,0.0
I_IL_01,0.01,288,0,101.96374881628788,0,0,0,101376,0.0
I_IL_01,0.01,289,0,101.94592408459596,0,0,0,101376,0.0
I_IL_01,0.01,290,0,101.91284919507575,0,0,0,101376,0.0
I_IL_01,0.01,291,0,101.9367799084596,0,0,0,101376,0.0
I_IL_01,0.01,292,0,101.87998145517676,0,0,0,101376,0.0
I_IL_01,0.01,293,0,101.9376676925505,0,0,0,101376,0.0
I_IL_01,0.01,294,0,101.89391966540404,0,0,0,101376,0.0
I_IL_01,0.01,295,0,101.9144866635101,0,0,0,101376,0.0
I_IL_01,0.01,296,0,101.88745857007575,0,0,0,101376,0.0
I_IL_01,0.01,297,0,101.88700481376263,0,0,0,101376,0.0
I_IL_01,0.01,298,0,101.86195943813131,0,0,0,101376,0.0
I_IL_01,0.01,299,0,101.89675071022727,0,0,0,101376,0.0
I_IL_01,0.01,300,0,101.84700520833333,0,0,0,101376,0.0
I_IL_01,0.1,1,1,89.40848918876263,0,0,0,101376,0.0
I_IL_01,0.1,2,1,89.39692826704545,0,0,0,101376,0.0
I_IL_01,0.1,3,1,89.42444957386364,0,0,0,101376,0.0
I_IL_01,0.1,4,1,89.3935546875,0,0,0,101376,0.0
I_IL_01,0.1,5,1,89.44360598169192,0,0,0,101376,0.0
I_IL_01,0.1,6,1,89.4359710385101,0,0,0,101376,0.0
I_IL_01,0.1,7,1,89.47677951388889,0,0,0,101376,0.0
I_IL_01,0.1,8,1,89.45130997474747,0,0,0,101376,0.0
I_IL_01,0.1,9,1,89.4694700915404,0,0,0,101376,0.0
I_IL_01,0.1,10,1,89.44492779356061,0,0,0,101376,0.0
I_IL_01,0.1,11,1,89.51195549242425,0,0,0,101376,0.0
I_IL_01,0.1,12,1,89.45871803977273,0,0,0,101376,0.0
I_IL_01,0.1,13,1,89.50053267045455,0,0,0,101376,0.0
I_IL_01,0.1,14,1,89.47664141414141,0,0,0,101376,0.0
I_IL_01,0.1,15,1,89.52545967487374,0,0,0,101376,0.0
I_IL_01,0.1,16,1,89.47073271780303,0,0,0,101376,0.0
I_IL_01,0.1,17,1,89.54497119633838,0,0,0,101376,0.0
I_IL_01,0.1,18,1,89.51359296085859,0,0,0,101376,0.0
I_IL_01,0.1,19,1,89.55551609848484,0,0,0,101376,0.0
I_IL_01,0.1,20,1,89.52985913825758,0,0,0,101376,0.0
I_IL_01,0.1,21,1,89.55272451073232,0,0,0,101376,0.0
I_IL_01,0.1,22,1,89.52612058080808,0,0,0,101376,0.0
I_IL_01,0.1,23,1,89.59019886363636,0,0,0,101376,0.0
I_IL_01,0.1,24,1,89.53218710542929,0,0,0,101376,0.0
I_IL_01,0.1,25,1,89.58011758207071,0,0,0,101376,0.0
I_IL_01,0.1,26,0,89.55352351641415,0,0,0,101376,0.0
I_IL_01,0.1,27,0,89.58620383522727,0,0,0,101376,0.0
I_IL_01,0.1,28,0,89.53575797032828,0,0,0,101376,0.0
I_IL_01,0.1,29,0,89.58768347537878,0,0,0,101376,0.0
I_IL_01,0.1,30,0,89.56974037247475,0,0,0,101376,0.0
I_IL_01,0.1,31,0,89.61215672348484,0,0,0,101376,0.0
I_IL_01,0.1,32,0,89.56803385416667,0,0,0,101376,0.0
I_IL_01,0.1,33,0,89.60353535353535,0,0,0,101376,0.0
I_IL_01,0.1,34,0,89.56608072916667,0,0,0,101376,0.0
I_IL_01,0.1,35,0,89.62309619633838,0,0,0,101376,0.0
I_IL_01,0.1,36,0,89.57042100694444,0,0,0,101376,0.0
I_IL_01,0.1,37,0,89.62439827967172,0,0,0,101376,0.0
I_IL_01,0.1,38,0,89.57465277777777,0,0,0,101376,0.0
I_IL_01,0.1,39,0,89.6090790719697,0,0,0,101376,0.0
I_IL_01,0.1,40,0,89.55906723484848,0,0,0,101376,0.0
I_IL_01,0.1,41,0,89.6162997159091,0,0,0,101376,0.0
I_IL_01,0.1,42,0,89.59088936237374,0,0,0,101376,0.0
I_IL_01,0.1,43,0,89.6366299715909,0,0,0,101376,0.0
I_IL_01,0.1,44,0,89.57585621843434,0,0,0,101376,0.0
I_IL_01,0.1,45,0,89.60734296085859,0,0,0,101376,0.0
I_IL_01,0.1,46,0,89.57139756944444,0,0,0,101376,0.0
I_IL_01,0.1,47,0,89.63159919507575,0,0,0,101376,0.0
I_IL_01,0.1,48,0,89.57776988636364,0,0,0,101376,0.0
I_IL_01,0.1,49,0,89.59920494002525,0,0,0,101376,0.0
I_IL_01,0.1,50,0,89.56514362373737,0,0,0,101376,0.0
I_IL_01,0.1,51,0,89.60418639520202,0,0,0,101376,0.0
I_IL_01,0.1,52,0,89.55637428977273,0,0,0,101376,0.0
I_IL_01,0.1,53,0,89.62505918560606,0,0,0,101376,0.0
I_IL_01,0.1,54,0,89.59797190656566,0,0,0,101376,0.0
I_IL_01,0.1,55,0,89.64681976010101,0,0,0,101376,0.0
I_IL_01,0.1,56,0,89.58467487373737,0,0,0,101376,0.0
I_IL_01,0.1,57,0,89.60667219065657,0,0,0,101376,0.0
I_IL_01,0.1,58,0,89.55169862689394,0,0,0,101376,0.0
I_IL_01,0.1,59,0,89.60808278093434,0,0,0,101376,0.0
I_IL_01,0.1,60,0,89.52841895517676,0,0,0,101376,0.0
I_IL_01,0.1,61,0,89.54555318813131,0,0,0,101376,0.0
I_IL_01,0.1,62,0,89.50061158459596,0,0,0,101376,0.0
I_IL_01,0.1,63,0,89.51963975694444,0,0,0,101376,0.0
I_IL_01,0.1,64,0,89.44716698232324,0,0,0,101376,0.0
I_IL_01,0.1,65,0,89.4807252209596,0,0,0,101376,0.0
I_IL_01,0.1,66,0,89.4338502209596,0,0,0,101376,0.0
I_IL_01,0.1,67,0,89.44281684027777,0,0,0,101376,0.0
I_IL_01,0.1,68,0,89.35096077967172,0,0,0,101376,0.0
I_IL_01,0.1,69,0,89.36155500315657,0,0,0,101376,0.0
I_IL_01,0.1,70,0,89.27375315656566,0,0,0,101376,0.0
I_IL_01,0.1,71,0,89.2963620580808,0,0,0,101376,0.0
I_IL_01,0.1,72,0,89.20690301452021,0,0,0,101376,0.0
I_IL_01,0.1,73,0,89.18276515151516,0,0,0,101376,0.0
I_IL_01,0.1,74,0,89.09161931818181,0,0,0,101376,0.0
I_IL_01,0.1,75,0,89.07310408775253,0,0,0,101376,0.0
I_IL_01,0.1,76,0,88.94871567234848,0,0,0,101376,0.0
I_IL_01,0.1,77,0,88.90449416035354,0,0,0,101376,0.0
I_IL_01,0.1,78,0,88.83744673295455,0,0,0,101376,0.0
I_IL_01,0.1,79,0,88.79370857007575,0,0,0,101376,0.0
I_IL_01,0.1,80,0,88.65893308080808,0,0,0,101376,0.0
I_IL_01,0.1,81,0,88.62033420138889,0,0,0,101376,0.0
I_IL_01,0.1,82,0,88.47777580492425,0,0,0,101376,0.0
I_IL_01,0.1,83,0,88.42732007575758,0,0,0,101376,0.0
I_IL_01,0.1,84,0,88.26242897727273,0,0,0,101376,0.0
I_IL_01,0.1,85,0,88.13367069128788,0,0,0,101376,0.0
I_IL_01,0.1,86,0,87.94347774621212,0,0,0,101376,0.0
I_IL_01,0.1,87,0,87.81375276199495,0,0,0,101376,0.0
I_IL_01,0.1,88,0,87.48026160037878,0,0,0,101376,0.0
I_IL_01,0.1,89,0,87.14578401199495,0,0,0,101376,0.0
I_IL_01,0.1,90,0,86.8518584280303,0,0,0,101376,0.0
I_IL_01,0.1,91,0,86.43012152777777,0,0,0,101376,0.0
I_IL_01,0.1,92,0,86.03525489267676,0,0,0,101376,0.0
I_IL_01,0.1,93,0,85.9077395044192,0,0,0,101376,0.0
I_IL_01,0.1,94,0,85.94411892361111,0,0,0,101376,0.0
I_IL_01,0.1,95,0,85.92307844065657,0,0,0,101376,0.0
I_IL_01,0.1,96,0,85.77055713383838,0,0,0,101376,0.0
I_IL_01,0.1,97,0,85.52134627525253,0,0,43,101285,0.0
I_IL_01,0.1,98,0,85.08261324179293,0,0,567,100561,0.0
I_IL_01,0.1,99,0,85.07904237689394,0,0,929,100115,0.0
I_IL_01,0.1,100,0,84.9990234375,32,0,1179,99783,0.0
I_IL_01,0.1,101,0,84.84078085542929,0,0,1646,99156,0.0
I_IL_01,0.1,102,0,84.67851365214646,0,0,2177,98595,0.0
I_IL_01,0.1,103,0,84.4136383364899,0,0,2804,97940,0.0
I_IL_01,0.1,104,0,84.08157749368686,5,0,3368,97343,0.0
I_IL_01,0.1,105,0,83.6349333175505,0,0,4055,96447,0.0
I_IL_01,0.1,106,0,83.37069917929293,12,0,4860,95756,0.0
I_IL_01,0.1,107,0,83.00576073232324,4,0,5041,95501,0.0
I_IL_01,0.1,108,0,82.71507062815657,0,0,5152,95248,0.0
I_IL_01,0.1,109,0,82.44237294823232,0,0,5376,94910,0.0
I_IL_01,0.1,110,0,82.4031526199495,0,0,5260,95008,0.0
I_IL_01,0.1,111,0,82.37713068181819,0,0,5497,94711,0.0
I_IL_01,0.1,112,0,82.10098050820707,0,0,5757,94196,0.0
I_IL_01,0.1,113,0,82.3627288510101,0,0,5853,94009,0.0
I_IL_01,0.1,114,0,82.56497593118686,5,0,5953,93902,0.0
I_IL_01,0.1,115,0,82.79335345643939,10,0,5935,93899,0.0
I_IL_01,0.1,116,0,82.8577178030303,0,0,6023,93837,0.0
I_IL_01,0.1,117,0,83.00648082386364,0,0,6001,93869,0.0
I_IL_01,0.1,118,0,83.37590751262626,0,0,5868,94076,0.0
I_IL_01,0.1,119,0,84.16764322916667,0,0,5806,94303,0.0
I_IL_01,0.1,120,0,84.49575836489899,0,0,5643,94522,0.0
I_IL_01,0.1,121,0,84.87059067234848,0,0,5432,94850,0.0
I_IL_01,0.1,122,0,85.1639737215909,0,0,5216,95079,0.0
I_IL_01,0.1,123,0,85.32017440025253,0,0,5292,94999,0.0
I_IL_01,0.1,124,0,85.04200205176768,0,0,5624,94646,0.0
I_IL_01,0.1,125,0,85.01760771780303,6,0,5691,94406,0.0
I_IL_01,0.1,126,0,85.02039930555556,0,0,5737,94343,0.0
I_IL_01,0.1,127,0,85.07866753472223,5,0,5768,94318,0.0
I_IL_01,0.1,128,0,84.98928740530303,0,0,5783,94309,0.0
I_IL_01,0.1,129,0,102.14701704545455,0,44,5695,94379,0.0004659881596644885
I_IL_01,0.1,130,0,104.78609335542929,0,0,5556,94599,0.0
I_IL_01,0.1,131,0,106.07301530934343,0,0,5428,94747,0.0
I_IL_01,0.1,132,0,106.37237610479798,0,0,5297,94907,0.0
I_IL_01,0.1,133,0,106.30346433080808,0,0,5202,95020,0.0
I_IL_01,0.1,134,0,105.87480271464646,0,0,5152,95088,0.0
I_IL_01,0.1,135,0,106.51121567234848,8,0,5001,95250,0.0
I_IL_01,0.1,136,0,107.1382477114899,0,0,4910,95369,0.0
I_IL_01,0.1,137,0,107.25198271780303,0,0,4890,95453,0.0
I_IL_01,0.1,138,0,108.16978377525253,0,0,4874,95491,0.0
I_IL_01,0.1,139,0,107.61829229797979,0,0,4880,95473,0.0
I_IL_01,0.1,140,0,106.7732698074495,0,0,4989,95329,0.0
I_IL_01,0.1,141,0,105.56971077967172,0,0,5135,95049,0.0
I_IL_01,0.1,142,0,104.51679884785354,0,0,5421,94820,0.0
I_IL_01,0.1,143,0,103.35547861426768,0,0,5459,94645,0.0
I_IL_01,0.1,144,0,102.42642242739899,7,0,5491,94541,0.0
I_IL_01,0.1,145,0,101.60624802714646,0,0,5476,94556,0.0
I_IL_01,0.1,146,0,101.04191327335859,0,0,5514,94513,0.0
I_IL_01,0.1,147,0,101.70018544823232,4,0,5445,94587,0.0
I_IL_01,0.1,148,0,102.10619870580808,0,0,5480,94566,0.0
I_IL_01,0.1,149,0,101.67344341856061,0,0,5526,94508,0.0
I_IL_01,0.1,150,0,101.43678977272727,0,0,5597,94441,0.0
I_IL_01,0.1,151,0,102.11063762626263,0,0,5543,94495,0.0
I_IL_01,0.1,152,0,104.27632773042929,0,0,5550,94474,0.0
I_IL_01,0.1,153,0,107.39367305871212,0,0,5543,94481,0.0
I_IL_01,0.1,154,0,112.48040956439394,0,0,5648,94439,0.0
I_IL_01,0.1,155,0,116.68139401830808,0,0,5600,94642,0.0
I_IL_01,0.1,156,0,118.40771977588383,0,0,5452,94862,0.0
I_IL_01,0.1,157,0,119.61410984848484,0,0,5346,95002,0.0
I_IL_01,0.1,158,0,120.15008483270202,23,0,5436,94923,0.0
I_IL_01,0.1,159,0,121.12182370580808,0,0,5494,94980,0.0
I_IL_01,0.1,160,0,121.14812184343434,0,0,5743,94650,0.0
I_IL_01,0.1,161,0,119.73303345959596,5,0,6067,94146,0.0
I_IL_01,0.1,162,0,119.0962160669192,0,0,6264,93832,0.0
I_IL_01,0.1,163,0,118.1844815340909,0,0,6330,93746,0.0
I_IL_01,0.1,164,0,117.05091934974747,0,0,6549,93539,0.0
I_IL_01,0.1,165,0,116.08985361426768,18,0,6666,93412,0.0
I_IL_01,0.1,166,0,114.84858349116162,5,0,6787,93326,0.0
I_IL_01,0.1,167,0,114.15590475063131,0,0,6881,93273,0.0
I_IL_01,0.1,168,0,113.36210740214646,5,0,6811,93346,0.0
I_IL_01,0.1,169,0,112.63758680555556,10,0,6896,93264,0.0
I_IL_01,0.1,170,0,111.7831143465909,3,0,6942,93231,0.0
I_IL_01,0.1,171,0,110.47422466856061,0,0,7134,93118,0.0
I_IL_01,0.1,172,0,109.7082642834596,0,0,6995,93269,0.0
I_IL_01,0.1,173,0,109.15381352588383,13,0,6956,93311,0.0
I_IL_01,0.1,174,0,108.55900804924242,5,0,6981,93320,0.0
I_IL_01,0.1,175,0,108.03788865214646,8,0,7006,93328,0.0
I_IL_01,0.1,176,0,107.14804292929293,0,0,7640,92611,0.0
I_IL_01,0.1,177,0,106.37643031881314,8,0,7733,92214,0.0
I_IL_01,0.1,178,0,105.31915838068181,8,0,7788,92139,0.0
I_IL_01,0.1,179,0,105.33154790088383,0,0,7966,91973,0.0
I_IL_01,0.1,180,0,105.49359809027777,0,0,8136,91813,0.0
I_IL_01,0.1,181,0,105.69608191287878,0,0,8392,91591,0.0
I_IL_01,0.1,182,0,105.81237176452021,5,0,8391,91608,0.0
I_IL_01,0.1,183,0,105.88399621212122,0,0,8396,91684,0.0
I_IL_01,0.1,184,0,105.31956281565657,0,0,8213,91907,0.0
I_IL_01,0.1,185,0,103.7807370580808,10,0,7717,92510,0.0
I_IL_01,0.1,186,0,102.58045296717172,5,0,7136,93129,0.0
I_IL_01,0.1,187,0,101.58519767992425,0,0,6780,93764,0.0
I_IL_01,0.1,188,0,101.16333254419192,0,0,5726,95046,0.0
I_IL_01,0.1,189,0,101.3921145044192,0,0,4298,96576,0.0
I_IL_01,0.1,190,0,102.00110479797979,0,0,3152,97764,0.0
I_IL_01,0.1,191,0,103.51171875,0,0,2145,98831,0.0
I_IL_01,0.1,192,0,104.78317353219697,0,0,1331,99701,0.0
I_IL_01,0.1,193,0,106.14845722853535,0,0,690,100461,0.0
I_IL_01,0.1,194,0,106.5401278409091,0,0,467,100812,0.0
I_IL_01,0.1,195,0,108.05676886047979,0,0,322,100983,0.0
I_IL_01,0.1,196,0,107.41608467487374,0,0,197,101122,0.0
I_IL_01,0.1,197,0,107.44595367739899,0,0,100,101241,0.0
I_IL_01,0.1,198,0,106.76739070391415,0,0,25,101330,0.0
I_IL_01,0.1,199,0,106.65434619633838,0,0,0,101376,0.0
I_IL_01,0.1,200,0,106.5307863794192,0,0,0,101376,0.0
I_IL_01,0.1,201,0,106.58467487373737,0,0,0,101376,0.0
I_IL_01,0.1,202,0,105.85010258838383,0,0,0,101376,0.0
I_IL_01,0.1,203,0,105.25728969381314,0,0,0,101376,0.0
I_IL_01,0.1,204,0,105.11232441603535,0,0,0,101376,0.0
I_IL_01,0.1,205,0,104.96945036300505,0,0,0,101376,0.0
I_IL_01,0.1,206,0,104.80309935290404,0,0,0,101376,0.0
I_IL_01,0.1,207,0,104.79506983901516,0,0,0,101376,0.0
I_IL_01,0.1,208,0,104.70026436237374,0,0,0,101376,0.0
I_IL_01,0.1,209,0,104.60916785037878,0,0,0,101376,0.0
I_IL_01,0.1,210,0,104.5737551294192,0,0,0,101376,0.0
I_IL_01,0.1,211,0,104.51585187815657,0,0,0,101376,0.0
I_IL_01,0.1,212,0,104.44722616792929,0,0,0,101376,0.0
I_IL_01,0.1,213,0,104.38537720959596,0,0,0,101376,0.0
I_IL_01,0.1,214,0,104.25440932765152,0,0,0,101376,0.0
I_IL_01,0.1,215,0,104.22266611426768,0,0,0,101376,0.0
I_IL_01,0.1,216,0,104.16067905618686,0,0,0,101376,0.0
I_IL_01,0.1,217,0,104.0229738794192,0,0,0,101376,0.0
I_IL_01,0.1,218,0,103.9446318655303,0,0,0,101376,0.0
I_IL_01,0.1,219,0,103.95211884469697,0,0,0,101376,0.0
I_IL_01,0.1,220,0,103.83690419823232,0,0,0,101376,0.0
I_IL_01,0.1,221,0,103.73902107007575,0,0,0,101376,0.0
I_IL_01,0.1,222,0,103.69077493686869,0,0,0,101376,0.0
I_IL_01,0.1,223,0,103.56188841540404,0,0,0,101376,0.0
I_IL_01,0.1,224,0,103.49623184974747,0,0,0,101376,0.0
I_IL_01,0.1,225,0,103.49665601325758,0,0,0,101376,0.0
I_IL_01,0.1,226,0,103.28096393623737,0,0,0,101376,0.0
I_IL_01,0.1,227,0,103.23378314393939,0,0,0,101376,0.0
I_IL_01,0.1,228,0,103.19313249684343,0,0,0,101376,0.0
I_IL_01,0.1,229,0,103.10997672032828,0,0,0,101376,0.0
I_IL_01,0.1,230,0,102.96992384785354,0,0,0,101376,0.0
I_IL_01,0.1,231,0,102.98626893939394,0,0,0,101376,0.0
I_IL_01,0.1,232,0,102.83655894886364,0,0,0,101376,0.0
I_IL_01,0.1,233,0,102.81665285669192,0,0,0,101376,0.0
I_IL_01,0.1,234,0,102.1526396780303,0,0,0,101376,0.0
I_IL_01,0.1,235,0,101.89472853535354,0,0,0,101376,0.0
I_IL_01,0.1,236,0,101.79404395517676,0,0,0,101376,0.0
I_IL_01,0.1,237,0,101.81254932133838,0,0,0,101376,0.0
I_IL_01,0.1,238,0,101.75431068497475,0,0,0,101376,0.0
I_IL_01,0.1,239,0,101.79351128472223,0,0,0,101376,0.0
I_IL_01,0.1,240,0,101.79739780618686,0,0,0,101376,0.0
I_IL_01,0.1,241,0,101.79048295454545,0,0,0,101376,0.0
I_IL_01,0.1,242,0,101.76079150883838,0,0,0,101376,0.0
I_IL_01,0.1,243,0,101.8377229324495,0,0,0,101376,0.0
I_IL_01,0.1,244,0,101.77350654987374,0,0,0,101376,0.0
I_IL_01,0.1,245,0,101.80623619002525,0,0,0,101376,0.0
I_IL_01,0.1,246,0,101.84661063762626,0,0,0,101376,0.0
I_IL_01,0.1,247,0,101.92206242108585,0,0,0,101376,0.0
I_IL_01,0.1,248,0,101.90543126578282,0,0,0,101376,0.0
I_IL_01,0.1,249,0,101.91102430555556,0,0,0,101376,0.0
I_IL_01,0.1,250,0,101.88831676136364,0,0,0,101376,0.0
I_IL_01,0.1,251,0,101.94363557449495,0,0,0,101376,0.0
I_IL_01,0.1,252,0,101.89785550820707,0,0,0,101376,0.0
I_IL_01,0.1,253,0,101.94932725694444,0,0,0,101376,0.0
I_IL_01,0.1,254,0,101.91115254103535,0,0,0,101376,0.0
I_IL_01,0.1,255,0,101.91231652462122,0,0,0,101376,0.0
I_IL_01,0.1,256,0,101.88832662563131,0,0,0,101376,0.0
I_IL_01,0.1,257,0,101.94901160037878,0,0,0,101376,0.0
I_IL_01,0.1,258,0,101.89630681818181,0,0,0,101376,0.0
I_IL_01,0.1,259,0,101.95029395517676,0,0,0,101376,0.0
I_IL_01,0.1,260,0,101.9281585385101,0,0,0,101376,0.0
I_IL_01,0.1,261,0,101.96000039457071,0,0,0,101376,0.0
I_IL_01,0.1,262,0,101.90896267361111,0,0,0,101376,0.0
I_IL_01,0.1,263,0,101.96153922032828,0,0,0,101376,0.0
I_IL_01,0.1,264,0,101.94864662247475,0,0,0,101376,0.0
I_IL_01,0.1,265,0,101.95071811868686,0,0,0,101376,0.0
I_IL_01,0.1,266,0,101.9206025094697,0,0,0,101376,0.0
I_IL_01,0.1,267,0,101.91782078598484,0,0,0,101376,0.0
I_IL_01,0.1,268,0,101.9103239425505,0,0,0,101376,0.0
I_IL_01,0.1,269,0,101.96519886363636,0,0,0,101376,0.0
I_IL_01,0.1,270,0,101.91951744002525,0,0,0,101376,0.0
I_IL_01,0.1,271,0,101.96638257575758,0,0,0,101376,0.0
I_IL_01,0.1,272,0,101.94137665719697,0,0,0,101376,0.0
I_IL_01,0.1,273,0,101.98530224116162,0,0,0,101376,0.0
I_IL_01,0.1,274,0,101.9187776199495,0,0,0,101376,0.0
I_IL_01,0.1,275,0,101.97406684027777,0,0,0,101376,0.0
I_IL_01,0.1,276,0,101.96664891098484,0,0,0,101376,0.0
I_IL_01,0.1,277,0,101.95269097222223,0,0,0,101376,0.0
I_IL_01,0.1,278,0,101.94128787878788,0,0,0,101376,0.0
I_IL_01,0.1,279,0,102.00516887626263,0,0,0,101376,0.0
I_IL_01,0.1,280,0,101.92750749684343,0,0,0,101376,0.0
I_IL_01,0.1,281,0,101.98207662563131,0,0,0,101376,0.0
I_IL_01,0.1,282,0,101.91874802714646,0,0,0,101376,0.0
I_IL_01,0.1,283,0,101.96940104166667,0,0,0,101376,0.0
I_IL_01,0.1,284,0,101.93688841540404,0,0,0,101376,0.0
I_IL_01,0.1,285,0,101.9639559659091,0,0,0,101376,0.0
I_IL_01,0.1,286,0,101.91786024305556,0,0,0,101376,0.0
I_IL_01,0.1,287,0,101.96284130366162,0,0,0,101376,0.0
I_IL_01,0.1,288,0,101.96374881628788,0,0,0,101376,0.0
I_IL_01,0.1,289,0,101.94592408459596,0,0,0,101376,0.0
I_IL_01,0.1,290,0,101.91284919507575,0,0,0,101376,0.0
I_IL_01,0.1,291,0,101.9367799084596,0,0,0,101376,0.0
I_IL_01,0.1,292,0,101.87998145517676,0,0,0,101376,0.0
I_IL_01,0.1,293,0,101.9376676925505,0,0,0,101376,0.0
I_IL_01,0.1,294,0,101.89391966540404,0,0,0,101376,0.0
I_IL_01,0.1,295,0,101.9144866635101,0,0,0,101376,0.0
I_IL_01,0.1,296,0,101.88745857007575,0,0,0,101376,0.0
I_IL_01,0.1,297,0,101.88700481376263,0,0,0,101376,0.0
I_IL_01,0.1,298,0,101.86195943813131,0,0,0,101376,0.0
I_IL_01,0.1,299,0,101.89675071022727,0,0,0,101376,0.0
I_IL_01,0.1,300,0,101.84700520833333,0,0,0,101376,0.0
I_IL_02,0.001,1,1,95.52495659722223,0,0,0,101376,0.0
I_IL_02,0.001,2,1,95.52495659722223,0,0,0,101376,0.0
I_IL_02,0.001,3,1,95.48117897727273,0,0,0,101376,0.0
I_IL_02,0.001,4,1,95.51763731060606,0,0,0,101376,0.0
I_IL_02,0.001,5,1,95.4698153409091,0,0,0,101376,0.0
I_IL_02,0.001,6,1,95.49594578598484,0,0,0,101376,0.0
I_IL_02,0.001,7,1,95.47945273042929,0,0,0,101376,0.0
I_IL_02,0.001,8,1,95.52289496527777,0,0,0,101376,0.0
I_IL_02,0.001,9,1,95.45216816603535,0,0,0,101376,0.0
I_IL_02,0.001,10,1,95.51378038194444,0,0,0,101376,0.0
I_IL_02,0.001,11,1,95.48572640467172,0,0,0,101376,0.0
I_IL_02,0.001,12,1,95.53448547979798,0,0,0,101376,0.0
I_IL_02,0.001,13,1,95.48096196338383,0,0,0,101376,0.0
I_IL_02,0.001,14,1,95.5324830334596,0,0,0,101376,0.0
I_IL_02,0.001,15,1,95.49453519570707,0,0,0,101376,0.0
I_IL_02,0.001,16,1,95.54126223169192,0,0,0,101376,0.0
I_IL_02,0.001,17,1,95.49785945391415,0,0,0,101376,0.0
I_IL_02,0.001,18,1,95.51891966540404,0,0,0,101376,0.0
I_IL_02,0.001,19,1,95.4817017834596,0,0,0,101376,0.0
I_IL_02,0.001,20,1,95.51173847853535,0,0,0,101376,0.0
I_IL_02,0.001,21,1,95.4715909090909,0,0,0,101376,0.0
I_IL_02,0.001,22,1,95.52235243055556,0,0,0,101376,0.0
I_IL_02,0.001,23,1,95.50463620580808,0,0,0,101376,0.0
I_IL_02,0.001,24,1,95.54863083964646,0,0,0,101376,0.0
I_IL_02,0.001,25,1,95.4780914614899,0,0,0,101376,0.0
I_IL_02,0.001,26,0,95.4943083175505,0,0,0,101376,0.0
I_IL_02,0.001,27,0,95.44767005997475,0,0,0,101376,0.0
I_IL_02,0.001,28,0,95.52494673295455,0,0,0,101376,0.0
I_IL_02,0.001,29,0,95.47666114267676,0,0,0,101376,0.0
I_IL_02,0.001,30,0,95.51998500631314,0,0,0,101376,0.0
I_IL_02,0.001,31,0,95.48120857007575,0,0,0,101376,0.0
I_IL_02,0.001,32,0,95.51574337121212,0,0,0,101376,0.0
I_IL_02,0.001,33,0,95.47242937184343,0,0,0,101376,0.0
I_IL_02,0.001,34,0,95.51694681186869,0,0,0,101376,0.0
I_IL_02,0.001,35,0,95.52186908143939,0,0,0,101376,0.0
I_IL_02,0.001,36,0,95.5593138415404,0,0,0,101376,0.0
I_IL_02,0.001,37,0,95.4923551925505,0,0,0,101376,0.0
I_IL_02,0.001,38,0,95.5291291824495,0,0,0,101376,0.0
I_IL_02,0.001,39,0,95.45475260416667,0,0,0,101376,0.0
I_IL_02,0.001,40,0,95.4956695864899,0,0,0,101376,0.0
I_IL_02,0.001,41,0,95.45431857638889,0,0,0,101376,0.0
I_IL_02,0.001,42,0,95.421875,0,0,0,101376,0.0
I_IL_02,0.001,43,0,95.44019294507575,0,0,0,101376,0.0
I_IL_02,0.001,44,0,95.37451665088383,0,0,0,101376,0.0
I_IL_02,0.001,45,0,95.44955413510101,0,0,0,101376,0.0
I_IL_02,0.001,46,0,95.4140625,0,0,0,101376,0.0
I_IL_02,0.001,47,0,95.4506589330808,0,0,0,101376,0.0
I_IL_02,0.001,48,0,95.37690380366162,0,0,0,101376,0.0
I_IL_02,0.001,49,0,95.40542140151516,0,0,0,101376,0.0
I_IL_02,0.001,50,0,95.33123224431819,0,0,0,101376,0.0
I_IL_02,0.001,51,0,95.3812835385101,0,0,0,101376,0.0
I_IL_02,0.001,52,0,95.34248737373737,0,0,0,101376,0.0
I_IL_02,0.001,53,0,95.35464015151516,0,0,0,101376,0.0
I_IL_02,0.001,54,0,95.29904513888889,0,0,0,101376,0.0
I_IL_02,0.001,55,0,95.33408301767676,0,0,0,101376,0.0
I_IL_02,0.001,56,0,95.2641354955808,0,0,0,101376,0.0
I_IL_02,0.001,57,0,95.3004853219697,0,0,0,101376,0.0
I_IL_02,0.001,58,0,95.26998500631314,0,0,0,101376,0.0
I_IL_02,0.001,59,0,95.26942274305556,0,0,0,101376,0.0
I_IL_02,0.001,60,0,95.21436040088383,0,0,0,101376,0.0
I_IL_02,0.001,61,0,95.22377091224747,0,0,0,101376,0.0
I_IL_02,0.001,62,0,95.14876302083333,0,0,0,101376,0.0
I_IL_02,0.001,63,0,95.1633424084596,67,0,1,101269,0.0
I_IL_02,0.001,64,0,95.10601128472223,132,0,2,101181,0.0
I_IL_02,0.001,65,0,95.14955216224747,75,0,4,101236,0.0
I_IL_02,0.001,66,0,95.13372001262626,19,0,4,101318,0.0
I_IL_02,0.001,67,0,95.14866437815657,27,0,1,101327,0.0
I_IL_02,0.001,68,0,95.08748619002525,50,24,4,101253,0.0002369738440119672
I_IL_02,0.001,69,0,95.09928385416667,170,0,4,101069,0.0
I_IL_02,0.001,70,0,95.07373540088383,285,1,39,100854,9.915224827722968e-06
I_IL_02,0.001,71,0,95.05507220643939,898,0,625,99426,0.0
I_IL_02,0.001,72,0,94.58068970959596,2756,0,646,97449,0.0
I_IL_02,0.001,73,0,93.80034722222223,4821,13,803,95068,0.0001367255287596891
I_IL_02,0.001,74,0,92.83456636679293,6872,4,956,92687,4.315413578448825e-05
I_IL_02,0.001,75,0,91.99714922664141,8460,3,1143,90817,3.30323717242898e-05
I_IL_02,0.001,76,0,91.24240451388889,9238,4,1554,89503,4.468924218217569e-05
I_IL_02,0.001,77,0,90.86817392676768,10060,13,2085,88119,0.00014750601370671265
I_IL_02,0.001,78,0,90.49887547348484,10425,27,1869,87610,0.0003080890491459087
I_IL_02,0.001,79,0,90.47629616477273,10664,5,1700,87562,5.7099135519088244e-05
I_IL_02,0.001,80,0,90.30546677714646,10764,25,1406,87692,0.0002850074671956405
I_IL_02,0.001,81,0,90.53774068813131,10512,20,1577,87776,0.00022780081097088705
I_IL_02,0.001,82,0,90.42858270202021,9890,34,2191,87772,0.00038721727444593763
I_IL_02,0.001,83,0,90.2799775094697,9706,152,2386,87620,0.0017317595588570386
I_IL_02,0.001,84,0,89.86745383522727,9747,342,2012,87733,0.0038830542151575363
I_IL_02,0.001,85,0,89.66522648358585,9391,302,2075,88114,0.0034156713716974305
I_IL_02,0.001,86,0,89.17033617424242,9309,120,1747,88763,0.001350089443425627
I_IL_02,0.001,87,0,89.09640348800505,9664,48,1523,88765,0.0005404614189364169
I_IL_02,0.001,88,0,89.16893544823232,9123,265,1288,89366,0.0029565663665472885
I_IL_02,0.001,89,0,89.74269057765152,8204,333,1317,90156,0.003680005304512151
I_IL_02,0.001,90,0,89.48741319444444,8424,363,1326,89872,0.00402282927910456
I_IL_02,0.001,91,0,89.46322601010101,8960,396,1158,89445,0.004407787090526597
I_IL_02,0.001,92,0,89.91466422032828,8702,912,1142,89113,0.010130519300194391
I_IL_02,0.001,93,0,90.54297861426768,8554,2768,1130,87398,0.030698933078987644
I_IL_02,0.001,94,0,90.80018939393939,8320,3973,1133,86451,0.04393745023445103
I_IL_02,0.001,95,0,90.94889322916667,8182,4840,1069,85801,0.05339746913648349
I_IL_02,0.001,96,0,91.03769136679293,8080,4674,882,86289,0.05138352956696679
I_IL_02,0.001,97,0,91.31914851641415,8215,7064,642,84048,0.07753095091755202
I_IL_02,0.001,98,0,91.53288746843434,8111,7780,643,83503,0.08522945126693908
I_IL_02,0.001,99,0,91.72119633838383,7885,8070,686,83457,0.08817070372676915
I_IL_02,0.001,100,0,91.79651988636364,7778,7362,656,84402,0.08022754021184779
I_IL_02,0.001,101,0,91.91357915088383,7509,7903,639,84118,0.08588257028287022
I_IL_02,0.001,102,0,91.69641729797979,7548,8032,717,83810,0.0874545414951765
I_IL_02,0.001,103,0,91.76505287247475,7636,11208,668,80610,0.12206756845063059
I_IL_02,0.001,104,0,91.98344775883838,7483,16151,605,75813,0.17562306989691617
I_IL_02,0.001,105,0,92.38884943181819,7311,22325,627,69788,0.24236535559584424
I_IL_02,0.001,106,0,92.58098563762626,7013,22273,742,70053,0.2412429868076165
I_IL_02,0.001,107,0,92.80622632575758,6758,23141,714,69514,0.24975446549025956
I_IL_02,0.001,108,0,92.9206025094697,6518,22805,702,70108,0.2454446632871611
I_IL_02,0.001,109,0,93.11454387626263,6437,22333,692,70670,0.24013203875143813
I_IL_02,0.001,110,0,93.20395359848484,6323,22299,635,70846,0.23940093402759138
I_IL_02,0.001,111,0,93.3803957544192,6252,22519,528,70793,0.24133016117969822
I_IL_02,0.001,112,0,93.26902817234848,6259,21325,478,71998,0.2285074418953527
I_IL_02,0.001,113,0,93.2221038510101,6307,21692,386,71651,0.23239021672755322
I_IL_02,0.001,114,0,93.20017558396465,6151,21455,264,72061,0.22942598058086316
I_IL_02,0.001,115,0,93.2077513415404,6050,21109,276,72540,0.22540550352913538
I_IL_02,0.001,116,0,93.0890348800505,5888,20698,249,73240,0.22033681790116885
I_IL_02,0.001,117,0,93.29258404356061,5630,20815,246,73462,0.22078555745303732
I_IL_02,0.001,118,0,93.55739030934343,5336,20271,213,74376,0.21417477574566549
I_IL_02,0.001,119,0,93.88501223169192,5099,20758,231,74112,0.2188046800885422
I_IL_02,0.001,120,0,94.0334595959596,4823,20505,215,74661,0.21546560746485088
I_IL_02,0.001,121,0,94.24585700757575,4736,20626,186,74676,0.2164277769616587
I_IL_02,0.001,122,0,94.40439551767676,4564,20616,187,74876,0.21589243077954173
I_IL_02,0.001,123,0,94.61869673295455,4407,20978,173,74676,0.21931126769398038
I_IL_02,0.001,124,0,94.63551530934343,4197,19920,200,75937,0.2078095496416537
I_IL_02,0.001,125,0,94.71784248737374,4093,20383,202,75577,0.212411421425594
I_IL_02,0.001,126,0,94.68979837436869,3927,20247,210,75893,0.21059912627418348
I_IL_02,0.001,127,0,94.70149739583333,3797,19409,200,76932,0.20146147538431197
I_IL_02,0.001,128,0,94.66671598800505,3703,19359,142,77173,0.2005448970289645
I_IL_02,0.001,129,0,94.70496961805556,3630,19427,137,77254,0.20093917108842482
I_IL_02,0.001,130,0,94.7172604955808,3408,18830,159,78050,0.19436416184971098
I_IL_02,0.001,131,0,94.92443970959596,3232,19292,135,77821,0.19865517489934406
I_IL_02,0.001,132,0,95.06249013573232,3028,18998,119,78357,0.19514149247598994
I_IL_02,0.001,133,0,95.22972892992425,2986,18423,85,79054,0.1889984303989659
I_IL_02,0.001,134,0,95.28749408143939,2915,18250,61,79391,0.18690918773875728
I_IL_02,0.001,135,0,95.46459714330808,2818,19013,57,78742,0.1944964451946192
I_IL_02,0.001,136,0,95.41370738636364,2753,18041,52,79783,0.18442304546941446
I_IL_02,0.001,137,0,95.49022451073232,2623,18604,54,79335,0.18995497197235015
I_IL_02,0.001,138,0,95.45355902777777,2477,18162,120,79861,0.18528304581577792
I_IL_02,0.001,139,0,95.41459517045455,2338,17812,190,80313,0.18152356687898089
I_IL_02,0.001,140,0,95.25154869002525,2232,17758,254,80452,0.1808166174523979
I_IL_02,0.001,141,0,95.13692589962122,2174,18161,259,80128,0.18477143932688297
I_IL_02,0.001,142,0,94.98732441603535,2086,17632,295,80754,0.17921248958185107
I_IL_02,0.001,143,0,94.91125118371212,2076,17783,243,80589,0.18077298418249096
I_IL_02,0.001,144,0,94.80836687184343,2058,17285,228,81120,0.17565164371729078
I_IL_02,0.001,145,0,94.85273634785354,1996,16883,213,81598,0.17143408373188737
I_IL_02,0.001,146,0,94.87302714646465,1956,16550,205,81976,0.16797596573493292
I_IL_02,0.001,147,0,95.02667297979798,1942,16337,183,82246,0.16571822728056562
I_IL_02,0.001,148,0,95.01998500631314,1895,15324,180,83294,0.1553874546228883
I_IL_02,0.001,149,0,95.13037602588383,1864,15563,173,83087,0.15775975671566142
I_IL_02,0.001,150,0,95.15443497474747,1850,15194,142,83485,0.15397399649368154
I_IL_02,0.001,151,0,95.15876538825758,1868,14591,120,84095,0.14785278560282106
I_IL_02,0.001,152,0,95.08554292929293,1869,14551,116,84139,0.14744148343297192
I_IL_02,0.001,153,0,95.01847577335859,1930,14797,93,83861,0.14998276875671512
I_IL_02,0.001,154,0,94.86048966224747,2003,14097,92,84521,0.1429455069054331
I_IL_02,0.001,155,0,94.75939078282828,2066,13914,75,84673,0.1411342266221713
I_IL_02,0.001,156,0,94.58036418876263,2090,13520,59,85043,0.13717114941712408
I_IL_02,0.001,157,0,94.51605902777777,2139,13146,52,85380,0.13342670970099263
I_IL_02,0.001,158,0,94.45848129734848,2114,12790,50,85773,0.1297647190122054
I_IL_02,0.001,159,0,94.55768623737374,2059,12744,67,85884,0.12921279961065824
I_IL_02,0.001,160,0,94.5534150094697,2033,11975,53,86709,0.12134692554010781
I_IL_02,0.001,161,0,94.69483901515152,2011,12007,20,86739,0.12159479877665931
I_IL_02,0.001,162,0,94.75048334911617,2022,11531,7,87220,0.11676843778797177
I_IL_02,0.001,163,0,94.86496803977273,1998,11713,4,87071,0.11857183349530288
I_IL_02,0.001,164,0,94.85972024936869,1950,11327,7,87512,0.11460051194366597
I_IL_02,0.001,165,0,95.04139046717172,1915,11781,5,87099,0.11914441747572815
I_IL_02,0.001,166,0,95.06969105113636,1849,11686,8,87260,0.11810482485396075
I_IL_02,0.001,167,0,95.15399108270202,1804,11595,0,87396,0.11713186047216413
I_IL_02,0.001,168,0,95.09357244318181,1734,11039,0,88037,0.11141951633089749
I_IL_02,0.001,169,0,95.0952395044192,1730,10894,4,88170,0.10996931276750384
I_IL_02,0.001,170,0,95.02730429292929,1689,10478,1,88567,0.10579029733959311
I_IL_02,0.001,171,0,95.06606100063131,1684,10059,2,88988,0.10155784627500075
I_IL_02,0.001,172,0,95.4387330334596,1651,11724,3,87349,0.11833698384019864
I_IL_02,0.001,173,0,95.61212713068181,1645,11674,8,87399,0.11783230547172287
I_IL_02,0.001,174,0,95.62268189709596,1636,11590,4,87482,0.11698562661498708
I_IL_02,0.001,175,0,95.61099273989899,1647,10758,9,88321,0.10858002200264436
I_IL_02,0.001,176,0,95.65830176767676,1629,10394,2,88724,0.10486490849290744
I_IL_02,0.001,177,0,96.09121488320707,1579,10336,12,88831,0.10422822108160981
I_IL_02,0.001,178,0,96.03516611426768,1563,9543,2,89675,0.09618214436896531
I_IL_02,0.001,179,0,96.142578125,1557,8816,1,90413,0.08884499491076198
I_IL_02,0.001,180,0,96.23513454861111,1540,8000,0,91281,0.08057936563894401
I_IL_02,0.001,181,0,96.21717171717172,1534,7146,0,92139,0.07197461852243542
I_IL_02,0.001,182,0,96.16351996527777,1532,6664,5,92603,0.06713207813271278
I_IL_02,0.001,183,0,96.36322206439394,1515,6674,7,92600,0.06722807583052964
I_IL_02,0.001,184,0,96.15593434343434,1535,6263,11,92976,0.06311026914821793
I_IL_02,0.001,185,0,96.14374210858585,1521,5717,7,93543,0.0575962119685674
I_IL_02,0.001,186,0,96.05765664457071,1514,5306,2,93960,0.053452340176898434
I_IL_02,0.001,187,0,96.05755800189394,1521,5010,5,94242,0.05047757224035788
I_IL_02,0.001,188,0,95.9868410669192,1509,4776,5,94472,0.04812187651136547
I_IL_02,0.001,189,0,95.98699889520202,1519,4564,3,94680,0.04598766676071098
I_IL_02,0.001,190,0,95.92197364267676,1503,4364,4,94891,0.04396755830940507
I_IL_02,0.001,191,0,96.0016571969697,1508,4489,7,94760,0.04522967485818497
I_IL_02,0.001,192,0,96.05820904356061,1514,4576,2,94673,0.04610625799756169
I_IL_02,0.001,193,0,95.9069700915404,1509,4243,7,95006,0.04275106046408528
I_IL_02,0.001,194,0,95.71066130050505,1531,4318,2,94923,0.04351024274241493
I_IL_02,0.001,195,0,95.37281999684343,1521,3053,0,96166,0.030770316169282094
I_IL_02,0.001,196,0,95.7809540719697,1537,3594,0,95657,0.0362112220531783
I_IL_02,0.001,197,0,95.98540088383838,1509,4012,1,95268,0.04041095890410959
I_IL_02,0.001,198,0,96.08501025883838,1481,4176,5,95126,0.042053533664981574
I_IL_02,0.001,199,0,96.07775015782828,1479,3869,3,95393,0.038977655094598135
I_IL_02,0.001,200,0,95.79509943181819,1477,3224,3,96040,0.03247904577691812
I_IL_02,0.001,201,0,95.93183791035354,1470,2989,5,96258,0.03011677934849416
I_IL_02,0.001,202,0,95.92905618686869,1479,2690,5,96541,0.027108464088843206
I_IL_02,0.001,203,0,95.96925307765152,1488,2402,4,96807,0.024211513068370813
I_IL_02,0.001,204,0,95.84906684027777,1493,1813,6,97386,0.018276393915261244
I_IL_02,0.001,205,0,95.89642518939394,1483,1799,5,97444,0.018127223078705804
I_IL_02,0.001,206,0,95.78396267361111,1484,1522,8,97708,0.015338103396150358
I_IL_02,0.001,207,0,95.80683791035354,1487,1425,9,97789,0.014362892333743221
I_IL_02,0.001,208,0,95.68896977588383,1458,1206,9,98047,0.012150766223690972
I_IL_02,0.001,209,0,95.70234572285354,1442,1369,9,97917,0.01378844952964164
I_IL_02,0.001,210,0,95.39607007575758,1416,1104,18,98205,0.011116817206899677
I_IL_02,0.001,211,0,95.69562815656566,1413,1329,24,97975,0.013383146701039234
I_IL_02,0.001,212,0,95.8383542455808,1385,1481,46,97837,0.01491169777885177
I_IL_02,0.001,213,0,97.66230666035354,1367,4950,43,94395,0.049826362675524684
I_IL_02,0.001,214,0,98.34037642045455,1332,8312,48,91055,0.08364950134350438
I_IL_02,0.001,215,0,102.36954505997475,1325,27454,49,71919,0.2762722268624274
I_IL_02,0.001,216,0,107.1750611584596,1326,48557,35,50846,0.4884862629900506
I_IL_02,0.001,217,0,111.19429648042929,1314,55985,33,43427,0.5631613889671268
I_IL_02,0.001,218,0,114.01198508522727,1291,62748,28,36697,0.6309819498215093
I_IL_02,0.001,219,0,117.52332899305556,1294,68518,30,30928,0.688997043621664
I_IL_02,0.001,220,0,120.54927201704545,1225,71882,10,27738,0.7215619353543465
I_IL_02,0.001,221,0,122.29064078282828,1230,75080,15,24530,0.7537395843790784
I_IL_02,0.001,222,0,124.6851227114899,1241,78381,16,21199,0.7871158867242418
I_IL_02,0.001,223,0,126.20357875631314,1241,79211,13,20368,0.7954588818927686
I_IL_02,0.001,224,0,127.50688525883838,1222,81245,15,18354,0.8157210413759174
I_IL_02,0.001,225,0,129.21831597222223,1215,84068,13,15543,0.8439630161327564
I_IL_02,0.001,226,0,129.97337634154042,1194,84336,21,15287,0.8465514991518023
I_IL_02,0.001,227,0,130.6600280145202,1186,84814,29,14809,0.8513495879465586
I_IL_02,0.001,228,0,131.0003748421717,1166,84824,22,14837,0.8511253148172304
I_IL_02,0.001,229,0,131.58446772411617,1149,85176,31,14491,0.8546058374386708
I_IL_02,0.001,230,0,131.67273319128788,1144,84858,40,14791,0.8515690072153258
I_IL_02,0.001,231,0,131.16872829861111,1137,84245,38,15415,0.8453241019466186
I_IL_02,0.001,232,0,130.2574376578283,1137,82750,33,16903,0.8303814235396827
I_IL_02,0.001,233,0,129.00324534406565,1147,81290,34,18351,0.8158288254834857
I_IL_02,0.001,234,0,127.57968355429293,1152,78528,25,21117,0.7880776757489086
I_IL_02,0.001,235,0,126.25922309027777,1178,75501,33,24116,0.7579128060471606
I_IL_02,0.001,236,0,124.66201073232324,1190,72317,21,27300,0.7259503899936758
I_IL_02,0.001,237,0,123.27184935290404,1193,69265,14,30358,0.6952711723196451
I_IL_02,0.001,238,0,122.52426609848484,1193,67641,14,31982,0.678969715828674
I_IL_02,0.001,239,0,121.5480192550505,1177,66264,24,33352,0.6651943462897526
I_IL_02,0.001,240,0,119.63591974431819,1179,61232,22,38384,0.6146803726309027
I_IL_02,0.001,241,0,118.96160827020202,1183,60404,18,39212,0.6063684548666881
I_IL_02,0.001,242,0,118.20144807449495,1196,58151,16,41462,0.583769186752733
I_IL_02,0.001,243,0,117.72071298926768,1197,57590,18,42026,0.5781199807259878
I_IL_02,0.001,244,0,116.66217842487374,1185,54732,20,44898,0.5493526046371575
I_IL_02,0.001,245,0,116.14581360479798,1234,54228,17,45355,0.5445507767390017
I_IL_02,0.001,246,0,115.24321338383838,1221,52491,27,47096,0.5270868687680119
I_IL_02,0.001,247,0,114.9513395675505,1228,52236,25,47341,0.5245789690390351
I_IL_02,0.001,248,0,113.99196062184343,1286,50826,34,48679,0.5107884025928345
I_IL_02,0.001,249,0,113.2702513415404,1290,49887,37,49610,0.5013920017688975
I_IL_02,0.001,250,0,112.73784722222223,1295,49210,43,50259,0.4947270003719752
I_IL_02,0.001,251,0,112.42733980429293,1294,48968,47,50496,0.4923188289230274
I_IL_02,0.001,252,0,111.71258483270202,1305,47769,66,51665,0.4804091155942635
I_IL_02,0.001,253,0,111.32053937815657,1309,47220,84,52188,0.47501207146306135
I_IL_02,0.001,254,0,110.43370225694444,1323,45958,99,53419,0.4624611328577035
I_IL_02,0.001,255,0,109.87288904671718,1355,45323,106,54005,0.45629631121134023
I_IL_02,0.001,256,0,109.11495817550505,1332,44423,123,54907,0.44722641699385884
I_IL_02,0.001,257,0,108.70166508838383,1306,44042,140,55312,0.44328361213438816
I_IL_02,0.001,258,0,107.93344578598484,1292,43197,135,56184,0.43466054879705374
I_IL_02,0.001,259,0,107.72759824810606,1351,42981,116,56360,0.4326612375554907
I_IL_02,0.001,260,0,107.73343789457071,1364,42953,103,56388,0.4323793801149576
I_IL_02,0.001,261,0,107.92261482007575,1386,43050,81,56303,0.4333034734733727
I_IL_02,0.001,262,0,108.037109375,1391,43011,39,56389,0.4327062374245473
I_IL_02,0.001,263,0,108.35498540088383,1378,43278,23,56150,0.43526974292955706
I_IL_02,0.001,264,0,108.38325639204545,1333,43232,9,56267,0.43449682911386045
I_IL_02,0.001,265,0,108.57614228219697,1326,43361,8,56192,0.43555693951965285
I_IL_02,0.001,266,0,108.46531723484848,1280,43139,7,56458,0.43313553621093004
I_IL_02,0.001,267,0,108.6225832544192,1258,43326,12,56297,0.4348995713841181
I_IL_02,0.001,268,0,108.81278606376263,1213,43324,20,56350,0.43465698176053935
I_IL_02,0.001,269,0,108.99595565025253,1178,43443,28,56265,0.4357022505716693
I_IL_02,0.001,270,0,108.98807410037878,1137,43293,52,56442,0.43408031282899684
I_IL_02,0.001,271,0,109.05661103219697,1080,43209,69,56570,0.4330470339450185
I_IL_02,0.001,272,0,108.99484098800505,1050,43079,56,56744,0.43155385031505766
I_IL_02,0.001,273,0,108.59175741792929,1028,42329,52,57532,0.423879192076987
I_IL_02,0.001,274,0,108.65712791982324,989,41900,57,57996,0.4194362136622087
I_IL_02,0.001,275,0,108.7078401199495,937,41788,35,58179,0.4180179459221543
I_IL_02,0.001,276,0,108.42169744318181,915,41063,34,58937,0.41063
I_IL_02,0.001,277,0,108.29026594065657,880,40689,23,59363,0.40667852716587377
I_IL_02,0.001,278,0,108.06271701388889,879,40041,23,60026,0.4001419049237011
I_IL_02,0.001,279,0,107.90246212121212,862,39545,23,60553,0.39506283841835
I_IL_02,0.001,280,0,107.7794645675505,872,39008,17,61112,0.3896124650419497
I_IL_02,0.001,281,0,107.60664259785354,920,38546,19,61508,0.3852519639394727
I_IL_02,0.001,282,0,107.25248579545455,996,37567,38,62369,0.3759105827729747
I_IL_02,0.001,283,0,107.05989583333333,1095,36891,61,62913,0.36963448358783213
I_IL_02,0.001,284,0,106.80673926767676,1189,36209,75,63471,0.3632524077046549
I_IL_02,0.001,285,0,106.71721117424242,1253,35773,92,63795,0.35928209866623817
I_IL_02,0.001,286,0,106.53393308080808,1336,35404,88,64080,0.35587632182059425
I_IL_02,0.001,287,0,106.31886245265152,1345,34952,102,64496,0.3514600595285979
I_IL_02,0.001,288,0,106.11388297032828,1399,34434,93,64957,0.3464498797677858
I_IL_02,0.001,289,0,106.0493805239899,1428,34198,85,65181,0.34411696636110245
I_IL_02,0.001,290,0,105.88694562815657,1427,33705,96,65661,0.3392005313688787
I_IL_02,0.001,291,0,105.74721827651516,1468,33221,88,66108,0.33445418759878787
I_IL_02,0.001,292,0,105.46253551136364,1504,32516,108,66745,0.3275808222766243
I_IL_02,0.001,293,0,105.34153053977273,1574,31756,108,67427,0.3201758365848986
I_IL_02,0.001,294,0,105.32134824810606,1603,31092,144,68016,0.313718367841143
I_IL_02,0.001,295,0,105.27514401830808,1632,30262,185,68764,0.3055965100074728
I_IL_02,0.001,296,0,105.22006194760101,1639,29989,249,68966,0.3030569450760447
I_IL_02,0.001,297,0,105.24713936237374,1719,29746,293,69059,0.30105763878346237
I_IL_02,0.001,298,0,105.04722024936869,1830,29023,306,69640,0.2941629587586025
I_IL_02,0.001,299,0,105.06248027146465,1891,28841,276,69700,0.29268020417897117
I_IL_02,0.001,300,0,105.17934225063131,1900,28856,293,69586,0.29312691737266616
I_IL_02,0.001,301,0,105.25726996527777,1994,28906,232,69538,0.29362886514160336
I_IL_02,0.001,302,0,105.2917357165404,2056,28838,184,69535,0.2931495430656786
I_IL_02,0.001,303,0,105.48965238320707,1982,28788,213,69581,0.29265317325580215
I_IL_02,0.001,304,0,105.64204545454545,1883,28629,258,69777,0.29092738247667826
I_IL_02,0.001,305,0,105.80215238320707,1893,28369,277,70019,0.288338008700248
I_IL_02,0.001,306,0,105.90264954229798,1810,28041,327,70380,0.28490870850733074
I_IL_02,0.001,307,0,105.99661655618686,1812,27549,317,70874,0.27990408745923206
I_IL_02,0.001,308,0,106.04497119633838,1889,27138,231,71307,0.27566661587688557
I_IL_02,0.001,309,0,106.09532828282828,1896,26834,217,71646,0.2724817221770918
I_IL_02,0.001,310,0,106.02528211805556,2012,26165,166,72243,0.26588285505243475
I_IL_02,0.001,311,0,105.87264244002525,2043,25590,174,72799,0.2600900507170517
I_IL_02,0.001,312,0,105.55614741161617,2077,24506,196,73815,0.2492448205368131
I_IL_02,0.001,313,0,105.32110164141415,2122,23756,223,74501,0.24177412296324943
I_IL_02,0.001,314,0,105.29226838699495,2180,23294,282,74808,0.23744673910827507
I_IL_02,0.001,315,0,105.4943083175505,2299,22833,298,75176,0.2329684008611454
I_IL_02,0.001,316,0,105.68148279671718,2378,22306,386,75605,0.22781914187374247
I_IL_02,0.001,317,0,106.20460464015152,2472,22536,335,75350,0.2302269987536522
I_IL_02,0.001,318,0,106.43911773989899,2566,22510,272,75309,0.23011889305758595
I_IL_02,0.001,319,0,106.39973958333333,2698,22244,261,75358,0.2279051658777484
I_IL_02,0.001,320,0,106.45144807449495,2781,21900,345,75554,0.2247214070228005
I_IL_02,0.001,321,0,106.67839528093434,2779,22061,419,75296,0.22659901188409667
I_IL_02,0.001,322,0,106.84874131944444,2804,21909,448,75339,0.22528998025666339
I_IL_02,0.001,323,0,107.14424518623737,2786,21702,564,75406,0.2234831321827244
I_IL_02,0.001,324,0,106.99442668876263,2921,21113,620,75790,0.2178776714859189
I_IL_02,0.001,325,0,106.68625710227273,2992,19769,766,76906,0.20448926816653737
I_IL_02,0.001,326,0,106.60757970328282,3305,18501,708,77903,0.19191112401975022
I_IL_02,0.001,327,0,106.72562539457071,3495,17797,743,78383,0.18503846953628614
I_IL_02,0.001,328,0,107.10585345643939,3627,17380,819,78569,0.1811378961740091
I_IL_02,0.001,329,0,107.60006313131314,3550,16663,889,79231,0.17376478194673284
I_IL_02,0.001,330,0,107.46317668876263,3487,14945,1048,80782,0.15612105257659803
I_IL_02,0.001,331,0,107.54282078598484,3632,13308,1008,82301,0.13919191707893608
I_IL_02,0.001,332,0,107.67711292613636,3745,12618,1014,82826,0.13220317673190563
I_IL_02,0.001,333,0,107.93079229797979,3878,12208,984,83131,0.1280483327914075
I_IL_02,0.001,334,0,108.0390625,4039,11389,903,83864,0.11956578795418517
I_IL_02,0.001,335,0,108.06864543876263,4105,10421,943,84695,0.10956095714706253
I_IL_02,0.001,336,0,108.03565932765152,4201,9766,997,85179,0.10285955026594344
I_IL_02,0.001,337,0,108.02693931502525,4365,9327,1067,85356,0.09850765184880074
I_IL_02,0.001,338,0,108.02355587121212,4466,9319,1171,85148,0.09864820519334794
I_IL_02,0.001,339,0,108.07391295770202,4582,9392,1229,84885,0.09962132863794987
I_IL_02,0.001,340,0,107.91191208964646,4881,9291,1192,84727,0.09882150226552362
I_IL_02,0.001,341,0,107.45481178977273,5132,8846,1313,84726,0.09453682725601675
I_IL_02,0.001,342,0,106.87653882575758,5405,8616,1432,84588,0.09244238444701944
I_IL_02,0.001,343,0,106.83558238636364,5543,9000,1409,84010,0.09676378883990969
I_IL_02,0.001,344,0,106.9203460385101,5705,9073,1406,83812,0.09767992679119342
I_IL_02,0.001,345,0,107.14245975378788,5826,9070,1405,83690,0.09777921517895645
I_IL_02,0.001,346,0,107.27994791666667,6016,8746,1401,83825,0.09447883246373054
I_IL_02,0.001,347,0,107.51051530934343,6194,8613,1312,83898,0.09310244187177741
I_IL_02,0.001,348,0,107.71668836805556,6232,8396,1391,84007,0.0908628507732433
I_IL_02,0.001,349,0,107.8820036300505,6184,8201,1580,84055,0.08889394727714187
I_IL_02,0.001,350,0,107.61940696022727,6074,7654,1766,84526,0.08303319592102408
I_IL_02,0.001,351,0,107.32983151830808,6100,7381,1904,84633,0.08021605407872714
I_IL_02,0.001,352,0,106.84273398042929,6554,6786,1856,84811,0.07408539580990643
I_IL_02,0.001,353,0,106.60836884469697,7023,6632,1898,84458,0.07280711384345154
I_IL_02,0.001,354,0,106.25851286300505,7382,6412,1942,84299,0.07068602484814411
I_IL_02,0.001,355,0,106.10723445391415,7324,6034,2173,84365,0.06674852597926968
I_IL_02,0.001,356,0,106.19872553661617,6974,5772,2236,84885,0.06366855289718389
I_IL_02,0.001,357,0,106.80183672664141,6724,5789,2261,85059,0.06372182106375485
I_IL_02,0.001,358,0,106.66335227272727,7190,5221,1914,85474,0.05756656927063234
I_IL_02,0.001,359,0,105.76664101957071,8037,4222,1903,85573,0.04701820814076508
I_IL_02,0.001,360,0,104.79883798926768,8428,3578,1886,85738,0.04006001164405034
I_IL_02,0.001,361,0,104.70000789141415,8607,3502,1902,85593,0.03930635838150289
I_IL_02,0.001,362,0,104.87373737373737,8697,3410,1855,85568,0.03832408010969004
I_IL_02,0.001,363,0,104.88205295138889,8800,3039,2055,85647,0.03426696434612002
I_IL_02,0.001,364,0,104.40123895202021,9052,2602,2176,85767,0.02944471477554346
I_IL_02,0.001,365,0,104.79257417929293,8941,2411,2602,85644,0.027380614388734313
I_IL_02,0.001,366,0,103.79576033775253,9480,1769,2422,85939,0.020169197792675696
I_IL_02,0.001,367,0,103.29940025252525,9686,1687,2631,85782,0.019286833049423226
I_IL_02,0.001,368,0,102.58879813762626,10220,1479,2789,85532,0.0169978508464447
I_IL_02,0.001,369,0,101.91127091224747,11017,1431,2594,84825,0.016590150250417362
I_IL_02,0.001,370,0,101.97386955492425,10813,1318,2835,84789,0.015306537215325119
I_IL_02,0.001,371,0,102.25802951388889,10912,1048,3002,84804,0.012207053999906816
I_IL_02,0.001,372,0,102.71795099431819,11069,829,2993,84903,0.009669668268557832
I_IL_02,0.001,373,0,103.2922881155303,11182,789,2968,84883,0.009209543374731535
I_IL_02,0.001,374,0,103.51993568497475,11144,650,3293,84788,0.007607855989138323
I_IL_02,0.001,375,0,103.63612689393939,11095,552,3535,84729,0.006472719597565695
I_IL_02,0.001,376,0,103.62645991161617,11366,617,3481,84523,0.007246887479445619
I_IL_02,0.001,377,0,103.76639441287878,11668,497,3359,84542,0.005844377285715965
I_IL_02,0.001,378,0,103.75884824810606,11868,510,2739,85184,0.005951408500011669
I_IL_02,0.001,379,0,104.49495935921718,10921,422,2234,86828,0.004836676217765043
I_IL_02,0.001,380,0,105.36217645202021,9401,270,2497,88440,0.003043625295908015
I_IL_02,0.001,381,0,106.59367108585859,7487,195,2604,90443,0.002151415521083872
I_IL_02,0.001,382,0,107.61902225378788,5294,255,2326,92731,0.0027423483104983544
I_IL_02,0.001,383,0,108.33994239267676,3586,316,2023,94651,0.0033274716480461634
I_IL_02,0.001,384,0,108.7834595959596,2786,218,1661,95951,0.002266842745583296
I_IL_02,0.001,385,0,109.30058396464646,1996,218,1237,97240,0.00223686100679267
I_IL_02,0.001,386,0,109.80740017361111,1430,189,907,98296,0.0019190739706554298
I_IL_02,0.001,387,0,109.78514638573232,952,142,1010,98794,0.0014352712864882347
I_IL_02,0.001,388,0,109.28996014835859,618,123,693,99672,0.0012325266796933713
I_IL_02,0.001,389,0,109.10138494318181,330,89,120,100647,0.000883497458703939
I_IL_02,0.001,390,0,108.9877288510101,0,71,0,101305,0.000700363005050505
I_IL_02,0.001,391,0,109.12530579229798,0,37,0,101339,0.00036497790404040406
I_IL_02,0.001,392,0,109.08172545770202,0,10,0,101366,9.864267676767677e-05
I_IL_02,0.001,393,0,109.10609019886364,0,19,0,101357,0.00018742108585858585
I_IL_02,0.001,394,0,109.07721748737374,0,19,0,101357,0.00018742108585858585
I_IL_02,0.001,395,0,109.16788983585859,0,13,0,101363,0.0001282354797979798
I_IL_02,0.001,396,0,109.1027955334596,0,13,0,101363,0.0001282354797979798
I_IL_02,0.001,397,0,109.13228969381314,0,5,0,101371,4.932133838383838e-05
I_IL_02,0.001,398,0,109.09679805871212,0,5,0,101371,4.932133838383838e-05
I_IL_02,0.001,399,0,109.16467408459596,0,5,0,101371,4.932133838383838e-05
I_IL_02,0.001,400,0,109.13475576073232,0,5,0,101371,4.932133838383838e-05
I_IL_02,0.001,401,0,109.17316721906566,0,5,0,101371,4.932133838383838e-05
I_IL_02,0.001,402,0,109.15098248106061,0,18,0,101358,0.0001775568181818182
I_IL_02,0.001,403,0,109.19594381313131,0,18,0,101358,0.0001775568181818182
I_IL_02,0.001,404,0,109.17492305871212,0,11,0,101365,0.00010850694444444444
I_IL_02,0.001,405,0,109.23302359532828,0,11,0,101365,0.00010850694444444444
I_IL_02,0.001,406,0,109.21250591856061,0,11,0,101365,0.00010850694444444444
I_IL_02,0.001,407,0,109.22419507575758,0,11,0,101365,0.00010850694444444444
I_IL_02,0.001,408,0,109.18553701073232,0,13,0,101363,0.0001282354797979798
I_IL_02,0.001,409,0,109.23761047979798,0,11,0,101365,0.00010850694444444444
I_IL_02,0.001,410,0,109.21339370265152,0,5,0,101371,4.932133838383838e-05
I_IL_02,0.001,411,0,109.26256707702021,0,0,0,101376,0.0
I_IL_02,0.001,412,0,109.25978535353535,0,10,0,101366,9.864267676767677e-05
I_IL_02,0.001,413,0,109.27589370265152,0,5,0,101371,4.932133838383838e-05
I_IL_02,0.001,414,0,109.24360795454545,0,0,0,101376,0.0
I_IL_02,0.001,415,0,109.32078598484848,0,0,0,101376,0.0
I_IL_02,0.001,416,0,109.28888494318181,0,0,0,101376,0.0
I_IL_02,0.001,417,0,109.34038628472223,0,0,0,101376,0.0
I_IL_02,0.001,418,0,109.32592526830808,0,0,0,101376,0.0
I_IL_02,0.001,419,0,109.34678819444444,0,0,0,101376,0.0
I_IL_02,0.001,420,0,109.31864543876263,0,0,0,101376,0.0
I_IL_02,0.001,421,0,109.35399897411617,0,0,0,101376,0.0
I_IL_02,0.001,422,0,109.29206123737374,0,8,0,101368,7.891414141414142e-05
I_IL_02,0.001,423,0,109.32997948232324,0,0,0,101376,0.0
I_IL_02,0.001,424,0,109.30466777146465,0,0,0,101376,0.0
I_IL_02,0.001,425,0,109.31850733901516,0,0,0,101376,0.0
I_IL_02,0.001,426,0,109.2935211489899,0,0,0,101376,0.0
I_IL_02,0.001,427,0,109.35255879103535,0,0,0,101376,0.0
I_IL_02,0.001,428,0,109.28474195075758,0,0,0,101376,0.0
I_IL_02,0.001,429,0,109.3386994949495,0,0,0,101376,0.0
I_IL_02,0.001,430,0,109.3391236584596,0,0,0,101376,0.0
I_IL_02,0.001,431,0,109.34529869002525,0,0,0,101376,0.0
I_IL_02,0.001,432,0,109.31121764520202,0,0,0,101376,0.0
I_IL_02,0.001,433,0,109.35278566919192,0,0,0,101376,0.0
I_IL_02,0.001,434,0,109.29410314078282,0,0,0,101376,0.0
I_IL_02,0.001,435,0,109.35129616477273,0,0,0,101376,0.0
I_IL_02,0.001,436,0,109.3186158459596,0,0,0,101376,0.0
I_IL_02,0.001,437,0,109.33223839962122,0,0,0,101376,0.0
I_IL_02,0.001,438,0,109.30865293560606,0,0,0,101376,0.0
I_IL_02,0.001,439,0,109.35744160353535,0,0,0,101376,0.0
I_IL_02,0.001,440,0,109.30659130366162,0,0,0,101376,0.0
I_IL_02,0.001,441,0,109.33793994633838,0,0,0,101376,0.0
I_IL_02,0.001,442,0,109.33791035353535,0,0,0,101376,0.0
I_IL_02,0.001,443,0,109.35072403724747,0,0,0,101376,0.0
I_IL_02,0.001,444,0,109.32038154987374,0,0,0,101376,0.0
I_IL_02,0.001,445,0,109.36530342487374,0,0,0,101376,0.0
I_IL_02,0.001,446,0,109.30209319760101,0,0,0,101376,0.0
I_IL_02,0.001,447,0,109.35214449179293,0,0,0,101376,0.0
I_IL_02,0.001,448,0,109.32284761679293,0,0,0,101376,0.0
I_IL_02,0.001,449,0,109.32636916035354,0,0,0,101376,0.0
I_IL_02,0.001,450,0,109.30377012310606,0,0,0,101376,0.0
I_IL_02,0.001,451,0,109.3552122790404,0,0,0,101376,0.0
I_IL_02,0.001,452,0,109.29215001578282,0,0,0,101376,0.0
I_IL_02,0.001,453,0,109.33273161300505,0,0,0,101376,0.0
I_IL_02,0.001,454,0,109.34329624368686,0,0,0,101376,0.0
I_IL_02,0.001,455,0,109.33615451388889,0,0,0,101376,0.0
I_IL_02,0.001,456,0,109.30674913194444,0,0,0,101376,0.0
I_IL_02,0.001,457,0,109.34691642992425,0,0,0,101376,0.0
I_IL_02,0.001,458,0,109.28928937815657,0,0,0,101376,0.0
I_IL_02,0.001,459,0,109.34135298295455,0,0,0,101376,0.0
I_IL_02,0.001,460,0,109.31773792613636,0,0,0,101376,0.0
I_IL_02,0.001,461,0,109.32827296401516,0,0,0,101376,0.0
I_IL_02,0.001,462,0,109.31098090277777,0,0,0,101376,0.0
I_IL_02,0.001,463,0,109.35843789457071,0,0,0,101376,0.0
I_IL_02,0.001,464,0,109.29668757891415,0,0,0,101376,0.0
I_IL_02,0.001,465,0,109.37998145517676,0,0,0,101376,0.0
I_IL_02,0.001,466,0,109.36681265782828,0,0,0,101376,0.0
I_IL_02,0.001,467,0,109.35326901830808,0,0,0,101376,0.0
I_IL_02,0.001,468,0,109.30665048926768,0,0,0,101376,0.0
I_IL_02,0.001,469,0,109.36632930871212,0,0,0,101376,0.0
I_IL_02,0.001,470,0,109.31243095012626,0,0,0,101376,0.0
I_IL_02,0.001,471,0,109.34771543560606,0,0,0,101376,0.0
I_IL_02,0.001,472,0,109.33686474116162,0,0,0,101376,0.0
I_IL_02,0.001,473,0,109.32664535984848,0,0,0,101376,0.0
I_IL_02,0.001,474,0,109.30883049242425,0,0,0,101376,0.0
I_IL_02,0.001,475,0,109.35527146464646,0,0,0,101376,0.0
I_IL_02,0.001,476,0,109.32968355429293,0,0,0,101376,0.0
I_IL_02,0.001,477,0,109.36996922348484,0,0,0,101376,0.0
I_IL_02,0.001,478,0,109.36771030618686,0,0,0,101376,0.0
I_IL_02,0.001,479,0,109.39733270202021,0,0,0,101376,0.0
I_IL_02,0.001,480,0,109.33997198547979,0,0,0,101376,0.0
I_IL_02,0.001,481,0,109.36027264835859,0,0,0,101376,0.0
I_IL_02,0.001,482,0,109.33833451704545,0,0,0,101376,0.0
I_IL_02,0.001,483,0,109.37561158459596,0,0,0,101376,0.0
I_IL_02,0.001,484,0,109.34624565972223,0,0,0,101376,0.0
I_IL_02,0.001,485,0,109.37105429292929,0,0,0,101376,0.0
I_IL_02,0.001,486,0,109.32859848484848,0,0,0,101376,0.0
I_IL_02,0.001,487,0,109.37790009469697,0,0,0,101376,0.0
I_IL_02,0.001,488,0,109.34367108585859,0,0,0,101376,0.0
I_IL_02,0.001,489,0,109.3755523989899,0,0,0,101376,0.0
I_IL_02,0.001,490,0,109.35528132891415,0,0,0,101376,0.0
I_IL_02,0.001,491,0,109.38617621527777,0,0,0,101376,0.0
I_IL_02,0.001,492,0,109.32461332070707,0,0,0,101376,0.0
I_IL_02,0.001,493,0,109.37660787563131,0,0,0,101376,0.0
I_IL_02,0.001,494,0,109.32607323232324,0,0,0,101376,0.0
I_IL_02,0.001,495,0,109.3762330334596,0,0,0,101376,0.0
I_IL_02,0.001,496,0,109.33982402146465,0,0,0,101376,0.0
I_IL_02,0.001,497,0,109.36459319760101,0,0,0,101376,0.0
I_IL_02,0.001,498,0,109.35526160037878,0,0,0,101376,0.0
I_IL_02,0.001,499,0,109.39858546401516,0,0,0,101376,0.0
I_IL_02,0.001,500,0,109.32985124684343,0,0,0,101376,0.0
I_IL_02,0.001,501,0,109.3745758364899,0,0,0,101376,0.0
I_IL_02,0.001,502,0,109.35333806818181,0,0,0,101376,0.0
I_IL_02,0.001,503,0,109.3928345959596,0,0,0,101376,0.0
I_IL_02,0.001,504,0,109.3491852114899,0,0,0,101376,0.0
I_IL_02,0.001,505,0,109.38601838699495,0,0,0,101376,0.0
I_IL_02,0.001,506,0,109.3395872790404,0,0,0,101376,0.0
I_IL_02,0.001,507,0,109.40279750631314,0,0,0,101376,0.0
I_IL_02,0.001,508,0,109.35543915719697,0,0,0,101376,0.0
I_IL_02,0.001,509,0,109.37018623737374,0,0,0,101376,0.0
I_IL_02,0.001,510,0,109.3490569760101,0,0,0,101376,0.0
I_IL_02,0.001,511,0,109.37955729166667,0,0,0,101376,0.0
I_IL_02,0.001,512,0,109.3311434659091,0,0,0,101376,0.0
I_IL_02,0.001,513,0,109.35554766414141,0,0,0,101376,0.0
I_IL_02,0.001,514,0,109.36098287563131,0,0,0,101376,0.0
I_IL_02,0.001,515,0,109.3901120580808,0,0,0,101376,0.0
I_IL_02,0.001,516,0,109.33436908143939,0,0,0,101376,0.0
I_IL_02,0.001,517,0,109.37489149305556,0,0,0,101376,0.0
I_IL_02,0.001,518,0,109.34084004103535,0,0,0,101376,0.0
I_IL_02,0.001,519,0,109.38785314078282,0,0,0,101376,0.0
I_IL_02,0.001,520,0,109.35146385732324,0,0,0,101376,0.0
I_IL_02,0.001,521,0,109.36999881628788,0,0,0,101376,0.0
I_IL_02,0.001,522,0,109.33688446969697,0,0,0,101376,0.0
I_IL_02,0.001,523,0,109.37451665088383,0,0,0,101376,0.0
I_IL_02,0.001,524,0,109.32490924873737,0,0,0,101376,0.0
I_IL_02,0.001,525,0,109.36767084911617,0,0,0,101376,0.0
I_IL_02,0.01,1,1,95.52495659722223,0,0,0,101376,0.0
I_IL_02,0.01,2,1,95.52495659722223,0,0,0,101376,0.0
I_IL_02,0.01,3,1,95.48117897727273,0,0,0,101376,0.0
I_IL_02,0.01,4,1,95.51763731060606,0,0,0,101376,0.0
I_IL_02,0.01,5,1,95.4698153409091,0,0,0,101376,0.0
I_IL_02,0.01,6,1,95.49594578598484,0,0,0,101376,0.0
I_IL_02,0.01,7,1,95.47945273042929,0,0,0,101376,0.0
I_IL_02,0.01,8,1,95.52289496527777,0,0,0,101376,0.0
I_IL_02,0.01,9,1,95.45216816603535,0,0,0,101376,0.0
I_IL_02,0.01,10,1,95.51378038194444,0,0,0,101376,0.0
I_IL_02,0.01,11,1,95.48572640467172,0,0,0,101376,0.0
I_IL_02,0.01,12,1,95.53448547979798,0,0,0,101376,0.0
I_IL_02,0.01,13,1,95.48096196338383,0,0,0,101376,0.0
I_IL_02,0.01,14,1,95.5324830334596,0,0,0,101376,0.0
I_IL_02,0.01,15,1,95.49453519570707,0,0,0,101376,0.0
I_IL_02,0.01,16,1,95.54126223169192,0,0,0,101376,0.0
I_IL_02,0.01,17,1,95.49785945391415,0,0,0,101376,0.0
I_IL_02,0.01,18,1,95.51891966540404,0,0,0,101376,0.0
I_IL_02,0.01,19,1,95.4817017834596,0,0,0,101376,0.0
I_IL_02,0.01,20,1,95.51173847853535,0,0,0,101376,0.0
I_IL_02,0.01,21,1,95.4715909090909,0,0,0,101376,0.0
I_IL_02,0.01,22,1,95.52235243055556,0,0,0,101376,0.0
I_IL_02,0.01,23,1,95.50463620580808,0,0,0,101376,0.0
I_IL_02,0.01,24,1,95.54863083964646,0,0,0,101376,0.0
I_IL_02,0.01,25,1,95.4780914614899,0,0,0,101376,0.0
I_IL_02,0.01,26,0,95.4943083175505,0,0,0,101376,0.0
I_IL_02,0.01,27,0,95.44767005997475,0,0,0,101376,0.0
I_IL_02,0.01,28,0,95.52494673295455,0,0,0,101376,0.0
I_IL_02,0.01,29,0,95.47666114267676,0,0,0,101376,0.0
I_IL_02,0.01,30,0,95.51998500631314,0,0,0,101376,0.0
I_IL_02,0.01,31,0,95.48120857007575,0,0,0,101376,0.0
I_IL_02,0.01,32,0,95.51574337121212,0,0,0,101376,0.0
I_IL_02,0.01,33,0,95.47242937184343,0,0,0,101376,0.0
I_IL_02,0.01,34,0,95.51694681186869,0,0,0,101376,0.0
I_IL_02,0.01,35,0,95.52186908143939,0,0,0,101376,0.0
I_IL_02,0.01,36,0,95.5593138415404,0,0,0,101376,0.0
I_IL_02,0.01,37,0,95.4923551925505,0,0,0,101376,0.0
I_IL_02,0.01,38,0,95.5291291824495,0,0,0,101376,0.0
I_IL_02,0.01,39,0,95.45475260416667,0,0,0,101376,0.0
I_IL_02,0.01,40,0,95.4956695864899,0,0,0,101376,0.0
I_IL_02,0.01,41,0,95.45431857638889,0,0,0,101376,0.0
I_IL_02,0.01,42,0,95.421875,0,0,0,101376,0.0
I_IL_02,0.01,43,0,95.44019294507575,0,0,0,101376,0.0
I_IL_02,0.01,44,0,95.37451665088383,0,0,0,101376,0.0
I_IL_02,0.01,45,0,95.44955413510101,0,0,0,101376,0.0
I_IL_02,0.01,46,0,95.4140625,0,0,0,101376,0.0
I_IL_02,0.01,47,0,95.4506589330808,0,0,0,101376,0.0
I_IL_02,0.01,48,0,95.37690380366162,0,0,0,101376,0.0
I_IL_02,0.01,49,0,95.40542140151516,0,0,0,101376,0.0
I_IL_02,0.01,50,0,95.33123224431819,0,0,0,101376,0.0
I_IL_02,0.01,51,0,95.3812835385101,0,0,0,101376,0.0
I_IL_02,0.01,52,0,95.34248737373737,0,0,0,101376,0.0
I_IL_02,0.01,53,0,95.35464015151516,0,0,0,101376,0.0
I_IL_02,0.01,54,0,95.29904513888889,0,0,0,101376,0.0
I_IL_02,0.01,55,0,95.33408301767676,0,0,0,101376,0.0
I_IL_02,0.01,56,0,95.2641354955808,0,0,0,101376,0.0
I_IL_02,0.01,57,0,95.3004853219697,0,0,0,101376,0.0
I_IL_02,0.01,58,0,95.26998500631314,0,0,0,101376,0.0
I_IL_02,0.01,59,0,95.26942274305556,0,0,0,101376,0.0
I_IL_02,0.01,60,0,95.21436040088383,0,0,0,101376,0.0
I_IL_02,0.01,61,0,95.22377091224747,0,0,0,101376,0.0
I_IL_02,0.01,62,0,95.14876302083333,0,0,0,101376,0.0
I_IL_02,0.01,63,0,95.1633424084596,67,0,1,101269,0.0
I_IL_02,0.01,64,0,95.10601128472223,132,0,2,101181,0.0
I_IL_02,0.01,65,0,95.14955216224747,75,0,4,101236,0.0
I_IL_02,0.01,66,0,95.13372001262626,19,0,4,101318,0.0
I_IL_02,0.01,67,0,95.14866437815657,28,0,0,101327,0.0
I_IL_02,0.01,68,0,95.08748619002525,52,26,2,101251,0.00025672166434629777
I_IL_02,0.01,69,0,95.09928385416667,171,0,3,101069,0.0
I_IL_02,0.01,70,0,95.07373540088383,286,2,38,100853,1.9830449655445936e-05
I_IL_02,0.01,71,0,95.05507220643939,908,0,615,99426,0.0
I_IL_02,0.01,72,0,94.58068970959596,2774,0,628,97449,0.0
I_IL_02,0.01,73,0,93.80034722222223,4843,21,781,95060,0.00022086431568872855
I_IL_02,0.01,74,0,92.83456636679293,6981,5,847,92686,5.3942669730610305e-05
I_IL_02,0.01,75,0,91.99714922664141,8558,6,1045,90814,6.60647434485796e-05
I_IL_02,0.01,76,0,91.24240451388889,9427,11,1365,89496,0.00012289541600098315
I_IL_02,0.01,77,0,90.86817392676768,10398,16,1747,88116,0.00018154586302364636
I_IL_02,0.01,78,0,90.49887547348484,10760,35,1534,87602,0.00039937469333728903
I_IL_02,0.01,79,0,90.47629616477273,10942,10,1422,87557,0.00011419827103817649
I_IL_02,0.01,80,0,90.30546677714646,11032,45,1138,87672,0.0005130134409521529
I_IL_02,0.01,81,0,90.53774068813131,11015,30,1074,87766,0.0003417012164563306
I_IL_02,0.01,82,0,90.42858270202021,10484,53,1597,87753,0.0006036033984010205
I_IL_02,0.01,83,0,90.2799775094697,10269,45,1823,87727,0.0005126919746616233
I_IL_02,0.01,84,0,89.86745383522727,10201,148,1558,87927,0.001680386034629577
I_IL_02,0.01,85,0,89.66522648358585,10090,115,1376,88301,0.0013006695620702135
I_IL_02,0.01,86,0,89.17033617424242,9938,116,1118,88767,0.001305086461978106
I_IL_02,0.01,87,0,89.09640348800505,10241,89,946,88724,0.001002105547611273
I_IL_02,0.01,88,0,89.16893544823232,9376,325,1035,89306,0.003625977619350448
I_IL_02,0.01,89,0,89.74269057765152,8032,510,1489,89979,0.005636044160063654
I_IL_02,0.01,90,0,89.48741319444444,8069,701,1681,89534,0.007768604200144068
I_IL_02,0.01,91,0,89.46322601010101,8422,1228,1696,88613,0.013668592290824903
I_IL_02,0.01,92,0,89.91466422032828,8119,3209,1725,86816,0.03564565398500417
I_IL_02,0.01,93,0,90.54297861426768,7909,6758,1775,83408,0.07495064658518732
I_IL_02,0.01,94,0,90.80018939393939,7685,8852,1768,81572,0.0978943643280545
I_IL_02,0.01,95,0,90.94889322916667,7610,9602,1641,81039,0.10593440054721373
I_IL_02,0.01,96,0,91.03769136679293,7640,9674,1322,81289,0.10635093389619955
I_IL_02,0.01,97,0,91.31914851641415,7805,12153,1052,78959,0.1333852840460093
I_IL_02,0.01,98,0,91.53288746843434,7913,12118,841,79165,0.13275199106076707
I_IL_02,0.01,99,0,91.72119633838383,7548,10236,1023,81291,0.11183585171588711
I_IL_02,0.01,100,0,91.79651988636364,6945,5638,1489,86126,0.06144021620679133
I_IL_02,0.01,101,0,91.91357915088383,6400,2921,1748,89100,0.03174275437128481
I_IL_02,0.01,102,0,91.69641729797979,6113,1858,2152,89984,0.020230395679536595
I_IL_02,0.01,103,0,91.76505287247475,5753,1776,2551,90042,0.01934261255962883
I_IL_02,0.01,104,0,91.98344775883838,5172,1728,2916,90236,0.018789961289200123
I_IL_02,0.01,105,0,92.38884943181819,4736,1638,3202,90475,0.017782506269473364
I_IL_02,0.01,106,0,92.58098563762626,4352,1547,3403,90779,0.016755843424387497
I_IL_02,0.01,107,0,92.80622632575758,3983,1510,3489,91145,0.016297015811343154
I_IL_02,0.01,108,0,92.9206025094697,3742,1618,3478,91295,0.017414140109564862
I_IL_02,0.01,109,0,93.11454387626263,3861,1557,3268,91446,0.01674139543885681
I_IL_02,0.01,110,0,93.20395359848484,3905,1515,3053,91630,0.01626496322937356
I_IL_02,0.01,111,0,93.3803957544192,4057,1497,2723,91815,0.01604295267489712
I_IL_02,0.01,112,0,93.26902817234848,4184,1495,2553,91828,0.016019630744832463
I_IL_02,0.01,113,0,93.2221038510101,4328,1484,2365,91859,0.015898353384828
I_IL_02,0.01,114,0,93.20017558396465,4309,1455,2106,92061,0.015558834851790068
I_IL_02,0.01,115,0,93.2077513415404,4278,1387,2048,92262,0.014810622644128607
I_IL_02,0.01,116,0,93.0890348800505,4047,1288,2090,92650,0.013711171198024228
I_IL_02,0.01,117,0,93.29258404356061,3625,1167,2251,93110,0.012378416793067238
I_IL_02,0.01,118,0,93.55739030934343,3178,777,2371,93870,0.008209451963612158
I_IL_02,0.01,119,0,93.88501223169192,2856,441,2474,94429,0.004648466322335828
I_IL_02,0.01,120,0,94.0334595959596,2638,247,2400,94919,0.002595464766828489
I_IL_02,0.01,121,0,94.24585700757575,2385,151,2537,95151,0.0015844368428784286
I_IL_02,0.01,122,0,94.40439551767676,2078,81,2673,95411,0.0008482385959033218
I_IL_02,0.01,123,0,94.61869673295455,1870,39,2710,95615,0.0004077194889915738
I_IL_02,0.01,124,0,94.63551530934343,1760,63,2637,95794,0.0006572289973606518
I_IL_02,0.01,125,0,94.71784248737374,1645,96,2650,95864,0.0010004168403501459
I_IL_02,0.01,126,0,94.68979837436869,1544,78,2593,96062,0.0008113168296234658
I_IL_02,0.01,127,0,94.70149739583333,1530,98,2467,96243,0.0010172200828307781
I_IL_02,0.01,128,0,94.66671598800505,1472,120,2373,96412,0.0012431110926946504
I_IL_02,0.01,129,0,94.70496961805556,1407,106,2360,96575,0.0010963891560906486
I_IL_02,0.01,130,0,94.7172604955808,1268,80,2299,96800,0.0008257638315441783
I_IL_02,0.01,131,0,94.92443970959596,1156,133,2211,96980,0.0013695385787690628
I_IL_02,0.01,132,0,95.06249013573232,1073,93,2074,97262,0.0009552668070463766
I_IL_02,0.01,133,0,95.22972892992425,937,68,2134,97409,0.0006976004595955969
I_IL_02,0.01,134,0,95.28749408143939,901,66,2075,97575,0.0006759455556579715
I_IL_02,0.01,135,0,95.46459714330808,913,49,1962,97706,0.0005012531328320802
I_IL_02,0.01,136,0,95.41370738636364,966,26,1839,97798,0.0002657834478246647
I_IL_02,0.01,137,0,95.49022451073232,1084,14,1593,97925,0.0001429461195233768
I_IL_02,0.01,138,0,95.45355902777777,1191,24,1406,97999,0.0002448404966181406
I_IL_02,0.01,139,0,95.41459517045455,1252,38,1276,98087,0.0003872611464968153
I_IL_02,0.01,140,0,95.25154869002525,1347,68,1139,98142,0.0006923938499134507
I_IL_02,0.01,141,0,95.13692589962122,1394,80,1039,98209,0.0008139262786273134
I_IL_02,0.01,142,0,94.98732441603535,1437,127,944,98259,0.001290834061756754
I_IL_02,0.01,143,0,94.91125118371212,1458,84,861,98288,0.0008539015166917416
I_IL_02,0.01,144,0,94.80836687184343,1526,113,760,98292,0.0011483156343681724
I_IL_02,0.01,145,0,94.85273634785354,1488,121,721,98360,0.0012286633970004367
I_IL_02,0.01,146,0,94.87302714646465,1495,120,666,98406,0.001217952621643018
I_IL_02,0.01,147,0,95.02667297979798,1483,129,642,98454,0.0013085420407169593
I_IL_02,0.01,148,0,95.01998500631314,1465,149,610,98469,0.0015108803666673426
I_IL_02,0.01,149,0,95.13037602588383,1374,145,663,98505,0.0014698428788646732
I_IL_02,0.01,150,0,95.15443497474747,1307,155,685,98524,0.0015707496022456652
I_IL_02,0.01,151,0,95.15876538825758,1295,116,693,98570,0.001175445351924285
I_IL_02,0.01,152,0,95.08554292929293,1279,131,706,98559,0.0013273887931907994
I_IL_02,0.01,153,0,95.01847577335859,1323,142,700,98516,0.0014393156155608263
I_IL_02,0.01,154,0,94.86048966224747,1361,156,734,98462,0.0015818613234906407
I_IL_02,0.01,155,0,94.75939078282828,1383,166,758,98421,0.0016837919806871088
I_IL_02,0.01,156,0,94.58036418876263,1374,184,775,98379,0.001866826293842517
I_IL_02,0.01,157,0,94.51605902777777,1399,167,792,98359,0.0016949840651198668
I_IL_02,0.01,158,0,94.45848129734848,1348,182,816,98381,0.0018465347036920549
I_IL_02,0.01,159,0,94.55768623737374,1296,166,830,98462,0.0016830920225493775
I_IL_02,0.01,160,0,94.5534150094697,1213,143,873,98541,0.0014490697580154838
I_IL_02,0.01,161,0,94.69483901515152,1135,88,896,98658,0.0008911753387478987
I_IL_02,0.01,162,0,94.75048334911617,1033,46,996,98705,0.00046581806766513755
I_IL_02,0.01,163,0,94.86496803977273,970,33,1032,98751,0.00033406219630709427
I_IL_02,0.01,164,0,94.85972024936869,940,27,1017,98812,0.0002731715213630247
I_IL_02,0.01,165,0,95.04139046717172,921,9,999,98871,9.101941747572816e-05
I_IL_02,0.01,166,0,95.06969105113636,904,24,953,98922,0.00024255654599478503
I_IL_02,0.01,167,0,95.15399108270202,905,31,899,98960,0.00031315978220242244
I_IL_02,0.01,168,0,95.09357244318181,880,36,854,99040,0.00036335742258468244
I_IL_02,0.01,169,0,95.0952395044192,931,12,803,99052,0.00012113381248485828
I_IL_02,0.01,170,0,95.02730429292929,895,11,795,99034,0.00011106062900701702
I_IL_02,0.01,171,0,95.06606100063131,859,30,827,99017,0.00030288650842529306
I_IL_02,0.01,172,0,95.4387330334596,817,1728,837,97345,0.017441684414522624
I_IL_02,0.01,173,0,95.61212713068181,759,1739,894,97334,0.017552713655587294
I_IL_02,0.01,174,0,95.62268189709596,666,1457,974,97615,0.014706476098191215
I_IL_02,0.01,175,0,95.61099273989899,611,819,1045,98260,0.00826613106712825
I_IL_02,0.01,176,0,95.65830176767676,520,937,1111,98181,0.009453378801025042
I_IL_02,0.01,177,0,96.09121488320707,401,1862,1190,97305,0.01877640747426059
I_IL_02,0.01,178,0,96.03516611426768,314,1064,1251,98154,0.010723860589812333
I_IL_02,0.01,179,0,96.142578125,271,784,1287,98445,0.00790091606284453
I_IL_02,0.01,180,0,96.23513454861111,242,702,1298,98579,0.007070839334817337
I_IL_02,0.01,181,0,96.21717171717172,273,326,1261,98959,0.0032834768595457523
I_IL_02,0.01,182,0,96.16351996527777,324,134,1213,99133,0.0013498947283588705
I_IL_02,0.01,183,0,96.36322206439394,401,199,1121,99075,0.0020045530551806114
I_IL_02,0.01,184,0,96.15593434343434,454,168,1092,99071,0.0016928828384002257
I_IL_02,0.01,185,0,96.14374210858585,463,111,1065,99149,0.0011182752367519646
I_IL_02,0.01,186,0,96.05765664457071,485,95,1031,99171,0.0009570245602723994
I_IL_02,0.01,187,0,96.05755800189394,488,97,1038,99155,0.0009773102809011406
I_IL_02,0.01,188,0,95.9868410669192,497,46,1017,99202,0.0004634854102853458
I_IL_02,0.01,189,0,95.98699889520202,499,46,1023,99198,0.0004635040909274112
I_IL_02,0.01,190,0,95.92197364267676,442,32,1065,99223,0.0003224018941111279
I_IL_02,0.01,191,0,96.0016571969697,413,19,1102,99230,0.0001914376971052605
I_IL_02,0.01,192,0,96.05820904356061,394,16,1122,99233,0.00016121069229916673
I_IL_02,0.01,193,0,95.9069700915404,366,16,1150,99233,0.00016121069229916673
I_IL_02,0.01,194,0,95.71066130050505,346,7,1187,99234,7.053536340826876e-05
I_IL_02,0.01,195,0,95.37281999684343,322,7,1199,99212,7.055100333605459e-05
I_IL_02,0.01,196,0,95.7809540719697,330,9,1207,99242,9.067918711146488e-05
I_IL_02,0.01,197,0,95.98540088383838,278,14,1232,99266,0.00014101531023368252
I_IL_02,0.01,198,0,96.08501025883838,243,33,1243,99269,0.00033231959074338886
I_IL_02,0.01,199,0,96.07775015782828,223,8,1259,99254,8.05947895468558e-05
I_IL_02,0.01,200,0,95.79509943181819,230,2,1250,99262,2.014829142488717e-05
I_IL_02,0.01,201,0,95.93183791035354,227,1,1248,99246,1.0075871310971616e-05
I_IL_02,0.01,202,0,95.92905618686869,220,2,1264,99229,2.0154991887615764e-05
I_IL_02,0.01,203,0,95.96925307765152,241,1,1251,99208,1.0079730669596509e-05
I_IL_02,0.01,204,0,95.84906684027777,289,0,1210,99199,0.0
I_IL_02,0.01,205,0,95.89642518939394,345,6,1143,99237,6.0457664520419574e-05
I_IL_02,0.01,206,0,95.78396267361111,348,7,1144,99223,7.054318250529074e-05
I_IL_02,0.01,207,0,95.80683791035354,381,6,1115,99208,6.0475336142076724e-05
I_IL_02,0.01,208,0,95.68896977588383,353,18,1114,99235,0.00018135471975658167
I_IL_02,0.01,209,0,95.70234572285354,364,27,1087,99259,0.0002719416634772274
I_IL_02,0.01,210,0,95.39607007575758,370,15,1064,99294,0.00015104371205026734
I_IL_02,0.01,211,0,95.69562815656566,366,26,1071,99278,0.00026182228309030856
I_IL_02,0.01,212,0,95.8383542455808,377,30,1054,99288,0.0003020600495378481
I_IL_02,0.01,213,0,97.66230666035354,392,670,1018,98675,0.006744174341939705
I_IL_02,0.01,214,0,98.34037642045455,394,1190,986,98177,0.011975806857407388
I_IL_02,0.01,215,0,102.36954505997475,490,13003,884,86370,0.13085043220995643
I_IL_02,0.01,216,0,107.1750611584596,643,27687,718,71716,0.27853284106113496
I_IL_02,0.01,217,0,111.19429648042929,792,38732,555,60680,0.3896109121635215
I_IL_02,0.01,218,0,114.01198508522727,971,43685,348,55760,0.43928804867011917
I_IL_02,0.01,219,0,117.52332899305556,1084,51601,240,47845,0.5188846207992277
I_IL_02,0.01,220,0,120.54927201704545,1067,57703,168,41917,0.5792310780967678
I_IL_02,0.01,221,0,122.29064078282828,1099,59333,146,40277,0.595653046882843
I_IL_02,0.01,222,0,124.6851227114899,1116,60877,141,38703,0.6113376179955814
I_IL_02,0.01,223,0,126.20357875631314,1108,60272,146,39307,0.605268179033732
I_IL_02,0.01,224,0,127.50688525883838,1021,59103,216,40496,0.5934095723852649
I_IL_02,0.01,225,0,129.21831597222223,831,55826,397,43785,0.5604401120358193
I_IL_02,0.01,226,0,129.97337634154042,603,41532,612,58091,0.41689168163978196
I_IL_02,0.01,227,0,130.6600280145202,491,29817,724,69806,0.29929835479758693
I_IL_02,0.01,228,0,131.0003748421717,381,21318,807,78343,0.21390513841924122
I_IL_02,0.01,229,0,131.58446772411617,318,14101,862,85566,0.14148113217012653
I_IL_02,0.01,230,0,131.67273319128788,283,11352,901,88297,0.11391985870405122
I_IL_02,0.01,231,0,131.16872829861111,234,8627,941,91033,0.08656431868352397
I_IL_02,0.01,232,0,130.2574376578283,211,5271,959,94382,0.05289354058583284
I_IL_02,0.01,233,0,129.00324534406565,187,3534,994,96107,0.03546732770646621
I_IL_02,0.01,234,0,127.57968355429293,194,2226,983,97419,0.022339304531085354
I_IL_02,0.01,235,0,126.25922309027777,189,1364,1022,98253,0.013692442053063232
I_IL_02,0.01,236,0,124.66201073232324,176,835,1035,98782,0.00838210345623739
I_IL_02,0.01,237,0,123.27184935290404,160,569,1047,99054,0.005711532477439949
I_IL_02,0.01,238,0,122.52426609848484,137,322,1070,99301,0.0032321853387270007
I_IL_02,0.01,239,0,121.5480192550505,115,170,1086,99446,0.0017065531641503374
I_IL_02,0.01,240,0,119.63591974431819,105,59,1096,99557,0.0005922743334404112
I_IL_02,0.01,241,0,118.96160827020202,141,58,1060,99558,0.0005822357854159974
I_IL_02,0.01,242,0,118.20144807449495,153,54,1059,99559,0.0005420979189463223
I_IL_02,0.01,243,0,117.72071298926768,156,72,1059,99544,0.0007227754577577899
I_IL_02,0.01,244,0,116.66217842487374,209,84,996,99546,0.0008431195423065341
I_IL_02,0.01,245,0,116.14581360479798,242,80,1009,99503,0.0008033499693722824
I_IL_02,0.01,246,0,115.24321338383838,241,75,1007,99512,0.000753110345727856
I_IL_02,0.01,247,0,114.9513395675505,271,76,982,99501,0.000763228456370447
I_IL_02,0.01,248,0,113.99196062184343,321,81,999,99424,0.0008140294457564946
I_IL_02,0.01,249,0,113.2702513415404,344,81,983,99416,0.000814094897333588
I_IL_02,0.01,250,0,112.73784722222223,364,100,974,99369,0.0010053383466205551
I_IL_02,0.01,251,0,112.42733980429293,387,127,954,99337,0.0012768438832140272
I_IL_02,0.01,252,0,111.71258483270202,447,166,924,99268,0.001669449081803005
I_IL_02,0.01,253,0,111.32053937815657,503,174,890,99234,0.0017503621438918397
I_IL_02,0.01,254,0,110.43370225694444,539,165,883,99212,0.001660343942763416
I_IL_02,0.01,255,0,109.87288904671718,614,163,847,99165,0.001641027706185567
I_IL_02,0.01,256,0,109.11495817550505,611,187,844,99143,0.0018826135105204872
I_IL_02,0.01,257,0,108.70166508838383,640,217,806,99137,0.0021841093463775994
I_IL_02,0.01,258,0,107.93344578598484,672,242,755,99139,0.002435073102504503
I_IL_02,0.01,259,0,107.72759824810606,725,281,742,99060,0.002828640742493029
I_IL_02,0.01,260,0,107.73343789457071,762,310,705,99031,0.003120564520188039
I_IL_02,0.01,261,0,107.92261482007575,836,354,631,98999,0.0035630529526033436
I_IL_02,0.01,262,0,108.037109375,837,336,593,99064,0.0033802816901408453
I_IL_02,0.01,263,0,108.35498540088383,861,313,540,99115,0.0031480065977390675
I_IL_02,0.01,264,0,108.38325639204545,874,321,468,99178,0.003226163077015849
I_IL_02,0.01,265,0,108.57614228219697,871,316,463,99237,0.0031741886231454602
I_IL_02,0.01,266,0,108.46531723484848,780,271,507,99326,0.0027209654909284417
I_IL_02,0.01,267,0,108.6225832544192,798,247,472,99376,0.0024793471387129476
I_IL_02,0.01,268,0,108.81278606376263,756,229,477,99445,0.002297489816802777
I_IL_02,0.01,269,0,108.99595565025253,784,223,422,99485,0.002236530669555101
I_IL_02,0.01,270,0,108.98807410037878,738,224,451,99511,0.0022459517721963203
I_IL_02,0.01,271,0,109.05661103219697,670,238,479,99541,0.0023852714499042883
I_IL_02,0.01,272,0,108.99484098800505,694,207,412,99616,0.0020736703966019853
I_IL_02,0.01,273,0,108.59175741792929,699,239,381,99622,0.0023933267241465638
I_IL_02,0.01,274,0,108.65712791982324,691,253,355,99643,0.002532633939296869
I_IL_02,0.01,275,0,108.7078401199495,673,249,299,99718,0.0024908219712505126
I_IL_02,0.01,276,0,108.42169744318181,619,252,330,99748,0.00252
I_IL_02,0.01,277,0,108.29026594065657,561,226,342,99826,0.002258825410786391
I_IL_02,0.01,278,0,108.06271701388889,507,201,395,99866,0.002008654201684871
I_IL_02,0.01,279,0,107.90246212121212,452,215,433,99883,0.0021478950628384184
I_IL_02,0.01,280,0,107.7794645675505,384,194,505,99926,0.001937674790251698
I_IL_02,0.01,281,0,107.60664259785354,413,163,526,99891,0.0016291202750514722
I_IL_02,0.01,282,0,107.25248579545455,441,83,593,99853,0.0008305315401857189
I_IL_02,0.01,283,0,107.05989583333333,441,25,715,99779,0.0002504909622860807
I_IL_02,0.01,284,0,106.80673926767676,456,30,808,99650,0.00030096308186195825
I_IL_02,0.01,285,0,106.71721117424242,465,39,880,99529,0.0003916921099148321
I_IL_02,0.01,286,0,106.53393308080808,498,47,926,99437,0.0004724377789393269
I_IL_02,0.01,287,0,106.31886245265152,489,75,958,99373,0.000754162979647655
I_IL_02,0.01,288,0,106.11388297032828,525,115,967,99276,0.001157046412653057
I_IL_02,0.01,289,0,106.0493805239899,514,151,999,99228,0.0015194356956701113
I_IL_02,0.01,290,0,105.88694562815657,477,198,1046,99168,0.001992633295090876
I_IL_02,0.01,291,0,105.74721827651516,558,217,998,99112,0.0021846590623080873
I_IL_02,0.01,292,0,105.46253551136364,612,232,1000,99029,0.0023372724433564037
I_IL_02,0.01,293,0,105.34153053977273,644,244,1038,98939,0.002460099008902735
I_IL_02,0.01,294,0,105.32134824810606,650,228,1097,98880,0.0023005206441457805
I_IL_02,0.01,295,0,105.27514401830808,650,217,1167,98809,0.00219134368751641
I_IL_02,0.01,296,0,105.22006194760101,704,197,1184,98758,0.001990803900762973
I_IL_02,0.01,297,0,105.24713936237374,681,153,1331,98652,0.001548504630332473
I_IL_02,0.01,298,0,105.04722024936869,782,107,1354,98556,0.001084499761815473
I_IL_02,0.01,299,0,105.06248027146465,779,91,1388,98450,0.0009234734780446717
I_IL_02,0.01,300,0,105.17934225063131,822,96,1371,98346,0.0009751935149631255
I_IL_02,0.01,301,0,105.25726996527777,881,136,1345,98308,0.00138149607898907
I_IL_02,0.01,302,0,105.2917357165404,929,156,1311,98217,0.001585800981976762
I_IL_02,0.01,303,0,105.48965238320707,984,232,1211,98137,0.0023584665900842744
I_IL_02,0.01,304,0,105.64204545454545,978,306,1163,98100,0.00310956648984818
I_IL_02,0.01,305,0,105.80215238320707,1022,299,1148,98089,0.0030389884945318537
I_IL_02,0.01,306,0,105.90264954229798,1076,266,1061,98155,0.002702675242072322
I_IL_02,0.01,307,0,105.99661655618686,1150,314,979,98109,0.003190311207746157
I_IL_02,0.01,308,0,106.04497119633838,1215,344,905,98101,0.003494336939407791
I_IL_02,0.01,309,0,106.09532828282828,1277,374,836,98106,0.0037977254264825347
I_IL_02,0.01,310,0,106.02528211805556,1340,379,838,98029,0.003851312901390131
I_IL_02,0.01,311,0,105.87264244002525,1387,369,830,98020,0.003750419254184919
I_IL_02,0.01,312,0,105.55614741161617,1509,392,764,97929,0.0039869407349396365
I_IL_02,0.01,313,0,105.32110164141415,1574,401,771,97856,0.0040811341685579655
I_IL_02,0.01,314,0,105.29226838699495,1661,368,801,97734,0.0037511977329718047
I_IL_02,0.01,315,0,105.4943083175505,1712,336,885,97673,0.0034282565886806313
I_IL_02,0.01,316,0,105.68148279671718,1807,310,957,97601,0.0031661406787797082
I_IL_02,0.01,317,0,106.20460464015152,1817,251,990,97635,0.0025642073432360093
I_IL_02,0.01,318,0,106.43911773989899,1870,217,968,97602,0.002218382931741277
I_IL_02,0.01,319,0,106.39973958333333,1999,158,960,97444,0.001618819286490031
I_IL_02,0.01,320,0,106.45144807449495,2144,93,982,97361,0.000954296385987235
I_IL_02,0.01,321,0,106.67839528093434,2235,62,963,97295,0.0006368314553653051
I_IL_02,0.01,322,0,106.84874131944444,2299,69,953,97179,0.0007095261599210267
I_IL_02,0.01,323,0,107.14424518623737,2277,63,1073,97045,0.0006487622029081023
I_IL_02,0.01,324,0,106.99442668876263,2365,64,1176,96839,0.0006604542687016914
I_IL_02,0.01,325,0,106.68625710227273,2400,56,1358,96619,0.0005792604085854667
I_IL_02,0.01,326,0,106.60757970328282,2552,35,1461,96369,0.00036305547487656113
I_IL_02,0.01,327,0,106.72562539457071,2671,35,1567,96145,0.000363901018922853
I_IL_02,0.01,328,0,107.10585345643939,2691,24,1755,95925,0.0002501328830941438
I_IL_02,0.01,329,0,107.60006313131314,2469,38,1970,95856,0.0003962708824326861
I_IL_02,0.01,330,0,107.46317668876263,2439,11,2096,95716,0.00011491010895567603
I_IL_02,0.01,331,0,107.54282078598484,2526,68,2114,95541,0.0007112301143197816
I_IL_02,0.01,332,0,107.67711292613636,2568,78,2191,95366,0.0008172331419471103
I_IL_02,0.01,333,0,107.93079229797979,2733,105,2129,95234,0.0011013331375407756
I_IL_02,0.01,334,0,108.0390625,2880,108,2062,95145,0.0011338225567698655
I_IL_02,0.01,335,0,108.06864543876263,2946,133,2102,94983,0.0013982926111274655
I_IL_02,0.01,336,0,108.03565932765152,3164,151,2034,94794,0.0015903944388856706
I_IL_02,0.01,337,0,108.02693931502525,3257,150,2175,94533,0.0015842337061563322
I_IL_02,0.01,338,0,108.02355587121212,3339,202,2298,94265,0.0021383128499899437
I_IL_02,0.01,339,0,108.07391295770202,3343,327,2468,93950,0.003468502391887735
I_IL_02,0.01,340,0,107.91191208964646,3528,406,2545,93612,0.00431832202344232
I_IL_02,0.01,341,0,107.45481178977273,3664,403,2781,93169,0.004306843927670671
I_IL_02,0.01,342,0,106.87653882575758,3763,374,3074,92830,0.0040127033174541865
I_IL_02,0.01,343,0,106.83558238636364,3688,337,3264,92673,0.0036232663154499517
I_IL_02,0.01,344,0,106.9203460385101,3744,231,3367,92654,0.00248694622382516
I_IL_02,0.01,345,0,107.14245975378788,3719,228,3512,92532,0.0024579560155239327
I_IL_02,0.01,346,0,107.27994791666667,3755,233,3662,92338,0.002516986961359389
I_IL_02,0.01,347,0,107.51051530934343,3963,274,3543,92237,0.0029618099469252306
I_IL_02,0.01,348,0,107.71668836805556,3972,306,3651,92097,0.0033115807928314014
I_IL_02,0.01,349,0,107.8820036300505,4069,327,3695,91929,0.0035444849115504684
I_IL_02,0.01,350,0,107.61940696022727,4120,375,3720,91805,0.004068127576480798
I_IL_02,0.01,351,0,107.32983151830808,4198,371,3806,91643,0.004031995131175691
I_IL_02,0.01,352,0,106.84273398042929,4599,397,3811,91200,0.004334203085253884
I_IL_02,0.01,353,0,106.60836884469697,4960,420,3961,90670,0.004610824459325941
I_IL_02,0.01,354,0,106.25851286300505,5360,404,3964,90307,0.004453704622372149
I_IL_02,0.01,355,0,106.10723445391415,5233,351,4264,90048,0.0038827863140078983
I_IL_02,0.01,356,0,106.19872553661617,4933,444,4277,90213,0.0048975809920910685
I_IL_02,0.01,357,0,106.80183672664141,4570,728,4415,90120,0.00801338499471645
I_IL_02,0.01,358,0,106.66335227272727,5155,724,3949,89971,0.007982799492805557
I_IL_02,0.01,359,0,105.76664101957071,5890,338,4050,89457,0.0037641294058689237
I_IL_02,0.01,360,0,104.79883798926768,6097,175,4217,89141,0.001959335393434547
I_IL_02,0.01,361,0,104.70000789141415,6246,199,4263,88896,0.002233570907458331
I_IL_02,0.01,362,0,104.87373737373737,6446,116,4106,88862,0.001303693047719661
I_IL_02,0.01,363,0,104.88205295138889,6951,89,3904,88597,0.001003540581376993
I_IL_02,0.01,364,0,104.40123895202021,7476,79,3752,88290,0.0008939786576740713
I_IL_02,0.01,365,0,104.79257417929293,7603,123,3940,87932,0.0013968542388280052
I_IL_02,0.01,366,0,103.79576033775253,7991,13,3911,87695,0.0001482190906188717
I_IL_02,0.01,367,0,103.29940025252525,8136,32,4181,87437,0.0003658438989813534
I_IL_02,0.01,368,0,102.58879813762626,8448,9,4561,87002,0.00010343519784854789
I_IL_02,0.01,369,0,101.91127091224747,9216,30,4395,86226,0.0003478018920422927
I_IL_02,0.01,370,0,101.97386955492425,9091,73,4557,86034,0.0008477824102570058
I_IL_02,0.01,371,0,102.25802951388889,9522,33,4392,85819,0.00038438242556958484
I_IL_02,0.01,372,0,102.71795099431819,9948,12,4114,85720,0.0001399710726449867
I_IL_02,0.01,373,0,103.2922881155303,10265,12,3885,85660,0.00014006910075637315
I_IL_02,0.01,374,0,103.51993568497475,10519,7,3918,85431,8.193075680610502e-05
I_IL_02,0.01,375,0,103.63612689393939,10614,12,4016,85269,0.00014071129559925424
I_IL_02,0.01,376,0,103.62645991161617,10736,48,4111,85092,0.0005637773079633545
I_IL_02,0.01,377,0,103.76639441287878,11088,17,3939,85022,0.00019990827737861451
I_IL_02,0.01,378,0,103.75884824810606,11892,18,2715,85676,0.00021004971176511773
I_IL_02,0.01,379,0,104.49495935921718,11312,27,1843,87223,0.00030945558739255017
I_IL_02,0.01,380,0,105.36217645202021,10021,8,1877,88702,9.018149024912637e-05
I_IL_02,0.01,381,0,106.59367108585859,8087,6,2004,90632,6.619740064873453e-05
I_IL_02,0.01,382,0,107.61902225378788,5918,9,1702,92977,9.678876389994193e-05
I_IL_02,0.01,383,0,108.33994239267676,4290,10,1319,94957,0.0001052997356976634
I_IL_02,0.01,384,0,108.7834595959596,3156,8,1291,96161,8.3186889746176e-05
I_IL_02,0.01,385,0,109.30058396464646,1890,34,1343,97424,0.00034886823041720534
I_IL_02,0.01,386,0,109.80740017361111,1273,29,1064,98456,0.00029446108544448394
I_IL_02,0.01,387,0,109.78514638573232,944,20,1018,98916,0.00020215088542087814
I_IL_02,0.01,388,0,109.28996014835859,527,25,784,99770,0.00025051355278320555
I_IL_02,0.01,389,0,109.10138494318181,231,7,219,100729,6.948856416772554e-05
I_IL_02,0.01,390,0,108.9877288510101,0,7,0,101369,6.904987373737373e-05
I_IL_02,0.01,391,0,109.12530579229798,0,0,0,101376,0.0
I_IL_02,0.01,392,0,109.08172545770202,0,0,0,101376,0.0
I_IL_02,0.01,393,0,109.10609019886364,0,0,0,101376,0.0
I_IL_02,0.01,394,0,109.07721748737374,0,0,0,101376,0.0
I_IL_02,0.01,395,0,109.16788983585859,0,0,0,101376,0.0
I_IL_02,0.01,396,0,109.1027955334596,0,0,0,101376,0.0
I_IL_02,0.01,397,0,109.13228969381314,0,0,0,101376,0.0
I_IL_02,0.01,398,0,109.09679805871212,0,0,0,101376,0.0
I_IL_02,0.01,399,0,109.16467408459596,0,0,0,101376,0.0
I_IL_02,0.01,400,0,109.13475576073232,0,0,0,101376,0.0
I_IL_02,0.01,401,0,109.17316721906566,0,0,0,101376,0.0
I_IL_02,0.01,402,0,109.15098248106061,0,0,0,101376,0.0
I_IL_02,0.01,403,0,109.19594381313131,0,0,0,101376,0.0
I_IL_02,0.01,404,0,109.17492305871212,0,0,0,101376,0.0
I_IL_02,0.01,405,0,109.23302359532828,0,0,0,101376,0.0
I_IL_02,0.01,406,0,109.21250591856061,0,0,0,101376,0.0
I_IL_02,0.01,407,0,109.22419507575758,0,0,0,101376,0.0
I_IL_02,0.01,408,0,109.18553701073232,0,0,0,101376,0.0
I_IL_02,0.01,409,0,109.23761047979798,0,0,0,101376,0.0
I_IL_02,0.01,410,0,109.21339370265152,0,0,0,101376,0.0
I_IL_02,0.01,411,0,109.26256707702021,0,0,0,101376,0.0
I_IL_02,0.01,412,0,109.25978535353535,0,0,0,101376,0.0
I_IL_02,0.01,413,0,109.27589370265152,0,0,0,101376,0.0
I_IL_02,0.01,414,0,109.24360795454545,0,0,0,101376,0.0
I_IL_02,0.01,415,0,109.32078598484848,0,0,0,101376,0.0
I_IL_02,0.01,416,0,109.28888494318181,0,0,0,101376,0.0
I_IL_02,0.01,417,0,109.34038628472223,0,0,0,101376,0.0
I_IL_02,0.01,418,0,109.32592526830808,0,0,0,101376,0.0
I_IL_02,0.01,419,0,109.34678819444444,0,0,0,101376,0.0
I_IL_02,0.01,420,0,109.31864543876263,0,0,0,101376,0.0
I_IL_02,0.01,421,0,109.35399897411617,0,0,0,101376,0.0
I_IL_02,0.01,422,0,109.29206123737374,0,0,0,101376,0.0
I_IL_02,0.01,423,0,109.32997948232324,0,0,0,101376,0.0
I_IL_02,0.01,424,0,109.30466777146465,0,0,0,101376,0.0
I_IL_02,0.01,425,0,109.31850733901516,0,0,0,101376,0.0
I_IL_02,0.01,426,0,109.2935211489899,0,0,0,101376,0.0
I_IL_02,0.01,427,0,109.35255879103535,0,0,0,101376,0.0
I_IL_02,0.01,428,0,109.28474195075758,0,0,0,101376,0.0
I_IL_02,0.01,429,0,109.3386994949495,0,0,0,101376,0.0
I_IL_02,0.01,430,0,109.3391236584596,0,0,0,101376,0.0
I_IL_02,0.01,431,0,109.34529869002525,0,0,0,101376,0.0
I_IL_02,0.01,432,0,109.31121764520202,0,0,0,101376,0.0
I_IL_02,0.01,433,0,109.35278566919192,0,0,0,101376,0.0
I_IL_02,0.01,434,0,109.29410314078282,0,0,0,101376,0.0
I_IL_02,0.01,435,0,109.35129616477273,0,0,0,101376,0.0
I_IL_02,0.01,436,0,109.3186158459596,0,0,0,101376,0.0
I_IL_02,0.01,437,0,109.33223839962122,0,0,0,101376,0.0
I_IL_02,0.01,438,0,109.30865293560606,0,0,0,101376,0.0
I_IL_02,0.01,439,0,109.35744160353535,0,0,0,101376,0.0
I_IL_02,0.01,440,0,109.30659130366162,0,0,0,101376,0.0
I_IL_02,0.01,441,0,109.33793994633838,0,0,0,101376,0.0
I_IL_02,0.01,442,0,109.33791035353535,0,0,0,101376,0.0
I_IL_02,0.01,443,0,109.35072403724747,0,0,0,101376,0.0
I_IL_02,0.01,444,0,109.32038154987374,0,0,0,101376,0.0
I_IL_02,0.01,445,0,109.36530342487374,0,0,0,101376,0.0
I_IL_02,0.01,446,0,109.30209319760101,0,0,0,101376,0.0
I_IL_02,0.01,447,0,109.35214449179293,0,0,0,101376,0.0
I_IL_02,0.01,448,0,109.32284761679293,0,0,0,101376,0.0
I_IL_02,0.01,449,0,109.32636916035354,0,0,0,101376,0.0
I_IL_02,0.01,450,0,109.30377012310606,0,0,0,101376,0.0
I_IL_02,0.01,451,0,109.3552122790404,0,0,0,101376,0.0
I_IL_02,0.01,452,0,109.29215001578282,0,0,0,101376,0.0
I_IL_02,0.01,453,0,109.33273161300505,0,0,0,101376,0.0
I_IL_02,0.01,454,0,109.34329624368686,0,0,0,101376,0.0
I_IL_02,0.01,455,0,109.33615451388889,0,0,0,101376,0.0
I_IL_02,0.01,456,0,109.30674913194444,0,0,0,101376,0.0
I_IL_02,0.01,457,0,109.34691642992425,0,0,0,101376,0.0
I_IL_02,0.01,458,0,109.28928937815657,0,0,0,101376,0.0
I_IL_02,0.01,459,0,109.34135298295455,0,0,0,101376,0.0
I_IL_02,0.01,460,0,109.31773792613636,0,0,0,101376,0.0
I_IL_02,0.01,461,0,109.32827296401516,0,0,0,101376,0.0
I_IL_02,0.01,462,0,109.31098090277777,0,0,0,101376,0.0
I_IL_02,0.01,463,0,109.35843789457071,0,0,0,101376,0.0
I_IL_02,0.01,464,0,109.29668757891415,0,0,0,101376,0.0
I_IL_02,0.01,465,0,109.37998145517676,0,0,0,101376,0.0
I_IL_02,0.01,466,0,109.36681265782828,0,0,0,101376,0.0
I_IL_02,0.01,467,0,109.35326901830808,0,0,0,101376,0.0
I_IL_02,0.01,468,0,109.30665048926768,0,0,0,101376,0.0
I_IL_02,0.01,469,0,109.36632930871212,0,0,0,101376,0.0
I_IL_02,0.01,470,0,109.31243095012626,0,0,0,101376,0.0
I_IL_02,0.01,471,0,109.34771543560606,0,0,0,101376,0.0
I_IL_02,0.01,472,0,109.33686474116162,0,0,0,101376,0.0
I_IL_02,0.01,473,0,109.32664535984848,0,0,0,101376,0.0
I_IL_02,0.01,474,0,109.30883049242425,0,0,0,101376,0.0
I_IL_02,0.01,475,0,109.35527146464646,0,0,0,101376,0.0
I_IL_02,0.01,476,0,109.32968355429293,0,0,0,101376,0.0
I_IL_02,0.01,477,0,109.36996922348484,0,0,0,101376,0.0
I_IL_02,0.01,478,0,109.36771030618686,0,0,0,101376,0.0
I_IL_02,0.01,479,0,109.39733270202021,0,0,0,101376,0.0
I_IL_02,0.01,480,0,109.33997198547979,0,0,0,101376,0.0
I_IL_02,0.01,481,0,109.36027264835859,0,0,0,101376,0.0
I_IL_02,0.01,482,0,109.33833451704545,0,0,0,101376,0.0
I_IL_02,0.01,483,0,109.37561158459596,0,0,0,101376,0.0
I_IL_02,0.01,484,0,109.34624565972223,0,0,0,101376,0.0
I_IL_02,0.01,485,0,109.37105429292929,0,0,0,101376,0.0
I_IL_02,0.01,486,0,109.32859848484848,0,0,0,101376,0.0
I_IL_02,0.01,487,0,109.37790009469697,0,0,0,101376,0.0
I_IL_02,0.01,488,0,109.34367108585859,0,0,0,101376,0.0
I_IL_02,0.01,489,0,109.3755523989899,0,0,0,101376,0.0
I_IL_02,0.01,490,0,109.35528132891415,0,0,0,101376,0.0
I_IL_02,0.01,491,0,109.38617621527777,0,0,0,101376,0.0
I_IL_02,0.01,492,0,109.32461332070707,0,0,0,101376,0.0
I_IL_02,0.01,493,0,109.37660787563131,0,0,0,101376,0.0
I_IL_02,0.01,494,0,109.32607323232324,0,0,0,101376,0.0
I_IL_02,0.01,495,0,109.3762330334596,0,0,0,101376,0.0
I_IL_02,0.01,496,0,109.33982402146465,0,0,0,101376,0.0
I_IL_02,0.01,497,0,109.36459319760101,0,0,0,101376,0.0
I_IL_02,0.01,498,0,109.35526160037878,0,0,0,101376,0.0
I_IL_02,0.01,499,0,109.39858546401516,0,0,0,101376,0.0
I_IL_02,0.01,500,0,109.32985124684343,0,0,0,101376,0.0
I_IL_02,0.01,501,0,109.3745758364899,0,0,0,101376,0.0
I_IL_02,0.01,502,0,109.35333806818181,0,0,0,101376,0.0
I_IL_02,0.01,503,0,109.3928345959596,0,0,0,101376,0.0
I_IL_02,0.01,504,0,109.3491852114899,0,0,0,101376,0.0
I_IL_02,0.01,505,0,109.38601838699495,0,0,0,101376,0.0
I_IL_02,0.01,506,0,109.3395872790404,0,0,0,101376,0.0
I_IL_02,0.01,507,0,109.40279750631314,0,0,0,101376,0.0
I_IL_02,0.01,508,0,109.35543915719697,0,0,0,101376,0.0
I_IL_02,0.01,509,0,109.37018623737374,0,0,0,101376,0.0
I_IL_02,0.01,510,0,109.3490569760101,0,0,0,101376,0.0
I_IL_02,0.01,511,0,109.37955729166667,0,0,0,101376,0.0
I_IL_02,0.01,512,0,109.3311434659091,0,0,0,101376,0.0
I_IL_02,0.01,513,0,109.35554766414141,0,0,0,101376,0.0
I_IL_02,0.01,514,0,109.36098287563131,0,0,0,101376,0.0
I_IL_02,0.01,515,0,109.3901120580808,0,0,0,101376,0.0
I_IL_02,0.01,516,0,109.33436908143939,0,0,0,101376,0.0
I_IL_02,0.01,517,0,109.37489149305556,0,0,0,101376,0.0
I_IL_02,0.01,518,0,109.34084004103535,0,0,0,101376,0.0
I_IL_02,0.01,519,0,109.38785314078282,0,0,0,101376,0.0
I_IL_02,0.01,520,0,109.35146385732324,0,0,0,101376,0.0
I_IL_02,0.01,521,0,109.36999881628788,0,0,0,101376,0.0
I_IL_02,0.01,522,0,109.33688446969697,0,0,0,101376,0.0
I_IL_02,0.01,523,0,109.37451665088383,0,0,0,101376,0.0
I_IL_02,0.01,524,0,109.32490924873737,0,0,0,101376,0.0
I_IL_02,0.01,525,0,109.36767084911617,0,0,0,101376,0.0
I_IL_02,0.1,1,1,95.52495659722223,0,0,0,101376,0.0
I_IL_02,0.1,2,1,95.52495659722223,0,0,0,101376,0.0
I_IL_02,0.1,3,1,95.48117897727273,0,0,0,101376,0.0
I_IL_02,0.1,4,1,95.51763731060606,0,0,0,101376,0.0
I_IL_02,0.1,5,1,95.4698153409091,0,0,0,101376,0.0
I_IL_02,0.1,6,1,95.49594578598484,0,0,0,101376,0.0
I_IL_02,0.1,7,1,95.47945273042929,0,0,0,101376,0.0
I_IL_02,0.1,8,1,95.52289496527777,0,0,0,101376,0.0
I_IL_02,0.1,9,1,95.45216816603535,0,0,0,101376,0.0
I_IL_02,0.1,10,1,95.51378038194444,0,0,0,101376,0.0
I_IL_02,0.1,11,1,95.48572640467172,0,0,0,101376,0.0
I_IL_02,0.1,12,1,95.53448547979798,0,0,0,101376,0.0
I_IL_02,0.1,13,1,95.48096196338383,0,0,0,101376,0.0
I_IL_02,0.1,14,1,95.5324830334596,0,0,0,101376,0.0
I_IL_02,0.1,15,1,95.49453519570707,0,0,0,101376,0.0
I_IL_02,0.1,16,1,95.54126223169192,0,0,0,101376,0.0
I_IL_02,0.1,17,1,95.49785945391415,0,0,0,101376,0.0
I_IL_02,0.1,18,1,95.51891966540404,0,0,0,101376,0.0
I_IL_02,0.1,19,1,95.4817017834596,0,0,0,101376,0.0
I_IL_02,0.1,20,1,95.51173847853535,0,0,0,101376,0.0
I_IL_02,0.1,21,1,95.4715909090909,0,0,0,101376,0.0
I_IL_02,0.1,22,1,95.52235243055556,0,0,0,101376,0.0
I_IL_02,0.1,23,1,95.50463620580808,0,0,0,101376,0.0
I_IL_02,0.1,24,1,95.54863083964646,0,0,0,101376,0.0
I_IL_02,0.1,25,1,95.4780914614899,0,0,0,101376,0.0
I_IL_02,0.1,26,0,95.4943083175505,0,0,0,101376,0.0
I_IL_02,0.1,27,0,95.44767005997475,0,0,0,101376,0.0
I_IL_02,0.1,28,0,95.52494673295455,0,0,0,101376,0.0
I_IL_02,0.1,29,0,95.47666114267676,0,0,0,101376,0.0
I_IL_02,0.1,30,0,95.51998500631314,0,0,0,101376,0.0
I_IL_02,0.1,31,0,95.48120857007575,0,0,0,101376,0.0
I_IL_02,0.1,32,0,95.51574337121212,0,0,0,101376,0.0
I_IL_02,0.1,33,0,95.47242937184343,0,0,0,101376,0.0
I_IL_02,0.1,34,0,95.51694681186869,0,0,0,101376,0.0
I_IL_02,0.1,35,0,95.52186908143939,0,0,0,101376,0.0
I_IL_02,0.1,36,0,95.5593138415404,0,0,0,101376,0.0
I_IL_02,0.1,37,0,95.4923551925505,0,0,0,101376,0.0
I_IL_02,0.1,38,0,95.5291291824495,0,0,0,101376,0.0
I_IL_02,0.1,39,0,95.45475260416667,0,0,0,101376,0.0
I_IL_02,0.1,40,0,95.4956695864899,0,0,0,101376,0.0
I_IL_02,0.1,41,0,95.45431857638889,0,0,0,101376,0.0
I_IL_02,0.1,42,0,95.421875,0,0,0,101376,0.0
I_IL_02,0.1,43,0,95.44019294507575,0,0,0,101376,0.0
I_IL_02,0.1,44,0,95.37451665088383,0,0,0,101376,0.0
I_IL_02,0.1,45,0,95.44955413510101,0,0,0,101376,0.0
I_IL_02,0.1,46,0,95.4140625,0,0,0,101376,0.0
I_IL_02,0.1,47,0,95.4506589330808,0,0,0,101376,0.0
I_IL_02,0.1,48,0,95.37690380366162,0,0,0,101376,0.0
I_IL_02,0.1,49,0,95.40542140151516,0,0,0,101376,0.0
I_IL_02,0.1,50,0,95.33123224431819,0,0,0,101376,0.0
I_IL_02,0.1,51,0,95.3812835385101,0,0,0,101376,0.0
I_IL_02,0.1,52,0,95.34248737373737,0,0,0,101376,0.0
I_IL_02,0.1,53,0,95.35464015151516,0,0,0,101376,0.0
I_IL_02,0.1,54,0,95.29904513888889,0,0,0,101376,0.0
I_IL_02,0.1,55,0,95.33408301767676,0,0,0,101376,0.0
I_IL_02,0.1,56,0,95.2641354955808,0,0,0,101376,0.0
I_IL_02,0.1,57,0,95.3004853219697,0,0,0,101376,0.0
I_IL_02,0.1,58,0,95.26998500631314,0,0,0,101376,0.0
I_IL_02,0.1,59,0,95.26942274305556,0,0,0,101376,0.0
I_IL_02,0.1,60,0,95.21436040088383,0,0,0,101376,0.0
I_IL_02,0.1,61,0,95.22377091224747,0,0,0,101376,0.0
I_IL_02,0.1,62,0,95.14876302083333,0,0,0,101376,0.0
I_IL_02,0.1,63,0,95.1633424084596,0,0,68,101269,0.0
I_IL_02,0.1,64,0,95.10601128472223,0,0,134,101181,0.0
I_IL_02,0.1,65,0,95.14955216224747,0,0,79,101236,0.0
I_IL_02,0.1,66,0,95.13372001262626,0,0,23,101318,0.0
I_IL_02,0.1,67,0,95.14866437815657,0,0,28,101327,0.0
I_IL_02,0.1,68,0,95.08748619002525,0,0,54,101277,0.0
I_IL_02,0.1,69,0,95.09928385416667,0,0,174,101069,0.0
I_IL_02,0.1,70,0,95.07373540088383,0,0,324,100855,0.0
I_IL_02,0.1,71,0,95.05507220643939,0,0,1523,99426,0.0
I_IL_02,0.1,72,0,94.58068970959596,0,0,3402,97449,0.0
I_IL_02,0.1,73,0,93.80034722222223,12,0,5612,95081,0.0
I_IL_02,0.1,74,0,92.83456636679293,38,0,7790,92691,0.0
I_IL_02,0.1,75,0,91.99714922664141,46,0,9557,90820,0.0
I_IL_02,0.1,76,0,91.24240451388889,34,0,10758,89507,0.0
I_IL_02,0.1,77,0,90.86817392676768,21,0,12124,88132,0.0
I_IL_02,0.1,78,0,90.49887547348484,30,0,12264,87637,0.0
I_IL_02,0.1,79,0,90.47629616477273,17,0,12347,87567,0.0
I_IL_02,0.1,80,0,90.30546677714646,5,0,12165,87717,0.0
I_IL_02,0.1,81,0,90.53774068813131,5,0,12084,87796,0.0
I_IL_02,0.1,82,0,90.42858270202021,18,0,12063,87806,0.0
I_IL_02,0.1,83,0,90.2799775094697,10,0,12082,87772,0.0
I_IL_02,0.1,84,0,89.86745383522727,30,0,11729,88075,0.0
I_IL_02,0.1,85,0,89.66522648358585,0,0,11466,88416,0.0
I_IL_02,0.1,86,0,89.17033617424242,0,0,11056,88883,0.0
I_IL_02,0.1,87,0,89.09640348800505,0,0,11187,88813,0.0
I_IL_02,0.1,88,0,89.16893544823232,0,0,10411,89631,0.0
I_IL_02,0.1,89,0,89.74269057765152,0,0,9521,90489,0.0
I_IL_02,0.1,90,0,89.48741319444444,0,0,9750,90235,0.0
I_IL_02,0.1,91,0,89.46322601010101,0,0,10118,89841,0.0
I_IL_02,0.1,92,0,89.91466422032828,0,0,9844,90025,0.0
I_IL_02,0.1,93,0,90.54297861426768,0,0,9684,90166,0.0
I_IL_02,0.1,94,0,90.80018939393939,0,0,9453,90424,0.0
I_IL_02,0.1,95,0,90.94889322916667,0,4,9251,90637,4.413013978221776e-05
I_IL_02,0.1,96,0,91.03769136679293,0,13,8962,90950,0.0001429152512560052
I_IL_02,0.1,97,0,91.31914851641415,0,0,8857,91112,0.0
I_IL_02,0.1,98,0,91.53288746843434,0,0,8754,91283,0.0
I_IL_02,0.1,99,0,91.72119633838383,0,0,8571,91527,0.0
I_IL_02,0.1,100,0,91.79651988636364,0,0,8434,91764,0.0
I_IL_02,0.1,101,0,91.91357915088383,0,0,8148,92021,0.0
I_IL_02,0.1,102,0,91.69641729797979,0,0,8265,91842,0.0
I_IL_02,0.1,103,0,91.76505287247475,0,0,8304,91818,0.0
I_IL_02,0.1,104,0,91.98344775883838,0,0,8088,91964,0.0
I_IL_02,0.1,105,0,92.38884943181819,0,0,7938,92113,0.0
I_IL_02,0.1,106,0,92.58098563762626,0,12,7755,92314,0.0001299742217793471
I_IL_02,0.1,107,0,92.80622632575758,0,0,7472,92655,0.0
I_IL_02,0.1,108,0,92.9206025094697,0,0,7220,92913,0.0
I_IL_02,0.1,109,0,93.11454387626263,0,0,7129,93003,0.0
I_IL_02,0.1,110,0,93.20395359848484,0,0,6958,93145,0.0
I_IL_02,0.1,111,0,93.3803957544192,0,0,6780,93312,0.0
I_IL_02,0.1,112,0,93.26902817234848,0,0,6737,93323,0.0
I_IL_02,0.1,113,0,93.2221038510101,0,0,6693,93343,0.0
I_IL_02,0.1,114,0,93.20017558396465,0,0,6415,93516,0.0
I_IL_02,0.1,115,0,93.2077513415404,0,0,6326,93649,0.0
I_IL_02,0.1,116,0,93.0890348800505,0,0,6137,93938,0.0
I_IL_02,0.1,117,0,93.29258404356061,0,0,5876,94277,0.0
I_IL_02,0.1,118,0,93.55739030934343,0,0,5549,94647,0.0
I_IL_02,0.1,119,0,93.88501223169192,0,0,5330,94870,0.0
I_IL_02,0.1,120,0,94.0334595959596,0,0,5038,95166,0.0
I_IL_02,0.1,121,0,94.24585700757575,0,0,4922,95302,0.0
I_IL_02,0.1,122,0,94.40439551767676,0,0,4751,95492,0.0
I_IL_02,0.1,123,0,94.61869673295455,0,0,4580,95654,0.0
I_IL_02,0.1,124,0,94.63551530934343,0,0,4397,95857,0.0
I_IL_02,0.1,125,0,94.71784248737374,0,0,4295,95960,0.0
I_IL_02,0.1,126,0,94.68979837436869,0,0,4137,96140,0.0
I_IL_02,0.1,127,0,94.70149739583333,0,0,3997,96341,0.0
I_IL_02,0.1,128,0,94.66671598800505,0,0,3845,96532,0.0
I_IL_02,0.1,129,0,94.70496961805556,0,0,3767,96681,0.0
I_IL_02,0.1,130,0,94.7172604955808,0,0,3567,96880,0.0
I_IL_02,0.1,131,0,94.92443970959596,0,0,3367,97113,0.0
I_IL_02,0.1,132,0,95.06249013573232,0,0,3147,97355,0.0
I_IL_02,0.1,133,0,95.22972892992425,0,0,3071,97477,0.0
I_IL_02,0.1,134,0,95.28749408143939,0,0,2976,97641,0.0
I_IL_02,0.1,135,0,95.46459714330808,0,0,2875,97755,0.0
I_IL_02,0.1,136,0,95.41370738636364,0,0,2805,97824,0.0
I_IL_02,0.1,137,0,95.49022451073232,0,0,2677,97939,0.0
I_IL_02,0.1,138,0,95.45355902777777,0,0,2597,98023,0.0
I_IL_02,0.1,139,0,95.41459517045455,0,0,2528,98125,0.0
I_IL_02,0.1,140,0,95.25154869002525,0,0,2486,98210,0.0
I_IL_02,0.1,141,0,95.13692589962122,0,0,2433,98289,0.0
I_IL_02,0.1,142,0,94.98732441603535,0,0,2381,98386,0.0
I_IL_02,0.1,143,0,94.91125118371212,0,0,2319,98372,0.0
I_IL_02,0.1,144,0,94.80836687184343,0,0,2286,98405,0.0
I_IL_02,0.1,145,0,94.85273634785354,0,0,2209,98481,0.0
I_IL_02,0.1,146,0,94.87302714646465,0,0,2161,98526,0.0
I_IL_02,0.1,147,0,95.02667297979798,0,0,2125,98583,0.0
I_IL_02,0.1,148,0,95.01998500631314,0,0,2075,98618,0.0
I_IL_02,0.1,149,0,95.13037602588383,0,0,2037,98650,0.0
I_IL_02,0.1,150,0,95.15443497474747,0,0,1992,98679,0.0
I_IL_02,0.1,151,0,95.15876538825758,0,0,1988,98686,0.0
I_IL_02,0.1,152,0,95.08554292929293,0,0,1985,98690,0.0
I_IL_02,0.1,153,0,95.01847577335859,0,0,2023,98658,0.0
I_IL_02,0.1,154,0,94.86048966224747,0,0,2095,98618,0.0
I_IL_02,0.1,155,0,94.75939078282828,0,0,2141,98587,0.0
I_IL_02,0.1,156,0,94.58036418876263,0,0,2149,98563,0.0
I_IL_02,0.1,157,0,94.51605902777777,0,0,2191,98526,0.0
I_IL_02,0.1,158,0,94.45848129734848,0,0,2164,98563,0.0
I_IL_02,0.1,159,0,94.55768623737374,0,0,2126,98628,0.0
I_IL_02,0.1,160,0,94.5534150094697,0,0,2086,98684,0.0
I_IL_02,0.1,161,0,94.69483901515152,0,0,2031,98746,0.0
I_IL_02,0.1,162,0,94.75048334911617,0,0,2029,98751,0.0
I_IL_02,0.1,163,0,94.86496803977273,0,0,2002,98784,0.0
I_IL_02,0.1,164,0,94.85972024936869,0,0,1957,98839,0.0
I_IL_02,0.1,165,0,95.04139046717172,0,0,1920,98880,0.0
I_IL_02,0.1,166,0,95.06969105113636,0,0,1857,98946,0.0
I_IL_02,0.1,167,0,95.15399108270202,0,0,1804,98991,0.0
I_IL_02,0.1,168,0,95.09357244318181,0,0,1734,99076,0.0
I_IL_02,0.1,169,0,95.0952395044192,0,0,1734,99064,0.0
I_IL_02,0.1,170,0,95.02730429292929,0,0,1690,99045,0.0
I_IL_02,0.1,171,0,95.06606100063131,0,0,1686,99047,0.0
I_IL_02,0.1,172,0,95.4387330334596,0,0,1654,99073,0.0
I_IL_02,0.1,173,0,95.61212713068181,0,0,1653,99073,0.0
I_IL_02,0.1,174,0,95.62268189709596,0,0,1640,99072,0.0
I_IL_02,0.1,175,0,95.61099273989899,0,0,1656,99079,0.0
I_IL_02,0.1,176,0,95.65830176767676,0,0,1631,99118,0.0
I_IL_02,0.1,177,0,96.09121488320707,0,0,1591,99167,0.0
I_IL_02,0.1,178,0,96.03516611426768,0,0,1565,99218,0.0
I_IL_02,0.1,179,0,96.142578125,0,0,1558,99229,0.0
I_IL_02,0.1,180,0,96.23513454861111,0,0,1540,99281,0.0
I_IL_02,0.1,181,0,96.21717171717172,0,0,1534,99285,0.0
I_IL_02,0.1,182,0,96.16351996527777,0,0,1537,99267,0.0
I_IL_02,0.1,183,0,96.36322206439394,0,0,1522,99274,0.0
I_IL_02,0.1,184,0,96.15593434343434,0,0,1546,99239,0.0
I_IL_02,0.1,185,0,96.14374210858585,0,0,1528,99260,0.0
I_IL_02,0.1,186,0,96.05765664457071,0,0,1516,99266,0.0
I_IL_02,0.1,187,0,96.05755800189394,0,0,1526,99252,0.0
I_IL_02,0.1,188,0,95.9868410669192,0,0,1514,99248,0.0
I_IL_02,0.1,189,0,95.98699889520202,0,0,1522,99244,0.0
I_IL_02,0.1,190,0,95.92197364267676,0,0,1507,99255,0.0
I_IL_02,0.1,191,0,96.0016571969697,0,0,1515,99249,0.0
I_IL_02,0.1,192,0,96.05820904356061,0,0,1516,99249,0.0
I_IL_02,0.1,193,0,95.9069700915404,0,0,1516,99249,0.0
I_IL_02,0.1,194,0,95.71066130050505,0,0,1533,99241,0.0
I_IL_02,0.1,195,0,95.37281999684343,0,0,1521,99219,0.0
I_IL_02,0.1,196,0,95.7809540719697,0,0,1537,99251,0.0
I_IL_02,0.1,197,0,95.98540088383838,0,0,1510,99280,0.0
I_IL_02,0.1,198,0,96.08501025883838,0,0,1486,99302,0.0
I_IL_02,0.1,199,0,96.07775015782828,0,0,1482,99262,0.0
I_IL_02,0.1,200,0,95.79509943181819,0,0,1480,99264,0.0
I_IL_02,0.1,201,0,95.93183791035354,0,0,1475,99247,0.0
I_IL_02,0.1,202,0,95.92905618686869,0,0,1484,99231,0.0
I_IL_02,0.1,203,0,95.96925307765152,0,0,1492,99209,0.0
I_IL_02,0.1,204,0,95.84906684027777,0,0,1499,99199,0.0
I_IL_02,0.1,205,0,95.89642518939394,0,0,1488,99243,0.0
I_IL_02,0.1,206,0,95.78396267361111,0,0,1492,99230,0.0
I_IL_02,0.1,207,0,95.80683791035354,0,0,1496,99214,0.0
I_IL_02,0.1,208,0,95.68896977588383,0,0,1467,99253,0.0
I_IL_02,0.1,209,0,95.70234572285354,0,0,1451,99286,0.0
I_IL_02,0.1,210,0,95.39607007575758,0,0,1434,99309,0.0
I_IL_02,0.1,211,0,95.69562815656566,0,0,1437,99304,0.0
I_IL_02,0.1,212,0,95.8383542455808,0,0,1431,99318,0.0
I_IL_02,0.1,213,0,97.66230666035354,0,0,1410,99345,0.0
I_IL_02,0.1,214,0,98.34037642045455,0,0,1380,99367,0.0
I_IL_02,0.1,215,0,102.36954505997475,0,218,1374,99155,0.002193754842864762
I_IL_02,0.1,216,0,107.1750611584596,0,0,1361,99403,0.0
I_IL_02,0.1,217,0,111.19429648042929,0,0,1347,99412,0.0
I_IL_02,0.1,218,0,114.01198508522727,0,4,1319,99441,4.022323897631857e-05
I_IL_02,0.1,219,0,117.52332899305556,0,0,1324,99446,0.0
I_IL_02,0.1,220,0,120.54927201704545,0,0,1235,99620,0.0
I_IL_02,0.1,221,0,122.29064078282828,0,0,1245,99610,0.0
I_IL_02,0.1,222,0,124.6851227114899,0,0,1257,99580,0.0
I_IL_02,0.1,223,0,126.20357875631314,0,0,1254,99579,0.0
I_IL_02,0.1,224,0,127.50688525883838,0,0,1237,99599,0.0
I_IL_02,0.1,225,0,129.21831597222223,0,0,1228,99611,0.0
I_IL_02,0.1,226,0,129.97337634154042,0,0,1215,99623,0.0
I_IL_02,0.1,227,0,130.6600280145202,0,0,1215,99623,0.0
I_IL_02,0.1,228,0,131.0003748421717,0,0,1188,99661,0.0
I_IL_02,0.1,229,0,131.58446772411617,0,0,1180,99667,0.0
I_IL_02,0.1,230,0,131.67273319128788,0,0,1184,99649,0.0
I_IL_02,0.1,231,0,131.16872829861111,0,0,1175,99660,0.0
I_IL_02,0.1,232,0,130.2574376578283,0,0,1170,99653,0.0
I_IL_02,0.1,233,0,129.00324534406565,0,0,1181,99641,0.0
I_IL_02,0.1,234,0,127.57968355429293,0,0,1177,99645,0.0
I_IL_02,0.1,235,0,126.25922309027777,0,0,1211,99617,0.0
I_IL_02,0.1,236,0,124.66201073232324,0,0,1211,99617,0.0
I_IL_02,0.1,237,0,123.27184935290404,0,0,1207,99623,0.0
I_IL_02,0.1,238,0,122.52426609848484,0,0,1207,99623,0.0
I_IL_02,0.1,239,0,121.5480192550505,0,0,1201,99616,0.0
I_IL_02,0.1,240,0,119.63591974431819,0,0,1201,99616,0.0
I_IL_02,0.1,241,0,118.96160827020202,0,0,1201,99616,0.0
I_IL_02,0.1,242,0,118.20144807449495,0,0,1212,99613,0.0
I_IL_02,0.1,243,0,117.72071298926768,0,0,1215,99616,0.0
I_IL_02,0.1,244,0,116.66217842487374,0,0,1205,99630,0.0
I_IL_02,0.1,245,0,116.14581360479798,0,0,1251,99583,0.0
I_IL_02,0.1,246,0,115.24321338383838,0,0,1248,99587,0.0
I_IL_02,0.1,247,0,114.9513395675505,0,0,1253,99577,0.0
I_IL_02,0.1,248,0,113.99196062184343,0,0,1320,99505,0.0
I_IL_02,0.1,249,0,113.2702513415404,0,0,1327,99497,0.0
I_IL_02,0.1,250,0,112.73784722222223,0,0,1338,99469,0.0
I_IL_02,0.1,251,0,112.42733980429293,0,0,1341,99464,0.0
I_IL_02,0.1,252,0,111.71258483270202,0,0,1371,99434,0.0
I_IL_02,0.1,253,0,111.32053937815657,0,0,1393,99408,0.0
I_IL_02,0.1,254,0,110.43370225694444,0,0,1422,99377,0.0
I_IL_02,0.1,255,0,109.87288904671718,0,0,1461,99328,0.0
I_IL_02,0.1,256,0,109.11495817550505,0,0,1455,99330,0.0
I_IL_02,0.1,257,0,108.70166508838383,0,0,1446,99354,0.0
I_IL_02,0.1,258,0,107.93344578598484,0,0,1427,99381,0.0
I_IL_02,0.1,259,0,107.72759824810606,0,0,1467,99341,0.0
I_IL_02,0.1,260,0,107.73343789457071,0,0,1467,99341,0.0
I_IL_02,0.1,261,0,107.92261482007575,0,0,1467,99353,0.0
I_IL_02,0.1,262,0,108.037109375,0,0,1430,99400,0.0
I_IL_02,0.1,263,0,108.35498540088383,0,0,1401,99428,0.0
I_IL_02,0.1,264,0,108.38325639204545,0,0,1342,99499,0.0
I_IL_02,0.1,265,0,108.57614228219697,0,0,1334,99553,0.0
I_IL_02,0.1,266,0,108.46531723484848,0,0,1287,99597,0.0
I_IL_02,0.1,267,0,108.6225832544192,0,0,1270,99623,0.0
I_IL_02,0.1,268,0,108.81278606376263,0,0,1233,99674,0.0
I_IL_02,0.1,269,0,108.99595565025253,0,0,1206,99708,0.0
I_IL_02,0.1,270,0,108.98807410037878,0,0,1189,99735,0.0
I_IL_02,0.1,271,0,109.05661103219697,0,0,1149,99779,0.0
I_IL_02,0.1,272,0,108.99484098800505,0,0,1106,99823,0.0
I_IL_02,0.1,273,0,108.59175741792929,0,0,1080,99861,0.0
I_IL_02,0.1,274,0,108.65712791982324,0,0,1046,99896,0.0
I_IL_02,0.1,275,0,108.7078401199495,0,0,972,99967,0.0
I_IL_02,0.1,276,0,108.42169744318181,0,0,949,100000,0.0
I_IL_02,0.1,277,0,108.29026594065657,0,0,903,100052,0.0
I_IL_02,0.1,278,0,108.06271701388889,0,0,902,100067,0.0
I_IL_02,0.1,279,0,107.90246212121212,0,0,885,100098,0.0
I_IL_02,0.1,280,0,107.7794645675505,0,0,889,100120,0.0
I_IL_02,0.1,281,0,107.60664259785354,0,0,939,100054,0.0
I_IL_02,0.1,282,0,107.25248579545455,0,0,1034,99936,0.0
I_IL_02,0.1,283,0,107.05989583333333,0,0,1156,99804,0.0
I_IL_02,0.1,284,0,106.80673926767676,0,0,1264,99680,0.0
I_IL_02,0.1,285,0,106.71721117424242,0,0,1345,99568,0.0
I_IL_02,0.1,286,0,106.53393308080808,0,0,1424,99484,0.0
I_IL_02,0.1,287,0,106.31886245265152,0,0,1447,99448,0.0
I_IL_02,0.1,288,0,106.11388297032828,0,0,1492,99391,0.0
I_IL_02,0.1,289,0,106.0493805239899,0,0,1513,99379,0.0
I_IL_02,0.1,290,0,105.88694562815657,0,0,1523,99366,0.0
I_IL_02,0.1,291,0,105.74721827651516,0,0,1556,99329,0.0
I_IL_02,0.1,292,0,105.46253551136364,0,0,1612,99261,0.0
I_IL_02,0.1,293,0,105.34153053977273,0,0,1682,99183,0.0
I_IL_02,0.1,294,0,105.32134824810606,0,0,1747,99108,0.0
I_IL_02,0.1,295,0,105.27514401830808,0,0,1817,99026,0.0
I_IL_02,0.1,296,0,105.22006194760101,0,0,1888,98955,0.0
I_IL_02,0.1,297,0,105.24713936237374,0,0,2012,98805,0.0
I_IL_02,0.1,298,0,105.04722024936869,0,0,2136,98663,0.0
I_IL_02,0.1,299,0,105.06248027146465,0,0,2167,98541,0.0
I_IL_02,0.1,300,0,105.17934225063131,0,0,2193,98442,0.0
I_IL_02,0.1,301,0,105.25726996527777,0,0,2226,98444,0.0
I_IL_02,0.1,302,0,105.2917357165404,0,0,2240,98373,0.0
I_IL_02,0.1,303,0,105.48965238320707,0,0,2195,98369,0.0
I_IL_02,0.1,304,0,105.64204545454545,0,0,2141,98406,0.0
I_IL_02,0.1,305,0,105.80215238320707,0,0,2170,98388,0.0
I_IL_02,0.1,306,0,105.90264954229798,0,0,2137,98421,0.0
I_IL_02,0.1,307,0,105.99661655618686,0,0,2129,98423,0.0
I_IL_02,0.1,308,0,106.04497119633838,0,0,2120,98445,0.0
I_IL_02,0.1,309,0,106.09532828282828,0,0,2113,98480,0.0
I_IL_02,0.1,310,0,106.02528211805556,0,0,2178,98408,0.0
I_IL_02,0.1,311,0,105.87264244002525,0,0,2217,98389,0.0
I_IL_02,0.1,312,0,105.55614741161617,0,0,2273,98321,0.0
I_IL_02,0.1,313,0,105.32110164141415,0,0,2345,98257,0.0
I_IL_02,0.1,314,0,105.29226838699495,0,0,2462,98102,0.0
I_IL_02,0.1,315,0,105.4943083175505,0,0,2597,98009,0.0
I_IL_02,0.1,316,0,105.68148279671718,0,0,2764,97911,0.0
I_IL_02,0.1,317,0,106.20460464015152,0,0,2807,97886,0.0
I_IL_02,0.1,318,0,106.43911773989899,0,0,2838,97819,0.0
I_IL_02,0.1,319,0,106.39973958333333,0,0,2959,97602,0.0
I_IL_02,0.1,320,0,106.45144807449495,0,0,3126,97454,0.0
I_IL_02,0.1,321,0,106.67839528093434,0,0,3198,97357,0.0
I_IL_02,0.1,322,0,106.84874131944444,0,0,3252,97248,0.0
I_IL_02,0.1,323,0,107.14424518623737,0,0,3350,97108,0.0
I_IL_02,0.1,324,0,106.99442668876263,0,0,3541,96903,0.0
I_IL_02,0.1,325,0,106.68625710227273,0,0,3758,96675,0.0
I_IL_02,0.1,326,0,106.60757970328282,0,0,4013,96404,0.0
I_IL_02,0.1,327,0,106.72562539457071,0,0,4238,96180,0.0
I_IL_02,0.1,328,0,107.10585345643939,0,0,4446,95949,0.0
I_IL_02,0.1,329,0,107.60006313131314,0,0,4439,95894,0.0
I_IL_02,0.1,330,0,107.46317668876263,0,0,4535,95727,0.0
I_IL_02,0.1,331,0,107.54282078598484,0,0,4640,95609,0.0
I_IL_02,0.1,332,0,107.67711292613636,0,0,4759,95444,0.0
I_IL_02,0.1,333,0,107.93079229797979,0,0,4862,95339,0.0
I_IL_02,0.1,334,0,108.0390625,0,0,4942,95253,0.0
I_IL_02,0.1,335,0,108.06864543876263,0,0,5048,95116,0.0
I_IL_02,0.1,336,0,108.03565932765152,0,0,5198,94945,0.0
I_IL_02,0.1,337,0,108.02693931502525,0,0,5432,94683,0.0
I_IL_02,0.1,338,0,108.02355587121212,0,0,5637,94467,0.0
I_IL_02,0.1,339,0,108.07391295770202,0,16,5811,94261,0.00016971265526056196
I_IL_02,0.1,340,0,107.91191208964646,0,0,6073,94018,0.0
I_IL_02,0.1,341,0,107.45481178977273,0,0,6445,93572,0.0
I_IL_02,0.1,342,0,106.87653882575758,0,0,6837,93204,0.0
I_IL_02,0.1,343,0,106.83558238636364,0,0,6952,93010,0.0
I_IL_02,0.1,344,0,106.9203460385101,0,0,7111,92885,0.0
I_IL_02,0.1,345,0,107.14245975378788,0,0,7231,92760,0.0
I_IL_02,0.1,346,0,107.27994791666667,0,0,7417,92571,0.0
I_IL_02,0.1,347,0,107.51051530934343,0,0,7506,92511,0.0
I_IL_02,0.1,348,0,107.71668836805556,0,0,7623,92403,0.0
I_IL_02,0.1,349,0,107.8820036300505,0,0,7764,92256,0.0
I_IL_02,0.1,350,0,107.61940696022727,0,0,7840,92180,0.0
I_IL_02,0.1,351,0,107.32983151830808,0,0,8004,92014,0.0
I_IL_02,0.1,352,0,106.84273398042929,0,0,8410,91597,0.0
I_IL_02,0.1,353,0,106.60836884469697,0,0,8921,91090,0.0
I_IL_02,0.1,354,0,106.25851286300505,0,0,9324,90711,0.0
I_IL_02,0.1,355,0,106.10723445391415,0,0,9497,90399,0.0
I_IL_02,0.1,356,0,106.19872553661617,0,0,9210,90657,0.0
I_IL_02,0.1,357,0,106.80183672664141,0,0,8985,90848,0.0
I_IL_02,0.1,358,0,106.66335227272727,0,0,9104,90695,0.0
I_IL_02,0.1,359,0,105.76664101957071,9,0,9931,89795,0.0
I_IL_02,0.1,360,0,104.79883798926768,7,5,10307,89311,5.5981011240987055e-05
I_IL_02,0.1,361,0,104.70000789141415,4,0,10505,89095,0.0
I_IL_02,0.1,362,0,104.87373737373737,0,0,10552,88978,0.0
I_IL_02,0.1,363,0,104.88205295138889,0,0,10855,88686,0.0
I_IL_02,0.1,364,0,104.40123895202021,0,0,11228,88369,0.0
I_IL_02,0.1,365,0,104.79257417929293,0,0,11543,88055,0.0
I_IL_02,0.1,366,0,103.79576033775253,0,0,11902,87708,0.0
I_IL_02,0.1,367,0,103.29940025252525,6,0,12311,87469,0.0
I_IL_02,0.1,368,0,102.58879813762626,0,0,13009,87011,0.0
I_IL_02,0.1,369,0,101.91127091224747,5,0,13606,86256,0.0
I_IL_02,0.1,370,0,101.97386955492425,0,0,13648,86107,0.0
I_IL_02,0.1,371,0,102.25802951388889,19,1,13895,85851,1.164795228998742e-05
I_IL_02,0.1,372,0,102.71795099431819,55,0,14007,85732,0.0
I_IL_02,0.1,373,0,103.2922881155303,30,0,14120,85672,0.0
I_IL_02,0.1,374,0,103.51993568497475,94,0,14343,85438,0.0
I_IL_02,0.1,375,0,103.63612689393939,85,0,14545,85281,0.0
I_IL_02,0.1,376,0,103.62645991161617,45,0,14802,85140,0.0
I_IL_02,0.1,377,0,103.76639441287878,26,0,15001,85039,0.0
I_IL_02,0.1,378,0,103.75884824810606,12,0,14595,85694,0.0
I_IL_02,0.1,379,0,104.49495935921718,34,0,13121,87250,0.0
I_IL_02,0.1,380,0,105.36217645202021,39,0,11859,88710,0.0
I_IL_02,0.1,381,0,106.59367108585859,0,0,10091,90638,0.0
I_IL_02,0.1,382,0,107.61902225378788,0,0,7620,92986,0.0
I_IL_02,0.1,383,0,108.33994239267676,0,0,5609,94967,0.0
I_IL_02,0.1,384,0,108.7834595959596,0,0,4447,96169,0.0
I_IL_02,0.1,385,0,109.30058396464646,0,0,3233,97458,0.0
I_IL_02,0.1,386,0,109.80740017361111,0,0,2337,98485,0.0
I_IL_02,0.1,387,0,109.78514638573232,0,0,1962,98936,0.0
I_IL_02,0.1,388,0,109.28996014835859,0,0,1311,99795,0.0
I_IL_02,0.1,389,0,109.10138494318181,0,0,450,100736,0.0
I_IL_02,0.1,390,0,108.9877288510101,0,0,0,101376,0.0
I_IL_02,0.1,391,0,109.12530579229798,0,0,0,101376,0.0
I_IL_02,0.1,392,0,109.08172545770202,0,0,0,101376,0.0
I_IL_02,0.1,393,0,109.10609019886364,0,0,0,101376,0.0
I_IL_02,0.1,394,0,109.07721748737374,0,0,0,101376,0.0
I_IL_02,0.1,395,0,109.16788983585859,0,0,0,101376,0.0
I_IL_02,0.1,396,0,109.1027955334596,0,0,0,101376,0.0
I_IL_02,0.1,397,0,109.13228969381314,0,0,0,101376,0.0
I_IL_02,0.1,398,0,109.09679805871212,0,0,0,101376,0.0
I_IL_02,0.1,399,0,109.16467408459596,0,0,0,101376,0.0
I_IL_02,0.1,400,0,109.13475576073232,0,0,0,101376,0.0
I_IL_02,0.1,401,0,109.17316721906566,0,0,0,101376,0.0
I_IL_02,0.1,402,0,109.15098248106061,0,0,0,101376,0.0
I_IL_02,0.1,403,0,109.19594381313131,0,0,0,101376,0.0
I_IL_02,0.1,404,0,109.17492305871212,0,0,0,101376,0.0
I_IL_02,0.1,405,0,109.23302359532828,0,0,0,101376,0.0
I_IL_02,0.1,406,0,109.21250591856061,0,0,0,101376,0.0
I_IL_02,0.1,407,0,109.22419507575758,0,0,0,101376,0.0
I_IL_02,0.1,408,0,109.18553701073232,0,0,0,101376,0.0
I_IL_02,0.1,409,0,109.23761047979798,0,0,0,101376,0.0
I_IL_02,0.1,410,0,109.21339370265152,0,0,0,101376,0.0
I_IL_02,0.1,411,0,109.26256707702021,0,0,0,101376,0.0
I_IL_02,0.1,412,0,109.25978535353535,0,0,0,101376,0.0
I_IL_02,0.1,413,0,109.27589370265152,0,0,0,101376,0.0
I_IL_02,0.1,414,0,109.24360795454545,0,0,0,101376,0.0
I_IL_02,0.1,415,0,109.32078598484848,0,0,0,101376,0.0
I_IL_02,0.1,416,0,109.28888494318181,0,0,0,101376,0.0
I_IL_02,0.1,417,0,109.34038628472223,0,0,0,101376,0.0
I_IL_02,0.1,418,0,109.32592526830808,0,0,0,101376,0.0
I_IL_02,0.1,419,0,109.34678819444444,0,0,0,101376,0.0
I_IL_02,0.1,420,0,109.31864543876263,0,0,0,101376,0.0
I_IL_02,0.1,421,0,109.35399897411617,0,0,0,101376,0.0
I_IL_02,0.1,422,0,109.29206123737374,0,0,0,101376,0.0
I_IL_02,0.1,423,0,109.32997948232324,0,0,0,101376,0.0
I_IL_02,0.1,424,0,109.30466777146465,0,0,0,101376,0.0
I_IL_02,0.1,425,0,109.31850733901516,0,0,0,101376,0.0
I_IL_02,0.1,426,0,109.2935211489899,0,0,0,101376,0.0
I_IL_02,0.1,427,0,109.35255879103535,0,0,0,101376,0.0
I_IL_02,0.1,428,0,109.28474195075758,0,0,0,101376,0.0
I_IL_02,0.1,429,0,109.3386994949495,0,0,0,101376,0.0
I_IL_02,0.1,430,0,109.3391236584596,0,0,0,101376,0.0
I_IL_02,0.1,431,0,109.34529869002525,0,0,0,101376,0.0
I_IL_02,0.1,432,0,109.31121764520202,0,0,0,101376,0.0
I_IL_02,0.1,433,0,109.35278566919192,0,0,0,101376,0.0
I_IL_02,0.1,434,0,109.29410314078282,0,0,0,101376,0.0
I_IL_02,0.1,435,0,109.35129616477273,0,0,0,101376,0.0
I_IL_02,0.1,436,0,109.3186158459596,0,0,0,101376,0.0
I_IL_02,0.1,437,0,109.33223839962122,0,0,0,101376,0.0
I_IL_02,0.1,438,0,109.30865293560606,0,0,0,101376,0.0
I_IL_02,0.1,439,0,109.35744160353535,0,0,0,101376,0.0
I_IL_02,0.1,440,0,109.30659130366162,0,0,0,101376,0.0
I_IL_02,0.1,441,0,109.33793994633838,0,0,0,101376,0.0
I_IL_02,0.1,442,0,109.33791035353535,0,0,0,101376,0.0
I_IL_02,0.1,443,0,109.35072403724747,0,0,0,101376,0.0
I_IL_02,0.1,444,0,109.32038154987374,0,0,0,101376,0.0
I_IL_02,0.1,445,0,109.36530342487374,0,0,0,101376,0.0
I_IL_02,0.1,446,0,109.30209319760101,0,0,0,101376,0.0
I_IL_02,0.1,447,0,109.35214449179293,0,0,0,101376,0.0
I_IL_02,0.1,448,0,109.32284761679293,0,0,0,101376,0.0
I_IL_02,0.1,449,0,109.32636916035354,0,0,0,101376,0.0
I_IL_02,0.1,450,0,109.30377012310606,0,0,0,101376,0.0
I_IL_02,0.1,451,0,109.3552122790404,0,0,0,101376,0.0
I_IL_02,0.1,452,0,109.29215001578282,0,0,0,101376,0.0
I_IL_02,0.1,453,0,109.33273161300505,0,0,0,101376,0.0
I_IL_02,0.1,454,0,109.34329624368686,0,0,0,101376,0.0
I_IL_02,0.1,455,0,109.33615451388889,0,0,0,101376,0.0
I_IL_02,0.1,456,0,109.30674913194444,0,0,0,101376,0.0
I_IL_02,0.1,457,0,109.34691642992425,0,0,0,101376,0.0
I_IL_02,0.1,458,0,109.28928937815657,0,0,0,101376,0.0
I_IL_02,0.1,459,0,109.34135298295455,0,0,0,101376,0.0
I_IL_02,0.1,460,0,109.31773792613636,0,0,0,101376,0.0
I_IL_02,0.1,461,0,109.32827296401516,0,0,0,101376,0.0
I_IL_02,0.1,462,0,109.31098090277777,0,0,0,101376,0.0
I_IL_02,0.1,463,0,109.35843789457071,0,0,0,101376,0.0
I_IL_02,0.1,464,0,109.29668757891415,0,0,0,101376,0.0
I_IL_02,0.1,465,0,109.37998145517676,0,0,0,101376,0.0
I_IL_02,0.1,466,0,109.36681265782828,0,0,0,101376,0.0
I_IL_02,0.1,467,0,109.35326901830808,0,0,0,101376,0.0
I_IL_02,0.1,468,0,109.30665048926768,0,0,0,101376,0.0
I_IL_02,0.1,469,0,109.36632930871212,0,0,0,101376,0.0
I_IL_02,0.1,470,0,109.31243095012626,0,0,0,101376,0.0
I_IL_02,0.1,471,0,109.34771543560606,0,0,0,101376,0.0
I_IL_02,0.1,472,0,109.33686474116162,0,0,0,101376,0.0
I_IL_02,0.1,473,0,109.32664535984848,0,0,0,101376,0.0
I_IL_02,0.1,474,0,109.30883049242425,0,0,0,101376,0.0
I_IL_02,0.1,475,0,109.35527146464646,0,0,0,101376,0.0
I_IL_02,0.1,476,0,109.32968355429293,0,0,0,101376,0.0
I_IL_02,0.1,477,0,109.36996922348484,0,0,0,101376,0.0
I_IL_02,0.1,478,0,109.36771030618686,0,0,0,101376,0.0
I_IL_02,0.1,479,0,109.39733270202021,0,0,0,101376,0.0
I_IL_02,0.1,480,0,109.33997198547979,0,0,0,101376,0.0
I_IL_02,0.1,481,0,109.36027264835859,0,0,0,101376,0.0
I_IL_02,0.1,482,0,109.33833451704545,0,0,0,101376,0.0
I_IL_02,0.1,483,0,109.37561158459596,0,0,0,101376,0.0
I_IL_02,0.1,484,0,109.34624565972223,0,0,0,101376,0.0
I_IL_02,0.1,485,0,109.37105429292929,0,0,0,101376,0.0
I_IL_02,0.1,486,0,109.32859848484848,0,0,0,101376,0.0
I_IL_02,0.1,487,0,109.37790009469697,0,0,0,101376,0.0
I_IL_02,0.1,488,0,109.34367108585859,0,0,0,101376,0.0
I_IL_02,0.1,489,0,109.3755523989899,0,0,0,101376,0.0
I_IL_02,0.1,490,0,109.35528132891415,0,0,0,101376,0.0
I_IL_02,0.1,491,0,109.38617621527777,0,0,0,101376,0.0
I_IL_02,0.1,492,0,109.32461332070707,0,0,0,101376,0.0
I_IL_02,0.1,493,0,109.37660787563131,0,0,0,101376,0.0
I_IL_02,0.1,494,0,109.32607323232324,0,0,0,101376,0.0
I_IL_02,0.1,495,0,109.3762330334596,0,0,0,101376,0.0
I_IL_02,0.1,496,0,109.33982402146465,0,0,0,101376,0.0
I_IL_02,0.1,497,0,109.36459319760101,0,0,0,101376,0.0
I_IL_02,0.1,498,0,109.35526160037878,0,0,0,101376,0.0
I_IL_02,0.1,499,0,109.39858546401516,0,0,0,101376,0.0
I_IL_02,0.1,500,0,109.32985124684343,0,0,0,101376,0.0
I_IL_02,0.1,501,0,109.3745758364899,0,0,0,101376,0.0
I_IL_02,0.1,502,0,109.35333806818181,0,0,0,101376,0.0
I_IL_02,0.1,503,0,109.3928345959596,0,0,0,101376,0.0
I_IL_02,0.1,504,0,109.3491852114899,0,0,0,101376,0.0
I_IL_02,0.1,505,0,109.38601838699495,0,0,0,101376,0.0
I_IL_02,0.1,506,0,109.3395872790404,0,0,0,101376,0.0
I_IL_02,0.1,507,0,109.40279750631314,0,0,0,101376,0.0
I_IL_02,0.1,508,0,109.35543915719697,0,0,0,101376,0.0
I_IL_02,0.1,509,0,109.37018623737374,0,0,0,101376,0.0
I_IL_02,0.1,510,0,109.3490569760101,0,0,0,101376,0.0
I_IL_02,0.1,511,0,109.37955729166667,0,0,0,101376,0.0
I_IL_02,0.1,512,0,109.3311434659091,0,0,0,101376,0.0
I_IL_02,0.1,513,0,109.35554766414141,0,0,0,101376,0.0
I_IL_02,0.1,514,0,109.36098287563131,0,0,0,101376,0.0
I_IL_02,0.1,515,0,109.3901120580808,0,0,0,101376,0.0
I_IL_02,0.1,516,0,109.33436908143939,0,0,0,101376,0.0
I_IL_02,0.1,517,0,109.37489149305556,0,0,0,101376,0.0
I_IL_02,0.1,518,0,109.34084004103535,0,0,0,101376,0.0
I_IL_02,0.1,519,0,109.38785314078282,0,0,0,101376,0.0
I_IL_02,0.1,520,0,109.35146385732324,0,0,0,101376,0.0
I_IL_02,0.1,521,0,109.36999881628788,0,0,0,101376,0.0
I_IL_02,0.1,522,0,109.33688446969697,0,0,0,101376,0.0
I_IL_02,0.1,523,0,109.37451665088383,0,0,0,101376,0.0
I_IL_02,0.1,524,0,109.32490924873737,0,0,0,101376,0.0
I_IL_02,0.1,525,0,109.36767084911617,0,0,0,101376,0.0
