frame,time_s,track_id,x,y,w,h,target_found
0,0.0,,,,,,0
1,0.04,,,,,,0
2,0.08,,,,,,0
3,0.12,,,,,,0
4,0.16,,,,,,0
5,0.2,,,,,,0
6,0.24,,,,,,0
7,0.28,,,,,,0
8,0.32,,,,,,0
9,0.36,,,,,,0
10,0.4,,,,,,0
11,0.44,,,,,,0
12,0.48,,,,,,0
13,0.52,,,,,,0
14,0.56,,,,,,0
15,0.6,,,,,,0
16,0.64,,,,,,0
17,0.68,,,,,,0
18,0.72,,,,,,0
19,0.76,,,,,,0
20,0.8,,,,,,0
21,0.84,,,,,,0
22,0.88,,,,,,0
23,0.92,,,,,,0
24,0.96,,,,,,0
25,1.0,,,,,,0
26,1.04,,,,,,0
27,1.08,,,,,,0
28,1.12,,,,,,0
29,1.16,,,,,,0
30,1.2,,,,,,0
31,1.24,,,,,,0
32,1.28,,,,,,0
33,1.32,,,,,,0
34,1.36,,,,,,0
35,1.4,,,,,,0
36,1.44,,,,,,0
37,1.48,,,,,,0
38,1.52,,,,,,0
39,1.56,,,,,,0
40,1.6,,,,,,0
41,1.64,,,,,,0
42,1.68,,,,,,0
43,1.72,,,,,,0
44,1.76,,,,,,0
45,1.8,,,,,,0
46,1.84,,,,,,0
47,1.88,,,,,,0
48,1.92,,,,,,0
49,1.96,,,,,,0
50,2.0,1,86,69,182,182,1
51,2.04,1,87,68,182,183,1
52,2.08,1,87,69,183,182,1
53,2.12,1,87,69,184,183,1
54,2.16,1,87,69,184,182,1
55,2.2,1,88,69,184,183,1
56,2.24,1,88,68,184,184,1
57,2.28,1,88,68,184,184,1
58,2.32,1,89,68,185,184,1
59,2.36,1,88,68,186,185,1
60,2.4,1,135,68,139,181,1
60,2.4,2,90,71,78,181,1
60,2.4,3,115,96,18,16,1
60,2.4,4,138,75,23,16,1
60,2.4,5,205,91,36,26,1
60,2.4,6,208,84,14,14,1
60,2.4,7,231,75,14,17,1
61,2.44,1,139,68,136,181,1
61,2.44,2,93,121,43,125,1
61,2.44,3,116,98,17,14,1
61,2.44,4,139,76,20,12,1
61,2.44,5,136,96,124,80,1
61,2.44,8,90,76,34,78,1
61,2.44,9,116,227,25,11,1
61,2.44,10,132,180,19,20,1
61,2.44,11,142,230,21,15,1
61,2.44,12,208,168,41,20,1
62,2.48,1,141,83,135,165,1
62,2.48,2,93,121,43,124,1
62,2.48,3,118,98,16,14,1
62,2.48,4,139,76,19,12,1
62,2.48,5,138,96,122,92,1
62,2.48,6,222,93,12,20,1
62,2.48,7,260,67,11,13,1
62,2.48,8,91,76,33,56,1
62,2.48,9,116,227,25,11,1
62,2.48,10,134,180,18,20,1
62,2.48,11,142,230,20,14,1
63,2.52,1,167,67,109,181,1
63,2.52,2,93,121,44,96,1
63,2.52,3,119,99,15,13,1
63,2.52,4,140,76,19,12,1
63,2.52,5,139,96,121,80,1
63,2.52,8,94,75,23,49,1
63,2.52,9,119,228,23,10,1
63,2.52,10,135,180,17,20,1
63,2.52,11,143,230,20,13,1
63,2.52,12,210,168,25,20,1
63,2.52,13,94,199,15,48,1
63,2.52,14,100,120,25,12,1
63,2.52,15,143,205,22,13,1
64,2.56,1,167,66,110,182,1
64,2.56,2,94,121,44,132,1
64,2.56,3,119,100,15,12,1
64,2.56,4,141,76,19,12,1
64,2.56,5,184,124,20,21,1
64,2.56,6,233,110,18,23,1
64,2.56,8,95,82,22,24,1
64,2.56,9,119,228,23,10,1
64,2.56,10,135,181,18,19,1
64,2.56,11,143,230,21,13,1
64,2.56,12,211,168,25,20,1
64,2.56,14,92,106,34,26,1
64,2.56,15,143,205,23,13,1
64,2.56,16,139,144,27,32,1
64,2.56,17,156,96,40,48,1
64,2.56,18,174,125,86,44,1
65,2.6,1,168,87,109,161,1
65,2.6,2,95,122,43,131,1
65,2.6,3,119,99,15,14,1
65,2.6,4,141,76,19,12,1
65,2.6,5,185,124,19,20,1
65,2.6,6,234,113,13,21,1
65,2.6,7,246,67,26,16,1
65,2.6,8,91,76,26,61,1
65,2.6,9,119,228,24,10,1
65,2.6,10,135,182,18,18,1
65,2.6,11,144,230,20,14,1
65,2.6,12,239,134,21,35,1
65,2.6,14,102,109,24,23,1
65,2.6,15,145,205,21,13,1
65,2.6,17,163,96,34,48,1
65,2.6,18,140,125,101,62,1
65,2.6,19,177,213,23,25,1
66,2.64,1,168,73,110,175,1
66,2.64,2,95,121,43,125,1
66,2.64,5,185,124,20,20,1
66,2.64,8,100,93,18,23,1
66,2.64,9,109,219,34,19,1
66,2.64,10,117,170,37,47,1
66,2.64,11,144,230,21,13,1
66,2.64,12,241,134,20,35,1
66,2.64,13,97,244,31,9,1
66,2.64,14,103,120,15,12,1
66,2.64,15,145,205,21,13,1
66,2.64,16,141,144,38,31,1
66,2.64,17,164,96,22,48,1
66,2.64,18,171,124,70,44,1
66,2.64,19,177,213,25,26,1
66,2.64,20,213,167,24,20,1
67,2.68,1,169,71,111,176,1
67,2.68,2,95,77,59,169,1
67,2.68,5,185,124,20,20,1
67,2.68,11,151,230,15,13,1
67,2.68,12,241,134,20,35,1
67,2.68,14,103,120,18,12,1
67,2.68,15,145,205,22,14,1
67,2.68,16,141,144,25,32,1
67,2.68,17,159,96,28,50,1
67,2.68,18,178,124,63,44,1
67,2.68,20,213,167,23,19,1
68,2.72,1,169,66,111,181,1
68,2.72,2,109,135,27,21,1
68,2.72,5,186,124,20,20,1
68,2.72,8,96,77,22,50,1
68,2.72,10,95,128,45,117,1
68,2.72,11,146,231,20,12,1
68,2.72,12,241,134,21,34,1
68,2.72,16,141,145,26,30,1
68,2.72,17,159,96,29,50,1
68,2.72,18,173,125,69,43,1
68,2.72,20,214,167,23,19,1
69,2.76,1,208,124,34,36,1
69,2.76,2,110,135,26,24,1
69,2.76,3,120,100,16,13,1
69,2.76,5,186,124,20,20,1
69,2.76,6,235,110,17,23,1
69,2.76,7,259,66,14,19,1
69,2.76,9,96,187,16,58,1
69,2.76,10,109,152,31,64,1
69,2.76,11,146,231,21,12,1
69,2.76,12,242,140,20,28,1
69,2.76,14,94,93,24,94,1
69,2.76,15,169,178,59,38,1
69,2.76,16,141,145,35,31,1
69,2.76,17,160,96,26,50,1
69,2.76,18,169,147,69,39,1
69,2.76,19,177,212,25,26,1
69,2.76,20,226,85,54,162,1
69,2.76,21,246,134,16,16,1
70,2.8,1,208,124,34,35,1
70,2.8,2,110,122,28,38,1
70,2.8,5,189,124,17,20,1
70,2.8,6,236,110,16,23,1
70,2.8,8,97,87,21,21,1
70,2.8,10,96,102,45,143,1
70,2.8,11,154,231,14,12,1
70,2.8,12,243,141,19,27,1
70,2.8,16,142,145,26,31,1
70,2.8,17,160,97,26,47,1
70,2.8,18,185,147,43,21,1
70,2.8,19,179,213,25,25,1
70,2.8,20,214,167,25,19,1
70,2.8,21,169,72,112,175,1
71,2.84,1,208,124,35,35,1
71,2.84,2,108,122,30,46,1
71,2.84,5,189,124,17,20,1
71,2.84,6,236,112,12,20,1
71,2.84,8,96,78,28,41,1
71,2.84,10,96,100,44,146,1
71,2.84,11,154,232,14,11,1
71,2.84,12,244,140,19,28,1
71,2.84,16,142,145,26,31,1
71,2.84,17,165,97,24,47,1
71,2.84,18,185,147,43,21,1
71,2.84,19,179,213,25,25,1
71,2.84,20,214,168,25,18,1
71,2.84,21,170,72,111,175,1
72,2.88,1,208,125,35,41,1
72,2.88,2,108,134,29,32,1
72,2.88,5,189,124,17,20,1
72,2.88,8,97,82,28,34,1
72,2.88,10,96,118,44,127,1
72,2.88,12,244,140,19,28,1
72,2.88,14,105,110,17,22,1
72,2.88,15,170,179,65,37,1
72,2.88,16,143,145,26,31,1
72,2.88,17,165,98,24,47,1
72,2.88,18,185,147,29,21,1
72,2.88,19,178,212,26,26,1
72,2.88,20,215,168,23,17,1
72,2.88,21,231,70,51,177,1
73,2.92,1,209,125,35,33,1
73,2.92,2,109,133,29,34,1
73,2.92,5,190,124,17,20,1
73,2.92,6,236,109,17,25,1
73,2.92,8,96,78,19,24,1
73,2.92,10,97,118,45,128,1
73,2.92,11,155,232,19,11,1
73,2.92,12,244,133,20,34,1
73,2.92,14,105,110,16,22,1
73,2.92,15,171,179,65,59,1
73,2.92,16,146,146,23,30,1
73,2.92,17,160,98,29,49,1
73,2.92,18,186,148,44,20,1
73,2.92,20,216,167,23,18,1
73,2.92,21,232,65,50,181,1
74,2.96,1,186,125,58,43,1
74,2.96,2,111,133,27,30,1
74,2.96,5,189,124,18,20,1
74,2.96,6,236,110,17,24,1
74,2.96,8,97,84,18,21,1
74,2.96,10,96,118,46,127,1
74,2.96,11,155,232,15,11,1
74,2.96,12,243,133,21,33,1
74,2.96,15,171,178,65,60,1
74,2.96,16,144,146,24,29,1
74,2.96,17,165,98,24,49,1
74,2.96,20,216,168,24,17,1
74,2.96,21,232,65,51,182,1
75,3.0,1,209,124,35,34,1
75,3.0,2,111,122,28,41,1
75,3.0,8,98,89,17,13,1
75,3.0,10,98,108,44,138,1
75,3.0,11,156,232,18,11,1
75,3.0,12,243,133,21,33,1
75,3.0,16,153,146,17,29,1
75,3.0,17,165,98,23,49,1
75,3.0,18,187,147,43,21,1
75,3.0,20,216,168,25,17,1
75,3.0,21,171,78,112,168,1
76,3.04,1,217,124,27,34,1
76,3.04,6,237,109,17,23,1
76,3.04,10,99,124,44,123,1
76,3.04,11,157,232,19,14,1
76,3.04,12,245,133,20,33,1
76,3.04,14,107,122,22,11,1
76,3.04,16,154,146,13,16,1
76,3.04,17,161,98,27,49,1
76,3.04,18,194,148,36,20,1
76,3.04,20,216,167,24,18,1
76,3.04,21,172,76,112,170,1
77,3.08,1,223,124,21,34,1
77,3.08,2,112,136,26,26,1
77,3.08,10,96,108,47,138,1
77,3.08,11,157,232,20,14,1
77,3.08,12,245,132,20,34,1
77,3.08,15,173,180,27,44,1
77,3.08,17,166,109,22,38,1
77,3.08,18,194,127,37,40,1
77,3.08,19,184,213,22,25,1
77,3.08,20,217,167,24,17,1
77,3.08,21,198,71,86,175,1
78,3.12,2,111,136,28,31,1
78,3.12,5,191,127,17,17,1
78,3.12,6,242,109,12,23,1
78,3.12,10,101,143,43,85,1
78,3.12,12,243,141,23,25,1
78,3.12,14,99,119,23,23,1
78,3.12,15,173,178,65,39,1
78,3.12,17,161,97,25,65,1
78,3.12,18,187,124,58,44,1
78,3.12,19,185,212,22,26,1
78,3.12,20,217,167,24,17,1
78,3.12,21,233,88,52,157,1
79,3.16,1,210,124,34,33,1
79,3.16,2,111,136,28,31,1
79,3.16,5,191,147,17,21,1
79,3.16,10,101,153,43,66,1
79,3.16,12,245,140,21,25,1
79,3.16,13,105,221,10,24,1
79,3.16,14,100,122,22,16,1
79,3.16,16,149,146,22,28,1
79,3.16,17,163,98,23,49,1
79,3.16,18,215,148,17,16,1
79,3.16,20,218,167,24,16,1
79,3.16,21,175,85,111,160,1
79,3.16,22,101,139,6,48,1
80,3.2,1,211,129,35,28,1
80,3.2,2,111,123,30,44,1
80,3.2,5,189,148,12,18,1
80,3.2,8,99,83,16,19,1
80,3.2,9,102,151,27,94,1
80,3.2,10,117,162,28,57,1
80,3.2,12,245,133,21,33,1
80,3.2,14,100,119,22,30,1
80,3.2,15,176,178,63,60,1
80,3.2,17,167,98,20,49,1
80,3.2,18,198,148,34,20,1
80,3.2,20,219,167,23,17,1
80,3.2,21,235,82,51,163,1
81,3.24,1,226,133,20,24,1
81,3.24,2,112,123,29,41,1
81,3.24,9,103,162,27,84,1
81,3.24,10,132,172,13,47,1
81,3.24,12,245,140,21,26,1
81,3.24,14,96,119,27,26,1
81,3.24,15,176,178,63,39,1
81,3.24,16,153,147,19,16,1
81,3.24,18,199,148,18,20,1
81,3.24,19,188,213,20,25,1
81,3.24,20,219,167,23,17,1
81,3.24,21,246,93,41,152,1
81,3.24,22,118,164,17,17,1
81,3.24,23,235,199,13,20,1
82,3.28,1,215,126,31,38,1
82,3.28,2,114,137,26,23,1
82,3.28,5,176,181,26,36,1
82,3.28,9,103,158,19,88,1
82,3.28,10,133,172,12,47,1
82,3.28,12,246,132,20,32,1
82,3.28,15,200,178,39,38,1
82,3.28,17,168,98,18,49,1
82,3.28,19,191,213,18,25,1
82,3.28,20,220,166,22,18,1
82,3.28,21,235,93,51,152,1
82,3.28,22,118,166,17,15,1
83,3.32,1,212,124,34,32,1
83,3.32,2,114,138,26,26,1
83,3.32,5,181,184,16,33,1
83,3.32,9,103,160,27,67,1
83,3.32,10,133,172,13,47,1
83,3.32,12,248,140,19,24,1
83,3.32,15,194,178,46,37,1
83,3.32,16,160,147,18,16,1
83,3.32,17,169,98,21,50,1
83,3.32,18,215,148,17,16,1
83,3.32,19,185,213,24,25,1
83,3.32,21,235,91,53,154,1
83,3.32,22,119,164,16,17,1
84,3.36,1,220,124,21,30,1
84,3.36,2,115,138,25,24,1
84,3.36,10,119,165,27,54,1
84,3.36,12,247,140,20,24,1
84,3.36,13,104,184,25,62,1
84,3.36,17,173,110,15,37,1
84,3.36,18,217,148,16,16,1
84,3.36,19,189,213,20,25,1
84,3.36,20,181,103,107,141,1
85,3.4,1,220,124,19,24,1
85,3.4,2,115,138,25,24,1
85,3.4,6,256,101,22,26,1
85,3.4,10,133,173,14,46,1
85,3.4,13,106,206,7,40,1
85,3.4,15,177,114,111,130,1
85,3.4,17,169,105,19,43,1
85,3.4,18,217,148,16,16,1
85,3.4,19,190,213,20,25,1
85,3.4,20,227,166,17,17,1
85,3.4,22,103,147,26,56,1
86,3.44,2,116,138,24,23,1
86,3.44,5,182,184,15,32,1
86,3.44,10,135,173,11,35,1
86,3.44,12,248,140,20,24,1
86,3.44,15,201,99,87,145,1
86,3.44,19,191,213,19,25,1
86,3.44,20,222,166,22,17,1
86,3.44,22,104,152,12,51,1
87,3.48,2,116,138,25,17,1
87,3.48,5,182,181,19,37,1
87,3.48,9,105,168,28,47,1
87,3.48,12,248,141,20,22,1
87,3.48,19,193,213,17,25,1
87,3.48,21,237,110,53,134,1
87,3.48,23,202,178,38,37,1
88,3.52,2,116,139,20,24,1
88,3.52,5,182,181,22,35,1
88,3.52,12,248,141,20,22,1
88,3.52,13,108,203,6,43,1
88,3.52,19,192,213,20,25,1
88,3.52,21,237,120,53,124,1
88,3.52,23,202,178,39,36,1
89,3.56,2,117,139,25,21,1
89,3.56,5,183,181,21,34,1
89,3.56,12,250,140,18,20,1
89,3.56,13,107,205,8,41,1
89,3.56,19,194,213,18,25,1
89,3.56,20,218,148,27,35,1
89,3.56,21,238,131,52,112,1
89,3.56,22,105,164,12,37,1
89,3.56,23,203,178,11,30,1
90,3.6,2,123,138,19,15,1
90,3.6,5,184,181,17,36,1
90,3.6,13,108,209,7,37,1
90,3.6,19,194,213,18,25,1
90,3.6,21,239,105,51,138,1
90,3.6,23,202,185,20,28,1
91,3.64,5,184,180,30,36,1
91,3.64,10,129,174,19,34,1
91,3.64,13,109,209,6,36,1
91,3.64,19,195,213,17,25,1
91,3.64,21,239,127,52,116,1
92,3.68,2,117,138,25,25,1
92,3.68,5,184,181,30,30,1
92,3.68,10,135,174,13,34,1
92,3.68,19,195,213,17,25,1
92,3.68,21,239,113,52,130,1
93,3.72,2,117,138,25,25,1
93,3.72,5,192,178,22,25,1
93,3.72,10,135,177,13,31,1
93,3.72,19,196,213,17,25,1
93,3.72,21,253,146,39,97,1
93,3.72,23,184,187,14,24,1
94,3.76,19,194,213,18,25,1
94,3.76,21,246,144,45,99,1
95,3.8,19,197,213,16,25,1
95,3.8,21,247,142,46,100,1
96,3.84,2,118,136,24,26,1
96,3.84,15,241,193,30,38,1
96,3.84,19,196,213,18,25,1
96,3.84,21,264,141,28,101,1
97,3.88,15,255,194,16,39,1
97,3.88,19,197,213,17,25,1
97,3.88,21,264,149,28,93,1
98,3.92,5,185,182,29,29,1
98,3.92,19,198,213,16,25,1
98,3.92,21,242,158,51,84,1
99,3.96,19,199,213,15,23,1
99,3.96,21,248,156,46,86,1
99,3.96,23,185,185,13,30,1
100,4.0,19,199,213,15,24,1
100,4.0,21,255,155,39,86,1
101,4.04,19,200,213,15,24,1
101,4.04,21,249,163,45,78,1
102,4.08,15,249,192,21,32,1
102,4.08,19,200,213,15,24,1
102,4.08,21,266,152,28,89,1
103,4.12,15,249,192,20,33,1
103,4.12,19,201,213,15,24,1
103,4.12,21,269,178,25,63,1
104,4.16,15,255,192,18,31,1
104,4.16,19,201,213,15,25,1
104,4.16,21,269,177,25,63,1
105,4.2,19,201,212,15,25,1
105,4.2,21,267,176,28,64,1
106,4.24,21,267,175,28,65,1
107,4.28,21,274,173,21,67,1
108,4.32,21,274,172,21,68,1
109,4.36,21,274,185,22,54,1
110,4.4,21,274,194,22,45,1
111,4.44,21,271,187,25,52,1
112,4.48,21,271,184,25,54,1
113,4.52,21,275,160,21,77,1
114,4.56,21,274,190,23,48,1
115,4.6,15,278,189,14,21,1
115,4.6,21,270,204,28,34,1
116,4.64,21,278,210,20,27,1
117,4.68,21,284,216,14,22,1
118,4.72,21,285,215,13,22,1
119,4.76,,,,,,1
120,4.8,,,,,,1
121,4.84,,,,,,1
122,4.88,,,,,,1
123,4.92,,,,,,1
124,4.96,,,,,,1
125,5.0,,,,,,1
126,5.04,,,,,,1
127,5.08,,,,,,1
128,5.12,,,,,,1
129,5.16,,,,,,1
130,5.2,,,,,,1
131,5.24,,,,,,1
132,5.28,,,,,,1
133,5.32,,,,,,1
134,5.36,,,,,,1
135,5.4,24,214,54,54,13,1
136,5.44,,,,,,1
137,5.48,,,,,,1
138,5.52,,,,,,1
139,5.56,,,,,,1
140,5.6,24,211,54,56,13,1
141,5.64,,,,,,1
142,5.68,24,210,54,56,13,1
143,5.72,,,,,,1
144,5.76,,,,,,1
145,5.8,,,,,,1
146,5.84,25,86,89,17,41,1
147,5.88,24,208,53,56,14,1
148,5.92,24,212,53,53,13,1
148,5.92,25,85,89,14,34,1
149,5.96,25,86,90,13,44,1
150,6.0,24,206,53,59,14,1
150,6.0,25,85,90,14,45,1
151,6.04,24,206,53,57,14,1
151,6.04,25,85,90,17,51,1
152,6.08,25,85,90,17,52,1
153,6.12,25,85,90,17,53,1
154,6.16,24,204,52,57,15,1
154,6.16,25,84,90,18,54,1
155,6.2,25,84,91,17,54,1
156,6.24,24,199,52,63,16,1
156,6.24,25,84,91,17,54,1
157,6.28,25,83,91,15,55,1
158,6.32,25,83,91,26,56,1
159,6.36,24,202,52,59,15,1
159,6.36,25,83,91,25,57,1
160,6.4,25,82,92,26,57,1
161,6.44,24,207,51,52,15,1
161,6.44,25,82,91,26,59,1
162,6.48,24,201,51,58,16,1
162,6.48,25,80,93,28,58,1
163,6.52,24,188,51,71,19,1
163,6.52,25,82,92,27,65,1
164,6.56,24,204,51,54,17,1
164,6.56,25,81,92,28,65,1
165,6.6,24,195,51,64,17,1
165,6.6,25,81,93,25,74,1
166,6.64,24,195,51,62,17,1
166,6.64,25,81,93,27,70,1
167,6.68,24,187,51,70,19,1
167,6.68,25,80,94,28,70,1
168,6.72,24,186,51,72,19,1
168,6.72,25,80,94,28,75,1
168,6.72,26,160,100,16,35,1
169,6.76,24,194,51,62,17,1
169,6.76,25,80,94,29,75,1
170,6.8,24,206,50,50,15,1
170,6.8,25,80,94,25,76,1
170,6.8,26,134,85,16,11,1
171,6.84,24,193,50,63,18,1
171,6.84,25,80,94,25,89,1
172,6.88,25,79,95,26,88,1
173,6.92,24,181,49,74,22,1
173,6.92,25,79,95,26,77,1
174,6.96,24,200,50,54,16,1
174,6.96,25,79,95,28,77,1
175,7.0,24,192,50,61,18,1
175,7.0,25,78,95,29,82,1
176,7.04,24,184,49,69,21,1
176,7.04,25,78,96,29,85,1
177,7.08,24,191,49,61,19,1
177,7.08,25,77,96,30,86,1
178,7.12,24,191,49,61,19,1
178,7.12,25,77,96,30,93,1
179,7.16,24,187,49,65,20,1
179,7.16,25,77,96,30,87,1
179,7.16,26,155,101,16,28,1
180,7.2,24,179,49,73,22,1
180,7.2,25,77,96,30,102,1
180,7.2,26,155,101,20,37,1
181,7.24,24,190,48,62,20,1
181,7.24,25,76,97,30,83,1
181,7.24,26,155,101,19,33,1
182,7.28,24,186,49,64,20,1
182,7.28,25,76,97,30,87,1
182,7.28,26,156,102,17,32,1
183,7.32,25,76,97,26,84,1
184,7.36,24,178,48,72,23,1
184,7.36,25,75,97,31,99,1
184,7.36,26,156,103,16,28,1
185,7.4,24,185,49,62,20,1
185,7.4,25,76,97,30,95,1
185,7.4,26,156,103,15,20,1
186,7.44,24,185,48,64,21,1
186,7.44,25,75,98,31,98,1
186,7.44,26,156,100,15,23,1
187,7.48,24,177,48,72,23,1
187,7.48,25,75,98,31,99,1
188,7.52,24,177,48,71,23,1
188,7.52,25,75,99,31,98,1
189,7.56,24,184,48,64,21,1
189,7.56,25,75,99,31,98,1
190,7.6,25,75,100,30,94,1
190,7.6,27,82,103,23,53,1
191,7.64,25,74,99,32,99,1
192,7.68,24,183,48,65,21,1
192,7.68,25,74,100,31,95,1
193,7.72,25,74,100,31,95,1
194,7.76,24,179,46,68,24,1
194,7.76,25,74,100,31,95,1
195,7.8,24,179,47,67,23,1
195,7.8,25,73,100,32,95,1
196,7.84,25,73,101,31,91,1
197,7.88,25,73,101,32,94,1
197,7.88,27,81,105,22,51,1
198,7.92,24,182,46,64,23,1
198,7.92,25,73,101,32,96,1
199,7.96,25,72,101,32,93,1
200,8.0,24,181,46,65,23,1
200,8.0,25,73,101,30,85,1
201,8.04,25,72,102,32,91,1
201,8.04,27,81,106,23,50,1
202,8.08,25,72,102,31,88,1
203,8.12,25,80,127,22,60,1
203,8.12,27,80,106,18,40,1
204,8.16,24,183,46,60,22,1
204,8.16,27,80,106,19,40,1
205,8.2,25,72,103,24,66,1
205,8.2,27,80,106,19,32,1
205,8.2,28,130,257,46,17,1
206,8.24,24,183,45,60,23,1
206,8.24,25,72,103,24,66,1
206,8.24,27,80,108,24,39,1
207,8.28,25,72,103,24,67,1
208,8.32,25,72,104,24,67,1
209,8.36,25,72,104,24,66,1
210,8.4,24,182,45,61,23,1
210,8.4,25,70,104,24,60,1
211,8.44,25,71,103,23,61,1
212,8.48,25,71,104,20,54,1
213,8.52,29,274,196,20,19,1
214,8.56,29,278,196,16,18,1
215,8.6,24,181,45,60,23,1
215,8.6,29,278,194,16,23,1
216,8.64,29,278,191,16,22,1
217,8.68,29,278,190,16,22,1
218,8.72,,,,,,1
219,8.76,29,273,185,29,29,1
220,8.8,29,273,189,21,25,1
221,8.84,,,,,,1
222,8.88,30,133,256,50,21,1
223,8.92,,,,,,1
224,8.96,29,274,172,21,43,1
225,9.0,29,277,178,18,34,1
226,9.04,29,275,178,21,34,1
226,9.04,30,135,252,60,25,1
227,9.08,29,276,178,20,34,1
228,9.12,29,275,193,21,18,1
228,9.12,30,135,250,66,27,1
228,9.12,31,288,175,16,37,1
229,9.16,31,275,170,21,41,1
230,9.2,29,287,168,17,43,1
230,9.2,30,135,249,69,29,1
230,9.2,31,275,169,16,31,1
230,9.2,32,207,208,17,24,1
231,9.24,29,274,165,32,47,1
231,9.24,31,258,168,18,24,1
231,9.24,32,206,208,18,24,1
231,9.24,33,136,197,22,25,1
232,9.28,29,275,165,30,46,1
232,9.28,31,258,168,19,24,1
232,9.28,32,208,208,16,24,1
232,9.28,33,136,190,16,32,1
233,9.32,29,275,164,31,47,1
233,9.32,30,134,256,53,21,1
233,9.32,31,266,168,24,23,1
233,9.32,32,207,208,17,24,1
234,9.36,29,266,163,40,48,1
234,9.36,32,209,208,17,24,1
234,9.36,33,118,208,27,19,1
235,9.4,29,279,169,27,42,1
235,9.4,31,260,174,10,27,1
235,9.4,32,210,208,16,18,1
236,9.44,29,277,189,28,19,1
236,9.44,30,138,256,50,22,1
236,9.44,31,269,168,20,18,1
236,9.44,32,210,208,16,24,1
237,9.48,29,279,161,28,50,1
237,9.48,30,138,251,47,27,1
237,9.48,32,211,208,15,22,1
237,9.48,33,143,189,17,33,1
238,9.52,29,282,161,26,50,1
238,9.52,32,211,208,16,24,1
238,9.52,33,144,189,16,33,1
238,9.52,34,197,186,11,29,1
239,9.56,29,281,158,26,53,1
239,9.56,32,212,208,16,24,1
239,9.56,33,144,189,16,33,1
239,9.56,34,197,185,11,31,1
239,9.56,35,118,208,22,18,1
240,9.6,29,279,157,29,54,1
240,9.6,30,141,253,56,25,1
240,9.6,31,258,167,20,31,1
240,9.6,33,144,188,16,34,1
241,9.64,29,269,156,39,54,1
241,9.64,30,140,259,31,20,1
241,9.64,31,260,173,13,29,1
241,9.64,32,219,210,9,22,1
241,9.64,33,144,188,11,31,1
241,9.64,34,234,182,16,19,1
242,9.68,29,266,158,34,50,1
242,9.68,31,260,173,13,29,1
242,9.68,32,212,208,18,24,1
242,9.68,33,141,188,21,34,1
242,9.68,34,234,182,17,19,1
242,9.68,35,121,214,15,37,1
243,9.72,29,268,155,41,54,1
243,9.72,31,258,172,19,37,1
243,9.72,32,212,208,20,23,1
243,9.72,33,144,188,18,34,1
244,9.76,29,267,152,42,57,1
244,9.76,30,142,257,32,22,1
244,9.76,31,259,172,13,29,1
244,9.76,32,212,208,19,23,1
244,9.76,33,144,188,18,34,1
245,9.8,29,278,151,31,58,1
245,9.8,30,142,253,42,26,1
245,9.8,31,260,172,18,38,1
245,9.8,32,213,208,19,24,1
245,9.8,33,139,189,23,35,1
245,9.8,34,192,181,18,30,1
245,9.8,35,122,211,16,40,1
246,9.84,29,278,156,32,53,1
246,9.84,30,142,254,48,25,1
246,9.84,31,260,172,13,29,1
246,9.84,32,213,208,18,23,1
246,9.84,33,145,189,18,33,1
246,9.84,34,192,184,18,26,1
246,9.84,36,159,156,11,30,1
246,9.84,37,268,166,12,16,1
247,9.88,29,262,156,48,53,1
247,9.88,32,221,210,10,21,1
247,9.88,33,140,189,24,45,1
247,9.88,34,192,181,18,29,1
247,9.88,35,123,211,16,15,1
247,9.88,36,159,156,12,28,1
247,9.88,38,118,160,20,23,1
248,9.92,29,262,155,48,54,1
248,9.92,30,144,257,32,22,1
248,9.92,32,214,208,19,23,1
248,9.92,33,140,189,24,35,1
248,9.92,34,192,180,16,19,1
248,9.92,35,122,213,17,37,1
248,9.92,36,158,156,13,26,1
248,9.92,38,120,160,19,23,1
248,9.92,39,96,125,12,30,1
249,9.96,29,263,154,48,55,1
249,9.96,30,143,257,32,22,1
249,9.96,31,212,172,10,28,1
249,9.96,32,215,208,17,24,1
249,9.96,33,140,191,24,33,1
249,9.96,34,188,180,19,20,1
249,9.96,35,121,213,18,36,1
249,9.96,36,158,156,14,30,1
249,9.96,38,138,175,7,32,1
249,9.96,39,95,124,13,31,1
250,10.0,29,260,151,51,58,1
250,10.0,30,143,258,32,21,1
250,10.0,31,212,172,11,28,1
250,10.0,32,213,208,20,24,1
250,10.0,33,142,189,29,43,1
250,10.0,34,188,179,23,20,1
250,10.0,35,124,214,17,39,1
250,10.0,36,154,156,18,30,1
250,10.0,38,121,161,19,16,1
250,10.0,39,95,127,15,23,1
251,10.04,29,272,149,40,60,1
251,10.04,30,142,256,37,23,1
251,10.04,31,212,172,11,28,1
251,10.04,32,215,208,17,24,1
251,10.04,33,142,189,28,43,1
251,10.04,34,188,178,24,21,1
251,10.04,35,123,214,18,39,1
251,10.04,36,154,156,19,30,1
251,10.04,37,260,172,14,27,1
251,10.04,38,121,160,24,46,1
251,10.04,39,95,127,15,24,1
252,10.08,29,263,143,49,65,1
252,10.08,30,146,256,33,23,1
252,10.08,31,212,171,11,29,1
252,10.08,32,223,210,9,21,1
252,10.08,33,142,190,24,34,1
252,10.08,34,188,180,22,36,1
252,10.08,35,116,201,24,40,1
252,10.08,38,121,158,19,20,1
252,10.08,39,95,127,15,27,1
253,10.12,29,262,143,51,64,1
253,10.12,30,147,257,32,23,1
253,10.12,32,215,208,18,23,1
253,10.12,33,142,190,24,34,1
253,10.12,34,188,180,21,17,1
253,10.12,35,124,214,17,36,1
253,10.12,36,155,156,19,30,1
253,10.12,38,121,158,19,20,1
253,10.12,39,95,127,15,27,1
254,10.16,29,270,140,43,68,1
254,10.16,30,147,256,35,24,1
254,10.16,31,212,171,11,28,1
254,10.16,32,216,208,19,23,1
254,10.16,33,143,190,23,34,1
254,10.16,34,195,180,16,36,1
254,10.16,35,124,214,16,13,1
254,10.16,36,159,169,19,18,1
254,10.16,37,265,172,11,28,1
254,10.16,38,122,158,18,21,1
254,10.16,39,95,124,15,30,1
254,10.16,40,210,114,20,22,1
254,10.16,41,228,180,26,18,1
255,10.2,29,272,139,42,68,1
255,10.2,30,146,256,36,24,1
255,10.2,31,212,171,11,28,1
255,10.2,32,215,208,20,23,1
255,10.2,33,143,191,23,33,1
255,10.2,34,196,180,13,19,1
255,10.2,35,115,195,26,53,1
255,10.2,36,159,169,14,18,1
255,10.2,37,262,171,14,30,1
255,10.2,38,122,159,19,20,1
255,10.2,39,95,124,15,29,1
255,10.2,41,237,180,18,20,1
256,10.24,29,263,144,51,65,1
256,10.24,30,148,256,35,24,1
256,10.24,31,212,171,11,29,1
256,10.24,32,215,208,20,22,1
256,10.24,33,143,190,24,34,1
256,10.24,34,196,177,16,39,1
256,10.24,35,122,211,20,38,1
256,10.24,38,120,159,22,20,1
256,10.24,39,96,124,14,28,1
256,10.24,41,229,185,16,15,1
257,10.28,29,264,134,50,75,1
257,10.28,30,147,251,47,29,1
257,10.28,32,215,208,20,22,1
257,10.28,33,143,191,25,33,1
257,10.28,34,196,171,28,45,1
257,10.28,35,115,194,28,57,1
257,10.28,36,155,156,20,21,1
257,10.28,38,124,159,18,20,1
257,10.28,39,96,126,15,26,1
257,10.28,40,217,120,15,16,1
258,10.32,29,264,134,51,74,1
258,10.32,31,213,171,11,29,1
258,10.32,32,216,207,20,24,1
258,10.32,33,143,190,25,34,1
258,10.32,34,190,176,24,23,1
258,10.32,35,114,191,29,60,1
258,10.32,36,156,166,20,22,1
258,10.32,38,125,158,17,21,1
258,10.32,39,97,126,14,26,1
258,10.32,40,214,121,18,30,1
258,10.32,41,238,180,18,18,1
259,10.36,29,265,134,50,75,1
259,10.36,30,149,257,34,23,1
259,10.36,31,215,171,9,29,1
259,10.36,32,219,208,17,22,1
259,10.36,34,190,176,24,40,1
259,10.36,35,114,190,54,61,1
259,10.36,36,156,167,20,21,1
259,10.36,38,125,159,17,20,1
259,10.36,39,97,126,15,26,1
259,10.36,40,211,120,21,31,1
259,10.36,42,197,234,18,14,1
260,10.4,29,265,131,50,77,1
260,10.4,30,148,257,35,23,1
260,10.4,31,215,170,10,30,1
260,10.4,32,217,207,19,23,1
260,10.4,34,197,176,17,40,1
260,10.4,35,114,190,54,62,1
260,10.4,38,125,159,17,20,1
260,10.4,39,97,127,15,25,1
260,10.4,40,217,121,15,29,1
261,10.44,29,267,124,49,83,1
261,10.44,30,148,249,53,31,1
261,10.44,31,216,171,9,29,1
261,10.44,32,217,207,19,24,1
261,10.44,33,132,171,17,29,1
261,10.44,34,197,176,18,40,1
261,10.44,35,114,189,56,64,1
261,10.44,36,157,167,25,21,1
261,10.44,38,122,160,21,20,1
261,10.44,39,97,129,12,21,1
262,10.48,29,267,129,50,79,1
262,10.48,30,151,249,50,31,1
262,10.48,32,216,207,22,23,1
262,10.48,33,133,181,16,19,1
262,10.48,34,191,171,35,45,1
262,10.48,35,120,190,50,63,1
262,10.48,38,125,156,19,25,1
262,10.48,39,97,129,13,21,1
262,10.48,40,216,118,18,31,1
262,10.48,43,249,113,17,25,1
263,10.52,29,267,133,49,75,1
263,10.52,30,152,249,50,31,1
263,10.52,32,218,207,20,23,1
263,10.52,33,113,185,24,42,1
263,10.52,34,191,170,35,30,1
263,10.52,35,143,191,27,33,1
263,10.52,38,124,156,26,44,1
263,10.52,39,97,127,13,23,1
263,10.52,40,216,119,18,30,1
263,10.52,41,239,179,19,19,1
263,10.52,43,249,113,18,25,1
264,10.56,29,267,133,50,74,1
264,10.56,30,152,249,49,32,1
264,10.56,31,231,152,21,12,1
264,10.56,32,219,206,19,24,1
264,10.56,33,114,188,33,64,1
264,10.56,34,199,171,27,29,1
264,10.56,35,149,192,21,32,1
264,10.56,38,124,161,20,20,1
264,10.56,39,96,127,14,22,1
264,10.56,40,213,119,21,35,1
264,10.56,41,238,179,20,19,1
264,10.56,43,245,110,22,28,1
265,10.6,29,266,129,51,77,1
265,10.6,30,150,249,52,32,1
265,10.6,31,231,152,22,13,1
265,10.6,32,219,207,19,23,1
265,10.6,33,113,184,34,68,1
265,10.6,34,199,176,17,22,1
265,10.6,35,144,191,27,33,1
265,10.6,36,158,167,18,21,1
265,10.6,38,124,162,21,23,1
265,10.6,39,96,126,14,23,1
265,10.6,40,210,112,24,43,1
265,10.6,41,215,171,11,29,1
265,10.6,43,249,112,19,26,1
265,10.6,44,104,144,12,25,1
265,10.6,45,133,188,18,13,1
266,10.64,29,268,125,50,82,1
266,10.64,30,150,249,52,33,1
266,10.64,32,218,207,20,24,1
266,10.64,33,113,185,35,67,1
266,10.64,34,199,178,16,20,1
266,10.64,35,149,190,23,46,1
266,10.64,38,126,156,25,44,1
266,10.64,39,96,126,15,23,1
266,10.64,40,212,119,22,36,1
266,10.64,41,215,171,13,29,1
266,10.64,43,252,112,16,26,1
267,10.68,29,268,120,50,88,1
267,10.68,30,154,248,52,33,1
267,10.68,32,218,206,21,24,1
267,10.68,33,113,183,35,69,1
267,10.68,34,194,178,23,20,1
267,10.68,35,144,204,28,32,1
267,10.68,37,242,178,18,20,1
267,10.68,38,126,162,24,24,1
267,10.68,39,99,126,12,22,1
267,10.68,40,215,119,19,38,1
267,10.68,41,217,171,11,26,1
267,10.68,42,202,234,17,14,1
267,10.68,43,252,112,16,25,1
267,10.68,44,105,143,11,25,1
268,10.72,29,268,121,51,85,1
268,10.72,30,155,234,64,48,1
268,10.72,32,221,206,19,24,1
268,10.72,33,113,183,36,69,1
268,10.72,34,195,170,33,28,1
268,10.72,35,145,191,27,45,1
268,10.72,37,233,178,27,21,1
268,10.72,38,126,162,20,24,1
268,10.72,39,100,126,12,22,1
268,10.72,40,214,119,24,36,1
268,10.72,43,252,112,16,26,1
269,10.76,29,267,129,53,78,1
269,10.76,30,156,246,70,36,1
269,10.76,32,221,206,20,24,1
269,10.76,33,113,183,60,70,1
269,10.76,34,195,179,23,37,1
269,10.76,38,126,162,20,24,1
269,10.76,39,120,94,24,15,1
269,10.76,40,209,112,29,46,1
269,10.76,41,218,171,10,26,1
269,10.76,43,252,112,17,23,1
270,10.8,29,274,127,46,78,1
270,10.8,30,153,248,66,34,1
270,10.8,31,267,168,21,39,1
270,10.8,32,220,206,21,24,1
270,10.8,33,114,183,60,70,1
270,10.8,34,196,179,22,37,1
270,10.8,37,232,178,29,20,1
270,10.8,38,126,162,27,40,1
270,10.8,39,124,96,20,14,1
270,10.8,40,209,112,29,46,1
270,10.8,41,219,170,9,24,1
270,10.8,43,252,112,17,25,1
270,10.8,44,100,128,12,16,1
271,10.84,29,268,125,52,81,1
271,10.84,30,155,248,53,34,1
271,10.84,31,235,152,21,12,1
271,10.84,32,220,206,21,24,1
271,10.84,33,122,190,52,62,1
271,10.84,34,197,177,22,39,1
271,10.84,36,160,158,18,30,1
271,10.84,37,243,178,19,20,1
271,10.84,38,126,162,22,30,1
271,10.84,39,125,94,20,16,1
271,10.84,40,209,119,29,41,1
271,10.84,41,219,171,11,27,1
271,10.84,43,252,112,18,26,1
271,10.84,44,100,129,13,14,1
272,10.88,29,270,117,50,90,1
272,10.88,30,157,248,52,34,1
272,10.88,31,235,152,21,12,1
272,10.88,32,223,206,20,24,1
272,10.88,33,115,183,59,69,1
272,10.88,34,197,170,33,46,1
272,10.88,36,160,158,18,12,1
272,10.88,37,244,178,18,20,1
272,10.88,38,129,163,23,28,1
272,10.88,40,210,118,26,40,1
272,10.88,41,233,174,10,24,1
272,10.88,44,100,128,13,15,1
272,10.88,45,108,145,10,24,1
272,10.88,46,274,185,15,19,1
273,10.92,29,274,118,46,87,1
273,10.92,30,158,248,51,34,1
273,10.92,31,235,152,21,12,1
273,10.92,32,223,206,21,24,1
273,10.92,33,113,178,63,74,1
273,10.92,34,197,170,33,46,1
273,10.92,35,134,172,21,30,1
273,10.92,37,235,178,27,20,1
273,10.92,38,129,163,20,19,1
273,10.92,39,103,92,43,22,1
273,10.92,40,212,112,28,46,1
273,10.92,45,100,128,19,42,1
273,10.92,46,275,184,15,22,1
274,10.96,29,271,117,49,89,1
274,10.96,30,158,234,63,48,1
274,10.96,31,235,152,21,12,1
274,10.96,32,222,206,22,24,1
274,10.96,33,113,178,39,74,1
274,10.96,34,197,170,34,28,1
274,10.96,35,134,189,20,13,1
274,10.96,36,162,170,25,18,1
274,10.96,37,234,184,19,14,1
274,10.96,38,129,163,19,25,1
274,10.96,40,213,118,27,40,1
274,10.96,45,100,128,20,43,1
274,10.96,47,154,192,22,44,1
275,11.0,29,271,119,49,86,1
275,11.0,30,159,246,70,36,1
275,11.0,31,235,152,22,12,1
275,11.0,32,224,206,20,24,1
275,11.0,33,118,188,35,64,1
275,11.0,34,197,170,35,30,1
275,11.0,35,136,172,19,30,1
275,11.0,36,160,158,20,30,1
275,11.0,37,244,178,20,20,1
275,11.0,38,128,162,21,26,1
275,11.0,40,214,118,26,42,1
275,11.0,43,253,111,18,26,1
275,11.0,45,100,129,20,41,1
275,11.0,46,276,184,15,21,1
275,11.0,47,154,192,22,44,1
276,11.04,29,272,119,48,85,1
276,11.04,30,160,234,64,48,1
276,11.04,31,236,151,21,13,1
276,11.04,32,226,206,18,22,1
276,11.04,33,114,181,40,72,1
276,11.04,34,197,170,35,46,1
276,11.04,35,128,162,28,40,1
276,11.04,37,245,178,19,20,1
276,11.04,39,103,94,45,21,1
276,11.04,40,214,112,26,48,1
276,11.04,43,253,112,19,24,1
276,11.04,45,100,129,18,28,1
276,11.04,47,154,192,22,44,1
277,11.08,29,272,118,48,86,1
277,11.08,30,164,234,67,42,1
277,11.08,31,237,151,21,13,1
277,11.08,32,227,206,19,22,1
277,11.08,33,110,159,44,94,1
277,11.08,34,197,179,25,37,1
277,11.08,35,130,158,26,44,1
277,11.08,36,161,158,20,30,1
277,11.08,37,233,173,31,25,1
277,11.08,39,134,94,14,16,1
277,11.08,40,214,135,27,25,1
277,11.08,41,218,170,14,24,1
277,11.08,43,252,112,20,24,1
277,11.08,45,100,128,18,28,1
277,11.08,46,277,182,15,24,1
277,11.08,47,154,192,24,44,1
277,11.08,48,169,104,12,22,1
277,11.08,49,220,112,18,23,1
278,11.12,29,272,109,48,96,1
278,11.12,30,160,234,64,48,1
278,11.12,31,236,151,22,13,1
278,11.12,32,227,206,19,22,1
278,11.12,33,126,201,29,52,1
278,11.12,34,197,170,35,46,1
278,11.12,35,131,158,26,44,1
278,11.12,36,164,170,26,18,1
278,11.12,37,237,183,18,15,1
278,11.12,40,214,112,28,48,1
278,11.12,43,249,108,23,28,1
278,11.12,44,102,128,14,16,1
278,11.12,46,279,182,13,24,1
278,11.12,47,155,192,29,45,1
279,11.16,29,272,109,48,94,1
279,11.16,30,158,234,65,48,1
279,11.16,31,238,151,21,13,1
279,11.16,32,228,206,19,22,1
279,11.16,33,127,192,51,61,1
279,11.16,34,199,179,24,37,1
279,11.16,35,130,158,28,44,1
279,11.16,36,159,158,31,30,1
279,11.16,37,247,177,19,20,1
279,11.16,39,103,94,40,23,1
279,11.16,40,214,112,28,47,1
279,11.16,41,219,170,15,28,1
279,11.16,43,250,108,22,30,1
279,11.16,44,101,129,15,15,1
279,11.16,46,277,182,16,24,1
280,11.2,29,272,109,48,97,1
280,11.2,30,163,247,61,36,1
280,11.2,31,238,151,22,13,1
280,11.2,32,228,206,19,22,1
280,11.2,33,110,158,45,94,1
280,11.2,34,199,170,35,46,1
280,11.2,35,133,184,25,18,1
280,11.2,36,166,158,17,30,1
280,11.2,37,246,177,20,18,1
280,11.2,38,130,163,21,19,1
280,11.2,40,215,112,27,48,1
280,11.2,42,210,234,19,14,1
280,11.2,43,252,110,22,27,1
280,11.2,44,101,130,15,14,1
280,11.2,47,156,192,24,45,1
280,11.2,48,170,105,11,22,1
281,11.24,29,272,110,48,96,1
281,11.24,30,163,247,54,36,1
281,11.24,31,238,150,22,13,1
281,11.24,32,228,206,20,23,1
281,11.24,33,110,158,47,95,1
281,11.24,34,199,170,35,46,1
281,11.24,37,239,177,27,19,1
281,11.24,38,130,158,29,44,1
281,11.24,40,216,112,27,48,1
281,11.24,42,208,234,20,14,1
281,11.24,43,255,110,19,27,1
281,11.24,44,101,130,15,15,1
281,11.24,47,156,192,24,45,1
281,11.24,48,170,105,12,21,1
282,11.28,29,250,108,70,97,1
282,11.28,30,163,234,67,49,1
282,11.28,31,238,150,22,13,1
282,11.28,32,229,206,19,23,1
282,11.28,33,109,158,78,95,1
282,11.28,34,200,170,35,46,1
282,11.28,35,134,174,25,28,1
282,11.28,37,239,182,18,14,1
282,11.28,38,133,158,20,25,1
282,11.28,39,121,93,29,17,1
282,11.28,40,213,112,31,52,1
282,11.28,44,95,126,22,19,1
282,11.28,46,258,176,9,18,1
282,11.28,48,170,105,12,22,1
283,11.32,29,251,106,69,99,1
283,11.32,30,164,234,66,49,1
283,11.32,31,239,150,22,13,1
283,11.32,32,231,206,17,22,1
283,11.32,33,120,184,61,69,1
283,11.32,34,200,170,46,46,1
283,11.32,36,160,159,22,16,1
283,11.32,37,239,176,29,20,1
283,11.32,38,133,163,20,20,1
283,11.32,39,133,96,17,14,1
283,11.32,40,217,112,27,48,1
283,11.32,44,95,126,22,19,1
283,11.32,45,109,158,15,26,1
284,11.36,29,252,105,68,100,1
284,11.36,30,165,234,66,49,1
284,11.36,31,240,150,22,13,1
284,11.36,32,231,206,18,22,1
284,11.36,33,124,192,58,60,1
284,11.36,34,200,170,36,46,1
284,11.36,35,134,175,26,27,1
284,11.36,36,169,159,23,29,1
284,11.36,37,240,176,28,20,1
284,11.36,38,132,163,22,19,1
284,11.36,39,103,90,50,27,1
284,11.36,40,216,112,28,48,1
284,11.36,45,107,130,17,53,1
285,11.4,29,252,104,68,100,1
285,11.4,30,166,234,69,49,1
285,11.4,31,240,150,22,13,1
285,11.4,32,231,206,19,22,1
285,11.4,33,110,158,49,95,1
285,11.4,34,201,180,25,36,1
285,11.4,35,134,183,26,19,1
285,11.4,36,161,159,32,29,1
285,11.4,37,241,182,17,14,1
285,11.4,38,133,164,21,19,1
285,11.4,39,104,94,46,24,1
285,11.4,40,216,112,28,48,1
285,11.4,41,222,170,14,22,1
285,11.4,44,89,121,17,21,1
285,11.4,45,108,131,14,27,1
285,11.4,47,158,192,30,46,1
285,11.4,49,195,132,13,14,1
286,11.44,29,254,106,66,98,1
286,11.44,30,167,234,68,49,1
286,11.44,31,241,150,21,13,1
286,11.44,32,233,206,17,22,1
286,11.44,33,108,131,82,122,1
286,11.44,34,201,175,26,41,1
286,11.44,35,134,184,27,18,1
286,11.44,36,163,159,30,29,1
286,11.44,37,241,176,29,20,1
286,11.44,38,132,158,22,25,1
286,11.44,39,133,92,19,20,1
286,11.44,40,215,112,31,52,1
286,11.44,41,225,170,12,22,1
286,11.44,44,89,120,18,22,1
286,11.44,49,195,133,13,13,1
287,11.48,29,258,102,62,102,1
287,11.48,30,168,234,63,49,1
287,11.48,31,241,150,21,13,1
287,11.48,32,233,206,18,22,1
287,11.48,33,134,178,27,25,1
287,11.48,34,203,170,35,46,1
287,11.48,36,163,159,24,29,1
287,11.48,37,240,176,30,20,1
287,11.48,38,132,163,22,19,1
287,11.48,39,104,95,47,24,1
287,11.48,40,217,112,29,48,1
287,11.48,44,89,120,17,22,1
287,11.48,45,108,131,17,53,1
287,11.48,47,121,185,69,68,1
287,11.48,49,180,144,14,14,1
288,11.52,29,258,105,62,99,1
288,11.52,30,168,234,69,49,1
288,11.52,31,241,150,21,12,1
288,11.52,32,233,205,18,23,1
288,11.52,33,134,176,28,28,1
288,11.52,34,204,170,37,46,1
288,11.52,35,158,192,26,46,1
288,11.52,36,172,159,22,29,1
288,11.52,38,132,159,23,23,1
288,11.52,39,104,90,53,30,1
288,11.52,40,215,112,31,52,1
288,11.52,45,109,130,31,58,1
288,11.52,47,124,189,36,64,1
288,11.52,48,175,107,18,36,1
288,11.52,49,180,144,14,16,1
289,11.56,29,269,98,51,105,1
289,11.56,30,167,234,66,49,1
289,11.56,31,241,150,23,12,1
289,11.56,32,235,206,17,22,1
289,11.56,33,134,186,29,18,1
289,11.56,34,204,170,34,46,1
289,11.56,36,163,159,32,29,1
289,11.56,37,242,183,19,13,1
289,11.56,38,132,159,30,33,1
289,11.56,39,129,92,24,20,1
289,11.56,40,216,112,30,52,1
289,11.56,43,256,110,12,17,1
289,11.56,44,108,131,16,27,1
289,11.56,45,112,160,14,28,1
289,11.56,46,261,176,9,18,1
289,11.56,47,124,188,60,64,1
289,11.56,48,183,125,27,21,1
290,11.6,29,254,99,66,104,1
290,11.6,30,168,234,73,49,1
290,11.6,31,243,150,21,12,1
290,11.6,32,235,205,17,23,1
290,11.6,33,134,174,29,30,1
290,11.6,34,219,187,10,23,1
290,11.6,35,162,192,23,46,1
290,11.6,36,166,159,22,29,1
290,11.6,37,242,176,30,20,1
290,11.6,38,132,159,25,25,1
290,11.6,39,104,90,54,31,1
290,11.6,40,217,118,29,46,1
290,11.6,41,204,170,35,25,1
290,11.6,43,218,112,15,19,1
290,11.6,44,108,131,16,27,1
290,11.6,45,109,159,17,19,1
290,11.6,47,124,188,37,64,1
290,11.6,48,176,111,34,35,1
291,11.64,29,254,100,66,104,1
291,11.64,30,169,234,67,50,1
291,11.64,31,243,150,21,12,1
291,11.64,32,232,205,20,23,1
291,11.64,33,147,179,17,25,1
291,11.64,34,205,180,25,36,1
291,11.64,36,163,160,33,28,1
291,11.64,38,132,160,24,39,1
291,11.64,39,138,90,19,22,1
291,11.64,40,217,112,30,52,1
291,11.64,41,224,170,15,22,1
291,11.64,43,198,122,17,24,1
291,11.64,45,108,156,19,29,1
291,11.64,46,252,176,20,18,1
291,11.64,47,125,190,61,63,1
291,11.64,48,176,111,21,30,1
292,11.68,29,259,102,61,101,1
292,11.68,30,171,234,63,49,1
292,11.68,31,243,150,22,12,1
292,11.68,32,232,205,22,23,1
292,11.68,36,167,160,19,14,1
292,11.68,38,135,159,22,40,1
292,11.68,39,104,93,48,28,1
292,11.68,40,217,112,31,52,1
292,11.68,41,219,170,21,46,1
292,11.68,43,198,133,14,13,1
292,11.68,44,108,132,14,15,1
292,11.68,45,109,148,19,37,1
292,11.68,46,252,176,20,19,1
292,11.68,47,126,189,60,63,1
292,11.68,48,176,110,21,32,1
292,11.68,50,90,124,16,15,1
293,11.72,29,259,101,61,102,1
293,11.72,30,170,234,72,49,1
293,11.72,31,244,150,22,12,1
293,11.72,32,236,205,18,23,1
293,11.72,35,170,245,12,15,1
293,11.72,36,168,160,28,28,1
293,11.72,37,244,182,20,13,1
293,11.72,38,139,160,26,32,1
293,11.72,39,104,90,54,32,1
293,11.72,40,218,112,30,52,1
293,11.72,41,206,170,34,46,1
293,11.72,43,198,133,14,13,1
293,11.72,45,109,148,19,32,1
293,11.72,46,264,176,8,18,1
293,11.72,47,126,187,61,64,1
293,11.72,48,177,110,21,31,1
293,11.72,50,91,124,16,23,1
294,11.76,29,270,94,50,108,1
294,11.76,30,172,234,71,50,1
294,11.76,31,244,150,22,12,1
294,11.76,32,236,205,18,23,1
294,11.76,34,211,181,21,35,1
294,11.76,36,169,160,21,28,1
294,11.76,37,244,176,29,20,1
294,11.76,38,139,160,19,25,1
294,11.76,39,138,92,17,22,1
294,11.76,40,218,134,30,30,1
294,11.76,41,226,170,16,23,1
294,11.76,43,199,132,13,14,1
294,11.76,45,108,148,20,36,1
294,11.76,47,130,192,58,59,1
294,11.76,48,177,109,22,33,1
294,11.76,50,91,125,17,22,1
294,11.76,51,220,112,24,21,1
294,11.76,52,256,107,14,20,1
295,11.8,29,256,97,64,105,1
295,11.8,30,172,234,68,50,1
295,11.8,31,245,150,21,12,1
295,11.8,32,234,205,21,23,1
295,11.8,34,211,169,30,47,1
295,11.8,35,171,245,12,15,1
295,11.8,36,172,160,26,28,1
295,11.8,37,244,172,30,24,1
295,11.8,38,138,160,20,25,1
295,11.8,39,138,86,29,27,1
295,11.8,40,219,112,30,52,1
295,11.8,43,199,132,13,14,1
295,11.8,44,105,103,32,19,1
295,11.8,45,112,133,17,51,1
295,11.8,47,126,186,62,63,1
295,11.8,48,177,109,22,32,1
295,11.8,50,92,126,16,18,1
296,11.84,29,258,83,62,119,1
296,11.84,30,173,234,65,50,1
296,11.84,31,245,150,21,12,1
296,11.84,32,239,205,17,23,1
296,11.84,34,212,179,21,37,1
296,11.84,35,172,245,12,15,1
296,11.84,36,174,160,24,29,1
296,11.84,37,246,183,18,13,1
296,11.84,38,138,160,21,25,1
296,11.84,39,138,88,25,26,1
296,11.84,40,219,112,31,52,1
296,11.84,41,228,169,13,23,1
296,11.84,43,200,130,18,16,1
296,11.84,45,113,133,15,29,1
296,11.84,46,265,175,9,18,1
296,11.84,47,127,174,62,78,1
296,11.84,48,178,109,21,33,1
296,11.84,50,109,155,21,32,1
297,11.88,29,270,90,50,112,1
297,11.88,30,174,234,72,50,1
297,11.88,31,246,150,22,12,1
297,11.88,32,239,205,17,23,1
297,11.88,33,155,175,13,29,1
297,11.88,34,211,185,23,31,1
297,11.88,35,172,245,12,15,1
297,11.88,36,174,160,25,29,1
297,11.88,37,246,175,29,21,1
297,11.88,38,137,160,24,38,1
297,11.88,39,135,94,19,20,1
297,11.88,40,219,112,31,52,1
297,11.88,41,222,169,20,23,1
297,11.88,43,200,122,18,24,1
297,11.88,44,92,125,16,16,1
297,11.88,45,108,132,22,44,1
297,11.88,47,131,193,59,56,1
297,11.88,48,170,109,29,33,1
297,11.88,52,259,109,28,29,1
298,11.92,29,270,88,50,114,1
298,11.92,30,175,234,69,50,1
298,11.92,31,247,150,21,12,1
298,11.92,32,236,205,21,23,1
298,11.92,36,174,160,26,28,1
298,11.92,38,142,160,19,25,1
298,11.92,39,138,89,25,25,1
298,11.92,40,220,111,30,53,1
298,11.92,41,222,169,21,47,1
298,11.92,43,200,132,14,14,1
298,11.92,46,256,175,20,21,1
298,11.92,47,132,193,58,56,1
298,11.92,48,179,111,19,31,1
298,11.92,50,109,149,21,28,1
298,11.92,51,253,79,13,21,1
298,11.92,52,257,106,30,31,1
298,11.92,53,242,38,14,24,1
299,11.96,29,257,89,63,113,1
299,11.96,30,176,234,71,50,1
299,11.96,31,247,149,21,13,1
299,11.96,32,239,204,19,24,1
299,11.96,33,161,175,8,29,1
299,11.96,36,175,160,25,29,1
299,11.96,37,248,175,28,21,1
299,11.96,38,140,166,21,18,1
299,11.96,39,114,89,49,29,1
299,11.96,40,220,112,30,52,1
299,11.96,41,223,169,21,47,1
299,11.96,43,201,132,13,14,1
299,11.96,45,110,133,19,27,1
299,11.96,47,128,187,62,62,1
299,11.96,48,179,111,20,32,1
299,11.96,50,109,154,23,31,1
299,11.96,51,254,80,12,20,1
299,11.96,53,242,37,15,26,1
300,12.0,29,258,89,62,112,1
300,12.0,30,177,234,66,49,1
300,12.0,31,247,149,21,13,1
300,12.0,32,239,204,19,23,1
300,12.0,33,168,194,24,34,1
300,12.0,36,174,160,19,29,1
300,12.0,37,249,180,17,15,1
300,12.0,38,141,165,20,20,1
300,12.0,39,105,87,63,38,1
300,12.0,40,225,111,27,37,1
300,12.0,41,215,169,29,46,1
300,12.0,43,201,132,13,14,1
300,12.0,44,94,126,16,15,1
300,12.0,46,267,174,9,18,1
300,12.0,47,127,184,40,65,1
300,12.0,48,179,111,20,31,1
300,12.0,49,220,143,20,21,1
300,12.0,50,107,149,25,34,1
301,12.04,29,260,88,60,113,1
301,12.04,30,178,234,68,49,1
301,12.04,31,246,148,24,14,1
301,12.04,32,238,204,21,23,1
301,12.04,34,225,187,11,29,1
301,12.04,36,176,160,25,28,1
301,12.04,37,249,174,28,20,1
301,12.04,38,144,166,19,19,1
301,12.04,39,109,96,47,26,1
301,12.04,40,221,112,31,52,1
301,12.04,41,231,169,13,23,1
301,12.04,43,181,126,35,20,1
301,12.04,45,113,134,13,14,1
301,12.04,47,127,182,71,66,1
301,12.04,50,108,151,24,29,1
302,12.08,29,263,84,57,117,1
302,12.08,30,179,234,65,50,1
302,12.08,31,248,148,22,14,1
302,12.08,32,238,204,22,23,1
302,12.08,33,169,194,23,34,1
302,12.08,34,216,169,40,47,1
302,12.08,36,175,160,27,29,1
302,12.08,37,250,174,28,20,1
302,12.08,38,143,166,20,18,1
302,12.08,39,139,87,29,27,1
302,12.08,40,221,111,31,53,1
302,12.08,43,174,124,42,22,1
302,12.08,47,110,152,60,96,1
303,12.12,29,258,86,62,115,1
303,12.12,30,180,234,75,50,1
303,12.12,31,248,148,22,14,1
303,12.12,32,241,204,19,22,1
303,12.12,33,170,194,30,40,1
303,12.12,34,218,169,28,47,1
303,12.12,36,177,160,26,28,1
303,12.12,37,250,180,17,14,1
303,12.12,38,143,166,20,19,1
303,12.12,39,138,99,19,15,1
303,12.12,40,221,112,31,52,1
303,12.12,43,203,132,13,14,1
303,12.12,46,268,174,10,18,1
303,12.12,47,131,189,39,60,1
303,12.12,48,172,109,28,34,1
303,12.12,50,108,149,26,33,1
303,12.12,53,242,37,13,26,1
304,12.16,29,260,83,60,118,1
304,12.16,30,180,234,72,50,1
304,12.16,31,249,148,21,14,1
304,12.16,32,241,204,20,22,1
304,12.16,33,170,194,24,45,1
304,12.16,34,218,168,28,47,1
304,12.16,36,177,160,26,28,1
304,12.16,37,250,174,29,20,1
304,12.16,38,144,160,21,26,1
304,12.16,39,105,99,52,27,1
304,12.16,40,217,111,37,53,1
304,12.16,43,204,132,12,14,1
304,12.16,47,112,150,57,99,1
304,12.16,48,176,109,24,34,1
304,12.16,50,153,180,19,24,1
304,12.16,51,256,80,12,20,1
305,12.2,29,260,70,60,133,1
305,12.2,30,181,234,70,50,1
305,12.2,31,248,148,23,12,1
305,12.2,32,240,204,22,22,1
305,12.2,33,170,194,24,34,1
305,12.2,34,218,168,30,47,1
305,12.2,36,177,160,27,28,1
305,12.2,37,251,174,29,20,1
305,12.2,38,144,166,21,21,1
305,12.2,39,140,96,18,18,1
305,12.2,40,227,111,27,48,1
305,12.2,43,186,144,14,13,1
305,12.2,47,113,135,57,114,1
305,12.2,48,176,109,25,33,1
305,12.2,50,161,175,11,30,1
305,12.2,51,256,79,13,21,1
305,12.2,53,243,37,18,29,1
306,12.24,29,257,80,63,130,1
306,12.24,30,183,234,65,50,1
306,12.24,31,251,148,21,12,1
306,12.24,32,243,204,19,22,1
306,12.24,33,170,194,26,45,1
306,12.24,34,228,198,11,18,1
306,12.24,36,177,160,27,28,1
306,12.24,38,144,160,28,46,1
306,12.24,39,140,87,31,27,1
306,12.24,40,222,111,32,53,1
306,12.24,41,219,168,30,28,1
306,12.24,46,260,174,20,18,1
306,12.24,47,109,134,62,115,1
306,12.24,48,176,125,25,17,1
306,12.24,49,206,122,16,24,1
306,12.24,53,243,36,17,30,1
307,12.28,29,257,79,63,121,1
307,12.28,30,182,234,75,50,1
307,12.28,32,242,204,20,22,1
307,12.28,33,171,194,32,40,1
307,12.28,36,178,160,26,29,1
307,12.28,38,144,160,30,46,1
307,12.28,39,143,88,27,26,1
307,12.28,40,228,111,26,48,1
307,12.28,41,220,168,28,29,1
307,12.28,43,174,105,27,23,1
307,12.28,46,261,174,19,20,1
307,12.28,47,116,135,55,114,1
307,12.28,48,176,126,25,16,1
307,12.28,49,206,122,14,24,1
307,12.28,52,265,108,11,17,1
307,12.28,53,243,36,28,40,1
308,12.32,29,257,78,63,122,1
308,12.32,30,183,234,73,50,1
308,12.32,32,242,204,22,22,1
308,12.32,33,172,194,24,45,1
308,12.32,36,178,160,16,16,1
308,12.32,37,252,174,29,20,1
308,12.32,38,146,161,24,25,1
308,12.32,40,228,111,27,48,1
308,12.32,41,220,168,28,28,1
308,12.32,43,188,144,14,13,1
308,12.32,47,108,134,64,114,1
308,12.32,48,177,110,25,33,1
308,12.32,49,207,132,11,14,1
308,12.32,50,163,181,11,25,1
308,12.32,52,260,106,16,19,1
308,12.32,53,243,36,29,42,1
309,12.36,29,257,65,63,133,1
309,12.36,30,184,233,74,51,1
309,12.36,31,261,148,13,12,1
309,12.36,32,245,204,19,22,1
309,12.36,33,173,194,31,40,1
309,12.36,35,180,246,12,14,1
309,12.36,36,180,160,26,28,1
309,12.36,38,147,161,19,26,1
309,12.36,39,104,95,56,35,1
309,12.36,40,228,111,28,48,1
309,12.36,41,220,168,30,28,1
309,12.36,45,117,135,13,15,1
309,12.36,46,254,174,37,20,1
309,12.36,47,114,151,59,97,1
309,12.36,48,178,110,25,32,1
309,12.36,50,163,178,11,28,1
309,12.36,53,244,37,19,30,1
310,12.4,29,258,76,62,123,1
310,12.4,30,185,234,76,50,1
310,12.4,31,261,148,13,12,1
310,12.4,32,246,204,18,22,1
310,12.4,33,129,181,75,67,1
310,12.4,36,179,160,27,29,1
310,12.4,38,148,162,19,37,1
310,12.4,39,142,88,30,27,1
310,12.4,40,228,111,28,47,1
310,12.4,41,221,168,29,29,1
310,12.4,45,116,135,21,45,1
310,12.4,46,255,174,36,20,1
310,12.4,48,178,110,25,32,1
310,12.4,49,207,132,13,14,1
310,12.4,50,164,178,11,28,1
310,12.4,52,262,106,30,29,1
310,12.4,53,244,36,26,39,1
311,12.44,29,255,76,65,122,1
311,12.44,30,184,233,76,52,1
311,12.44,32,247,204,19,22,1
311,12.44,33,129,179,77,69,1
311,12.44,36,180,160,27,29,1
311,12.44,38,148,161,27,33,1
311,12.44,39,104,95,57,36,1
311,12.44,40,229,111,28,47,1
311,12.44,41,221,168,29,28,1
311,12.44,45,106,132,32,46,1
311,12.44,48,178,126,25,16,1
311,12.44,53,245,36,26,40,1
312,12.48,29,258,76,62,123,1
312,12.48,30,185,232,77,52,1
312,12.48,32,244,204,22,22,1
312,12.48,33,129,181,45,68,1
312,12.48,36,181,160,26,29,1
312,12.48,38,149,162,20,25,1
312,12.48,39,104,90,66,41,1
312,12.48,40,224,111,32,53,1
312,12.48,41,221,168,31,28,1
312,12.48,45,125,152,13,25,1
312,12.48,46,255,173,38,21,1
312,12.48,48,176,110,23,32,1
312,12.48,49,207,132,13,17,1
312,12.48,50,164,194,42,42,1
312,12.48,53,245,40,27,36,1
313,12.52,29,256,78,64,120,1
313,12.52,30,186,233,76,52,1
313,12.52,31,263,148,13,12,1
313,12.52,32,249,204,17,22,1
313,12.52,36,190,175,18,14,1
313,12.52,38,148,162,20,25,1
313,12.52,39,145,97,16,19,1
313,12.52,40,225,114,33,50,1
313,12.52,41,221,168,31,30,1
313,12.52,44,119,136,12,15,1
313,12.52,45,105,133,20,36,1
313,12.52,48,177,110,28,33,1
313,12.52,49,207,132,14,16,1
313,12.52,50,129,179,79,69,1
313,12.52,53,245,36,25,37,1
314,12.56,29,260,74,60,124,1
314,12.56,30,187,233,76,52,1
314,12.56,31,255,148,21,12,1
314,12.56,32,249,204,18,22,1
314,12.56,33,126,164,50,84,1
314,12.56,36,183,160,25,30,1
314,12.56,38,148,167,21,20,1
314,12.56,39,104,101,58,31,1
314,12.56,40,225,111,33,53,1
314,12.56,41,225,168,28,28,1
314,12.56,44,120,136,16,27,1
314,12.56,45,105,134,20,35,1
314,12.56,46,264,167,30,27,1
314,12.56,48,178,110,29,32,1
314,12.56,50,177,194,23,36,1
315,12.6,30,183,234,78,51,1
315,12.6,31,263,148,13,12,1
315,12.6,32,251,204,17,22,1
315,12.6,33,120,136,82,112,1
315,12.6,35,184,246,12,14,1
315,12.6,36,184,160,26,29,1
315,12.6,38,151,167,19,20,1
315,12.6,39,103,97,59,37,1
315,12.6,40,226,110,33,54,1
315,12.6,41,224,168,28,28,1
315,12.6,46,256,166,37,28,1
315,12.6,48,180,126,20,16,1
315,12.6,49,209,132,13,16,1
315,12.6,52,245,36,75,162,1
316,12.64,29,258,75,62,123,1
316,12.64,30,189,233,73,52,1
316,12.64,31,263,148,14,12,1
316,12.64,32,248,204,20,22,1
316,12.64,33,162,182,17,24,1
316,12.64,35,186,246,12,14,1
316,12.64,36,184,160,26,30,1
316,12.64,38,151,167,19,20,1
316,12.64,39,104,90,68,43,1
316,12.64,40,227,111,33,53,1
316,12.64,41,226,168,27,29,1
316,12.64,43,191,145,14,13,1
316,12.64,45,105,134,13,22,1
316,12.64,47,120,136,57,112,1
316,12.64,48,180,110,28,32,1
316,12.64,49,209,132,13,16,1
316,12.64,50,177,194,25,36,1
316,12.64,53,247,36,16,34,1
317,12.68,29,260,70,60,128,1
317,12.68,30,190,233,79,52,1
317,12.68,32,251,204,18,22,1
317,12.68,33,160,177,20,29,1
317,12.68,35,186,246,13,14,1
317,12.68,36,183,160,27,30,1
317,12.68,38,150,162,20,26,1
317,12.68,39,104,105,44,28,1
317,12.68,40,227,111,33,53,1
317,12.68,41,226,168,28,28,1
317,12.68,45,105,134,14,22,1
317,12.68,46,258,166,35,28,1
317,12.68,47,120,136,82,112,1
317,12.68,48,182,110,24,33,1
317,12.68,49,209,132,13,16,1
317,12.68,52,264,104,16,20,1
317,12.68,53,247,36,22,33,1
317,12.68,54,149,97,13,19,1
318,12.72,29,260,74,60,124,1
318,12.72,30,187,225,99,59,1
318,12.72,31,263,147,15,13,1
318,12.72,32,251,204,19,22,1
318,12.72,36,186,161,25,29,1
318,12.72,38,152,168,19,19,1
318,12.72,39,104,92,64,42,1
318,12.72,40,228,111,32,53,1
318,12.72,41,234,168,30,23,1
318,12.72,45,105,134,15,23,1
318,12.72,46,258,166,36,27,1
318,12.72,47,129,153,50,95,1
318,12.72,48,182,110,20,32,1
318,12.72,49,211,132,13,16,1
318,12.72,50,162,182,41,56,1
318,12.72,52,264,104,16,20,1
318,12.72,53,247,36,23,39,1
319,12.76,29,247,36,73,162,1
319,12.76,30,189,233,83,52,1
319,12.76,32,251,204,19,22,1
319,12.76,33,155,177,26,29,1
319,12.76,35,187,246,13,14,1
319,12.76,36,186,161,26,29,1
319,12.76,38,152,169,20,20,1
319,12.76,39,104,110,37,24,1
319,12.76,40,229,111,32,53,1
319,12.76,41,227,168,27,28,1
319,12.76,45,105,134,16,24,1
319,12.76,47,123,137,56,111,1
319,12.76,48,182,110,20,32,1
319,12.76,49,209,132,15,16,1
319,12.76,50,181,194,23,36,1
319,12.76,52,265,104,16,19,1
319,12.76,54,142,90,31,26,1
320,12.8,29,247,36,73,162,1
320,12.8,30,185,233,85,52,1
320,12.8,32,252,204,18,22,1
320,12.8,33,155,177,26,29,1
320,12.8,36,186,161,26,29,1
320,12.8,38,152,168,20,21,1
320,12.8,40,229,110,33,54,1
320,12.8,41,228,168,28,28,1
320,12.8,44,104,110,38,57,1
320,12.8,46,268,172,20,20,1
320,12.8,47,128,153,14,31,1
320,12.8,48,188,110,14,26,1
320,12.8,49,211,122,14,25,1
320,12.8,50,136,185,76,63,1
320,12.8,52,266,104,16,19,1
320,12.8,54,143,92,28,24,1
321,12.84,29,247,36,73,162,1
321,12.84,30,190,229,91,56,1
321,12.84,32,250,204,22,22,1
321,12.84,33,153,168,59,68,1
321,12.84,36,186,161,27,29,1
321,12.84,39,105,91,68,66,1
321,12.84,40,230,110,32,54,1
321,12.84,41,229,168,27,29,1
321,12.84,46,279,172,10,18,1
321,12.84,47,129,153,13,31,1
321,12.84,48,188,110,23,33,1
321,12.84,49,211,122,14,25,1
321,12.84,50,137,184,44,64,1
321,12.84,52,266,104,16,19,1
322,12.88,29,262,68,58,130,1
322,12.88,30,193,233,77,52,1
322,12.88,32,250,204,22,22,1
322,12.88,33,164,183,19,23,1
322,12.88,34,183,195,23,35,1
322,12.88,35,188,246,14,14,1
322,12.88,36,188,161,25,29,1
322,12.88,37,260,172,29,20,1
322,12.88,38,154,168,19,21,1
322,12.88,39,102,96,64,60,1
322,12.88,40,231,110,31,54,1
322,12.88,41,229,168,28,29,1
322,12.88,47,128,153,16,31,1
322,12.88,49,213,122,13,24,1
322,12.88,50,137,184,43,63,1
322,12.88,52,266,104,16,19,1
322,12.88,53,247,36,23,36,1
323,12.92,29,248,36,72,161,1
323,12.92,30,192,227,93,58,1
323,12.92,31,261,146,19,14,1
323,12.92,32,254,204,18,21,1
323,12.92,33,165,179,19,28,1
323,12.92,34,183,195,23,35,1
323,12.92,36,196,172,18,18,1
323,12.92,37,261,172,28,20,1
323,12.92,38,154,168,20,21,1
323,12.92,39,105,95,63,65,1
323,12.92,40,229,110,33,54,1
323,12.92,41,229,168,29,41,1
323,12.92,43,194,145,19,17,1
323,12.92,48,188,161,15,16,1
323,12.92,49,211,132,15,15,1
323,12.92,50,130,166,52,81,1
323,12.92,52,266,104,16,19,1
324,12.96,29,248,35,72,161,1
324,12.96,30,195,227,91,58,1
324,12.96,31,261,146,19,13,1
324,12.96,32,253,204,20,20,1
324,12.96,34,183,196,31,39,1
324,12.96,36,188,162,25,28,1
324,12.96,37,262,179,17,13,1
324,12.96,38,154,169,21,33,1
324,12.96,40,232,110,30,54,1
324,12.96,41,229,168,29,46,1
324,12.96,43,194,146,19,16,1
324,12.96,46,279,172,11,18,1
324,12.96,47,101,104,81,144,1
324,12.96,49,211,132,15,16,1
325,13.0,29,248,36,72,160,1
325,13.0,30,196,227,90,58,1
325,13.0,31,258,146,24,12,1
325,13.0,32,252,204,22,20,1
325,13.0,33,172,178,12,29,1
325,13.0,34,184,196,30,41,1
325,13.0,36,197,176,17,14,1
325,13.0,37,263,172,27,20,1
325,13.0,38,155,163,19,25,1
325,13.0,40,231,111,33,53,1
325,13.0,41,231,168,29,46,1
325,13.0,43,195,146,19,16,1
325,13.0,44,101,112,40,28,1
325,13.0,47,111,136,38,63,1
325,13.0,48,188,161,15,16,1
325,13.0,49,211,122,16,26,1
325,13.0,50,150,202,32,46,1
325,13.0,54,143,96,24,22,1
326,13.04,29,248,36,72,160,1
326,13.04,30,200,222,95,60,1
326,13.04,31,261,146,21,14,1
326,13.04,32,256,204,18,20,1
326,13.04,34,177,180,38,57,1
326,13.04,36,189,161,26,29,1
326,13.04,37,262,172,29,20,1
326,13.04,38,156,164,19,25,1
326,13.04,40,233,111,31,53,1
326,13.04,41,231,168,27,46,1
326,13.04,43,193,126,18,17,1
326,13.04,45,106,113,40,76,1
326,13.04,49,213,122,15,26,1
326,13.04,50,141,190,42,58,1
326,13.04,52,268,104,25,26,1
326,13.04,54,153,93,20,25,1
327,13.08,29,248,44,72,152,1
327,13.08,30,198,204,122,81,1
327,13.08,31,262,146,20,13,1
327,13.08,32,254,204,22,20,1
327,13.08,33,156,170,29,38,1
327,13.08,34,184,196,24,42,1
327,13.08,36,190,162,26,28,1
327,13.08,40,233,110,31,54,1
327,13.08,41,231,168,27,46,1
327,13.08,46,282,172,10,18,1
327,13.08,47,106,102,78,145,1
327,13.08,48,195,146,19,16,1
327,13.08,49,216,132,12,13,1
327,13.08,52,268,104,16,19,1
328,13.12,29,249,35,71,161,1
328,13.12,30,197,230,85,55,1
328,13.12,31,262,146,20,13,1
328,13.12,32,254,204,22,20,1
328,13.12,33,174,179,12,29,1
328,13.12,34,186,196,30,41,1
328,13.12,36,190,162,26,28,1
328,13.12,37,264,172,28,20,1
328,13.12,38,157,169,19,20,1
328,13.12,39,107,99,59,40,1
328,13.12,40,233,110,31,54,1
328,13.12,41,231,185,21,29,1
328,13.12,46,240,168,19,22,1
328,13.12,47,111,136,74,111,1
328,13.12,48,197,146,17,16,1
328,13.12,49,216,122,16,23,1
329,13.16,29,249,35,71,161,1
329,13.16,30,200,225,90,60,1
329,13.16,31,263,146,20,12,1
329,13.16,32,257,204,19,20,1
329,13.16,33,175,178,11,30,1
329,13.16,34,187,196,30,40,1
329,13.16,36,199,172,17,18,1
329,13.16,37,264,171,28,21,1
329,13.16,38,158,169,19,20,1
329,13.16,40,234,111,31,53,1
329,13.16,41,232,184,20,30,1
329,13.16,43,186,126,27,17,1
329,13.16,44,107,114,35,26,1
329,13.16,45,112,136,35,47,1
329,13.16,46,240,168,19,22,1
329,13.16,48,197,146,19,15,1
329,13.16,49,216,122,12,23,1
329,13.16,50,142,187,43,60,1
329,13.16,54,149,99,19,19,1
330,13.2,29,249,35,71,162,1
330,13.2,30,194,224,98,62,1
330,13.2,31,264,146,20,12,1
330,13.2,32,257,204,20,20,1
330,13.2,33,160,169,50,62,1
330,13.2,36,199,176,19,15,1
330,13.2,37,265,171,28,21,1
330,13.2,38,191,162,16,16,1
330,13.2,40,234,110,32,54,1
330,13.2,41,233,185,20,29,1
330,13.2,43,193,126,20,17,1
330,13.2,44,106,113,39,26,1
330,13.2,45,113,139,14,20,1
330,13.2,46,240,168,21,23,1
330,13.2,47,124,160,62,86,1
330,13.2,48,199,146,17,15,1
330,13.2,49,217,132,11,13,1
330,13.2,54,145,100,23,18,1
331,13.24,29,250,35,70,161,1
331,13.24,30,196,232,75,54,1
331,13.24,31,265,146,19,12,1
331,13.24,32,257,204,21,20,1
331,13.24,33,158,169,21,20,1
331,13.24,36,191,162,27,29,1
331,13.24,37,274,171,20,21,1
331,13.24,39,108,102,53,38,1
331,13.24,40,234,113,32,51,1
331,13.24,41,233,185,21,29,1
331,13.24,45,130,140,15,26,1
331,13.24,46,242,168,19,22,1
331,13.24,47,113,139,98,108,1
331,13.24,48,199,146,15,15,1
331,13.24,49,217,132,13,13,1
331,13.24,52,270,104,16,19,1
332,13.28,29,250,39,70,157,1
332,13.28,30,198,232,73,54,1
332,13.28,31,266,146,18,13,1
332,13.28,32,258,204,21,20,1
332,13.28,33,161,169,18,33,1
332,13.28,34,180,178,32,54,1
332,13.28,36,201,172,18,19,1
332,13.28,37,275,171,19,21,1
332,13.28,39,108,99,60,60,1
332,13.28,40,235,110,31,54,1
332,13.28,45,125,159,23,33,1
332,13.28,46,233,168,28,28,1
332,13.28,48,199,146,17,15,1
332,13.28,49,218,122,15,23,1
332,13.28,50,146,193,41,54,1
332,13.28,52,270,104,16,19,1
332,13.28,55,270,205,50,36,1
333,13.32,29,251,35,69,157,1
333,13.32,30,198,225,94,61,1
333,13.32,31,265,146,20,12,1
333,13.32,32,259,204,19,20,1
333,13.32,33,161,169,27,39,1
333,13.32,34,189,196,23,36,1
333,13.32,36,201,172,18,19,1
333,13.32,37,267,171,27,21,1
333,13.32,40,237,115,29,49,1
333,13.32,41,233,185,21,29,1
333,13.32,43,194,111,21,33,1
333,13.32,44,108,109,44,29,1
333,13.32,45,126,161,23,31,1
333,13.32,46,242,167,20,23,1
333,13.32,49,218,122,16,23,1
333,13.32,50,147,193,41,54,1
333,13.32,54,153,103,15,15,1
334,13.36,29,251,35,69,157,1
334,13.36,30,198,231,75,55,1
334,13.36,31,266,146,20,12,1
334,13.36,32,258,204,22,20,1
334,13.36,33,161,170,28,38,1
334,13.36,34,190,196,23,41,1
334,13.36,36,201,176,19,15,1
334,13.36,37,276,170,19,20,1
334,13.36,39,115,95,59,40,1
334,13.36,40,237,114,31,49,1
334,13.36,41,234,168,29,46,1
334,13.36,44,109,134,17,24,1
334,13.36,45,126,161,26,37,1
334,13.36,49,218,122,12,23,1
334,13.36,50,152,198,36,49,1
334,13.36,52,271,103,16,19,1
335,13.4,29,251,37,69,150,1
335,13.4,30,197,225,94,61,1
335,13.4,31,267,146,19,12,1
335,13.4,32,258,202,22,22,1
335,13.4,33,161,170,20,32,1
335,13.4,34,190,196,24,36,1
335,13.4,36,201,176,18,16,1
335,13.4,37,276,170,20,22,1
335,13.4,39,109,90,73,54,1
335,13.4,40,237,110,31,54,1
335,13.4,41,236,168,26,46,1
335,13.4,46,263,168,14,24,1
335,13.4,47,126,161,63,86,1
335,13.4,49,217,122,14,23,1
335,13.4,52,272,103,15,19,1
336,13.44,29,251,35,69,152,1
336,13.44,30,202,221,92,65,1
336,13.44,31,268,146,18,12,1
336,13.44,32,260,202,20,22,1
336,13.44,33,161,170,20,31,1
336,13.44,34,156,197,66,49,1
336,13.44,36,194,162,26,30,1
336,13.44,37,276,170,20,20,1
336,13.44,40,238,110,30,54,1
336,13.44,41,236,167,26,47,1
336,13.44,44,110,101,56,101,1
336,13.44,49,219,132,12,13,1
336,13.44,52,272,103,16,18,1
337,13.48,29,251,36,69,150,1
337,13.48,30,199,221,90,65,1
337,13.48,31,267,146,19,12,1
337,13.48,32,261,202,21,22,1
337,13.48,33,162,172,19,29,1
337,13.48,34,191,196,23,36,1
337,13.48,36,195,162,26,29,1
337,13.48,37,268,170,28,22,1
337,13.48,40,238,110,30,54,1
337,13.48,41,237,185,20,29,1
337,13.48,43,195,112,21,32,1
337,13.48,44,111,115,34,63,1
337,13.48,45,139,156,16,45,1
337,13.48,46,244,167,30,23,1
337,13.48,49,219,132,13,13,1
337,13.48,50,155,201,35,45,1
337,13.48,52,272,102,16,19,1
337,13.48,54,151,102,19,17,1
338,13.52,29,252,36,68,150,1
338,13.52,30,203,207,117,79,1
338,13.52,31,267,146,20,12,1
338,13.52,32,260,202,22,22,1
338,13.52,33,163,170,28,38,1
338,13.52,34,193,196,29,40,1
338,13.52,36,194,162,27,30,1
338,13.52,37,278,170,19,22,1
338,13.52,40,238,110,30,54,1
338,13.52,41,237,184,21,30,1
338,13.52,44,111,116,34,42,1
338,13.52,46,244,167,20,23,1
338,13.52,47,139,156,52,90,1
338,13.52,52,272,102,16,19,1
339,13.56,29,252,37,68,108,1
339,13.56,30,204,222,90,64,1
339,13.56,31,267,145,21,13,1
339,13.56,32,260,202,22,22,1
339,13.56,33,163,170,20,32,1
339,13.56,34,192,197,31,39,1
339,13.56,36,203,172,19,20,1
339,13.56,37,278,170,19,22,1
339,13.56,39,112,103,53,37,1
339,13.56,40,240,110,29,36,1
339,13.56,41,248,185,10,29,1
339,13.56,44,131,142,17,26,1
339,13.56,45,120,140,20,37,1
339,13.56,46,246,167,18,23,1
339,13.56,47,139,168,52,78,1
339,13.56,48,239,143,19,21,1
339,13.56,49,219,122,13,24,1
339,13.56,50,174,184,18,24,1
339,13.56,56,296,146,24,41,1
340,13.6,29,252,35,68,109,1
340,13.6,30,206,215,92,71,1
340,13.6,31,268,145,20,13,1
340,13.6,32,262,202,20,22,1
340,13.6,33,162,170,20,21,1
340,13.6,34,193,215,31,21,1
340,13.6,36,195,162,27,30,1
340,13.6,37,278,170,20,20,1
340,13.6,40,239,116,31,47,1
340,13.6,41,246,167,18,47,1
340,13.6,47,140,156,26,58,1
340,13.6,49,206,132,26,13,1
340,13.6,50,177,179,16,29,1
340,13.6,54,135,94,43,31,1
340,13.6,56,305,149,15,37,1
340,13.6,57,166,215,26,30,1
341,13.64,29,252,39,68,104,1
341,13.64,30,208,211,97,75,1
341,13.64,32,264,202,20,22,1
341,13.64,33,165,170,17,20,1
341,13.64,36,197,162,25,30,1
341,13.64,39,112,113,39,46,1
341,13.64,40,240,110,30,54,1
341,13.64,41,246,167,20,47,1
341,13.64,50,140,156,76,89,1
341,13.64,54,153,103,18,17,1
341,13.64,56,306,149,14,37,1
342,13.68,29,252,37,68,106,1
342,13.68,30,206,222,85,64,1
342,13.68,32,264,202,20,22,1
342,13.68,33,165,170,19,21,1
342,13.68,34,195,215,22,17,1
342,13.68,36,196,162,26,30,1
342,13.68,37,271,170,28,20,1
342,13.68,39,113,113,38,46,1
342,13.68,40,240,110,30,36,1
342,13.68,41,239,184,21,29,1
342,13.68,43,197,114,14,25,1
342,13.68,46,246,166,20,24,1
342,13.68,47,141,157,13,32,1
342,13.68,48,241,143,18,21,1
342,13.68,49,220,132,14,13,1
342,13.68,52,274,102,15,19,1
342,13.68,56,306,150,14,36,1
342,13.68,57,149,190,44,55,1
343,13.72,29,252,37,68,105,1
343,13.72,30,203,226,91,60,1
343,13.72,31,252,132,18,14,1
343,13.72,32,264,202,20,22,1
343,13.72,34,195,215,23,17,1
343,13.72,36,198,162,25,30,1
343,13.72,37,281,170,18,20,1
343,13.72,39,113,131,17,30,1
343,13.72,40,240,110,24,21,1
343,13.72,41,247,166,19,48,1
343,13.72,43,197,112,37,33,1
343,13.72,48,241,143,19,21,1
343,13.72,50,166,172,28,36,1
343,13.72,56,298,150,22,35,1
343,13.72,57,150,190,44,56,1
344,13.76,29,252,34,68,108,1
344,13.76,30,209,212,96,74,1
344,13.76,31,240,115,31,31,1
344,13.76,32,264,202,21,22,1
344,13.76,33,164,170,21,21,1
344,13.76,34,196,215,22,17,1
344,13.76,36,199,162,25,30,1
344,13.76,37,280,170,20,20,1
344,13.76,39,114,113,39,45,1
344,13.76,41,251,196,9,18,1
344,13.76,46,248,166,18,28,1
344,13.76,48,241,143,19,21,1
344,13.76,52,270,144,20,14,1
344,13.76,56,299,153,21,31,1
344,13.76,57,166,214,29,32,1
345,13.8,29,255,37,65,105,1
345,13.8,30,205,207,106,79,1
345,13.8,31,241,110,31,54,1
345,13.8,32,267,202,19,22,1
345,13.8,33,167,166,17,35,1
345,13.8,34,197,216,21,16,1
345,13.8,36,198,162,26,29,1
345,13.8,37,280,174,13,16,1
345,13.8,39,114,103,58,55,1
345,13.8,43,198,112,15,26,1
345,13.8,46,240,166,27,48,1
345,13.8,50,178,197,28,17,1
345,13.8,56,299,151,21,33,1
345,13.8,57,150,189,45,57,1
346,13.84,29,253,35,67,106,1
346,13.84,30,212,204,104,82,1
346,13.84,31,253,131,19,15,1
346,13.84,32,267,202,19,22,1
346,13.84,33,167,166,19,33,1
346,13.84,34,199,215,21,17,1
346,13.84,36,198,162,27,30,1
346,13.84,37,273,174,18,16,1
346,13.84,40,242,112,24,19,1
346,13.84,41,241,184,21,29,1
346,13.84,46,248,166,30,24,1
346,13.84,48,243,146,16,18,1
346,13.84,49,222,132,13,14,1
346,13.84,52,274,144,16,14,1
346,13.84,56,308,148,12,37,1
346,13.84,57,151,191,45,55,1
347,13.88,29,253,35,67,106,1
347,13.88,30,209,208,102,78,1
347,13.88,31,242,111,30,53,1
347,13.88,32,265,202,21,20,1
347,13.88,33,168,171,26,26,1
347,13.88,34,197,197,23,35,1
347,13.88,36,199,162,21,30,1
347,13.88,41,251,186,11,28,1
347,13.88,46,249,166,29,23,1
347,13.88,54,130,103,43,28,1
347,13.88,55,287,207,33,27,1
347,13.88,56,308,151,12,28,1
347,13.88,57,167,213,29,32,1
348,13.92,29,253,36,67,103,1
348,13.92,30,211,208,109,78,1
348,13.92,31,242,111,30,49,1
348,13.92,32,268,202,18,20,1
348,13.92,33,169,171,26,28,1
348,13.92,34,199,216,21,16,1
348,13.92,36,202,162,18,28,1
348,13.92,37,283,169,18,21,1
348,13.92,41,252,196,10,17,1
348,13.92,46,250,166,18,28,1
348,13.92,52,271,144,20,13,1
348,13.92,56,310,148,10,31,1
348,13.92,57,158,199,39,46,1
349,13.96,29,256,36,64,103,1
349,13.96,30,213,208,107,78,1
349,13.96,31,253,111,19,35,1
349,13.96,32,269,202,19,20,1
349,13.96,33,169,172,18,30,1
349,13.96,34,199,216,23,16,1
349,13.96,36,201,162,19,30,1
349,13.96,39,115,116,37,30,1
349,13.96,43,200,114,15,24,1
349,13.96,46,241,166,27,48,1
349,13.96,48,244,141,18,22,1
349,13.96,50,188,181,20,33,1
349,13.96,52,271,144,21,12,1
349,13.96,54,152,102,22,18,1
349,13.96,56,301,148,19,30,1
349,13.96,57,165,208,31,37,1
350,14.0,29,256,36,64,103,1
350,14.0,30,210,205,110,82,1
350,14.0,31,281,103,11,18,1
350,14.0,32,269,202,20,20,1
350,14.0,33,169,173,12,31,1
350,14.0,34,202,215,20,21,1
350,14.0,36,201,162,20,30,1
350,14.0,37,274,175,21,15,1
350,14.0,39,116,105,58,39,1
350,14.0,41,243,184,20,29,1
350,14.0,46,250,166,20,23,1
350,14.0,48,245,122,27,41,1
350,14.0,50,190,197,18,17,1
350,14.0,52,271,144,21,12,1
350,14.0,56,302,150,18,27,1
350,14.0,57,175,223,23,22,1
351,14.04,29,256,35,64,102,1
351,14.04,30,215,210,104,76,1
351,14.04,32,269,201,19,21,1
351,14.04,33,169,173,18,31,1
351,14.04,34,200,217,22,19,1
351,14.04,36,202,163,19,29,1
351,14.04,39,122,105,52,33,1
351,14.04,40,244,111,22,17,1
351,14.04,41,253,186,11,27,1
351,14.04,44,137,147,17,23,1
351,14.04,46,256,167,13,22,1
351,14.04,48,242,122,30,41,1
351,14.04,57,170,215,28,30,1
352,14.08,29,255,45,65,91,1
352,14.08,30,212,213,94,73,1
352,14.08,31,276,102,17,19,1
352,14.08,32,270,201,20,21,1
352,14.08,33,169,173,20,30,1
352,14.08,34,201,216,21,16,1
352,14.08,36,203,163,25,29,1
352,14.08,37,285,168,18,22,1
352,14.08,41,253,186,11,26,1
352,14.08,46,251,166,19,22,1
352,14.08,48,248,122,26,34,1
352,14.08,54,140,105,34,21,1
352,14.08,55,266,209,54,41,1
352,14.08,56,311,154,9,23,1
352,14.08,57,170,215,29,30,1
353,14.12,29,270,66,50,69,1
353,14.12,30,210,205,107,82,1
353,14.12,32,268,201,22,21,1
353,14.12,33,171,173,18,20,1
353,14.12,34,202,217,21,16,1
353,14.12,36,203,163,19,29,1
353,14.12,37,277,175,19,15,1
353,14.12,41,254,186,10,27,1
353,14.12,48,244,116,30,48,1
353,14.12,55,257,209,63,48,1
353,14.12,56,311,154,9,24,1
353,14.12,57,178,224,21,21,1
354,14.16,29,256,35,64,100,1
354,14.16,30,213,205,104,81,1
354,14.16,32,271,202,19,20,1
354,14.16,33,171,175,17,29,1
354,14.16,34,202,216,22,17,1
354,14.16,36,203,163,19,29,1
354,14.16,37,276,175,19,15,1
354,14.16,41,252,168,18,44,1
354,14.16,46,237,143,27,21,1
354,14.16,48,255,114,20,32,1
354,14.16,52,272,145,15,12,1
354,14.16,55,271,209,49,38,1
354,14.16,57,167,208,32,36,1
355,14.2,29,263,44,57,90,1
355,14.2,30,218,210,102,77,1
355,14.2,32,271,202,20,20,1
355,14.2,33,171,174,17,19,1
355,14.2,34,202,215,22,18,1
355,14.2,36,204,163,19,29,1
355,14.2,37,279,177,17,13,1
355,14.2,41,245,168,26,27,1
355,14.2,48,245,112,31,52,1
356,14.24,29,257,36,63,97,1
356,14.24,30,215,210,105,77,1
356,14.24,32,271,201,20,21,1
356,14.24,33,173,172,16,31,1
356,14.24,34,203,215,21,22,1
356,14.24,36,204,163,18,29,1
356,14.24,37,279,176,18,14,1
356,14.24,41,252,166,19,22,1
356,14.24,46,248,140,16,23,1
356,14.24,48,256,111,15,34,1
356,14.24,54,133,104,43,29,1
356,14.24,55,256,186,10,26,1
357,14.28,29,257,36,63,97,1
357,14.28,30,214,208,100,78,1
357,14.28,32,272,202,20,20,1
357,14.28,33,170,172,20,22,1
357,14.28,34,204,216,22,17,1
357,14.28,36,209,163,21,29,1
357,14.28,37,279,175,18,15,1
357,14.28,39,127,109,39,28,1
357,14.28,41,259,166,12,22,1
357,14.28,48,247,111,29,52,1
357,14.28,52,272,144,22,12,1
358,14.32,29,261,51,59,82,1
358,14.32,30,216,213,91,74,1
358,14.32,31,257,36,56,74,1
358,14.32,32,271,201,21,21,1
358,14.32,33,172,174,19,19,1
358,14.32,34,204,216,22,21,1
358,14.32,36,209,163,21,29,1
358,14.32,37,279,168,26,22,1
358,14.32,41,259,166,13,22,1
358,14.32,48,251,131,25,27,1
358,14.32,55,256,185,11,27,1
358,14.32,58,270,210,50,39,1
359,14.36,29,264,50,56,81,1
359,14.36,30,215,210,105,77,1
359,14.36,32,274,201,18,21,1
359,14.36,33,170,174,20,29,1
359,14.36,34,204,216,22,17,1
359,14.36,36,210,163,17,29,1
359,14.36,37,279,174,18,16,1
359,14.36,40,259,110,12,35,1
359,14.36,41,258,168,14,20,1
360,14.4,29,284,72,36,59,1
360,14.4,30,217,210,103,77,1
360,14.4,31,255,36,29,36,1
360,14.4,36,206,163,25,29,1
360,14.4,37,280,174,19,15,1
360,14.4,41,254,166,18,22,1
361,14.44,29,266,47,54,84,1
361,14.44,30,216,219,84,68,1
361,14.44,32,272,200,22,22,1
361,14.44,34,204,216,23,18,1
361,14.44,36,211,163,14,29,1
361,14.44,41,254,168,19,19,1
361,14.44,57,181,224,22,21,1
361,14.44,58,288,210,32,27,1
362,14.48,29,273,56,47,65,1
362,14.48,30,218,211,102,76,1
362,14.48,32,273,200,21,22,1
362,14.48,34,205,199,15,37,1
362,14.48,36,211,163,18,29,1
362,14.48,37,281,175,19,14,1
362,14.48,40,259,111,11,31,1
362,14.48,41,255,168,19,18,1
362,14.48,59,272,65,48,66,1
363,14.52,29,296,87,24,31,1
363,14.52,30,220,211,91,76,1
363,14.52,33,174,174,27,24,1
363,14.52,34,205,198,16,36,1
363,14.52,36,207,164,18,28,1
363,14.52,59,270,62,50,68,1
364,14.56,29,297,88,23,32,1
364,14.56,30,219,212,101,75,1
364,14.56,32,273,200,22,20,1
364,14.56,34,183,198,45,39,1
364,14.56,37,281,175,19,13,1
364,14.56,46,249,133,19,30,1
364,14.56,59,274,67,46,62,1
365,14.6,30,221,213,97,74,1
365,14.6,32,274,200,21,20,1
365,14.6,33,174,175,18,27,1
365,14.6,34,198,214,24,22,1
365,14.6,36,207,164,19,28,1
365,14.6,46,249,133,18,30,1
365,14.6,59,274,67,46,62,1
366,14.64,29,285,81,35,46,1
366,14.64,30,220,211,100,76,1
366,14.64,32,274,200,21,20,1
366,14.64,36,208,164,18,28,1
366,14.64,59,282,67,38,51,1
367,14.68,29,275,68,45,59,1
367,14.68,30,222,211,90,76,1
367,14.68,32,274,200,22,20,1
367,14.68,34,206,214,24,20,1
367,14.68,59,275,58,45,59,1
368,14.72,29,290,78,30,38,1
368,14.72,30,224,211,96,76,1
368,14.72,32,274,200,22,20,1
368,14.72,59,287,83,33,44,1
369,14.76,29,276,59,34,44,1
369,14.76,30,219,227,73,60,1
369,14.76,32,276,200,20,20,1
369,14.76,58,273,212,47,37,1
369,14.76,59,287,83,33,44,1
370,14.8,30,227,217,78,65,1
370,14.8,32,276,200,21,20,1
370,14.8,37,284,168,24,20,1
370,14.8,41,251,166,24,28,1
370,14.8,46,250,142,18,20,1
370,14.8,58,281,212,39,32,1
370,14.8,59,287,83,33,44,1
371,14.84,29,292,80,28,35,1
371,14.84,30,223,217,82,70,1
371,14.84,32,276,200,20,20,1
371,14.84,41,252,166,24,28,1
371,14.84,46,252,142,16,20,1
371,14.84,58,260,232,35,28,1
371,14.84,59,287,83,33,42,1
372,14.88,29,289,75,31,40,1
372,14.88,32,276,200,21,20,1
372,14.88,58,226,213,93,74,1
373,14.92,29,294,81,26,34,1
373,14.92,30,227,214,82,73,1
373,14.92,32,276,200,22,20,1
374,14.96,29,294,81,26,34,1
374,14.96,30,222,223,76,64,1
374,14.96,32,278,200,20,20,1
374,14.96,58,246,227,57,46,1
375,15.0,30,228,228,68,59,1
375,15.0,32,281,200,17,20,1
376,15.04,30,226,229,65,58,1
376,15.04,32,281,200,17,20,1
377,15.08,30,223,226,72,61,1
377,15.08,32,281,200,18,19,1
378,15.12,30,230,230,69,58,1
378,15.12,32,279,200,19,19,1
379,15.16,30,228,230,60,57,1
379,15.16,32,279,200,21,19,1
379,15.16,58,247,231,52,43,1
380,15.2,30,231,253,32,35,1
380,15.2,32,279,199,21,20,1
380,15.2,58,263,230,22,23,1
381,15.24,30,231,253,32,34,1
381,15.24,32,280,199,20,20,1
382,15.28,30,230,230,61,57,1
382,15.28,32,280,198,20,21,1
383,15.32,30,232,230,56,58,1
383,15.32,58,252,240,37,31,1
384,15.36,30,229,230,59,57,1
384,15.36,32,282,198,18,20,1
384,15.36,58,270,230,31,26,1
385,15.4,30,234,250,34,29,1
386,15.44,32,283,198,17,19,1
387,15.48,30,239,254,33,29,1
388,15.52,30,231,255,40,33,1
388,15.52,32,283,198,19,20,1
389,15.56,,,,,,1
390,15.6,30,246,240,44,37,1
391,15.64,30,225,253,49,35,1
392,15.68,,,,,,1
393,15.72,,,,,,1
394,15.76,30,236,243,51,45,1
395,15.8,,,,,,1
396,15.84,,,,,,1
397,15.88,,,,,,1
398,15.92,,,,,,1
399,15.96,,,,,,1
400,16.0,,,,,,1
401,16.04,,,,,,1
402,16.08,,,,,,1
403,16.12,,,,,,1
404,16.16,,,,,,1
405,16.2,,,,,,1
406,16.24,,,,,,1
407,16.28,,,,,,1
408,16.32,,,,,,1
409,16.36,,,,,,1
410,16.4,,,,,,1
411,16.44,,,,,,1
412,16.48,,,,,,1
413,16.52,,,,,,1
414,16.56,,,,,,1
415,16.6,,,,,,1
416,16.64,,,,,,1
417,16.68,,,,,,1
418,16.72,,,,,,1
419,16.76,,,,,,1
420,16.8,,,,,,1
421,16.84,,,,,,1
422,16.88,,,,,,1
423,16.92,,,,,,1
424,16.96,,,,,,1
425,17.0,60,218,33,31,25,1
426,17.04,,,,,,1
427,17.08,60,216,33,27,26,1
427,17.08,61,253,108,14,39,1
428,17.12,,,,,,1
429,17.16,60,216,33,31,25,1
430,17.2,60,227,33,15,18,1
431,17.24,60,216,33,31,24,1
431,17.24,61,249,120,13,34,1
431,17.24,62,156,120,15,14,1
432,17.28,60,225,33,17,18,1
433,17.32,60,215,33,32,24,1
433,17.32,61,251,122,12,32,1
433,17.32,63,270,136,16,13,1
433,17.32,64,282,158,20,24,1
434,17.36,60,220,33,20,18,1
434,17.36,61,250,121,13,27,1
434,17.36,62,153,121,17,13,1
434,17.36,63,270,136,22,13,1
434,17.36,64,282,158,19,24,1
435,17.4,60,213,33,26,25,1
435,17.4,61,267,95,26,23,1
435,17.4,62,188,120,26,28,1
435,17.4,63,270,136,22,13,1
435,17.4,64,282,158,22,24,1
436,17.44,60,223,33,16,22,1
436,17.44,61,266,95,25,24,1
436,17.44,62,187,120,26,24,1
436,17.44,63,269,136,22,13,1
436,17.44,64,280,158,26,24,1
436,17.44,65,155,119,14,15,1
436,17.44,66,312,134,8,33,1
437,17.48,61,248,110,14,38,1
437,17.48,62,186,121,27,27,1
437,17.48,63,268,136,23,13,1
437,17.48,64,280,158,25,24,1
437,17.48,65,154,119,14,16,1
438,17.52,60,224,33,17,23,1
438,17.52,61,245,111,17,37,1
438,17.52,62,186,120,27,28,1
438,17.52,63,268,136,23,12,1
438,17.52,64,287,158,18,22,1
438,17.52,65,154,120,14,15,1
438,17.52,66,305,133,15,35,1
438,17.52,67,114,162,17,14,1
439,17.56,60,215,33,23,23,1
439,17.56,61,247,120,12,34,1
439,17.56,62,185,120,28,28,1
439,17.56,63,268,136,22,14,1
439,17.56,64,280,158,20,24,1
439,17.56,65,153,120,15,16,1
439,17.56,66,304,133,16,35,1
440,17.6,60,219,33,23,23,1
440,17.6,61,241,111,20,43,1
440,17.6,62,186,120,27,28,1
440,17.6,63,265,95,24,24,1
440,17.6,64,280,157,20,26,1
440,17.6,65,154,123,14,13,1
440,17.6,66,304,132,16,36,1
440,17.6,67,114,162,17,16,1
441,17.64,60,214,33,22,23,1
441,17.64,61,267,135,23,14,1
441,17.64,62,185,120,28,28,1
441,17.64,63,264,95,25,23,1
441,17.64,64,280,158,19,25,1
441,17.64,65,152,121,14,15,1
441,17.64,66,308,132,12,35,1
441,17.64,67,113,162,21,22,1
442,17.68,60,217,33,26,23,1
442,17.68,61,266,134,24,15,1
442,17.68,62,184,121,29,27,1
442,17.68,63,264,95,24,23,1
442,17.68,64,280,157,20,26,1
442,17.68,65,151,121,15,15,1
442,17.68,66,304,132,16,34,1
442,17.68,68,240,119,17,31,1
443,17.72,60,209,33,26,25,1
443,17.72,61,266,134,23,15,1
443,17.72,62,184,120,20,24,1
443,17.72,63,264,94,23,24,1
443,17.72,64,278,157,20,25,1
443,17.72,65,151,122,15,14,1
443,17.72,66,308,141,12,26,1
443,17.72,67,113,161,17,19,1
443,17.72,68,244,111,16,40,1
444,17.76,60,215,33,19,24,1
444,17.76,61,266,134,22,15,1
444,17.76,62,184,120,20,24,1
444,17.76,63,264,94,23,24,1
444,17.76,64,278,157,20,25,1
444,17.76,66,308,132,12,34,1
444,17.76,68,239,110,21,43,1
445,17.8,60,217,33,21,25,1
445,17.8,61,266,134,22,15,1
445,17.8,62,184,120,19,22,1
445,17.8,63,262,94,24,24,1
445,17.8,64,278,156,25,26,1
445,17.8,65,150,121,16,15,1
445,17.8,66,308,132,12,33,1
445,17.8,67,112,162,35,36,1
445,17.8,68,239,111,20,40,1
445,17.8,69,174,183,14,14,1
446,17.84,60,213,33,20,25,1
446,17.84,61,266,134,16,15,1
446,17.84,62,183,120,19,24,1
446,17.84,63,262,94,24,24,1
446,17.84,64,278,156,20,24,1
446,17.84,65,150,122,14,14,1
446,17.84,66,308,132,12,33,1
446,17.84,67,111,163,32,32,1
446,17.84,68,238,111,28,40,1
447,17.88,60,208,33,31,25,1
447,17.88,61,265,134,22,15,1
447,17.88,62,182,120,19,24,1
447,17.88,64,278,156,27,24,1
447,17.88,65,149,121,16,15,1
447,17.88,66,308,132,12,33,1
447,17.88,67,111,163,35,35,1
447,17.88,68,238,110,19,40,1
448,17.92,60,210,33,25,26,1
448,17.92,61,264,134,18,15,1
448,17.92,62,182,121,28,28,1
448,17.92,63,262,94,23,24,1
448,17.92,64,277,156,25,24,1
448,17.92,66,308,132,12,33,1
448,17.92,67,111,164,31,32,1
448,17.92,68,238,111,20,40,1
448,17.92,69,172,183,15,21,1
449,17.96,60,207,33,24,26,1
449,17.96,61,264,134,22,15,1
449,17.96,62,182,121,27,27,1
449,17.96,63,260,94,25,24,1
449,17.96,64,277,156,25,24,1
449,17.96,65,149,122,15,15,1
449,17.96,66,300,131,20,34,1
449,17.96,67,110,163,34,35,1
449,17.96,68,237,111,20,40,1
449,17.96,70,240,80,9,25,1
449,17.96,71,250,60,40,36,1
450,18.0,60,207,33,23,27,1
450,18.0,61,264,134,17,15,1
450,18.0,62,181,121,28,28,1
450,18.0,63,260,94,25,24,1
450,18.0,64,276,156,19,24,1
450,18.0,66,300,131,20,36,1
450,18.0,67,110,163,48,47,1
450,18.0,68,237,111,19,38,1
450,18.0,69,172,178,15,21,1
451,18.04,60,204,33,29,27,1
451,18.04,61,263,134,23,14,1
451,18.04,62,180,122,29,28,1
451,18.04,63,260,94,18,13,1
451,18.04,64,276,156,19,24,1
451,18.04,65,147,121,15,17,1
451,18.04,66,300,131,20,36,1
451,18.04,67,110,163,46,45,1
451,18.04,68,236,111,21,32,1
451,18.04,69,170,182,17,22,1
452,18.08,60,205,33,25,28,1
452,18.08,61,263,134,16,14,1
452,18.08,62,180,122,29,28,1
452,18.08,63,260,94,24,23,1
452,18.08,64,276,156,28,24,1
452,18.08,65,148,122,14,16,1
452,18.08,66,299,130,21,36,1
452,18.08,67,133,188,22,15,1
452,18.08,68,236,111,20,37,1
452,18.08,69,172,182,15,17,1
452,18.08,70,239,80,8,25,1
452,18.08,71,248,69,16,19,1
452,18.08,72,109,164,24,24,1
453,18.12,60,202,33,32,33,1
453,18.12,61,262,134,24,14,1
453,18.12,62,180,122,29,27,1
453,18.12,63,258,94,27,23,1
453,18.12,64,276,156,27,24,1
453,18.12,65,148,122,14,16,1
453,18.12,66,299,130,20,30,1
453,18.12,67,140,181,15,27,1
453,18.12,68,230,108,25,15,1
453,18.12,69,170,183,16,22,1
453,18.12,70,238,80,9,24,1
453,18.12,71,247,69,17,19,1
453,18.12,72,109,166,27,25,1
454,18.16,60,203,33,27,34,1
454,18.16,61,262,134,22,14,1
454,18.16,62,187,133,22,15,1
454,18.16,63,262,94,22,23,1
454,18.16,64,274,156,29,23,1
454,18.16,65,146,122,16,16,1
454,18.16,66,298,130,21,30,1
454,18.16,67,139,171,25,46,1
454,18.16,68,230,108,15,16,1
454,18.16,70,235,110,19,41,1
454,18.16,72,108,164,34,34,1
455,18.2,60,199,33,29,35,1
455,18.2,61,262,134,22,14,1
455,18.2,62,179,122,28,26,1
455,18.2,63,258,93,15,13,1
455,18.2,64,274,156,29,23,1
455,18.2,65,145,123,15,15,1
455,18.2,66,298,130,22,32,1
455,18.2,67,136,177,19,31,1
455,18.2,68,229,108,15,18,1
455,18.2,69,170,186,16,20,1
455,18.2,70,235,110,19,41,1
455,18.2,71,246,69,17,19,1
455,18.2,72,108,165,18,19,1
455,18.2,73,198,172,23,24,1
455,18.2,74,238,80,7,25,1
456,18.24,60,202,33,30,34,1
456,18.24,61,261,134,23,14,1
456,18.24,62,178,122,29,28,1
456,18.24,64,274,155,29,24,1
456,18.24,65,146,123,14,15,1
456,18.24,66,298,130,22,32,1
456,18.24,67,108,165,57,54,1
456,18.24,69,170,186,16,20,1
456,18.24,70,240,110,15,41,1
456,18.24,74,237,80,8,25,1
457,18.28,60,204,33,25,35,1
457,18.28,61,260,134,23,14,1
457,18.28,62,178,122,29,28,1
457,18.28,63,256,93,27,24,1
457,18.28,64,274,155,29,25,1
457,18.28,65,145,124,15,14,1
457,18.28,66,298,130,22,33,1
457,18.28,68,228,108,15,16,1
457,18.28,69,138,179,38,50,1
457,18.28,70,234,110,19,39,1
457,18.28,72,107,165,36,35,1
457,18.28,73,197,168,14,19,1
457,18.28,74,236,80,9,25,1
458,18.32,60,199,33,26,36,1
458,18.32,61,260,134,23,14,1
458,18.32,62,178,122,28,28,1
458,18.32,63,256,93,26,24,1
458,18.32,64,274,155,25,25,1
458,18.32,65,146,123,14,15,1
458,18.32,66,297,130,20,33,1
458,18.32,68,228,109,24,19,1
458,18.32,69,130,179,34,39,1
458,18.32,70,233,128,19,23,1
458,18.32,71,252,65,39,34,1
458,18.32,72,107,165,23,24,1
458,18.32,73,197,169,23,27,1
458,18.32,74,236,80,9,25,1
459,18.36,60,196,33,34,36,1
459,18.36,61,260,134,22,14,1
459,18.36,62,178,122,28,28,1
459,18.36,63,255,93,32,24,1
459,18.36,64,279,155,20,23,1
459,18.36,65,144,124,14,14,1
459,18.36,66,296,130,24,32,1
459,18.36,69,140,190,26,31,1
459,18.36,70,228,108,25,43,1
459,18.36,72,107,165,23,24,1
459,18.36,74,235,80,10,28,1
460,18.4,60,198,33,30,37,1
460,18.4,61,259,134,23,14,1
460,18.4,62,176,122,29,28,1
460,18.4,63,254,93,27,23,1
460,18.4,64,272,154,27,26,1
460,18.4,65,144,124,14,15,1
460,18.4,66,296,130,24,32,1
460,18.4,67,106,166,71,65,1
460,18.4,69,170,180,13,19,1
460,18.4,70,232,110,20,41,1
460,18.4,73,196,172,24,24,1
460,18.4,74,234,80,10,26,1
461,18.44,60,194,34,37,35,1
461,18.44,61,258,134,23,14,1
461,18.44,62,176,122,29,28,1
461,18.44,63,254,93,26,23,1
461,18.44,64,272,155,26,25,1
461,18.44,65,144,123,13,16,1
461,18.44,66,302,129,18,33,1
461,18.44,67,106,166,66,61,1
461,18.44,69,168,180,16,32,1
461,18.44,70,232,110,21,41,1
461,18.44,72,125,166,20,24,1
461,18.44,73,196,172,24,24,1
461,18.44,74,234,80,9,27,1
462,18.48,60,195,33,28,36,1
462,18.48,61,258,134,21,14,1
462,18.48,62,176,123,29,27,1
462,18.48,63,253,93,25,23,1
462,18.48,64,272,154,26,26,1
462,18.48,65,144,124,14,16,1
462,18.48,66,295,129,20,33,1
462,18.48,67,105,167,77,69,1
462,18.48,69,168,180,16,30,1
462,18.48,70,226,108,24,43,1
462,18.48,72,126,166,19,24,1
462,18.48,73,196,169,25,27,1
462,18.48,74,233,80,11,29,1
463,18.52,60,192,33,34,36,1
463,18.52,61,258,134,21,14,1
463,18.52,62,175,123,29,27,1
463,18.52,63,252,93,26,23,1
463,18.52,64,272,154,26,26,1
463,18.52,65,144,123,12,16,1
463,18.52,66,294,126,26,35,1
463,18.52,67,130,171,47,61,1
463,18.52,69,168,185,15,21,1
463,18.52,70,231,110,19,41,1
463,18.52,72,106,166,23,25,1
463,18.52,73,195,169,13,17,1
463,18.52,74,232,80,11,28,1
463,18.52,75,309,153,11,17,1
464,18.56,60,193,34,37,36,1
464,18.56,61,258,134,21,14,1
464,18.56,62,175,123,29,27,1
464,18.56,63,252,93,26,23,1
464,18.56,64,272,154,24,26,1
464,18.56,65,142,124,14,16,1
464,18.56,66,294,125,26,35,1
464,18.56,69,166,180,17,26,1
464,18.56,70,230,110,20,38,1
464,18.56,72,101,164,53,48,1
464,18.56,73,195,172,24,24,1
464,18.56,74,232,80,10,26,1
464,18.56,75,309,153,11,15,1
465,18.6,60,190,33,31,36,1
465,18.6,61,257,133,22,15,1
465,18.6,62,174,123,29,27,1
465,18.6,63,252,93,25,23,1
465,18.6,64,270,154,26,26,1
465,18.6,65,142,124,14,16,1
465,18.6,66,294,122,26,39,1
465,18.6,69,166,180,18,26,1
465,18.6,70,224,108,27,40,1
465,18.6,72,101,168,61,52,1
465,18.6,73,194,172,26,24,1
465,18.6,74,232,80,10,27,1
465,18.6,75,309,153,11,15,1
466,18.64,60,191,33,39,36,1
466,18.64,61,256,133,23,14,1
466,18.64,62,174,122,20,24,1
466,18.64,63,250,92,27,24,1
466,18.64,64,270,154,21,25,1
466,18.64,65,142,124,14,16,1
466,18.64,66,293,121,27,40,1
466,18.64,69,166,180,15,26,1
466,18.64,70,224,108,25,43,1
466,18.64,72,100,167,52,44,1
466,18.64,73,194,169,13,19,1
466,18.64,74,231,80,11,29,1
466,18.64,75,309,153,11,15,1
467,18.68,60,188,33,33,36,1
467,18.68,61,256,134,22,13,1
467,18.68,62,173,123,21,23,1
467,18.68,63,250,92,27,24,1
467,18.68,64,270,154,26,24,1
467,18.68,65,141,125,14,15,1
467,18.68,66,293,125,27,36,1
467,18.68,68,224,80,25,71,1
467,18.68,69,166,180,15,26,1
467,18.68,72,100,168,51,42,1
467,18.68,73,194,169,13,19,1
467,18.68,75,308,153,12,15,1
468,18.72,60,190,34,29,35,1
468,18.72,61,256,132,22,15,1
468,18.72,62,173,124,21,22,1
468,18.72,63,250,92,27,24,1
468,18.72,64,270,154,25,24,1
468,18.72,65,140,126,14,14,1
468,18.72,66,292,125,28,36,1
468,18.72,67,134,180,30,43,1
468,18.72,68,222,108,15,18,1
468,18.72,69,166,184,15,23,1
468,18.72,70,231,109,18,42,1
468,18.72,72,100,169,34,28,1
468,18.72,73,193,169,20,27,1
468,18.72,74,230,80,10,26,1
468,18.72,76,157,70,28,36,1
468,18.72,77,244,160,13,38,1
469,18.76,60,186,33,32,36,1
469,18.76,61,254,132,24,15,1
469,18.76,62,172,124,30,27,1
469,18.76,63,250,92,26,24,1
469,18.76,64,269,154,25,24,1
469,18.76,65,140,126,14,15,1
469,18.76,66,292,125,28,35,1
469,18.76,69,165,185,16,22,1
469,18.76,70,221,108,27,48,1
469,18.76,72,99,169,56,46,1
469,18.76,73,193,169,22,27,1
469,18.76,74,229,80,11,26,1
469,18.76,76,158,75,26,30,1
469,18.76,77,244,160,17,43,1
470,18.8,60,188,33,33,36,1
470,18.8,61,254,132,24,15,1
470,18.8,62,171,124,49,28,1
470,18.8,63,249,92,26,24,1
470,18.8,64,268,154,20,25,1
470,18.8,65,139,126,14,15,1
470,18.8,66,292,124,28,36,1
470,18.8,69,164,188,18,19,1
470,18.8,70,222,109,26,42,1
470,18.8,72,98,168,52,40,1
470,18.8,73,192,170,23,26,1
470,18.8,74,229,80,10,26,1
470,18.8,75,307,154,13,11,1
470,18.8,76,156,67,31,39,1
470,18.8,77,244,160,11,29,1
471,18.84,60,189,34,29,35,1
471,18.84,61,254,132,22,15,1
471,18.84,62,170,124,30,26,1
471,18.84,63,248,92,27,24,1
471,18.84,64,268,154,26,24,1
471,18.84,65,137,126,15,14,1
471,18.84,66,291,121,29,40,1
471,18.84,68,220,80,26,74,1
471,18.84,69,164,181,17,26,1
471,18.84,70,201,134,19,18,1
471,18.84,72,98,167,52,38,1
471,18.84,73,192,170,25,26,1
471,18.84,74,236,69,18,18,1
471,18.84,75,307,154,13,11,1
471,18.84,76,157,70,28,35,1
471,18.84,77,243,160,11,30,1
471,18.84,78,299,179,21,26,1
472,18.88,60,186,34,35,36,1
472,18.88,61,254,132,22,15,1
472,18.88,62,170,124,30,26,1
472,18.88,63,248,92,27,23,1
472,18.88,64,268,154,25,24,1
472,18.88,65,138,126,14,15,1
472,18.88,66,290,123,29,37,1
472,18.88,68,220,108,26,44,1
472,18.88,69,164,182,17,26,1
472,18.88,71,227,80,9,26,1
472,18.88,72,98,168,52,36,1
472,18.88,73,192,170,24,26,1
472,18.88,74,236,68,17,19,1
472,18.88,75,305,154,15,11,1
472,18.88,76,151,67,35,45,1
472,18.88,77,242,160,12,30,1
472,18.88,78,297,178,23,28,1
473,18.92,60,187,34,32,36,1
473,18.92,61,252,132,24,15,1
473,18.92,62,170,124,30,26,1
473,18.92,63,247,92,26,23,1
473,18.92,64,268,154,24,24,1
473,18.92,65,138,126,14,16,1
473,18.92,66,290,121,29,39,1
473,18.92,68,220,108,25,45,1
473,18.92,69,164,181,16,35,1
473,18.92,70,200,135,18,17,1
473,18.92,71,227,80,8,26,1
473,18.92,72,97,167,65,56,1
473,18.92,75,305,153,14,12,1
473,18.92,76,153,76,31,33,1
473,18.92,77,242,160,11,30,1
473,18.92,78,297,178,23,28,1
474,18.96,60,189,34,28,36,1
474,18.96,61,252,132,24,15,1
474,18.96,62,169,124,49,28,1
474,18.96,63,248,92,25,23,1
474,18.96,64,266,153,26,25,1
474,18.96,65,138,126,13,16,1
474,18.96,66,290,121,29,39,1
474,18.96,68,220,108,26,40,1
474,18.96,69,164,182,16,28,1
474,18.96,71,226,80,9,26,1
474,18.96,72,97,166,51,39,1
474,18.96,73,191,170,12,18,1
474,18.96,74,234,68,18,18,1
474,18.96,75,305,153,14,13,1
474,18.96,76,153,76,28,33,1
474,18.96,77,242,160,11,29,1
474,18.96,78,264,189,20,14,1
475,19.0,60,181,34,39,36,1
475,19.0,61,252,132,23,15,1
475,19.0,62,168,124,30,26,1
475,19.0,63,246,92,27,23,1
475,19.0,64,266,153,26,25,1
475,19.0,65,136,119,14,23,1
475,19.0,66,289,123,31,37,1
475,19.0,67,120,168,20,24,1
475,19.0,68,218,108,26,44,1
475,19.0,69,163,182,17,30,1
475,19.0,71,226,80,9,26,1
475,19.0,72,96,166,61,54,1
475,19.0,73,190,170,14,18,1
475,19.0,74,234,68,17,18,1
475,19.0,75,305,153,14,13,1
475,19.0,76,149,76,32,36,1
475,19.0,77,242,160,10,29,1
475,19.0,78,264,189,19,14,1
475,19.0,79,295,176,25,31,1
476,19.04,60,182,34,32,38,1
476,19.04,61,252,132,22,15,1
476,19.04,62,168,124,30,26,1
476,19.04,63,246,92,27,23,1
476,19.04,64,273,153,19,23,1
476,19.04,65,136,126,14,16,1
476,19.04,66,288,123,32,37,1
476,19.04,68,218,106,25,45,1
476,19.04,69,162,182,18,27,1
476,19.04,71,226,80,9,26,1
476,19.04,72,96,167,41,37,1
476,19.04,73,190,170,14,18,1
476,19.04,76,138,74,42,52,1
476,19.04,77,242,160,11,28,1
476,19.04,78,264,188,19,18,1
476,19.04,79,298,176,22,28,1
477,19.08,60,180,34,35,38,1
477,19.08,61,250,132,23,15,1
477,19.08,62,168,124,30,26,1
477,19.08,63,245,92,29,23,1
477,19.08,64,266,153,18,25,1
477,19.08,65,136,127,14,15,1
477,19.08,66,288,121,28,39,1
477,19.08,67,130,177,16,34,1
477,19.08,68,218,108,25,46,1
477,19.08,69,162,187,16,21,1
477,19.08,71,225,80,8,26,1
477,19.08,72,96,168,34,31,1
477,19.08,73,189,169,16,19,1
477,19.08,75,304,153,15,13,1
477,19.08,76,144,72,37,46,1
477,19.08,77,240,160,12,28,1
477,19.08,79,296,175,24,30,1
478,19.12,60,180,34,34,40,1
478,19.12,61,250,132,23,14,1
478,19.12,62,167,124,39,28,1
478,19.12,63,246,92,27,23,1
478,19.12,64,266,153,24,25,1
478,19.12,65,136,128,13,14,1
478,19.12,66,288,123,27,35,1
478,19.12,67,96,168,72,62,1
478,19.12,68,218,108,25,44,1
478,19.12,69,162,187,16,21,1
478,19.12,71,225,81,8,25,1
478,19.12,73,189,169,14,19,1
478,19.12,75,304,152,14,13,1
478,19.12,78,263,188,20,14,1
478,19.12,79,299,173,21,29,1
479,19.16,60,178,34,34,39,1
479,19.16,61,250,132,22,14,1
479,19.16,62,166,124,43,28,1
479,19.16,63,244,92,27,23,1
479,19.16,64,265,152,25,26,1
479,19.16,65,134,127,15,15,1
479,19.16,66,286,123,29,36,1
479,19.16,67,100,170,48,46,1
479,19.16,68,223,110,29,42,1
479,19.16,69,162,187,15,21,1
479,19.16,70,216,108,11,19,1
479,19.16,71,225,81,8,25,1
479,19.16,73,189,170,14,18,1
479,19.16,74,231,69,17,17,1
479,19.16,76,140,77,38,45,1
479,19.16,78,262,188,21,14,1
479,19.16,79,292,173,28,35,1
480,19.2,60,179,34,32,40,1
480,19.2,61,250,132,21,14,1
480,19.2,62,166,125,31,25,1
480,19.2,64,271,152,11,24,1
480,19.2,65,134,128,14,14,1
480,19.2,66,286,119,32,40,1
480,19.2,67,130,183,16,27,1
480,19.2,68,216,108,35,44,1
480,19.2,69,162,186,16,22,1
480,19.2,71,223,81,9,25,1
480,19.2,72,94,167,42,38,1
480,19.2,73,188,170,15,18,1
480,19.2,76,140,75,37,47,1
480,19.2,79,293,173,27,34,1
481,19.24,60,153,34,59,71,1
481,19.24,61,249,132,22,14,1
481,19.24,62,166,125,39,27,1
481,19.24,64,264,152,26,26,1
481,19.24,65,134,122,14,20,1
481,19.24,66,286,122,28,37,1
481,19.24,68,216,108,26,40,1
481,19.24,69,161,182,15,26,1
481,19.24,71,223,83,8,23,1
481,19.24,72,94,165,52,47,1
481,19.24,73,188,169,15,18,1
481,19.24,79,292,171,28,36,1
482,19.28,60,177,34,33,41,1
482,19.28,62,165,125,39,27,1
482,19.28,63,244,91,25,23,1
482,19.28,64,264,152,24,26,1
482,19.28,65,133,126,13,16,1
482,19.28,66,285,119,29,40,1
482,19.28,67,93,164,81,72,1
482,19.28,68,216,108,25,52,1
482,19.28,69,160,186,18,22,1
482,19.28,71,222,83,10,23,1
482,19.28,72,118,170,21,24,1
482,19.28,73,188,169,15,19,1
482,19.28,75,301,151,15,13,1
482,19.28,76,134,77,43,51,1
482,19.28,78,262,188,19,20,1
482,19.28,79,292,170,28,37,1
482,19.28,80,191,206,13,34,1
483,19.32,60,174,34,43,40,1
483,19.32,61,248,132,22,14,1
483,19.32,62,164,125,40,27,1
483,19.32,63,244,91,25,23,1
483,19.32,64,264,152,23,26,1
483,19.32,65,130,111,17,31,1
483,19.32,66,284,120,30,38,1
483,19.32,69,160,186,17,22,1
483,19.32,70,214,108,27,30,1
483,19.32,71,220,82,11,24,1
483,19.32,72,93,170,51,38,1
483,19.32,73,187,169,15,19,1
483,19.32,76,147,74,30,37,1
483,19.32,79,292,170,28,37,1
484,19.36,60,171,34,40,42,1
484,19.36,61,248,132,22,14,1
484,19.36,62,164,125,38,27,1
484,19.36,64,262,152,18,26,1
484,19.36,65,132,125,14,18,1
484,19.36,66,284,120,29,39,1
484,19.36,68,214,108,10,18,1
484,19.36,69,160,186,15,23,1
484,19.36,70,223,109,26,29,1
484,19.36,71,220,81,11,25,1
484,19.36,72,92,164,53,47,1
484,19.36,73,187,170,14,18,1
484,19.36,76,141,78,34,41,1
484,19.36,79,292,170,28,36,1
485,19.4,61,247,132,22,14,1
485,19.4,62,164,125,38,27,1
485,19.4,63,243,91,22,23,1
485,19.4,64,262,152,17,26,1
485,19.4,66,284,120,29,38,1
485,19.4,68,214,108,10,19,1
485,19.4,69,160,186,14,24,1
485,19.4,70,220,109,18,43,1
485,19.4,71,219,80,10,26,1
485,19.4,72,92,163,39,40,1
485,19.4,73,186,169,15,19,1
485,19.4,76,132,34,81,109,1
485,19.4,78,260,188,19,14,1
485,19.4,79,292,168,28,38,1
486,19.44,60,171,34,40,42,1
486,19.44,62,173,133,29,19,1
486,19.44,63,244,91,21,23,1
486,19.44,64,262,152,26,26,1
486,19.44,65,131,76,42,68,1
486,19.44,66,290,120,22,39,1
486,19.44,70,213,108,25,46,1
486,19.44,71,219,80,10,26,1
486,19.44,72,92,165,53,50,1
486,19.44,74,227,68,17,18,1
486,19.44,77,236,159,12,19,1
486,19.44,79,291,167,29,38,1
487,19.48,60,172,34,34,41,1
487,19.48,62,163,125,30,27,1
487,19.48,63,243,91,22,23,1
487,19.48,64,262,152,24,25,1
487,19.48,65,131,129,13,15,1
487,19.48,66,290,121,22,37,1
487,19.48,69,158,182,16,26,1
487,19.48,70,212,108,34,46,1
487,19.48,71,218,80,11,26,1
487,19.48,72,92,161,53,55,1
487,19.48,73,185,169,16,20,1
487,19.48,74,226,68,18,18,1
487,19.48,79,289,167,31,40,1
488,19.52,60,173,34,36,43,1
488,19.52,61,246,130,22,16,1
488,19.52,62,162,125,30,27,1
488,19.52,63,244,91,21,23,1
488,19.52,64,262,152,24,25,1
488,19.52,65,128,90,34,54,1
488,19.52,66,288,115,22,43,1
488,19.52,69,158,182,16,27,1
488,19.52,70,211,108,35,49,1
488,19.52,71,218,80,11,26,1
488,19.52,72,91,149,53,66,1
488,19.52,73,185,169,16,19,1
488,19.52,74,226,68,17,18,1
488,19.52,77,236,159,12,19,1
488,19.52,79,292,167,28,37,1
488,19.52,80,190,206,11,35,1
489,19.56,60,170,34,35,43,1
489,19.56,62,162,126,30,26,1
489,19.56,63,242,91,23,23,1
489,19.56,64,260,152,26,24,1
489,19.56,65,123,75,50,69,1
489,19.56,66,288,119,22,39,1
489,19.56,69,158,182,16,27,1
489,19.56,70,212,108,34,37,1
489,19.56,71,218,86,11,20,1
489,19.56,72,90,163,58,57,1
489,19.56,73,184,169,16,20,1
489,19.56,74,225,68,17,18,1
489,19.56,79,285,166,35,45,1
490,19.6,60,168,34,36,43,1
490,19.6,61,244,130,23,16,1
490,19.6,62,162,125,29,27,1
490,19.6,63,241,91,24,23,1
490,19.6,64,260,151,26,25,1
490,19.6,65,119,90,42,54,1
490,19.6,66,282,117,28,40,1
490,19.6,69,158,182,15,27,1
490,19.6,70,210,106,35,32,1
490,19.6,71,216,80,11,26,1
490,19.6,72,90,160,62,62,1
490,19.6,73,184,169,15,20,1
490,19.6,74,224,68,18,18,1
490,19.6,77,218,138,19,22,1
490,19.6,79,291,178,21,25,1
490,19.6,80,190,208,11,32,1
491,19.64,60,169,34,37,43,1
491,19.64,61,244,130,22,16,1
491,19.64,62,161,126,30,26,1
491,19.64,63,241,90,22,24,1
491,19.64,64,260,151,25,25,1
491,19.64,65,121,75,50,69,1
491,19.64,66,281,118,29,38,1
491,19.64,67,114,172,20,24,1
491,19.64,69,158,183,16,20,1
491,19.64,70,210,106,35,39,1
491,19.64,71,216,80,10,26,1
491,19.64,72,90,158,55,58,1
491,19.64,74,224,68,18,18,1
491,19.64,79,291,156,29,47,1
491,19.64,80,188,208,13,39,1
492,19.68,60,170,34,34,43,1
492,19.68,61,234,158,13,19,1
492,19.68,62,160,126,31,26,1
492,19.68,63,241,91,22,21,1
492,19.68,64,260,150,24,26,1
492,19.68,65,125,77,45,67,1
492,19.68,66,281,120,28,37,1
492,19.68,69,158,183,16,22,1
492,19.68,70,210,106,35,30,1
492,19.68,71,215,80,11,26,1
492,19.68,72,89,171,62,52,1
492,19.68,73,184,170,15,18,1
492,19.68,74,223,68,17,18,1
492,19.68,77,217,138,19,16,1
492,19.68,78,258,187,19,19,1
492,19.68,79,291,156,29,47,1
493,19.72,61,244,130,22,16,1
493,19.72,62,160,126,33,40,1
493,19.72,63,237,90,23,23,1
493,19.72,64,259,150,25,25,1
493,19.72,66,280,117,30,40,1
493,19.72,67,89,159,57,59,1
493,19.72,68,210,109,14,18,1
493,19.72,69,158,183,16,22,1
493,19.72,70,220,106,14,31,1
493,19.72,71,214,80,11,26,1
493,19.72,73,183,169,15,20,1
493,19.72,74,222,68,18,18,1
493,19.72,76,118,34,84,110,1
493,19.72,77,218,138,18,22,1
493,19.72,79,293,156,27,45,1
493,19.72,80,187,206,13,41,1
494,19.76,60,169,34,39,44,1
494,19.76,61,243,130,23,16,1
494,19.76,62,160,126,30,26,1
494,19.76,63,239,90,22,23,1
494,19.76,64,258,150,25,25,1
494,19.76,65,118,77,50,67,1
494,19.76,66,280,118,30,42,1
494,19.76,67,89,161,37,43,1
494,19.76,69,157,184,15,19,1
494,19.76,70,208,108,35,29,1
494,19.76,71,214,80,10,26,1
494,19.76,73,182,170,16,19,1
494,19.76,74,222,68,18,18,1
494,19.76,79,291,173,21,28,1
494,19.76,80,188,207,12,34,1
495,19.8,60,166,35,40,43,1
495,19.8,61,242,130,21,15,1
495,19.8,62,159,126,31,26,1
495,19.8,63,238,90,23,23,1
495,19.8,64,258,150,26,25,1
495,19.8,65,118,123,22,21,1
495,19.8,66,280,107,29,50,1
495,19.8,67,88,157,56,61,1
495,19.8,68,208,108,17,18,1
495,19.8,69,156,184,15,26,1
495,19.8,70,219,110,25,27,1
495,19.8,71,214,80,10,26,1
495,19.8,74,221,68,17,18,1
495,19.8,79,290,174,22,27,1
495,19.8,80,188,206,20,30,1
496,19.84,60,167,34,37,44,1
496,19.84,61,242,130,21,16,1
496,19.84,62,158,126,30,26,1
496,19.84,63,237,90,23,23,1
496,19.84,64,258,150,18,26,1
496,19.84,65,124,123,16,21,1
496,19.84,66,285,116,24,40,1
496,19.84,67,88,155,56,63,1
496,19.84,68,208,108,24,28,1
496,19.84,69,156,184,15,29,1
496,19.84,71,213,80,10,26,1
496,19.84,73,182,170,15,19,1
496,19.84,74,220,68,18,18,1
496,19.84,76,134,77,33,44,1
496,19.84,77,218,138,16,17,1
496,19.84,78,256,186,19,16,1
496,19.84,79,290,156,30,45,1
496,19.84,80,185,206,14,41,1
497,19.88,60,165,34,38,44,1
497,19.88,61,242,130,21,16,1
497,19.88,62,158,126,30,26,1
497,19.88,63,239,90,21,22,1
497,19.88,64,258,150,24,26,1
497,19.88,65,124,130,16,16,1
497,19.88,66,278,117,31,39,1
497,19.88,67,87,150,54,68,1
497,19.88,68,208,105,24,31,1
497,19.88,69,156,184,16,26,1
497,19.88,73,182,170,15,20,1
497,19.88,74,220,68,18,18,1
497,19.88,75,307,137,13,13,1
497,19.88,77,218,137,16,16,1
497,19.88,78,255,186,19,16,1
497,19.88,79,290,156,30,45,1
497,19.88,80,185,206,14,41,1
498,19.92,60,163,35,35,43,1
498,19.92,61,241,130,23,14,1
498,19.92,62,157,126,31,26,1
498,19.92,63,238,90,22,21,1
498,19.92,64,258,150,23,26,1
498,19.92,65,117,125,23,21,1
498,19.92,66,284,118,24,38,1
498,19.92,67,87,154,60,68,1
498,19.92,69,155,189,16,28,1
498,19.92,71,212,80,10,26,1
498,19.92,73,182,170,15,19,1
498,19.92,74,219,68,19,18,1
498,19.92,76,148,78,19,25,1
498,19.92,77,206,108,28,52,1
498,19.92,79,290,156,30,43,1
498,19.92,80,185,206,22,40,1
499,19.96,60,164,35,39,43,1
499,19.96,61,240,130,23,14,1
499,19.96,62,156,126,31,26,1
499,19.96,63,234,90,25,23,1
499,19.96,64,256,150,25,26,1
499,19.96,65,118,126,21,20,1
499,19.96,66,284,114,24,42,1
499,19.96,67,86,167,59,53,1
499,19.96,69,154,189,15,31,1
499,19.96,71,211,80,11,26,1
499,19.96,73,180,171,17,19,1
499,19.96,74,219,68,17,18,1
499,19.96,76,134,76,33,44,1
499,19.96,77,206,108,26,45,1
499,19.96,78,255,186,19,19,1
499,19.96,79,289,157,31,43,1
500,20.0,60,165,34,36,44,1
500,20.0,61,240,130,22,14,1
500,20.0,62,156,126,31,26,1
500,20.0,63,236,90,23,23,1
500,20.0,64,256,150,26,26,1
500,20.0,65,119,126,19,20,1
500,20.0,66,277,114,31,41,1
500,20.0,67,86,155,58,64,1
500,20.0,68,206,108,14,17,1
500,20.0,69,154,184,16,26,1
500,20.0,71,210,80,12,26,1
500,20.0,73,180,171,16,19,1
500,20.0,75,306,136,14,14,1
500,20.0,76,134,74,31,46,1
500,20.0,77,216,106,16,46,1
500,20.0,78,254,186,20,14,1
500,20.0,79,289,157,31,43,1
501,20.04,60,163,35,36,44,1
501,20.04,61,240,130,21,14,1
501,20.04,62,156,127,38,25,1
501,20.04,63,235,90,24,23,1
501,20.04,64,261,150,20,22,1
501,20.04,65,122,115,16,31,1
501,20.04,66,284,117,21,39,1
501,20.04,67,86,155,65,71,1
501,20.04,68,206,108,14,18,1
501,20.04,69,154,184,16,30,1
501,20.04,71,210,80,10,26,1
501,20.04,73,180,171,26,27,1
501,20.04,76,138,76,26,37,1
501,20.04,77,215,106,17,46,1
501,20.04,78,254,186,19,14,1
502,20.08,60,161,34,34,45,1
502,20.08,61,239,130,23,14,1
502,20.08,62,156,127,30,25,1
502,20.08,64,261,150,19,22,1
502,20.08,65,118,129,20,17,1
502,20.08,66,276,115,29,41,1
502,20.08,67,86,169,58,51,1
502,20.08,69,154,184,15,27,1
502,20.08,71,210,80,9,26,1
502,20.08,73,180,170,15,19,1
502,20.08,74,217,68,19,18,1
502,20.08,76,137,78,26,36,1
502,20.08,77,204,106,28,47,1
502,20.08,78,254,186,19,20,1
502,20.08,79,289,156,31,43,1
502,20.08,80,186,206,20,35,1
503,20.12,61,239,130,21,14,1
503,20.12,62,155,129,31,23,1
503,20.12,63,232,90,25,22,1
503,20.12,64,256,150,24,26,1
503,20.12,65,120,126,17,20,1
503,20.12,66,276,116,30,40,1
503,20.12,67,85,154,60,68,1
503,20.12,69,154,188,15,26,1
503,20.12,71,209,80,9,26,1
503,20.12,73,180,171,15,19,1
503,20.12,74,216,68,18,18,1
503,20.12,76,130,35,69,87,1
503,20.12,77,204,108,25,39,1
503,20.12,78,254,186,18,15,1
503,20.12,79,290,154,30,44,1
504,20.16,60,160,35,34,44,1
504,20.16,61,238,130,22,14,1
504,20.16,62,154,128,31,24,1
504,20.16,63,234,90,22,22,1
504,20.16,64,255,149,24,27,1
504,20.16,65,119,132,17,14,1
504,20.16,66,276,114,30,41,1
504,20.16,67,85,155,68,67,1
504,20.16,68,204,108,14,17,1
504,20.16,71,208,80,10,25,1
504,20.16,74,216,68,18,17,1
504,20.16,77,209,109,21,48,1
504,20.16,78,254,186,18,15,1
504,20.16,79,290,153,30,45,1
505,20.2,60,161,35,38,45,1
505,20.2,61,238,130,21,14,1
505,20.2,62,154,128,30,24,1
505,20.2,63,233,90,22,22,1
505,20.2,64,254,149,26,26,1
505,20.2,65,120,132,16,14,1
505,20.2,66,281,116,22,38,1
505,20.2,67,85,154,60,68,1
505,20.2,68,204,108,13,17,1
505,20.2,69,153,189,15,24,1
505,20.2,71,208,80,10,25,1
505,20.2,74,216,68,18,18,1
505,20.2,77,212,106,26,46,1
505,20.2,78,253,186,20,15,1
505,20.2,79,290,153,30,43,1
506,20.24,60,157,35,40,45,1
506,20.24,61,237,130,16,14,1
506,20.24,62,154,128,29,24,1
506,20.24,63,233,90,22,21,1
506,20.24,64,254,149,24,27,1
506,20.24,65,119,128,17,18,1
506,20.24,66,274,116,29,38,1
506,20.24,67,84,153,61,69,1
506,20.24,68,202,80,28,77,1
506,20.24,69,153,184,13,30,1
506,20.24,74,214,68,18,17,1
506,20.24,75,303,135,17,15,1
506,20.24,76,139,81,23,28,1
506,20.24,78,252,186,20,14,1
506,20.24,79,290,152,30,44,1
507,20.28,60,158,35,41,45,1
507,20.28,61,237,130,15,14,1
507,20.28,62,154,128,29,24,1
507,20.28,63,232,90,23,21,1
507,20.28,64,254,149,24,27,1
507,20.28,65,112,115,24,33,1
507,20.28,66,274,116,29,39,1
507,20.28,67,84,154,60,69,1
507,20.28,68,202,108,14,18,1
507,20.28,69,152,184,14,28,1
507,20.28,71,206,80,14,26,1
507,20.28,74,214,68,18,17,1
507,20.28,75,304,135,16,15,1
507,20.28,76,135,79,25,35,1
507,20.28,77,213,109,17,43,1
507,20.28,78,252,186,20,14,1
507,20.28,79,290,151,30,45,1
507,20.28,80,184,206,12,34,1
508,20.32,60,136,35,61,78,1
508,20.32,61,236,130,22,14,1
508,20.32,62,153,128,29,24,1
508,20.32,63,232,90,22,20,1
508,20.32,64,254,149,24,26,1
508,20.32,65,122,132,13,16,1
508,20.32,66,274,115,27,40,1
508,20.32,67,80,153,65,70,1
508,20.32,68,202,108,14,18,1
508,20.32,69,152,184,15,29,1
508,20.32,71,206,80,10,26,1
508,20.32,74,214,68,18,17,1
508,20.32,75,302,134,18,14,1
508,20.32,77,211,106,18,47,1
508,20.32,78,252,185,17,15,1
508,20.32,79,290,151,30,43,1
508,20.32,80,184,206,12,34,1
509,20.36,60,140,35,55,71,1
509,20.36,61,236,130,22,14,1
509,20.36,62,152,128,30,24,1
509,20.36,63,232,90,21,20,1
509,20.36,64,252,149,26,25,1
509,20.36,65,120,132,14,16,1
509,20.36,66,273,121,28,34,1
509,20.36,67,82,153,69,71,1
509,20.36,69,152,185,16,31,1
509,20.36,71,206,80,10,26,1
509,20.36,74,213,68,19,18,1
509,20.36,77,210,110,18,43,1
509,20.36,79,289,148,31,46,1
509,20.36,80,184,207,12,31,1
510,20.4,60,141,35,49,70,1
510,20.4,61,236,128,22,16,1
510,20.4,62,152,128,29,24,1
510,20.4,64,252,148,19,26,1
510,20.4,65,120,133,14,15,1
510,20.4,66,278,116,23,38,1
510,20.4,67,83,153,62,71,1
510,20.4,69,152,185,14,27,1
510,20.4,71,204,80,11,26,1
510,20.4,77,209,105,19,42,1
510,20.4,79,289,148,31,46,1
511,20.44,60,130,35,71,85,1
511,20.44,61,235,129,22,15,1
511,20.44,62,152,128,29,24,1
511,20.44,63,229,89,24,22,1
511,20.44,64,252,148,24,26,1
511,20.44,65,119,133,15,15,1
511,20.44,66,272,116,28,38,1
511,20.44,67,81,152,64,74,1
511,20.44,69,152,186,16,19,1
511,20.44,71,204,80,10,26,1
511,20.44,74,212,68,18,17,1
511,20.44,77,200,106,28,47,1
511,20.44,79,289,138,31,55,1
512,20.48,60,131,35,59,82,1
512,20.48,61,234,129,23,15,1
512,20.48,62,152,129,29,23,1
512,20.48,63,230,90,23,22,1
512,20.48,64,252,148,17,26,1
512,20.48,65,120,133,14,15,1
512,20.48,66,272,121,18,33,1
512,20.48,67,82,151,63,75,1
512,20.48,69,152,186,13,19,1
512,20.48,71,204,80,10,26,1
512,20.48,74,211,68,19,18,1
512,20.48,77,200,105,27,48,1
512,20.48,79,289,147,31,46,1
513,20.52,60,153,35,36,47,1
513,20.52,61,234,128,17,16,1
513,20.52,62,151,129,30,23,1
513,20.52,63,229,89,23,22,1
513,20.52,64,252,148,17,26,1
513,20.52,65,120,134,13,14,1
513,20.52,66,272,120,28,34,1
513,20.52,67,82,152,63,74,1
513,20.52,69,151,186,14,19,1
513,20.52,71,203,80,10,25,1
513,20.52,74,211,68,18,17,1
513,20.52,77,207,105,17,42,1
513,20.52,79,289,146,31,46,1
514,20.56,60,153,35,43,47,1
514,20.56,62,150,129,23,21,1
514,20.56,63,228,89,24,22,1
514,20.56,64,252,148,16,23,1
514,20.56,65,118,134,14,14,1
514,20.56,66,271,117,28,36,1
514,20.56,67,81,176,66,51,1
514,20.56,69,150,186,16,28,1
514,20.56,71,202,80,11,26,1
514,20.56,77,207,105,19,48,1
514,20.56,79,288,145,32,47,1
515,20.6,60,130,35,61,82,1
515,20.6,61,234,128,15,16,1
515,20.6,64,250,148,18,26,1
515,20.6,65,118,133,14,15,1
515,20.6,66,270,115,29,38,1
515,20.6,67,81,150,57,72,1
515,20.6,69,150,186,16,27,1
515,20.6,71,202,80,11,26,1
515,20.6,74,210,68,18,17,1
515,20.6,77,207,109,19,44,1
515,20.6,79,288,145,32,47,1
516,20.64,60,153,35,33,48,1
516,20.64,61,234,130,20,14,1
516,20.64,64,256,151,19,20,1
516,20.64,65,118,134,14,14,1
516,20.64,66,276,120,23,33,1
516,20.64,67,81,150,64,76,1
516,20.64,68,215,135,11,18,1
516,20.64,69,150,186,16,27,1
516,20.64,71,202,80,10,25,1
516,20.64,74,209,68,19,17,1
516,20.64,75,299,133,20,15,1
516,20.64,76,130,80,25,36,1
516,20.64,77,206,105,18,39,1
516,20.64,79,288,144,32,47,1
517,20.68,60,137,35,60,72,1
517,20.68,62,149,131,23,19,1
517,20.68,64,250,148,25,26,1
517,20.68,65,118,134,14,14,1
517,20.68,66,277,120,22,33,1
517,20.68,67,81,141,64,85,1
517,20.68,69,150,191,13,22,1
517,20.68,71,201,80,11,26,1
517,20.68,77,206,111,20,42,1
517,20.68,79,287,132,33,60,1
518,20.72,60,151,35,38,51,1
518,20.72,62,158,135,21,18,1
518,20.72,64,250,148,17,26,1
518,20.72,65,118,134,12,14,1
518,20.72,66,270,114,27,39,1
518,20.72,67,80,149,66,79,1
518,20.72,68,198,108,13,18,1
518,20.72,71,200,80,11,25,1
518,20.72,75,298,132,19,14,1
518,20.72,76,128,82,26,36,1
518,20.72,77,205,105,21,48,1
518,20.72,79,288,141,32,49,1
519,20.76,64,250,148,16,26,1
519,20.76,65,117,134,13,15,1
519,20.76,66,269,120,28,33,1
519,20.76,67,80,161,65,67,1
519,20.76,71,200,80,11,25,1
519,20.76,75,298,132,19,14,1
519,20.76,76,121,35,66,93,1
519,20.76,77,198,105,27,48,1
519,20.76,79,287,142,33,49,1
520,20.8,60,152,36,33,50,1
520,20.8,62,180,137,17,17,1
520,20.8,64,255,148,11,22,1
520,20.8,65,115,134,15,15,1
520,20.8,66,268,120,27,33,1
520,20.8,67,80,147,62,79,1
520,20.8,68,196,106,26,28,1
520,20.8,71,200,80,11,25,1
520,20.8,75,298,132,19,13,1
520,20.8,77,209,135,15,18,1
520,20.8,78,249,184,20,15,1
520,20.8,79,287,138,33,53,1
521,20.84,61,232,128,14,15,1
521,20.84,64,254,147,20,21,1
521,20.84,65,116,134,14,16,1
521,20.84,66,274,115,21,38,1
521,20.84,67,80,163,41,42,1
521,20.84,68,205,105,19,48,1
521,20.84,69,113,205,33,23,1
521,20.84,71,199,80,12,25,1
521,20.84,75,297,132,20,13,1
521,20.84,76,131,36,65,77,1
521,20.84,78,248,184,21,14,1
521,20.84,79,286,138,34,53,1
522,20.88,64,248,155,17,19,1
522,20.88,65,116,133,13,17,1
522,20.88,66,275,119,20,33,1
522,20.88,68,204,106,20,47,1
522,20.88,69,80,172,69,58,1
522,20.88,71,198,80,11,25,1
522,20.88,76,135,36,59,68,1
522,20.88,78,248,184,20,13,1
522,20.88,79,292,139,28,44,1
523,20.92,64,248,147,18,25,1
523,20.92,66,275,119,20,33,1
523,20.92,68,204,106,20,46,1
523,20.92,69,80,172,61,54,1
523,20.92,71,196,108,14,18,1
523,20.92,75,296,132,19,12,1
523,20.92,76,125,36,58,85,1
523,20.92,78,248,184,20,13,1
523,20.92,79,292,138,28,45,1
524,20.96,61,230,128,22,16,1
524,20.96,64,248,147,17,25,1
524,20.96,65,116,136,12,14,1
524,20.96,66,272,115,22,38,1
524,20.96,67,79,146,63,81,1
524,20.96,71,196,105,24,33,1
524,20.96,74,198,80,10,25,1
524,20.96,75,296,132,19,12,1
524,20.96,76,134,36,53,70,1
524,20.96,77,209,139,14,13,1
524,20.96,78,248,184,19,13,1
524,20.96,79,276,138,44,67,1
525,21.0,61,230,128,20,16,1
525,21.0,64,248,147,17,25,1
525,21.0,65,115,135,13,15,1
525,21.0,66,272,115,22,38,1
525,21.0,69,79,180,64,49,1
525,21.0,71,203,106,17,36,1
525,21.0,74,198,80,10,25,1
525,21.0,75,296,131,18,13,1
525,21.0,76,131,36,55,75,1
525,21.0,77,211,137,11,16,1
525,21.0,78,247,184,20,13,1
525,21.0,79,288,139,32,48,1
526,21.04,62,178,136,18,18,1
526,21.04,64,248,147,24,25,1
526,21.04,65,115,136,13,14,1
526,21.04,66,272,115,23,34,1
526,21.04,69,78,176,65,52,1
526,21.04,71,203,106,17,36,1
526,21.04,74,196,80,12,25,1
526,21.04,76,131,36,56,75,1
526,21.04,77,208,136,15,17,1
526,21.04,79,292,136,28,46,1
527,21.08,62,146,130,21,20,1
527,21.08,65,114,136,14,14,1
527,21.08,66,272,114,22,34,1
527,21.08,68,202,106,20,46,1
527,21.08,69,78,181,64,46,1
527,21.08,74,196,80,11,25,1
527,21.08,76,131,36,52,74,1
527,21.08,79,288,135,32,50,1
528,21.12,62,146,130,30,24,1
528,21.12,65,114,136,14,14,1
528,21.12,66,266,114,26,34,1
528,21.12,69,78,181,67,49,1
528,21.12,75,295,130,20,14,1
528,21.12,76,132,36,48,71,1
528,21.12,77,206,127,16,26,1
528,21.12,79,292,135,28,44,1
529,21.16,64,250,146,16,25,1
529,21.16,66,271,114,21,30,1
529,21.16,68,206,106,16,46,1
529,21.16,69,78,181,67,49,1
529,21.16,74,196,80,10,25,1
529,21.16,75,294,130,21,14,1
529,21.16,76,132,36,48,69,1
529,21.16,79,295,135,25,39,1
530,21.2,62,145,131,30,21,1
530,21.2,64,246,146,20,26,1
530,21.2,66,271,113,21,31,1
530,21.2,69,78,181,65,48,1
530,21.2,71,193,105,19,22,1
530,21.2,74,195,80,11,25,1
530,21.2,75,294,130,20,13,1
530,21.2,76,130,36,50,68,1
530,21.2,79,292,135,28,44,1
531,21.24,62,144,130,29,22,1
531,21.24,65,114,136,12,16,1
531,21.24,66,270,113,21,31,1
531,21.24,69,77,184,69,47,1
531,21.24,76,131,36,50,69,1
531,21.24,79,291,135,29,43,1
532,21.28,62,144,131,21,19,1
532,21.28,65,113,137,13,15,1
532,21.28,66,271,113,20,34,1
532,21.28,68,205,105,13,30,1
532,21.28,69,77,182,64,39,1
532,21.28,76,133,36,49,67,1
532,21.28,79,294,135,26,40,1
533,21.32,65,111,136,15,16,1
533,21.32,66,270,118,21,29,1
533,21.32,68,206,105,11,30,1
533,21.32,69,85,182,59,48,1
533,21.32,74,194,80,11,25,1
533,21.32,76,130,36,47,67,1
533,21.32,79,296,134,24,35,1
534,21.36,62,144,130,29,24,1
534,21.36,65,111,139,15,13,1
534,21.36,66,264,113,26,27,1
534,21.36,69,77,182,68,49,1
534,21.36,74,194,80,10,24,1
534,21.36,75,294,130,17,12,1
534,21.36,76,130,36,56,73,1
534,21.36,77,207,127,13,26,1
534,21.36,79,297,134,23,37,1
535,21.4,65,111,137,15,15,1
535,21.4,66,264,113,27,26,1
535,21.4,69,76,182,65,40,1
535,21.4,75,293,129,18,12,1
535,21.4,76,135,37,44,60,1
535,21.4,79,296,134,23,34,1
536,21.44,66,264,114,27,24,1
536,21.44,69,77,183,66,48,1
536,21.44,75,292,128,19,13,1
536,21.44,76,129,36,47,70,1
536,21.44,79,296,134,23,34,1
537,21.48,66,263,114,28,25,1
537,21.48,69,77,183,67,48,1
537,21.48,76,130,37,48,68,1
537,21.48,79,291,133,28,43,1
538,21.52,66,268,116,21,29,1
538,21.52,69,76,184,64,38,1
538,21.52,75,292,128,18,14,1
538,21.52,76,129,37,48,67,1
538,21.52,79,295,135,22,33,1
539,21.56,69,76,184,76,52,1
539,21.56,74,192,80,10,25,1
539,21.56,76,129,36,45,69,1
539,21.56,79,296,133,22,35,1
540,21.6,69,76,184,66,46,1
540,21.6,76,129,37,49,68,1
540,21.6,79,295,133,23,35,1
541,21.64,69,76,187,63,36,1
541,21.64,76,142,37,32,52,1
541,21.64,79,296,133,21,34,1
542,21.68,69,76,187,52,35,1
542,21.68,76,128,37,47,69,1
542,21.68,79,295,133,22,34,1
543,21.72,69,77,187,38,23,1
543,21.72,76,131,36,42,65,1
543,21.72,79,295,133,22,34,1
544,21.76,69,76,187,62,41,1
544,21.76,75,290,127,21,14,1
544,21.76,76,145,37,28,51,1
544,21.76,79,295,132,21,34,1
545,21.8,69,84,188,49,31,1
545,21.8,76,127,37,46,70,1
545,21.8,81,92,200,41,26,1
546,21.84,69,84,188,27,18,1
546,21.84,76,126,37,47,69,1
546,21.84,81,100,205,38,24,1
547,21.88,69,84,188,50,32,1
547,21.88,76,129,37,43,66,1
548,21.92,69,84,189,50,31,1
548,21.92,76,127,37,45,68,1
548,21.92,81,75,190,53,33,1
549,21.96,69,84,189,53,33,1
549,21.96,76,131,37,40,62,1
550,22.0,76,143,37,28,52,1
550,22.0,81,75,189,57,30,1
551,22.04,76,137,37,34,55,1
552,22.08,76,126,38,43,68,1
552,22.08,81,75,190,56,33,1
553,22.12,76,140,46,29,47,1
554,22.16,76,142,46,26,43,1
554,22.16,81,84,191,36,22,1
554,22.16,82,137,38,32,49,1
555,22.2,81,83,187,28,21,1
555,22.2,82,142,38,26,51,1
556,22.24,81,83,187,40,28,1
556,22.24,82,142,38,28,51,1
557,22.28,81,83,191,38,23,1
557,22.28,82,143,38,24,49,1
558,22.32,81,83,187,27,21,1
558,22.32,82,138,38,29,50,1
559,22.36,76,142,46,25,42,1
560,22.4,,,,,,1
561,22.44,76,144,48,21,36,1
562,22.48,76,142,47,23,40,1
563,22.52,,,,,,1
564,22.56,,,,,,1
565,22.6,,,,,,1
566,22.64,,,,,,1
567,22.68,,,,,,1
568,22.72,,,,,,1
569,22.76,,,,,,1
570,22.8,,,,,,1
571,22.84,,,,,,1
572,22.88,,,,,,1
573,22.92,,,,,,1
574,22.96,,,,,,1
575,23.0,83,121,68,181,191,0
576,23.04,83,121,71,173,182,0
577,23.08,83,122,71,168,181,0
578,23.12,83,122,72,167,180,0
579,23.16,83,122,72,164,180,0
580,23.2,83,183,158,36,23,0
580,23.2,84,122,133,74,69,0
580,23.2,85,144,88,107,54,0
580,23.2,86,168,143,118,108,0
580,23.2,87,192,116,24,16,0
580,23.2,88,196,72,31,14,0
580,23.2,89,199,132,26,21,0
580,23.2,90,215,79,41,26,0
580,23.2,91,258,126,19,20,0
581,23.24,83,196,161,23,17,0
581,23.24,84,140,156,29,26,0
581,23.24,85,172,109,14,11,0
581,23.24,86,201,188,72,39,0
581,23.24,87,203,94,32,20,0
581,23.24,89,204,132,20,18,0
581,23.24,90,225,83,31,18,0
581,23.24,91,221,153,31,26,0
581,23.24,92,122,139,19,17,0
581,23.24,93,132,150,24,19,0
581,23.24,94,168,199,22,13,0
581,23.24,95,185,215,41,32,0
581,23.24,96,223,219,31,18,0
581,23.24,97,250,183,19,16,0
581,23.24,98,264,175,22,21,0
582,23.28,84,155,158,14,12,0
582,23.28,86,206,188,66,38,0
582,23.28,92,122,139,19,17,0
582,23.28,95,203,226,19,12,0
582,23.28,98,265,176,21,15,0
583,23.32,86,206,188,66,38,0
583,23.32,92,122,142,19,13,0
584,23.36,83,206,189,31,18,0
584,23.36,86,238,202,34,17,0
585,23.4,,,,,,0
586,23.44,,,,,,0
587,23.48,,,,,,0
588,23.52,,,,,,0
589,23.56,,,,,,0
590,23.6,,,,,,0
591,23.64,,,,,,0
592,23.68,,,,,,0
593,23.72,,,,,,0
594,23.76,,,,,,0
595,23.8,,,,,,0
596,23.84,,,,,,0
597,23.88,,,,,,0
598,23.92,,,,,,0
599,23.96,,,,,,0
600,24.0,,,,,,0
601,24.04,,,,,,0
602,24.08,,,,,,0
603,24.12,,,,,,0
604,24.16,,,,,,0
605,24.2,,,,,,0
606,24.24,,,,,,0
607,24.28,,,,,,0
608,24.32,,,,,,0
609,24.36,,,,,,0
610,24.4,,,,,,0
611,24.44,,,,,,0
612,24.48,,,,,,0
613,24.52,,,,,,0
614,24.56,,,,,,0
615,24.6,,,,,,0
616,24.64,,,,,,0
617,24.68,,,,,,0
618,24.72,,,,,,0
619,24.76,,,,,,0
620,24.8,,,,,,0
621,24.84,,,,,,0
622,24.88,,,,,,0
623,24.92,,,,,,0
624,24.96,,,,,,0
