frame,time_s,track_id,x,y,w,h,target_found
0,0.0,,,,,,0
1,0.04,,,,,,0
2,0.08,,,,,,0
3,0.12,,,,,,0
4,0.16,,,,,,0
5,0.2,,,,,,0
6,0.24,,,,,,0
7,0.28,,,,,,0
8,0.32,,,,,,0
9,0.36,,,,,,0
10,0.4,,,,,,0
11,0.44,,,,,,0
12,0.48,,,,,,0
13,0.52,,,,,,0
14,0.56,,,,,,0
15,0.6,,,,,,0
16,0.64,,,,,,0
17,0.68,,,,,,0
18,0.72,,,,,,0
19,0.76,,,,,,0
20,0.8,,,,,,0
21,0.84,,,,,,0
22,0.88,,,,,,0
23,0.92,,,,,,0
24,0.96,,,,,,0
25,1.0,1,276,5,12,19,0
26,1.04,1,264,4,11,20,0
27,1.08,1,264,6,11,18,0
27,1.08,2,276,7,12,17,0
28,1.12,2,264,4,24,20,0
29,1.16,1,264,8,15,16,0
30,1.2,1,264,8,16,16,0
30,1.2,2,276,6,12,18,0
31,1.24,1,264,7,11,17,0
32,1.28,1,264,7,11,17,0
32,1.28,2,275,6,13,18,0
33,1.32,1,264,6,13,18,0
33,1.32,2,276,6,12,18,0
34,1.36,1,264,4,12,20,0
34,1.36,2,276,4,12,14,0
35,1.4,1,264,6,16,18,0
35,1.4,2,276,6,12,18,0
36,1.44,,,,,,0
37,1.48,1,276,4,12,20,0
38,1.52,1,276,4,12,20,0
39,1.56,1,276,4,12,14,0
40,1.6,1,275,6,13,18,0
41,1.64,1,264,4,11,20,0
42,1.68,1,264,6,11,18,0
42,1.68,2,276,5,12,19,0
43,1.72,1,264,10,12,14,0
43,1.72,2,276,6,12,18,0
44,1.76,1,264,10,12,14,0
44,1.76,2,277,5,11,14,0
45,1.8,2,276,6,11,18,0
46,1.84,1,264,6,11,18,0
47,1.88,1,264,6,10,18,0
47,1.88,2,276,5,12,19,0
48,1.92,1,237,6,11,17,0
48,1.92,2,276,6,12,18,0
49,1.96,1,237,6,11,17,0
50,2.0,1,237,6,11,17,0
50,2.0,2,276,6,12,18,0
51,2.04,1,237,6,11,17,0
51,2.04,2,264,6,11,18,0
52,2.08,1,237,6,11,17,0
52,2.08,2,264,6,11,18,0
52,2.08,3,276,5,12,19,0
53,2.12,1,237,6,11,17,0
53,2.12,3,264,4,24,20,0
54,2.16,1,237,6,11,17,0
54,2.16,2,264,8,19,16,0
54,2.16,3,276,5,11,13,0
55,2.2,1,237,6,11,17,0
55,2.2,2,264,4,12,20,0
55,2.2,3,276,6,12,18,0
56,2.24,1,237,6,11,17,0
56,2.24,2,264,4,13,20,0
57,2.28,1,237,6,11,17,0
57,2.28,2,264,4,12,20,0
57,2.28,3,276,4,12,20,0
58,2.32,1,237,6,11,17,0
58,2.32,2,264,6,12,18,0
58,2.32,3,275,6,13,18,0
59,2.36,1,237,6,11,17,0
59,2.36,2,264,4,12,20,0
59,2.36,3,276,4,12,16,0
60,2.4,1,237,6,11,17,0
60,2.4,2,264,6,15,18,0
60,2.4,3,276,5,12,19,0
61,2.44,1,237,6,11,17,0
61,2.44,2,264,4,12,20,0
62,2.48,1,237,6,11,17,0
62,2.48,2,264,4,12,20,0
62,2.48,3,274,6,14,18,0
63,2.52,1,237,6,11,17,0
63,2.52,3,264,4,24,20,0
64,2.56,1,237,6,11,17,0
64,2.56,2,264,3,11,21,0
64,2.56,3,276,5,12,14,0
65,2.6,1,237,6,11,17,0
65,2.6,2,264,7,12,17,0
65,2.6,3,277,5,11,19,0
66,2.64,1,237,6,11,17,0
66,2.64,2,264,4,13,20,0
67,2.68,1,237,6,11,17,0
67,2.68,2,264,4,24,20,0
68,2.72,1,237,6,11,17,0
68,2.72,2,276,6,12,18,0
68,2.72,3,264,6,11,18,0
69,2.76,1,237,6,11,17,0
69,2.76,3,264,6,11,18,0
70,2.8,1,237,6,11,17,0
70,2.8,2,276,5,12,19,0
70,2.8,3,264,6,11,18,0
71,2.84,1,237,6,11,17,0
72,2.88,1,237,6,11,17,0
72,2.88,2,277,6,11,18,0
73,2.92,2,275,6,13,18,0
74,2.96,,,,,,0
75,3.0,2,277,6,11,18,0
76,3.04,3,264,4,11,20,0
77,3.08,2,276,3,12,21,0
77,3.08,3,264,6,11,18,0
78,3.12,2,276,6,12,18,0
78,3.12,3,264,8,12,16,0
79,3.16,2,276,5,12,13,0
79,3.16,3,264,8,12,16,0
80,3.2,2,276,5,12,19,0
80,3.2,3,264,8,12,16,0
81,3.24,3,264,6,13,18,0
82,3.28,3,264,6,24,18,0
83,3.32,2,264,6,12,18,0
83,3.32,3,276,5,12,19,0
84,3.36,2,264,6,12,18,0
84,3.36,3,276,4,12,15,0
85,3.4,2,264,5,24,19,0
86,3.44,2,264,6,11,18,0
87,3.48,2,264,6,11,18,0
87,3.48,3,276,7,12,17,0
88,3.52,3,276,4,12,20,0
89,3.56,3,275,4,13,15,0
90,3.6,3,275,5,13,19,0
91,3.64,2,264,5,11,19,0
92,3.68,2,264,4,11,20,0
92,3.68,3,277,7,11,17,0
93,3.72,2,264,7,12,17,0
93,3.72,3,276,6,12,19,0
94,3.76,2,263,7,13,17,0
94,3.76,3,277,4,10,14,0
95,3.8,3,275,6,13,18,0
96,3.84,2,264,7,10,17,0
97,3.88,2,264,7,11,17,0
97,3.88,3,276,7,12,17,0
98,3.92,1,236,5,12,18,0
98,3.92,3,276,5,12,19,0
99,3.96,1,236,5,12,18,0
99,3.96,3,277,6,11,13,0
100,4.0,1,236,5,12,18,0
100,4.0,3,276,6,12,18,0
101,4.04,1,236,5,12,18,0
101,4.04,2,264,6,11,18,0
102,4.08,1,236,5,12,18,0
102,4.08,2,264,6,11,18,0
102,4.08,3,276,5,12,19,0
103,4.12,1,236,5,12,18,0
103,4.12,2,264,8,11,16,0
103,4.12,3,276,6,12,18,0
104,4.16,1,236,5,12,18,0
104,4.16,2,264,8,15,16,0
104,4.16,3,276,5,12,14,0
105,4.2,1,236,5,12,18,0
105,4.2,2,264,6,13,18,0
105,4.2,3,276,6,12,18,0
106,4.24,1,236,5,12,18,0
106,4.24,2,264,7,11,17,0
107,4.28,1,236,5,12,18,0
107,4.28,2,264,7,11,17,0
107,4.28,3,276,5,12,19,0
108,4.32,1,236,5,12,18,0
108,4.32,2,264,4,12,20,0
108,4.32,3,275,4,13,20,0
109,4.36,1,236,5,12,18,0
109,4.36,2,264,4,12,20,0
109,4.36,3,275,5,13,13,0
110,4.4,1,236,5,12,18,0
110,4.4,2,264,4,16,20,0
110,4.4,3,276,5,12,19,0
111,4.44,1,236,5,12,18,0
111,4.44,2,264,4,12,20,0
112,4.48,1,236,5,12,18,0
112,4.48,2,264,4,12,20,0
112,4.48,3,276,4,12,20,0
113,4.52,1,236,5,12,18,0
113,4.52,2,264,4,11,20,0
113,4.52,3,277,6,11,18,0
114,4.56,1,236,5,12,18,0
114,4.56,2,264,4,12,20,0
115,4.6,1,236,5,12,18,0
115,4.6,2,264,4,12,20,0
115,4.6,3,273,4,15,20,0
116,4.64,1,236,5,12,18,0
116,4.64,2,264,4,11,20,0
117,4.68,1,236,5,12,18,0
117,4.68,2,264,4,11,20,0
117,4.68,3,276,4,12,20,0
118,4.72,1,236,5,12,18,0
118,4.72,2,264,6,12,17,0
118,4.72,3,276,4,12,20,0
119,4.76,1,236,5,12,18,0
119,4.76,2,264,6,13,17,0
120,4.8,1,236,5,12,18,0
120,4.8,2,264,6,12,17,0
120,4.8,3,276,6,11,18,0
121,4.84,1,236,5,12,18,0
121,4.84,2,264,6,11,18,0
122,4.88,1,236,5,12,18,0
122,4.88,2,264,6,10,18,0
122,4.88,3,277,5,11,19,0
123,4.92,1,224,5,24,19,0
123,4.92,3,276,6,12,18,0
124,4.96,1,224,5,24,19,0
125,5.0,1,224,5,24,19,0
125,5.0,3,276,6,11,18,0
126,5.04,1,224,5,24,19,0
126,5.04,2,264,6,11,18,0
127,5.08,1,237,5,11,19,0
127,5.08,2,264,6,11,18,0
127,5.08,3,276,5,11,19,0
128,5.12,1,237,5,11,19,0
128,5.12,3,264,4,24,20,0
129,5.16,1,237,5,11,19,0
129,5.16,2,276,5,12,13,0
129,5.16,3,264,4,14,20,0
130,5.2,1,237,5,11,19,0
130,5.2,2,276,6,12,18,0
130,5.2,3,264,4,17,20,0
131,5.24,1,237,5,11,19,0
131,5.24,3,264,4,12,20,0
132,5.28,1,237,5,11,19,0
132,5.28,2,276,5,12,19,0
132,5.28,3,264,4,12,20,0
133,5.32,1,237,5,11,19,0
133,5.32,3,264,4,24,20,0
134,5.36,1,237,5,11,19,0
134,5.36,2,276,4,12,14,0
134,5.36,3,264,4,18,20,0
135,5.4,1,237,5,11,19,0
135,5.4,2,277,6,11,18,0
135,5.4,3,264,4,13,20,0
136,5.44,1,237,5,11,19,0
136,5.44,3,264,7,11,17,0
137,5.48,1,237,5,11,19,0
137,5.48,2,276,7,12,17,0
137,5.48,3,264,7,11,17,0
138,5.52,1,237,5,11,19,0
138,5.52,2,275,6,13,18,0
138,5.52,3,264,6,11,18,0
139,5.56,1,237,5,11,19,0
139,5.56,3,264,6,11,18,0
140,5.6,1,237,5,11,19,0
140,5.6,2,276,6,12,18,0
140,5.6,3,264,6,11,18,0
141,5.64,1,237,5,11,19,0
141,5.64,3,264,7,11,17,0
142,5.68,1,237,5,11,19,0
142,5.68,2,274,5,15,19,0
142,5.68,3,264,7,11,17,0
143,5.72,1,237,5,11,19,0
143,5.72,2,276,6,12,18,0
143,5.72,3,264,9,12,15,0
144,5.76,1,237,5,11,19,0
144,5.76,3,264,9,11,15,0
145,5.8,1,237,5,11,19,0
145,5.8,2,276,6,13,18,0
145,5.8,3,264,8,11,16,0
146,5.84,1,237,5,11,19,0
146,5.84,3,264,8,10,16,0
147,5.88,1,237,5,11,18,0
147,5.88,2,276,10,12,14,0
147,5.88,3,264,8,10,16,0
148,5.92,1,238,6,10,18,0
148,5.92,2,276,6,12,18,0
149,5.96,1,238,6,10,18,0
150,6.0,1,238,6,10,18,0
150,6.0,2,276,6,12,18,0
151,6.04,1,238,6,10,18,0
151,6.04,3,264,6,11,18,0
152,6.08,1,238,6,10,18,0
152,6.08,2,276,5,13,19,0
152,6.08,3,264,6,11,18,0
153,6.12,1,238,6,10,18,0
153,6.12,2,275,4,13,20,0
153,6.12,3,264,9,12,15,0
154,6.16,1,238,6,10,18,0
154,6.16,3,264,9,16,15,0
155,6.2,1,238,6,10,18,0
155,6.2,2,270,6,19,18,0
155,6.2,3,264,9,16,15,0
156,6.24,1,238,6,10,18,0
156,6.24,3,264,6,11,18,0
157,6.28,1,238,6,10,18,0
157,6.28,2,276,5,12,19,0
157,6.28,3,264,6,11,18,0
158,6.32,1,239,6,9,18,0
158,6.32,2,276,6,12,18,0
158,6.32,3,264,6,12,18,0
159,6.36,1,239,6,9,18,0
159,6.36,2,276,4,13,15,0
159,6.36,3,264,6,12,18,0
160,6.4,1,239,6,9,18,0
160,6.4,3,264,6,25,18,0
161,6.44,1,239,6,9,18,0
161,6.44,3,264,6,12,18,0
162,6.48,1,239,6,9,18,0
162,6.48,2,276,4,13,20,0
162,6.48,3,264,4,11,20,0
163,6.52,1,239,6,9,18,0
163,6.52,2,275,6,13,18,0
163,6.52,3,264,6,11,18,0
163,6.52,4,225,6,13,17,0
164,6.56,1,239,6,9,18,0
164,6.56,2,275,4,13,14,0
164,6.56,3,264,6,12,17,0
164,6.56,4,225,6,13,17,0
165,6.6,1,239,6,9,18,0
165,6.6,3,264,6,12,17,0
165,6.6,4,225,6,13,17,0
166,6.64,1,239,6,9,18,0
166,6.64,3,264,4,11,20,0
166,6.64,4,225,6,13,17,0
167,6.68,1,239,6,9,18,0
167,6.68,2,276,6,12,18,0
167,6.68,3,264,4,11,20,0
167,6.68,4,225,6,13,17,0
168,6.72,1,239,6,9,18,0
168,6.72,2,276,4,12,20,0
168,6.72,3,264,6,11,18,0
168,6.72,4,225,6,13,17,0
169,6.76,1,239,6,9,18,0
169,6.76,2,276,4,12,18,0
169,6.76,3,264,6,11,18,0
169,6.76,4,225,6,13,17,0
170,6.8,1,239,6,9,18,0
170,6.8,2,276,4,13,20,0
170,6.8,3,264,6,12,18,0
170,6.8,4,225,6,13,17,0
171,6.84,1,239,6,9,18,0
171,6.84,4,225,6,13,17,0
172,6.88,1,239,6,9,18,0
172,6.88,2,276,6,12,18,0
172,6.88,4,225,6,13,17,0
173,6.92,1,237,6,12,18,0
173,6.92,2,276,4,12,20,0
173,6.92,4,225,6,11,17,0
174,6.96,1,237,6,12,18,0
174,6.96,2,277,4,10,15,0
174,6.96,4,225,6,11,17,0
175,7.0,1,237,6,12,18,0
175,7.0,2,277,7,11,17,0
175,7.0,4,225,6,11,17,0
176,7.04,1,237,6,12,18,0
176,7.04,3,264,6,11,18,0
176,7.04,4,225,6,11,17,0
177,7.08,1,237,6,12,18,0
177,7.08,2,276,6,12,18,0
177,7.08,3,264,6,11,18,0
177,7.08,4,225,6,11,17,0
178,7.12,1,237,6,12,18,0
178,7.12,2,276,6,12,18,0
178,7.12,3,264,8,11,16,0
178,7.12,4,225,6,11,17,0
179,7.16,1,237,6,12,18,0
179,7.16,3,264,8,18,16,0
179,7.16,4,225,6,11,17,0
180,7.2,1,237,6,12,18,0
180,7.2,2,276,6,12,18,0
180,7.2,3,264,8,16,16,0
180,7.2,4,225,6,11,17,0
181,7.24,1,237,6,12,18,0
181,7.24,3,264,6,11,18,0
181,7.24,4,225,6,11,17,0
182,7.28,1,237,6,12,18,0
182,7.28,2,276,5,12,19,0
182,7.28,3,264,6,11,18,0
182,7.28,4,225,6,11,17,0
183,7.32,1,237,6,12,18,0
183,7.32,2,276,5,12,19,0
183,7.32,3,264,6,12,18,0
183,7.32,4,225,6,11,17,0
184,7.36,1,237,6,12,18,0
184,7.36,2,276,4,12,16,0
184,7.36,3,264,6,12,18,0
184,7.36,4,225,6,11,17,0
185,7.4,1,237,6,12,18,0
185,7.4,2,276,4,13,20,0
185,7.4,3,264,6,12,18,0
185,7.4,4,225,6,11,17,0
186,7.44,1,237,6,12,18,0
186,7.44,3,264,7,11,17,0
186,7.44,4,225,6,11,17,0
187,7.48,1,237,6,12,18,0
187,7.48,2,276,4,12,20,0
187,7.48,3,264,7,11,17,0
187,7.48,4,225,6,11,17,0
188,7.52,1,237,6,12,18,0
188,7.52,2,276,4,12,20,0
188,7.52,3,264,6,12,18,0
188,7.52,4,225,6,11,17,0
189,7.56,1,237,6,12,18,0
189,7.56,2,264,4,25,20,0
189,7.56,4,225,6,11,17,0
190,7.6,1,237,6,12,18,0
190,7.6,2,264,6,13,18,0
190,7.6,3,277,6,11,18,0
190,7.6,4,225,6,11,17,0
191,7.64,1,239,6,10,18,0
191,7.64,2,264,6,11,18,0
191,7.64,4,225,6,11,17,0
192,7.68,1,239,6,10,18,0
192,7.68,2,264,5,11,19,0
192,7.68,3,275,9,12,15,0
192,7.68,4,225,6,11,17,0
193,7.72,1,239,6,10,18,0
193,7.72,3,276,4,12,20,0
193,7.72,4,225,6,11,17,0
194,7.76,1,239,6,10,18,0
194,7.76,3,276,4,12,16,0
194,7.76,4,225,6,11,17,0
195,7.8,1,239,6,10,18,0
195,7.8,3,275,4,13,20,0
195,7.8,4,225,6,11,17,0
196,7.84,1,239,6,10,18,0
196,7.84,2,264,6,10,18,0
196,7.84,4,225,6,11,17,0
197,7.88,1,239,6,10,18,0
197,7.88,2,264,6,11,18,0
197,7.88,3,276,6,12,18,0
197,7.88,4,225,6,11,17,0
198,7.92,3,273,4,15,20,0
198,7.92,4,225,6,13,17,0
199,7.96,3,276,4,12,15,0
199,7.96,4,225,6,13,17,0
200,8.0,3,276,4,12,20,0
200,8.0,4,225,6,13,17,0
201,8.04,2,264,6,11,18,0
201,8.04,4,225,6,13,17,0
202,8.08,2,264,6,11,18,0
202,8.08,3,275,4,13,20,0
202,8.08,4,225,6,13,17,0
203,8.12,3,264,4,24,20,0
203,8.12,4,225,6,13,17,0
204,8.16,2,277,4,11,15,0
204,8.16,3,264,8,17,16,0
204,8.16,4,225,6,13,17,0
205,8.2,2,277,5,11,19,0
205,8.2,3,264,7,16,17,0
205,8.2,4,225,6,13,17,0
206,8.24,3,264,6,11,18,0
206,8.24,4,225,6,13,17,0
207,8.28,2,275,4,13,20,0
207,8.28,3,264,6,11,18,0
207,8.28,4,225,6,13,17,0
208,8.32,2,277,6,11,18,0
208,8.32,3,264,6,12,18,0
208,8.32,4,225,6,13,17,0
209,8.36,2,277,4,11,14,0
209,8.36,3,264,4,13,20,0
209,8.36,4,225,6,13,17,0
210,8.4,2,277,5,11,19,0
210,8.4,3,264,6,16,18,0
210,8.4,4,225,6,13,17,0
211,8.44,3,264,4,11,20,0
211,8.44,4,225,6,13,17,0
212,8.48,2,276,4,12,20,0
212,8.48,3,264,4,11,20,0
212,8.48,4,225,6,13,17,0
213,8.52,2,275,4,13,20,0
213,8.52,3,264,7,11,17,0
213,8.52,4,225,6,13,17,0
214,8.56,3,264,7,12,17,0
214,8.56,4,225,6,13,17,0
215,8.6,2,276,5,12,19,0
215,8.6,3,264,7,12,17,0
215,8.6,4,225,6,13,17,0
216,8.64,3,264,6,11,18,0
216,8.64,4,225,6,13,17,0
217,8.68,2,276,7,12,17,0
217,8.68,3,264,6,11,18,0
217,8.68,4,225,6,13,17,0
218,8.72,2,276,4,12,20,0
218,8.72,4,225,6,13,17,0
219,8.76,2,276,4,12,15,0
219,8.76,3,264,8,11,16,0
219,8.76,4,225,6,13,17,0
220,8.8,2,277,6,11,18,0
220,8.8,4,225,6,13,17,0
221,8.84,3,264,8,11,16,0
221,8.84,4,225,6,13,17,0
222,8.88,2,276,6,12,18,0
222,8.88,3,264,8,10,16,0
222,8.88,4,225,6,13,17,0
223,8.92,1,237,6,13,17,0
223,8.92,2,276,4,12,20,0
224,8.96,1,237,6,13,17,0
225,9.0,1,237,6,13,17,0
225,9.0,2,276,5,12,19,0
226,9.04,1,237,6,13,17,0
226,9.04,3,264,6,11,18,0
227,9.08,1,237,6,13,17,0
227,9.08,2,276,5,11,19,0
227,9.08,3,264,6,11,18,0
228,9.12,1,237,6,13,17,0
228,9.12,2,276,6,12,18,0
228,9.12,3,264,8,12,16,0
229,9.16,1,237,6,13,17,0
229,9.16,3,264,8,12,16,0
230,9.2,1,237,6,13,17,0
230,9.2,2,277,4,11,20,0
230,9.2,3,264,4,12,20,0
231,9.24,1,237,6,13,17,0
231,9.24,3,264,6,12,18,0
232,9.28,1,237,6,13,17,0
232,9.28,2,276,5,12,19,0
232,9.28,3,264,6,12,18,0
233,9.32,1,237,6,13,17,0
233,9.32,2,274,6,14,18,0
233,9.32,3,264,6,12,18,0
234,9.36,1,237,6,13,17,0
234,9.36,3,264,6,12,18,0
235,9.4,1,237,6,13,17,0
235,9.4,2,276,5,12,19,0
235,9.4,3,264,6,12,18,0
236,9.44,1,237,6,13,17,0
236,9.44,3,264,7,12,17,0
237,9.48,1,237,6,13,17,0
237,9.48,2,276,10,12,14,0
237,9.48,3,264,7,12,17,0
238,9.52,1,237,6,13,17,0
238,9.52,2,276,4,12,20,0
238,9.52,3,264,6,12,18,0
239,9.56,1,237,6,13,17,0
239,9.56,2,276,5,11,14,0
239,9.56,3,264,5,11,19,0
240,9.6,1,237,6,13,17,0
240,9.6,2,276,4,12,20,0
240,9.6,3,264,6,11,18,0
241,9.64,1,237,6,13,17,0
241,9.64,3,264,6,11,18,0
242,9.68,1,237,6,13,17,0
242,9.68,2,276,6,12,18,0
242,9.68,3,264,6,11,18,0
243,9.72,1,237,7,13,16,0
243,9.72,2,275,4,13,20,0
243,9.72,3,264,8,12,15,0
244,9.76,1,237,7,13,16,0
244,9.76,2,277,4,10,14,0
244,9.76,3,264,8,12,15,0
245,9.8,1,237,7,13,16,0
245,9.8,2,275,6,13,18,0
246,9.84,1,237,7,13,16,0
246,9.84,3,264,8,10,16,0
247,9.88,1,237,7,13,16,0
247,9.88,2,276,4,12,20,0
247,9.88,3,264,8,10,16,0
248,9.92,2,276,4,12,20,0
249,9.96,2,277,4,10,14,0
250,10.0,2,276,7,13,17,0
251,10.04,3,264,6,11,18,0
252,10.08,2,278,7,11,17,0
252,10.08,3,264,6,11,18,0
253,10.12,2,270,4,18,20,0
253,10.12,3,264,7,13,17,0
254,10.16,2,277,5,11,14,0
254,10.16,3,264,7,11,17,0
255,10.2,2,276,6,12,18,0
255,10.2,3,264,7,11,17,0
256,10.24,3,264,7,11,17,0
257,10.28,2,276,5,13,19,0
257,10.28,3,264,7,11,17,0
258,10.32,2,277,6,11,18,0
258,10.32,3,264,5,12,19,0
259,10.36,3,264,5,12,19,0
260,10.4,2,276,4,12,20,0
260,10.4,3,264,5,16,19,0
261,10.44,3,264,5,12,19,0
262,10.48,2,277,4,11,20,0
262,10.48,3,264,6,12,18,0
263,10.52,2,276,4,12,20,0
263,10.52,3,264,6,11,18,0
264,10.56,,,,,,0
265,10.6,2,276,6,11,18,0
265,10.6,3,264,4,11,20,0
266,10.64,3,264,6,12,18,0
267,10.68,2,278,5,12,19,0
267,10.68,3,264,6,18,18,0
268,10.72,2,277,4,11,20,0
269,10.76,2,276,5,12,14,0
270,10.8,3,275,6,15,17,0
271,10.84,2,264,7,11,17,0
272,10.88,2,264,7,11,17,0
272,10.88,3,276,4,14,20,0
273,10.92,3,276,7,12,17,0
274,10.96,3,276,4,12,15,0
275,11.0,3,277,7,13,17,0
276,11.04,2,264,6,11,18,0
277,11.08,2,264,6,11,18,0
277,11.08,3,277,5,13,19,0
278,11.12,2,264,7,13,17,0
278,11.12,3,277,5,11,19,0
279,11.16,2,264,7,13,17,0
279,11.16,3,276,4,14,14,0
280,11.2,2,264,8,16,16,0
280,11.2,3,276,7,12,16,0
281,11.24,2,264,7,11,17,0
282,11.28,2,264,7,11,17,0
282,11.28,3,278,5,10,19,0
283,11.32,2,264,6,13,18,0
283,11.32,3,277,6,11,18,0
284,11.36,2,264,6,12,18,0
284,11.36,3,276,4,12,14,0
285,11.4,2,264,6,13,18,0
285,11.4,3,276,4,12,20,0
286,11.44,,,,,,0
287,11.48,3,275,4,14,20,0
288,11.52,3,276,7,12,17,0
289,11.56,,,,,,0
290,11.6,3,275,4,14,20,0
291,11.64,2,264,6,11,18,0
292,11.68,2,264,5,19,19,0
292,11.68,3,278,5,9,19,0
293,11.72,2,264,5,24,19,0
294,11.76,,,,,,0
295,11.8,3,277,6,11,17,0
296,11.84,,,,,,0
297,11.88,3,276,5,12,19,0
298,11.92,2,237,7,11,17,0
298,11.92,3,276,5,12,19,0
299,11.96,2,237,7,11,17,0
299,11.96,3,276,5,12,14,0
300,12.0,2,237,7,11,17,0
300,12.0,3,276,5,12,18,0
301,12.04,2,237,7,11,17,0
301,12.04,3,264,6,11,18,0
302,12.08,2,237,7,11,17,0
302,12.08,3,264,6,11,18,0
302,12.08,5,277,5,13,19,0
303,12.12,2,237,7,11,17,0
303,12.12,3,264,8,12,16,0
303,12.12,5,270,7,18,17,0
304,12.16,2,237,7,11,17,0
304,12.16,3,264,7,14,17,0
305,12.2,2,237,7,11,17,0
305,12.2,3,264,6,12,17,0
305,12.2,5,277,5,10,18,0
306,12.24,2,237,7,11,17,0
307,12.28,2,237,7,11,17,0
307,12.28,5,278,9,9,15,0
308,12.32,2,237,7,11,17,0
308,12.32,3,264,6,12,17,0
308,12.32,5,276,5,12,19,0
309,12.36,2,237,7,11,17,0
309,12.36,3,264,6,12,17,0
310,12.4,2,237,7,11,17,0
310,12.4,3,264,6,12,17,0
310,12.4,5,276,6,12,18,0
311,12.44,2,237,7,11,17,0
312,12.48,2,237,7,11,17,0
312,12.48,3,264,5,12,18,0
312,12.48,5,277,10,13,14,0
313,12.52,2,237,7,11,17,0
313,12.52,3,265,7,10,15,0
313,12.52,5,275,6,12,18,0
314,12.56,2,237,7,11,17,0
314,12.56,3,265,7,9,15,0
315,12.6,2,237,7,11,17,0
315,12.6,3,265,7,9,15,0
315,12.6,5,275,6,13,18,0
316,12.64,2,237,7,11,17,0
316,12.64,3,264,6,11,17,0
317,12.68,2,237,7,11,17,0
317,12.68,3,264,6,11,17,0
317,12.68,5,276,5,14,19,0
318,12.72,2,237,7,11,17,0
318,12.72,5,277,7,10,16,0
319,12.76,2,237,7,11,16,0
320,12.8,2,237,7,11,16,0
320,12.8,5,276,6,11,18,0
321,12.84,2,237,7,11,16,0
322,12.88,2,238,7,10,16,0
322,12.88,5,278,5,10,19,0
323,12.92,2,226,7,22,17,0
323,12.92,5,276,7,12,17,0
324,12.96,2,226,7,22,17,0
325,13.0,2,226,7,22,17,0
325,13.0,5,277,7,11,17,0
326,13.04,2,226,7,22,17,0
326,13.04,3,264,7,10,17,0
327,13.08,2,226,7,22,17,0
327,13.08,3,264,7,10,17,0
327,13.08,5,277,4,11,20,0
328,13.12,2,226,7,22,17,0
328,13.12,5,276,6,11,18,0
329,13.16,2,226,7,22,17,0
330,13.2,2,226,7,22,17,0
330,13.2,5,276,7,11,17,0
331,13.24,2,226,7,22,17,0
331,13.24,3,264,7,12,17,0
332,13.28,2,226,7,22,17,0
332,13.28,3,264,7,12,17,0
332,13.28,5,276,5,11,19,0
333,13.32,2,226,7,22,17,0
333,13.32,3,264,7,12,17,0
333,13.32,5,276,6,11,18,0
334,13.36,2,226,7,22,17,0
334,13.36,3,264,7,12,17,0
335,13.4,2,226,7,22,17,0
335,13.4,3,264,4,23,20,0
336,13.44,2,226,7,22,17,0
337,13.48,2,226,7,22,17,0
337,13.48,5,276,5,12,19,0
338,13.52,5,276,7,11,17,0
339,13.56,,,,,,0
340,13.6,5,277,5,13,18,0
341,13.64,5,264,4,11,20,0
342,13.68,3,276,10,11,14,0
342,13.68,5,264,6,11,18,0
343,13.72,3,277,7,10,17,0
344,13.76,,,,,,0
345,13.8,,,,,,0
346,13.84,5,264,7,11,16,0
347,13.88,3,278,6,10,18,0
347,13.88,5,264,7,10,16,0
348,13.92,3,278,7,10,17,0
349,13.96,,,,,,0
350,14.0,,,,,,0
351,14.04,5,264,7,11,17,0
352,14.08,3,277,6,11,17,0
352,14.08,5,264,7,10,17,0
353,14.12,3,277,7,10,17,0
354,14.16,,,,,,0
355,14.2,5,264,8,15,15,0
356,14.24,5,264,7,11,16,0
357,14.28,3,277,5,10,19,0
358,14.32,3,278,7,9,16,0
358,14.32,5,264,4,12,20,0
359,14.36,5,264,6,12,18,0
360,14.4,5,264,4,15,20,0
361,14.44,5,264,4,12,19,0
362,14.48,5,264,7,11,16,0
363,14.52,3,278,7,9,17,0
363,14.52,5,265,4,11,19,0
364,14.56,5,265,6,10,16,0
365,14.6,5,265,6,10,18,0
366,14.64,5,264,4,11,20,0
367,14.68,3,278,9,9,15,0
367,14.68,5,264,6,11,18,0
368,14.72,3,277,6,10,18,0
369,14.76,,,,,,0
370,14.8,,,,,,0
371,14.84,,,,,,0
372,14.88,3,278,7,9,17,0
373,14.92,3,277,7,10,17,0
374,14.96,,,,,,0
375,15.0,,,,,,0
376,15.04,5,264,7,11,17,0
377,15.08,3,276,6,12,18,0
377,15.08,5,264,7,10,17,0
378,15.12,3,277,7,10,17,0
379,15.16,,,,,,0
380,15.2,,,,,,0
381,15.24,,,,,,0
382,15.28,,,,,,0
383,15.32,3,277,7,11,17,0
383,15.32,5,264,7,13,17,0
384,15.36,5,264,6,12,18,0
385,15.4,5,264,7,13,16,0
386,15.44,,,,,,0
387,15.48,,,,,,0
388,15.52,3,277,7,10,17,0
389,15.56,,,,,,0
390,15.6,,,,,,0
391,15.64,5,264,7,11,17,0
392,15.68,5,264,4,18,20,0
393,15.72,3,277,7,10,17,0
394,15.76,,,,,,0
395,15.8,,,,,,0
396,15.84,3,264,6,10,17,0
397,15.88,,,,,,0
398,15.92,3,238,7,10,17,0
398,15.92,5,277,7,10,17,0
399,15.96,3,238,7,10,17,0
400,16.0,3,238,7,10,17,0
401,16.04,3,238,7,10,17,0
401,16.04,5,264,6,10,18,0
402,16.08,3,238,7,10,17,0
402,16.08,5,264,7,11,17,0
403,16.12,3,238,7,10,17,0
403,16.12,5,277,7,11,17,0
404,16.16,3,238,7,10,17,0
405,16.2,3,238,7,10,17,0
406,16.24,3,238,7,10,17,0
407,16.28,3,238,7,10,17,0
408,16.32,3,238,7,10,17,0
408,16.32,5,264,7,12,16,0
409,16.36,3,238,7,10,17,0
409,16.36,5,264,6,15,18,0
410,16.4,3,238,7,10,17,0
410,16.4,5,264,7,12,16,0
411,16.44,3,238,7,10,17,0
412,16.48,3,238,7,10,17,0
413,16.52,3,238,7,10,17,0
413,16.52,5,276,7,11,17,0
414,16.56,3,238,7,10,17,0
415,16.6,3,238,7,10,17,0
416,16.64,3,238,7,10,17,0
416,16.64,5,264,7,11,17,0
417,16.68,3,238,7,10,17,0
417,16.68,5,264,7,11,17,0
418,16.72,3,238,7,10,17,0
419,16.76,3,238,7,10,17,0
420,16.8,3,238,7,10,17,0
421,16.84,3,238,7,10,17,0
422,16.88,3,238,7,10,17,0
422,16.88,6,1218,656,48,12,0
423,16.92,5,277,7,10,17,0
423,16.92,6,1221,651,37,16,0
424,16.96,6,1220,646,42,21,0
424,16.96,7,1245,645,35,12,0
425,17.0,6,1220,646,44,19,0
425,17.0,7,1245,647,35,8,0
426,17.04,5,264,7,10,17,0
426,17.04,6,1220,644,44,21,0
426,17.04,7,1245,644,35,12,0
427,17.08,5,264,7,10,17,0
427,17.08,6,1220,641,44,24,0
427,17.08,7,1246,641,34,9,0
427,17.08,8,1249,648,19,8,0
428,17.12,6,1221,638,42,24,0
428,17.12,7,1247,638,33,7,0
428,17.12,8,1248,645,21,9,0
429,17.16,6,1222,634,58,27,0
429,17.16,8,1251,642,19,11,0
430,17.2,6,1223,631,41,30,0
430,17.2,7,1247,630,33,8,0
430,17.2,8,1252,639,19,14,0
431,17.24,5,265,5,10,13,0
431,17.24,6,1223,627,41,34,0
431,17.24,7,1248,626,32,11,0
431,17.24,8,1253,636,16,14,0
432,17.28,5,265,7,10,11,0
432,17.28,6,1225,623,55,44,0
432,17.28,8,1254,633,17,17,0
433,17.32,3,277,7,11,17,0
433,17.32,5,264,5,12,19,0
433,17.32,6,1226,619,54,48,0
433,17.32,8,1258,634,13,15,0
434,17.36,5,264,7,12,17,0
434,17.36,6,1227,616,53,50,0
434,17.36,8,1261,633,10,16,0
435,17.4,3,276,7,11,17,0
435,17.4,5,264,7,12,17,0
435,17.4,6,1228,613,52,46,0
435,17.4,8,1262,631,10,20,0
436,17.44,6,1229,610,51,49,0
436,17.44,7,1244,650,36,15,0
436,17.44,8,1263,629,9,19,0
437,17.48,6,1230,606,50,59,0
437,17.48,8,1264,628,9,19,0
438,17.52,3,276,7,11,17,0
438,17.52,6,1230,604,50,61,0
438,17.52,8,1265,625,9,19,0
439,17.56,6,1232,602,48,56,0
440,17.6,6,1233,600,47,58,0
441,17.64,5,264,7,11,16,0
441,17.64,6,1234,598,46,60,0
442,17.68,5,264,7,11,16,0
442,17.68,6,1230,596,50,70,0
443,17.72,6,1234,594,46,70,0
444,17.76,6,1234,593,46,71,0
445,17.8,6,1234,592,46,72,0
446,17.84,6,1221,590,59,75,0
447,17.88,6,1239,589,41,71,0
447,17.88,7,1224,632,22,26,0
447,17.88,8,1273,617,7,13,0
448,17.92,3,278,6,10,17,0
448,17.92,6,1239,588,41,72,0
448,17.92,7,1219,628,29,30,0
448,17.92,8,1270,619,10,14,0
449,17.96,6,1214,587,66,68,0
449,17.96,7,1234,642,16,16,0
449,17.96,8,1267,622,13,19,0
450,18.0,6,1208,587,72,73,0
451,18.04,5,264,7,10,17,0
451,18.04,6,1229,586,51,74,0
451,18.04,8,1204,612,25,19,0
452,18.08,5,264,7,10,17,0
452,18.08,6,1242,585,38,43,0
452,18.08,7,1234,637,14,21,0
452,18.08,8,1203,611,77,48,0
453,18.12,6,1200,611,25,16,0
453,18.12,7,1233,635,15,23,0
453,18.12,8,1224,585,56,74,0
454,18.16,6,1199,611,25,19,0
454,18.16,7,1234,633,16,25,0
454,18.16,8,1269,597,11,11,0
454,18.16,9,1224,584,56,71,0
455,18.2,8,1269,596,11,10,0
455,18.2,9,1198,584,82,74,0
456,18.24,6,1197,611,25,15,0
456,18.24,7,1222,584,58,74,0
457,18.28,6,1196,611,26,14,0
457,18.28,7,1222,583,58,72,0
458,18.32,5,264,6,12,18,0
458,18.32,6,1196,611,26,14,0
458,18.32,7,1221,603,59,53,0
458,18.32,8,1243,583,37,25,0
459,18.36,5,264,6,12,18,0
459,18.36,6,1196,611,26,14,0
459,18.36,7,1222,583,58,73,0
460,18.4,3,277,6,11,18,0
460,18.4,5,264,6,15,18,0
460,18.4,6,1196,611,25,14,0
460,18.4,7,1222,583,58,73,0
461,18.44,6,1196,611,25,14,0
461,18.44,7,1236,583,44,73,0
461,18.44,8,1222,611,15,15,0
462,18.48,6,1196,611,24,14,0
462,18.48,7,1233,583,47,73,0
463,18.52,7,1196,582,84,73,0
464,18.56,7,1196,580,84,76,0
465,18.6,6,1196,592,22,33,0
465,18.6,7,1216,578,64,78,0
466,18.64,5,264,6,11,18,0
466,18.64,6,1188,588,18,21,0
466,18.64,7,1210,576,70,80,0
466,18.64,8,1196,610,22,15,0
467,18.68,5,264,6,11,18,0
467,18.68,6,1177,586,21,19,0
467,18.68,7,1202,574,78,81,0
467,18.68,8,1196,610,22,15,0
468,18.72,7,1164,572,116,83,0
468,18.72,8,1196,610,22,15,0
469,18.76,7,1153,571,127,84,0
469,18.76,8,1196,612,20,13,0
470,18.8,7,1149,570,131,85,0
470,18.8,8,1196,612,26,13,0
471,18.84,6,1149,588,29,22,0
471,18.84,7,1179,570,101,85,0
472,18.88,6,1148,588,26,20,0
472,18.88,8,1176,568,104,87,0
473,18.92,5,238,7,10,17,0
473,18.92,6,1148,590,24,20,0
473,18.92,8,1173,568,107,87,0
474,18.96,5,238,7,10,17,0
474,18.96,8,1148,568,132,90,0
475,19.0,5,238,7,10,17,0
475,19.0,6,1148,590,22,20,0
475,19.0,8,1172,566,108,89,0
476,19.04,3,265,7,9,17,0
476,19.04,5,238,7,10,17,0
476,19.04,6,1148,590,22,16,0
476,19.04,8,1172,565,108,90,0
477,19.08,3,265,7,9,17,0
477,19.08,5,238,7,10,17,0
477,19.08,6,1148,590,20,15,0
477,19.08,7,1274,613,6,38,0
477,19.08,8,1171,564,109,91,0
478,19.12,5,238,7,10,17,0
478,19.12,6,1148,590,20,15,0
478,19.12,7,1273,613,7,38,0
478,19.12,8,1170,562,110,93,0
479,19.16,5,237,7,11,16,0
479,19.16,6,1147,588,21,17,0
479,19.16,7,1274,611,6,40,0
479,19.16,8,1170,561,101,94,0
479,19.16,10,1256,591,24,13,0
480,19.2,5,237,7,11,16,0
480,19.2,6,1147,588,21,17,0
480,19.2,7,1273,601,7,51,0
480,19.2,8,1170,559,101,96,0
480,19.2,10,1254,592,26,13,0
481,19.24,5,237,7,11,16,0
481,19.24,6,1147,588,21,17,0
481,19.24,7,1273,602,7,50,0
481,19.24,8,1170,559,101,96,0
481,19.24,10,1250,593,30,13,0
481,19.24,11,1147,610,19,9,0
482,19.28,5,237,7,11,16,0
482,19.28,7,1273,603,7,48,0
482,19.28,8,1147,559,124,96,0
482,19.28,10,1246,594,34,14,0
482,19.28,11,1146,606,20,12,0
483,19.32,3,264,4,12,20,0
483,19.32,5,237,7,11,16,0
483,19.32,7,1272,604,8,47,0
483,19.32,8,1146,558,134,97,0
483,19.32,11,1136,606,23,13,0
483,19.32,12,277,7,11,17,0
484,19.36,3,264,6,13,18,0
484,19.36,5,237,7,11,16,0
484,19.36,7,1272,605,6,43,0
484,19.36,8,1126,557,154,98,0
485,19.4,3,264,4,13,20,0
485,19.4,5,237,7,11,16,0
485,19.4,7,1271,606,6,45,0
485,19.4,8,1138,557,105,81,0
485,19.4,10,1233,597,47,58,0
485,19.4,11,1114,606,22,15,0
486,19.44,5,237,7,11,16,0
486,19.44,7,1271,620,6,31,0
486,19.44,8,1102,557,178,98,0
487,19.48,5,237,7,11,16,0
487,19.48,6,1096,557,138,81,0
487,19.48,7,1270,621,6,30,0
487,19.48,10,1232,599,48,56,0
488,19.52,5,237,7,11,16,0
488,19.52,6,1094,558,136,80,0
488,19.52,7,1268,610,8,41,0
488,19.52,10,1231,601,49,54,0
489,19.56,5,237,7,11,16,0
489,19.56,6,1089,558,136,78,0
489,19.56,7,1267,611,9,40,0
489,19.56,10,1232,602,48,53,0
490,19.6,5,237,7,11,16,0
490,19.6,6,1114,560,106,76,0
490,19.6,7,1266,613,9,38,0
490,19.6,10,1232,603,48,52,0
490,19.6,11,1085,607,27,17,0
491,19.64,3,265,6,10,18,0
491,19.64,5,237,7,11,16,0
491,19.64,6,1085,560,131,76,0
491,19.64,7,1265,614,10,34,0
491,19.64,10,1232,604,48,52,0
492,19.68,3,265,5,10,19,0
492,19.68,5,237,7,11,16,0
492,19.68,6,1110,560,104,76,0
492,19.68,7,1264,616,10,32,0
492,19.68,10,1231,605,49,51,0
492,19.68,11,1085,608,24,14,0
493,19.72,5,237,7,11,16,0
493,19.72,6,1109,562,99,74,0
493,19.72,7,1262,617,11,33,0
493,19.72,10,1231,607,49,49,0
493,19.72,11,1085,608,23,14,0
494,19.76,5,237,7,11,16,0
494,19.76,6,1109,562,94,78,0
494,19.76,7,1261,618,12,32,0
494,19.76,10,1230,608,50,49,0
494,19.76,11,1085,608,22,15,0
495,19.8,5,237,7,11,16,0
495,19.8,6,1107,562,93,78,0
495,19.8,7,1260,620,13,30,0
495,19.8,10,1230,610,50,47,0
495,19.8,11,1085,608,22,15,0
496,19.84,5,237,7,11,16,0
496,19.84,6,1107,562,91,78,0
496,19.84,7,1260,621,13,29,0
496,19.84,10,1229,611,51,46,0
496,19.84,11,1085,608,22,15,0
497,19.88,5,237,7,11,16,0
497,19.88,6,1107,564,87,76,0
497,19.88,7,1259,623,14,27,0
497,19.88,10,1229,613,51,44,0
497,19.88,11,1084,608,23,15,0
498,19.92,6,1084,564,106,75,0
498,19.92,7,1259,624,13,27,0
498,19.92,10,1228,614,52,43,0
499,19.96,6,1082,564,104,76,0
499,19.96,7,1258,626,14,25,0
499,19.96,10,1227,616,53,41,0
500,20.0,6,1066,565,118,73,0
500,20.0,7,1257,627,17,24,0
500,20.0,10,1226,617,54,40,0
501,20.04,3,264,7,10,17,0
501,20.04,6,1078,566,100,72,0
501,20.04,7,1256,629,18,22,0
501,20.04,10,1226,619,54,41,0
501,20.04,11,1056,594,20,17,0
502,20.08,3,264,7,11,17,0
502,20.08,6,1038,566,136,72,0
502,20.08,7,1255,630,16,21,0
502,20.08,10,1225,621,55,36,0
503,20.12,6,1028,567,140,71,0
503,20.12,7,1254,632,21,21,0
503,20.12,10,1225,624,41,36,0
503,20.12,13,1250,622,30,8,0
504,20.16,6,1024,568,140,70,0
504,20.16,7,1253,633,21,20,0
504,20.16,10,1224,628,42,32,0
504,20.16,13,1245,624,35,9,0
505,20.2,6,1052,568,105,72,0
505,20.2,7,1252,635,22,18,0
505,20.2,10,1224,626,56,34,0
505,20.2,11,1021,599,31,17,0
506,20.24,6,1046,567,104,73,0
506,20.24,7,1252,636,22,17,0
506,20.24,10,1223,628,43,32,0
506,20.24,11,1024,600,22,16,0
506,20.24,13,1245,627,35,8,0
507,20.28,6,1022,567,120,73,0
507,20.28,7,1252,638,22,14,0
507,20.28,10,1223,629,57,37,0
508,20.32,3,264,6,11,18,0
508,20.32,6,1022,566,114,74,0
508,20.32,7,1251,640,23,12,0
508,20.32,10,1223,631,57,30,0
509,20.36,3,264,4,11,20,0
509,20.36,6,1022,566,110,74,0
509,20.36,7,1250,641,24,12,0
509,20.36,10,1222,633,43,28,0
509,20.36,13,1246,633,34,7,0
510,20.4,3,264,6,11,18,0
510,20.4,6,1021,566,107,72,0
510,20.4,7,1249,643,23,10,0
510,20.4,10,1222,635,44,26,0
510,20.4,13,1245,634,35,8,0
511,20.44,6,1019,564,105,73,0
511,20.44,10,1222,636,41,25,0
511,20.44,13,1247,636,33,17,0
512,20.48,6,1014,564,104,72,0
512,20.48,7,1222,637,58,27,0
513,20.52,6,1006,562,108,74,0
513,20.52,7,1222,639,58,25,0
513,20.52,13,1249,647,25,8,0
514,20.56,6,1004,562,104,72,0
514,20.56,7,1244,641,36,9,0
514,20.56,10,1221,641,40,22,0
514,20.56,13,1250,649,21,5,0
515,20.6,6,1019,561,85,73,0
515,20.6,11,996,612,28,19,0
515,20.6,13,1220,643,60,19,0
516,20.64,3,265,6,12,18,0
516,20.64,6,978,560,120,69,0
516,20.64,10,1220,644,60,21,0
516,20.64,11,1069,616,15,18,0
517,20.68,3,265,4,16,20,0
517,20.68,6,994,560,98,65,0
517,20.68,10,1243,646,37,10,0
517,20.68,11,1064,617,14,17,0
517,20.68,13,1221,646,40,18,0
517,20.68,14,964,608,30,17,0
518,20.72,6,986,560,98,64,0
518,20.72,10,1245,648,35,7,0
518,20.72,11,1058,615,13,19,0
518,20.72,13,1219,647,40,18,0
518,20.72,14,954,604,31,18,0
519,20.76,6,950,560,128,74,0
519,20.76,10,1245,645,35,12,0
519,20.76,13,1220,648,39,18,0
520,20.8,6,946,560,124,75,0
520,20.8,10,1240,645,40,13,0
520,20.8,13,1221,650,37,16,0
521,20.84,6,942,560,120,76,0
521,20.84,13,1221,651,47,17,0
522,20.88,6,942,559,113,61,0
522,20.88,11,1018,610,27,26,0
522,20.88,13,1221,656,45,12,0
523,20.92,6,968,560,80,74,0
523,20.92,13,1221,653,45,15,0
523,20.92,14,942,599,31,19,0
524,20.96,6,942,558,100,72,0
525,21.0,6,966,556,71,74,0
525,21.0,14,942,598,21,20,0
526,21.04,3,265,7,9,17,0
526,21.04,6,960,555,71,71,0
526,21.04,14,942,598,20,18,0
527,21.08,3,265,7,9,17,0
527,21.08,6,941,556,85,70,0
528,21.12,6,935,552,84,69,0
529,21.16,6,926,552,87,66,0
530,21.2,6,910,549,100,69,0
531,21.24,6,891,546,110,72,0
532,21.28,6,906,543,87,72,0
532,21.28,14,878,554,28,24,0
533,21.32,3,264,7,8,13,0
533,21.32,6,872,541,113,74,0
534,21.36,3,264,7,8,13,0
534,21.36,6,866,540,111,84,0
535,21.4,3,264,7,8,13,0
535,21.4,6,864,536,110,80,0
536,21.44,6,864,528,106,84,0
537,21.48,6,864,528,96,82,0
538,21.52,6,864,522,85,86,0
539,21.56,6,864,520,79,82,0
540,21.6,6,864,516,73,84,0
541,21.64,3,265,7,10,17,0
541,21.64,6,864,512,67,80,0
542,21.68,3,265,5,16,19,0
542,21.68,6,856,512,69,80,0
543,21.72,6,836,508,83,84,0
544,21.76,6,844,504,68,87,0
544,21.76,11,818,550,24,18,0
545,21.8,6,828,500,77,89,0
545,21.8,11,800,538,28,22,0
546,21.84,6,792,496,106,91,0
547,21.88,6,788,494,106,90,0
548,21.92,6,784,490,112,94,0
549,21.96,6,780,488,114,92,0
550,22.0,6,780,485,112,91,0
551,22.04,3,264,7,10,17,0
551,22.04,6,780,484,106,90,0
552,22.08,3,264,7,10,17,0
552,22.08,6,780,484,100,84,0
553,22.12,6,780,486,84,74,0
554,22.16,6,780,483,72,71,0
555,22.2,6,772,481,74,67,0
556,22.24,6,760,478,80,66,0
557,22.28,6,752,474,85,70,0
558,22.32,3,264,6,10,17,0
558,22.32,6,740,471,92,73,0
559,22.36,3,264,6,10,17,0
559,22.36,6,732,468,93,76,0
560,22.4,3,264,6,24,18,0
560,22.4,6,724,464,98,80,0
561,22.44,6,720,461,98,83,0
561,22.44,15,722,474,24,26,0
562,22.48,6,712,457,102,87,0
563,22.52,6,708,452,100,91,0
564,22.56,6,706,448,106,96,0
564,22.56,15,712,475,20,21,0
565,22.6,3,265,6,22,18,0
565,22.6,6,704,443,106,101,0
565,22.6,15,712,476,20,19,0
566,22.64,3,264,6,11,18,0
566,22.64,6,708,436,98,104,0
567,22.68,3,264,6,11,17,0
567,22.68,6,708,432,92,105,0
567,22.68,15,710,476,20,18,0
568,22.72,6,710,428,78,106,0
569,22.76,6,710,424,68,104,0
570,22.8,6,709,422,59,100,0
571,22.84,6,702,419,54,99,0
572,22.88,6,696,417,52,97,0
573,22.92,6,690,416,52,96,0
574,22.96,6,682,416,60,96,0
575,23.0,6,664,416,78,96,0
576,23.04,3,265,7,9,17,0
576,23.04,6,650,412,92,98,0
577,23.08,3,265,7,9,17,0
577,23.08,6,640,412,102,96,0
578,23.12,6,636,410,106,96,0
579,23.16,6,633,410,111,94,0
580,23.2,6,632,408,110,94,0
581,23.24,6,632,406,108,90,0
582,23.28,6,632,404,104,92,0
583,23.32,6,632,402,98,88,0
584,23.36,3,264,7,10,16,0
584,23.36,6,632,400,88,84,0
585,23.4,6,627,396,83,88,0
586,23.44,6,616,391,82,93,0
587,23.48,6,605,391,83,93,0
588,23.52,6,596,386,78,98,0
589,23.56,6,586,384,84,99,0
590,23.6,6,576,378,90,105,0
591,23.64,6,570,376,94,107,0
592,23.68,6,564,373,100,110,0
593,23.72,6,562,367,102,117,0
594,23.76,6,558,368,106,114,0
595,23.8,6,556,360,108,122,0
596,23.84,6,556,356,106,124,0
597,23.88,6,556,352,100,128,0
598,23.92,6,556,346,92,130,0
599,23.96,6,560,342,78,128,0
600,24.0,6,560,336,70,128,0
601,24.04,3,265,7,9,17,0
601,24.04,6,558,336,62,120,0
602,24.08,3,265,7,9,17,0
602,24.08,6,556,330,60,118,0
603,24.12,6,553,326,60,114,0
604,24.16,6,552,322,56,112,0
605,24.2,6,550,320,58,114,0
606,24.24,6,548,313,58,121,0
607,24.28,6,546,312,60,120,0
608,24.32,6,543,308,65,124,0
609,24.36,6,541,304,67,130,0
610,24.4,6,538,300,68,132,0
611,24.44,6,536,294,70,136,0
612,24.48,6,534,290,70,136,0
613,24.52,6,531,284,69,118,0
613,24.52,16,584,404,18,16,0
614,24.56,6,529,278,73,130,0
615,24.6,6,527,274,77,124,0
616,24.64,6,526,268,78,122,0
617,24.68,6,526,264,78,116,0
618,24.72,6,524,260,82,114,0
619,24.76,6,522,256,84,116,0
620,24.8,6,524,251,84,113,0
620,24.8,16,564,366,12,6,0
621,24.84,6,524,248,84,124,0
622,24.88,6,528,244,84,129,0
623,24.92,6,529,240,83,123,0
623,24.92,16,562,364,13,8,0
624,24.96,6,531,236,81,136,0
625,25.0,6,534,231,78,139,0
626,25.04,6,537,226,77,128,0
626,25.04,16,560,356,16,12,0
627,25.08,6,539,221,75,125,0
627,25.08,16,560,348,18,13,0
628,25.12,6,541,216,75,122,0
628,25.12,16,560,340,18,13,0
629,25.16,6,544,210,72,134,0
630,25.2,6,548,208,68,126,0
631,25.24,6,549,200,69,124,0
632,25.28,6,551,196,69,118,0
633,25.32,6,553,192,69,114,0
634,25.36,6,554,188,70,118,0
635,25.4,6,556,184,68,122,0
636,25.44,6,556,180,70,126,0
637,25.48,6,560,176,68,128,0
638,25.52,6,563,175,67,129,0
639,25.56,6,564,168,69,136,0
640,25.6,6,566,164,68,140,0
641,25.64,6,570,160,70,142,0
642,25.68,6,573,157,67,143,0
642,25.68,17,266,5,15,18,0
643,25.72,6,572,152,70,142,0
644,25.76,6,576,146,66,142,0
645,25.8,6,579,144,65,138,0
646,25.84,6,582,138,64,134,0
647,25.88,6,585,134,63,130,0
648,25.92,6,588,130,60,126,0
649,25.96,6,590,128,64,118,0
650,26.0,6,593,124,63,122,0
651,26.04,6,599,122,65,124,0
652,26.08,6,602,120,70,126,0
653,26.12,6,601,118,79,119,0
654,26.16,6,605,115,81,131,0
655,26.2,6,609,113,77,132,0
656,26.24,6,614,110,74,134,0
657,26.28,6,616,106,72,136,0
658,26.32,6,618,104,70,130,0
659,26.36,6,620,100,68,130,0
660,26.4,6,626,96,62,126,0
661,26.44,6,631,94,57,120,0
662,26.48,6,634,90,56,112,0
662,26.48,18,638,192,13,14,0
663,26.52,6,636,86,56,116,0
664,26.56,6,638,83,58,119,0
665,26.6,6,640,80,62,122,0
666,26.64,6,644,77,60,125,0
667,26.68,6,646,75,64,127,0
668,26.72,6,648,72,66,130,0
669,26.76,6,650,72,68,130,0
670,26.8,6,652,67,68,135,0
671,26.84,6,656,67,68,133,0
671,26.84,17,238,6,9,18,0
672,26.88,6,658,64,70,135,0
672,26.88,17,238,6,9,18,0
673,26.92,6,662,61,66,133,0
674,26.96,6,666,57,62,135,0
675,27.0,6,670,52,58,134,0
676,27.04,6,672,50,58,132,0
677,27.08,6,676,47,56,127,0
678,27.12,6,678,45,56,125,0
679,27.16,6,681,40,53,124,0
680,27.2,6,683,40,53,120,0
681,27.24,6,686,38,52,122,0
682,27.28,6,688,37,58,123,0
683,27.32,6,688,36,68,124,0
684,27.36,6,694,34,66,126,0
685,27.4,6,697,33,65,127,0
686,27.44,6,696,32,66,127,0
687,27.48,6,700,30,62,128,0
688,27.52,6,702,27,60,129,0
689,27.56,6,704,26,58,126,0
690,27.6,6,705,23,59,124,0
691,27.64,6,708,21,58,122,0
692,27.68,6,714,18,54,119,0
693,27.72,6,714,16,56,116,0
694,27.76,6,716,14,60,118,0
695,27.8,6,716,12,60,120,0
696,27.84,6,714,10,55,122,0
696,27.84,19,770,40,8,16,0
697,27.88,6,718,8,53,124,0
697,27.88,19,772,36,11,14,0
698,27.92,6,718,7,66,125,0
699,27.96,6,720,5,64,127,0
700,28.0,6,720,3,64,129,0
701,28.04,6,718,3,67,129,0
702,28.08,6,724,1,64,131,0
703,28.12,6,726,0,48,130,0
703,28.12,19,776,10,14,21,0
704,28.16,6,728,0,46,126,0
704,28.16,19,776,8,14,22,0
705,28.2,6,728,0,49,124,0
705,28.2,19,777,7,14,21,0
706,28.24,6,730,0,62,120,0
707,28.28,6,731,0,47,104,0
707,28.28,19,777,5,16,23,0
707,28.28,20,752,106,14,12,0
708,28.32,6,733,0,45,102,0
708,28.32,19,776,3,16,24,0
708,28.32,20,756,104,14,10,0
708,28.32,21,264,7,11,17,0
709,28.36,6,734,0,59,100,0
709,28.36,20,758,102,14,11,0
709,28.36,21,264,7,11,17,0
710,28.4,6,734,0,59,112,0
710,28.4,21,264,7,11,17,0
711,28.44,6,734,0,59,112,0
712,28.48,6,734,0,60,110,0
713,28.52,6,734,0,60,108,0
714,28.56,6,734,0,60,106,0
715,28.6,6,734,0,60,106,0
716,28.64,6,734,0,60,106,0
717,28.68,6,734,0,60,106,0
718,28.72,6,734,0,60,106,0
719,28.76,6,738,0,56,106,0
720,28.8,6,740,0,54,106,0
721,28.84,6,741,0,53,106,0
722,28.88,6,743,0,51,106,0
723,28.92,6,744,0,50,106,0
723,28.92,21,231,7,16,17,0
723,28.92,22,533,3,114,2,0
724,28.96,6,745,0,49,106,0
724,28.96,21,231,7,16,17,0
724,28.96,22,445,2,211,8,0
725,29.0,6,747,0,47,106,0
725,29.0,21,231,7,16,17,0
725,29.0,22,465,7,187,7,0
725,29.0,23,421,2,307,10,0
725,29.0,24,496,14,224,6,0
725,29.0,25,521,21,190,5,0
726,29.04,6,746,0,48,106,0
726,29.04,21,231,7,16,17,0
726,29.04,22,428,14,272,8,0
726,29.04,23,422,2,306,10,0
726,29.04,24,450,20,257,6,0
726,29.04,25,424,7,304,10,0
726,29.04,26,432,26,282,7,0
726,29.04,27,434,32,241,6,0
726,29.04,28,483,43,125,3,0
727,29.08,6,748,0,46,106,0
727,29.08,21,231,7,16,17,0
727,29.08,22,425,19,313,9,0
727,29.08,23,424,1,320,10,0
727,29.08,24,428,13,306,9,0
727,29.08,25,424,7,317,10,0
727,29.08,26,434,31,282,7,0
727,29.08,27,436,37,266,6,0
727,29.08,28,439,42,268,7,0
727,29.08,29,432,26,312,8,0
728,29.12,6,749,0,45,106,0
728,29.12,21,231,7,16,17,0
728,29.12,22,455,19,283,8,0
728,29.12,23,420,1,324,10,0
728,29.12,24,428,12,307,10,0
728,29.12,25,424,7,327,10,0
728,29.12,26,436,37,286,7,0
728,29.12,27,438,42,289,8,0
728,29.12,28,440,47,276,8,0
728,29.12,29,432,31,311,9,0
728,29.12,30,432,24,298,9,0
729,29.16,21,231,7,16,17,0
729,29.16,22,432,24,320,10,0
729,29.16,23,420,1,327,10,0
729,29.16,24,428,12,306,9,0
729,29.16,25,424,7,313,10,0
729,29.16,26,439,42,301,9,0
729,29.16,27,432,31,315,9,0
729,29.16,28,436,0,359,106,0
729,29.16,29,436,35,294,9,0
729,29.16,30,425,18,307,10,0
730,29.2,21,231,7,16,17,0
730,29.2,22,435,30,315,10,0
730,29.2,23,420,1,327,10,0
730,29.2,24,428,12,311,9,0
730,29.2,25,424,7,335,9,0
730,29.2,26,439,42,305,9,0
730,29.2,27,428,24,316,10,0
730,29.2,29,433,0,362,106,0
730,29.2,30,425,18,312,10,0
731,29.24,21,231,7,16,17,0
731,29.24,23,423,1,330,9,0
731,29.24,24,423,12,330,9,0
731,29.24,25,420,6,339,10,0
731,29.24,26,434,0,361,106,0
731,29.24,27,425,18,313,10,0
731,29.24,30,432,24,320,10,0
732,29.28,21,231,7,16,17,0
732,29.28,22,435,35,315,10,0
732,29.28,23,423,1,332,9,0
732,29.28,24,423,12,332,9,0
732,29.28,25,420,6,340,11,0
732,29.28,26,434,0,362,106,0
732,29.28,27,425,18,315,10,0
732,29.28,30,435,30,316,9,0
732,29.28,31,336,54,22,34,0
732,29.28,32,428,24,323,10,0
733,29.32,21,231,7,16,17,0
733,29.32,23,420,0,339,10,0
733,29.32,24,423,12,333,9,0
733,29.32,25,420,6,340,11,0
733,29.32,26,433,0,363,106,0
733,29.32,27,425,18,328,10,0
733,29.32,30,435,30,318,9,0
733,29.32,31,334,50,52,38,0
733,29.32,32,428,24,326,9,0
734,29.36,21,231,7,16,17,0
734,29.36,23,423,0,328,10,0
734,29.36,25,420,6,341,14,0
734,29.36,26,428,0,368,107,0
734,29.36,27,425,18,332,11,0
734,29.36,30,433,29,325,10,0
734,29.36,31,326,36,60,76,0
734,29.36,33,384,18,30,50,0
734,29.36,34,958,32,19,19,0
734,29.36,35,975,28,20,28,0
734,29.36,36,996,119,11,11,0
734,29.36,37,1002,675,38,11,0
734,29.36,38,1003,48,23,15,0
734,29.36,39,1006,230,10,16,0
734,29.36,40,1015,248,25,20,0
734,29.36,41,1024,269,32,19,0
734,29.36,42,1032,49,41,31,0
734,29.36,43,1036,124,14,20,0
734,29.36,44,1055,186,19,38,0
734,29.36,45,1068,178,20,14,0
734,29.36,46,1073,9,23,23,0
734,29.36,47,1085,31,19,24,0
734,29.36,48,1087,189,49,20,0
734,29.36,49,1094,142,12,26,0
734,29.36,50,1101,13,33,21,0
734,29.36,51,1104,96,18,18,0
734,29.36,52,1120,120,13,14,0
734,29.36,53,1120,305,10,13,0
734,29.36,54,1125,64,12,14,0
734,29.36,55,1132,69,68,75,0
734,29.36,56,1134,120,18,23,0
734,29.36,57,1139,285,21,11,0
734,29.36,58,1139,293,31,26,0
734,29.36,59,1148,26,29,25,0
734,29.36,60,1149,557,26,36,0
734,29.36,61,1150,148,18,24,0
734,29.36,62,1160,199,35,21,0
734,29.36,63,1165,116,115,108,0
734,29.36,64,1168,252,49,93,0
734,29.36,65,1171,455,28,16,0
734,29.36,66,1172,0,13,16,0
734,29.36,67,1184,214,27,50,0
734,29.36,68,1191,449,89,44,0
734,29.36,69,1198,359,27,34,0
734,29.36,70,1201,662,79,28,0
734,29.36,71,1220,539,25,10,0
734,29.36,72,1242,76,38,22,0
734,29.36,73,1247,564,33,13,0
734,29.36,74,1262,302,18,18,0
735,29.4,6,810,0,28,57,0
735,29.4,20,808,58,27,22,0
735,29.4,21,238,7,9,16,0
735,29.4,22,375,0,420,112,0
735,29.4,23,422,0,331,10,0
735,29.4,24,423,12,333,8,0
735,29.4,25,419,6,343,11,0
735,29.4,28,831,0,87,97,0
735,29.4,31,320,25,77,90,0
735,29.4,34,935,3,31,44,0
735,29.4,35,939,0,24,11,0
735,29.4,36,928,73,39,28,0
735,29.4,37,985,608,105,64,0
735,29.4,39,962,251,16,29,0
735,29.4,44,787,0,493,352,0
735,29.4,46,1036,9,35,24,0
735,29.4,60,1114,582,13,13,0
735,29.4,65,1125,351,155,205,0
735,29.4,66,1179,0,54,44,0
735,29.4,67,1217,217,30,38,0
735,29.4,74,1259,254,21,81,0
735,29.4,75,314,130,18,36,0
735,29.4,76,576,658,96,62,0
735,29.4,77,634,616,27,42,0
735,29.4,78,719,704,25,16,0
735,29.4,79,736,192,42,32,0
735,29.4,80,738,587,82,74,0
735,29.4,81,768,252,16,18,0
735,29.4,82,772,688,19,31,0
735,29.4,83,774,662,32,16,0
735,29.4,84,801,685,7,25,0
735,29.4,85,834,208,14,8,0
735,29.4,86,844,224,20,12,0
735,29.4,87,856,0,56,48,0
735,29.4,88,870,498,21,14,0
735,29.4,89,880,639,21,28,0
735,29.4,90,881,511,65,24,0
735,29.4,91,937,532,60,85,0
735,29.4,92,947,634,41,37,0
735,29.4,93,948,589,38,58,0
735,29.4,94,966,556,314,139,0
735,29.4,95,986,551,109,60,0
735,29.4,96,990,461,100,75,0
735,29.4,97,990,495,18,24,0
735,29.4,98,992,431,42,32,0
735,29.4,99,1028,432,38,34,0
735,29.4,100,1030,530,37,17,0
735,29.4,101,1040,642,54,30,0
735,29.4,102,1074,445,18,26,0
735,29.4,103,1087,429,48,34,0
735,29.4,104,1092,468,45,49,0
735,29.4,105,1105,635,29,22,0
735,29.4,106,1112,596,25,23,0
735,29.4,107,1253,230,18,28,0
736,29.44,21,235,7,12,16,0
736,29.44,22,320,0,476,160,0
736,29.44,23,420,0,336,10,0
736,29.44,25,419,5,343,15,0
736,29.44,26,641,104,11,19,0
736,29.44,27,425,18,330,10,0
736,29.44,29,768,154,20,7,0
736,29.44,31,313,109,24,19,0
736,29.44,32,428,24,329,10,0
736,29.44,39,598,0,682,556,0
736,29.44,40,962,251,16,29,0
736,29.44,41,1021,323,47,12,0
736,29.44,46,1036,9,35,24,0
736,29.44,53,1097,342,24,13,0
736,29.44,60,861,451,419,256,0
736,29.44,70,1227,697,53,16,0
736,29.44,75,312,129,24,37,0
736,29.44,76,576,616,114,104,0
736,29.44,78,719,704,25,16,0
736,29.44,80,703,609,27,15,0
736,29.44,81,765,244,22,26,0
736,29.44,82,827,664,38,14,0
736,29.44,83,738,587,96,133,0
736,29.44,84,826,701,23,19,0
736,29.44,85,832,270,32,18,0
736,29.44,86,832,240,17,12,0
736,29.44,88,861,425,11,13,0
736,29.44,89,880,638,21,29,0
736,29.44,90,880,553,20,25,0
736,29.44,91,923,560,25,35,0
736,29.44,92,902,704,30,16,0
736,29.44,100,1030,530,74,21,0
736,29.44,102,1086,468,20,16,0
736,29.44,103,1120,394,17,22,0
736,29.44,108,244,82,15,18,0
736,29.44,109,257,232,25,31,0
736,29.44,110,337,160,20,22,0
736,29.44,111,398,704,10,16,0
736,29.44,112,450,708,35,12,0
736,29.44,113,463,672,10,21,0
736,29.44,114,474,680,30,40,0
736,29.44,115,480,208,47,48,0
736,29.44,116,511,160,26,16,0
736,29.44,117,524,147,20,13,0
736,29.44,118,544,208,28,14,0
736,29.44,119,545,136,22,13,0
736,29.44,120,546,144,65,64,0
736,29.44,121,546,152,20,8,0
736,29.44,122,567,129,54,19,0
736,29.44,123,580,215,16,21,0
736,29.44,124,592,240,16,16,0
736,29.44,125,618,151,18,15,0
736,29.44,126,624,208,10,9,0
736,29.44,127,640,130,17,11,0
736,29.44,128,644,240,11,17,0
736,29.44,129,705,432,15,16,0
736,29.44,130,708,416,12,8,0
736,29.44,131,720,382,24,18,0
736,29.44,132,726,416,10,15,0
736,29.44,133,770,400,14,16,0
736,29.44,134,800,275,18,9,0
736,29.44,135,816,300,25,16,0
736,29.44,136,853,651,27,28,0
736,29.44,137,856,305,8,15,0
736,29.44,138,860,384,35,71,0
736,29.44,139,872,272,41,40,0
736,29.44,140,878,588,18,14,0
736,29.44,141,880,266,24,12,0
736,29.44,142,911,401,12,30,0
736,29.44,143,930,256,14,18,0
736,29.44,144,1041,336,21,13,0
736,29.44,145,1201,707,25,13,0
736,29.44,146,1247,707,24,13,0
737,29.48,21,235,7,12,16,0
737,29.48,23,420,0,343,9,0
737,29.48,31,272,106,23,34,0
737,29.48,33,345,0,16,17,0
737,29.48,69,1253,339,23,18,0
737,29.48,74,1240,272,16,33,0
737,29.48,75,301,109,34,19,0
737,29.48,76,571,608,159,112,0
737,29.48,77,671,624,21,18,0
737,29.48,79,705,241,15,14,0
737,29.48,80,645,592,13,16,0
737,29.48,82,880,636,61,36,0
737,29.48,83,714,561,169,159,0
737,29.48,84,823,698,30,22,0
737,29.48,86,832,240,17,12,0
737,29.48,88,817,372,16,11,0
737,29.48,89,901,701,31,19,0
737,29.48,90,847,604,61,25,0
737,29.48,108,244,81,31,38,0
737,29.48,109,257,232,31,34,0
737,29.48,110,360,176,18,10,0
737,29.48,111,385,703,23,17,0
737,29.48,112,450,708,34,12,0
737,29.48,113,463,672,10,21,0
737,29.48,114,471,680,33,40,0
737,29.48,118,560,219,10,22,0
737,29.48,123,542,228,14,12,0
737,29.48,126,661,220,11,12,0
737,29.48,128,638,230,17,28,0
737,29.48,131,660,276,112,228,0
737,29.48,133,308,0,972,720,0
737,29.48,135,816,300,25,16,0
737,29.48,137,800,256,131,118,0
737,29.48,138,928,441,10,29,0
737,29.48,140,830,556,19,36,0
737,29.48,142,893,401,46,57,0
737,29.48,145,1146,708,40,12,0
737,29.48,147,75,692,31,18,0
737,29.48,148,111,699,14,21,0
737,29.48,149,177,659,31,13,0
737,29.48,150,205,204,20,34,0
737,29.48,151,205,665,21,25,0
737,29.48,152,219,688,16,32,0
737,29.48,153,231,152,32,42,0
737,29.48,154,260,77,31,13,0
737,29.48,155,262,194,25,29,0
737,29.48,156,333,111,19,23,0
737,29.48,157,399,656,18,25,0
737,29.48,158,419,685,29,35,0
737,29.48,159,436,480,8,24,0
737,29.48,160,464,516,33,8,0
737,29.48,161,482,490,30,38,0
737,29.48,162,495,557,24,15,0
737,29.48,163,496,442,24,21,0
737,29.48,164,496,475,20,13,0
737,29.48,165,496,654,20,18,0
737,29.48,166,503,352,9,16,0
737,29.48,167,504,512,36,80,0
737,29.48,168,520,452,30,24,0
737,29.48,169,528,400,28,8,0
737,29.48,170,528,411,17,19,0
737,29.48,171,532,369,12,19,0
737,29.48,172,541,680,17,22,0
737,29.48,173,544,513,10,15,0
737,29.48,174,545,328,21,16,0
737,29.48,175,552,576,16,16,0
737,29.48,176,556,541,23,19,0
737,29.48,177,560,680,16,27,0
737,29.48,178,642,534,14,34,0
737,29.48,179,656,569,14,17,0
737,29.48,180,658,512,88,98,0
737,29.48,181,682,516,12,20,0
737,29.48,182,748,527,25,19,0
737,29.48,183,800,558,18,26,0
738,29.52,21,235,7,12,16,0
738,29.52,23,420,0,345,10,0
738,29.52,31,242,108,25,16,0
738,29.52,33,348,0,13,18,0
738,29.52,75,278,90,19,18,0
738,29.52,76,608,632,12,20,0
738,29.52,79,687,300,17,22,0
738,29.52,80,578,624,25,16,0
738,29.52,84,823,698,38,22,0
738,29.52,89,901,689,51,31,0
738,29.52,90,857,695,16,25,0
738,29.52,108,243,75,65,66,0
738,29.52,109,248,236,14,20,0
738,29.52,111,367,671,41,49,0
738,29.52,112,450,708,34,12,0
738,29.52,113,463,656,14,37,0
738,29.52,114,471,672,33,48,0
738,29.52,118,560,219,10,22,0
738,29.52,123,542,228,14,12,0
738,29.52,124,592,271,12,14,0
738,29.52,126,661,220,11,12,0
738,29.52,128,639,238,16,20,0
738,29.52,131,680,368,16,22,0
738,29.52,147,71,690,36,27,0
738,29.52,148,105,699,20,21,0
738,29.52,149,177,659,31,13,0
738,29.52,150,202,199,23,39,0
738,29.52,151,205,665,21,26,0
738,29.52,152,219,688,16,32,0
738,29.52,153,224,152,39,42,0
738,29.52,154,266,77,25,13,0
738,29.52,155,254,167,49,103,0
738,29.52,156,332,100,27,9,0
738,29.52,157,399,656,18,25,0
738,29.52,158,419,687,29,33,0
738,29.52,159,436,480,8,24,0
738,29.52,160,464,516,33,8,0
738,29.52,161,466,474,70,54,0
738,29.52,162,495,557,24,15,0
738,29.52,163,472,396,23,36,0
738,29.52,165,488,640,30,34,0
738,29.52,166,503,352,9,16,0
738,29.52,167,504,512,43,101,0
738,29.52,168,520,456,30,20,0
738,29.52,169,528,392,30,16,0
738,29.52,170,496,411,56,52,0
738,29.52,171,511,321,55,73,0
738,29.52,172,536,676,22,26,0
738,29.52,173,544,513,10,15,0
738,29.52,174,555,288,27,16,0
738,29.52,175,552,576,16,16,0
738,29.52,176,556,541,23,19,0
738,29.52,177,560,680,16,27,0
738,29.52,178,640,507,16,61,0
738,29.52,179,607,621,17,10,0
738,29.52,181,638,494,19,25,0
738,29.52,184,111,153,31,12,0
738,29.52,185,128,671,83,49,0
738,29.52,186,213,237,38,17,0
738,29.52,187,230,82,18,26,0
738,29.52,188,242,216,28,21,0
738,29.52,189,273,647,11,34,0
738,29.52,190,282,682,17,23,0
738,29.52,191,294,215,20,12,0
738,29.52,192,320,14,22,9,0
738,29.52,193,320,624,30,18,0
738,29.52,194,335,680,18,40,0
738,29.52,195,339,383,12,21,0
738,29.52,196,352,674,17,14,0
738,29.52,197,462,568,42,38,0
738,29.52,198,520,669,19,27,0
738,29.52,199,542,704,17,16,0
738,29.52,200,570,635,26,16,0
738,29.52,201,576,368,16,26,0
738,29.52,202,588,652,21,14,0
738,29.52,203,592,305,31,14,0
738,29.52,204,669,319,25,10,0
739,29.56,21,235,7,12,16,0
739,29.56,26,660,191,47,41,0
739,29.56,76,500,608,12,12,0
739,29.56,79,658,383,12,19,0
739,29.56,80,485,623,24,17,0
739,29.56,88,671,284,19,24,0
739,29.56,89,910,677,26,19,0
739,29.56,108,252,129,24,26,0
739,29.56,109,248,236,14,20,0
739,29.56,111,367,671,41,49,0
739,29.56,112,450,708,34,12,0
739,29.56,113,463,656,14,37,0
739,29.56,114,471,672,33,48,0
739,29.56,115,512,264,16,12,0
739,29.56,118,560,219,10,22,0
739,29.56,123,542,228,14,12,0
739,29.56,124,592,271,12,14,0
739,29.56,126,623,270,33,19,0
739,29.56,128,638,230,17,28,0
739,29.56,130,639,399,19,35,0
739,29.56,131,648,325,35,31,0
739,29.56,147,71,690,39,27,0
739,29.56,149,177,659,31,13,0
739,29.56,150,198,199,28,40,0
739,29.56,151,205,665,21,26,0
739,29.56,152,219,688,16,32,0
739,29.56,153,224,152,39,44,0
739,29.56,154,278,82,21,26,0
739,29.56,155,225,207,35,18,0
739,29.56,157,399,656,19,25,0
739,29.56,158,419,672,29,48,0
739,29.56,159,436,480,8,24,0
739,29.56,160,464,516,33,8,0
739,29.56,161,448,528,11,20,0
739,29.56,162,495,557,24,15,0
739,29.56,163,467,368,13,8,0
739,29.56,164,472,396,23,36,0
739,29.56,165,480,640,38,33,0
739,29.56,166,503,352,9,16,0
739,29.56,167,465,474,83,139,0
739,29.56,168,520,452,30,24,0
739,29.56,169,528,392,30,16,0
739,29.56,170,496,411,56,51,0
739,29.56,171,511,321,55,73,0
739,29.56,172,536,676,23,26,0
739,29.56,173,544,513,10,15,0
739,29.56,174,609,273,15,15,0
739,29.56,175,552,576,16,21,0
739,29.56,176,556,540,30,20,0
739,29.56,177,540,664,36,51,0
739,29.56,178,637,460,20,20,0
739,29.56,179,539,647,32,16,0
739,29.56,181,609,449,32,31,0
739,29.56,184,138,172,22,35,0
739,29.56,185,105,671,106,49,0
739,29.56,186,213,237,38,17,0
739,29.56,187,230,82,39,42,0
739,29.56,188,241,216,29,21,0
739,29.56,189,273,647,13,35,0
739,29.56,190,282,682,17,23,0
739,29.56,192,320,13,36,11,0
739,29.56,193,320,624,33,20,0
739,29.56,194,335,680,18,40,0
739,29.56,195,339,383,11,21,0
739,29.56,196,352,674,17,14,0
739,29.56,197,462,568,42,38,0
739,29.56,198,516,669,43,51,0
739,29.56,201,576,368,31,26,0
739,29.56,202,573,660,21,11,0
739,29.56,203,592,302,38,17,0
739,29.56,204,666,319,30,11,0
739,29.56,205,78,156,29,63,0
739,29.56,206,121,193,22,24,0
739,29.56,207,252,689,15,15,0
739,29.56,208,400,624,8,14,0
739,29.56,209,402,587,18,17,0
739,29.56,210,432,657,11,23,0
739,29.56,211,456,624,7,16,0
739,29.56,212,466,628,9,12,0
739,29.56,213,506,284,22,18,0
739,29.56,214,543,288,39,33,0
739,29.56,215,574,513,18,18,0
739,29.56,216,576,444,13,20,0
739,29.56,217,604,321,31,16,0
739,29.56,218,625,435,15,19,0
739,29.56,219,639,278,20,42,0
739,29.56,220,650,284,28,23,0
740,29.6,21,235,7,12,16,0
740,29.6,31,188,78,25,37,0
740,29.6,75,281,31,15,43,0
740,29.6,76,432,582,19,18,0
740,29.6,80,381,610,19,9,0
740,29.6,88,561,248,14,8,0
740,29.6,89,907,677,29,28,0
740,29.6,111,367,676,41,44,0
740,29.6,112,450,708,34,12,0
740,29.6,113,462,656,15,37,0
740,29.6,114,474,672,37,48,0
740,29.6,115,512,264,16,12,0
740,29.6,118,560,219,10,23,0
740,29.6,123,542,228,14,12,0
740,29.6,124,609,273,15,21,0
740,29.6,126,592,336,14,20,0
740,29.6,130,597,381,33,35,0
740,29.6,147,71,689,39,28,0
740,29.6,148,83,656,24,18,0
740,29.6,149,177,659,34,13,0
740,29.6,150,198,199,28,39,0
740,29.6,151,205,665,21,26,0
740,29.6,152,219,688,16,32,0
740,29.6,154,278,82,20,27,0
740,29.6,156,303,86,17,25,0
740,29.6,157,399,656,19,25,0
740,29.6,158,419,672,42,48,0
740,29.6,159,436,480,8,24,0
740,29.6,160,464,516,32,8,0
740,29.6,161,406,530,14,22,0
740,29.6,162,495,557,24,15,0
740,29.6,163,484,304,17,24,0
740,29.6,164,467,368,13,8,0
740,29.6,165,480,640,38,34,0
740,29.6,166,472,396,23,36,0
740,29.6,167,448,493,31,19,0
740,29.6,168,520,456,30,20,0
740,29.6,169,544,392,14,16,0
740,29.6,170,496,412,56,52,0
740,29.6,171,511,315,55,79,0
740,29.6,172,536,676,23,26,0
740,29.6,173,544,512,8,16,0
740,29.6,175,500,608,12,12,0
740,29.6,177,540,664,37,51,0
740,29.6,179,485,623,24,17,0
740,29.6,184,128,243,12,12,0
740,29.6,185,105,671,105,49,0
740,29.6,187,217,82,52,44,0
740,29.6,188,213,207,57,51,0
740,29.6,189,273,647,13,35,0
740,29.6,190,282,682,17,23,0
740,29.6,192,320,13,36,19,0
740,29.6,193,317,627,37,17,0
740,29.6,194,328,680,25,40,0
740,29.6,196,352,674,16,14,0
740,29.6,197,462,568,42,38,0
740,29.6,198,514,669,45,51,0
740,29.6,201,576,368,40,26,0
740,29.6,202,568,660,26,11,0
740,29.6,203,546,256,12,16,0
740,29.6,205,78,156,29,63,0
740,29.6,206,143,172,17,35,0
740,29.6,207,252,689,23,15,0
740,29.6,208,400,624,8,15,0
740,29.6,209,402,587,18,17,0
740,29.6,210,434,656,9,24,0
740,29.6,211,456,624,7,16,0
740,29.6,212,466,628,9,12,0
740,29.6,213,506,284,37,29,0
740,29.6,214,540,288,90,34,0
740,29.6,216,559,425,36,43,0
740,29.6,217,604,321,31,17,0
740,29.6,219,623,270,33,19,0
740,29.6,220,650,278,28,29,0
740,29.6,221,98,34,13,21,0
740,29.6,222,273,704,11,16,0
740,29.6,223,304,673,15,21,0
740,29.6,224,338,583,14,9,0
740,29.6,225,423,640,9,24,0
740,29.6,226,448,528,11,20,0
741,29.64,21,235,7,12,16,0
741,29.64,31,188,78,25,37,0
741,29.64,75,281,31,15,43,0
741,29.64,80,290,557,16,7,0
741,29.64,89,907,677,29,28,0
741,29.64,111,367,676,41,44,0
741,29.64,112,450,708,34,12,0
741,29.64,113,462,656,15,37,0
741,29.64,114,474,672,37,48,0
741,29.64,115,512,264,16,12,0
741,29.64,118,560,219,10,23,0
741,29.64,123,542,228,14,12,0
741,29.64,124,623,270,33,19,0
741,29.64,126,503,354,9,14,0
741,29.64,130,592,336,14,20,0
741,29.64,131,609,273,15,21,0
741,29.64,147,71,689,39,28,0
741,29.64,148,83,656,24,18,0
741,29.64,149,177,659,34,13,0
741,29.64,150,198,199,28,39,0
741,29.64,151,205,665,21,26,0
741,29.64,152,219,688,16,32,0
741,29.64,154,274,82,24,27,0
741,29.64,155,128,243,12,12,0
741,29.64,156,303,86,17,25,0
741,29.64,157,399,656,24,25,0
741,29.64,158,419,672,42,48,0
741,29.64,159,436,480,8,24,0
741,29.64,160,464,516,32,8,0
741,29.64,161,406,530,14,22,0
741,29.64,162,495,557,24,15,0
741,29.64,163,546,256,12,16,0
741,29.64,164,484,304,17,25,0
741,29.64,165,480,640,38,34,0
741,29.64,166,472,396,23,36,0
741,29.64,168,520,456,30,20,0
741,29.64,169,528,392,30,16,0
741,29.64,170,496,411,56,52,0
741,29.64,171,511,315,59,79,0
741,29.64,172,536,676,23,26,0
741,29.64,175,485,623,24,17,0
741,29.64,179,432,582,19,18,0
741,29.64,181,597,381,33,35,0
741,29.64,185,105,671,105,49,0
741,29.64,187,217,82,52,44,0
741,29.64,188,213,207,57,51,0
741,29.64,189,273,647,13,35,0
741,29.64,190,282,682,17,23,0
741,29.64,192,320,13,36,17,0
741,29.64,193,317,624,37,20,0
741,29.64,194,328,680,25,40,0
741,29.64,196,352,674,16,14,0
741,29.64,197,462,568,42,38,0
741,29.64,198,514,660,64,60,0
741,29.64,201,576,368,40,26,0
741,29.64,205,88,164,19,55,0
741,29.64,206,143,172,17,35,0
741,29.64,207,252,689,20,15,0
741,29.64,208,400,624,8,15,0
741,29.64,209,402,587,18,17,0
741,29.64,210,434,656,9,24,0
741,29.64,211,456,624,7,16,0
741,29.64,212,466,627,9,13,0
741,29.64,213,506,284,37,29,0
741,29.64,214,540,288,90,34,0
741,29.64,215,598,477,17,31,0
741,29.64,216,559,389,37,79,0
741,29.64,217,604,321,31,17,0
741,29.64,219,561,248,14,8,0
741,29.64,220,650,278,28,29,0
741,29.64,221,98,34,13,21,0
741,29.64,222,273,704,11,16,0
741,29.64,223,304,673,15,21,0
741,29.64,224,338,583,14,9,0
741,29.64,225,422,640,10,24,0
741,29.64,226,447,528,12,20,0
741,29.64,227,467,368,13,8,0
741,29.64,228,500,608,12,12,0
742,29.68,21,235,7,12,16,0
742,29.68,31,188,78,25,37,0
742,29.68,75,281,31,15,43,0
742,29.68,76,290,557,16,7,0
742,29.68,89,907,677,23,28,0
742,29.68,111,367,676,41,44,0
742,29.68,112,450,708,34,12,0
742,29.68,113,462,656,15,37,0
742,29.68,114,474,672,37,48,0
742,29.68,115,512,264,16,12,0
742,29.68,118,560,219,10,23,0
742,29.68,123,542,228,14,12,0
742,29.68,130,609,273,15,21,0
742,29.68,131,561,248,14,8,0
742,29.68,140,559,415,36,53,0
742,29.68,147,71,689,39,28,0
742,29.68,148,83,656,24,18,0
742,29.68,149,177,659,34,13,0
742,29.68,150,198,199,28,39,0
742,29.68,151,205,665,21,26,0
742,29.68,152,219,688,16,32,0
742,29.68,154,274,82,24,27,0
742,29.68,155,128,243,12,12,0
742,29.68,156,303,86,17,25,0
742,29.68,157,399,656,24,25,0
742,29.68,158,419,672,42,48,0
742,29.68,159,436,480,8,24,0
742,29.68,160,464,516,32,8,0
742,29.68,161,406,530,14,22,0
742,29.68,162,495,557,24,15,0
742,29.68,164,546,256,12,16,0
742,29.68,165,480,640,38,34,0
742,29.68,166,473,396,22,36,0
742,29.68,168,520,456,30,20,0
742,29.68,169,528,401,16,7,0
742,29.68,170,496,411,56,52,0
742,29.68,171,511,315,59,79,0
742,29.68,172,536,676,23,26,0
742,29.68,173,466,496,13,16,0
742,29.68,175,485,623,24,17,0
742,29.68,178,623,270,33,19,0
742,29.68,179,432,582,19,18,0
742,29.68,181,597,381,33,35,0
742,29.68,185,105,671,105,49,0
742,29.68,187,217,82,52,44,0
742,29.68,188,213,207,57,51,0
742,29.68,189,273,647,13,35,0
742,29.68,190,282,682,17,23,0
742,29.68,192,320,11,36,13,0
742,29.68,193,320,624,34,20,0
742,29.68,194,328,680,25,40,0
742,29.68,196,352,674,16,14,0
742,29.68,197,462,568,42,38,0
742,29.68,198,514,660,64,60,0
742,29.68,201,576,368,40,26,0
742,29.68,205,88,165,19,54,0
742,29.68,206,143,172,17,35,0
742,29.68,207,252,689,20,15,0
742,29.68,208,400,624,8,15,0
742,29.68,209,402,587,18,17,0
742,29.68,210,434,656,9,24,0
742,29.68,211,456,624,7,16,0
742,29.68,212,466,627,9,13,0
742,29.68,213,506,284,37,29,0
742,29.68,214,540,288,90,34,0
742,29.68,215,598,483,17,25,0
742,29.68,216,544,392,14,16,0
742,29.68,217,592,318,43,38,0
742,29.68,220,650,278,28,29,0
742,29.68,221,98,34,13,21,0
742,29.68,222,273,704,11,16,0
742,29.68,223,304,673,15,21,0
742,29.68,224,338,583,14,9,0
742,29.68,225,422,640,10,24,0
742,29.68,226,447,528,12,20,0
742,29.68,227,467,368,13,8,0
742,29.68,228,500,608,12,12,0
742,29.68,229,484,304,17,25,0
743,29.72,21,235,7,12,16,0
743,29.72,31,188,78,25,37,0
743,29.72,75,281,31,15,43,0
743,29.72,76,290,557,16,7,0
743,29.72,88,184,51,24,21,0
743,29.72,89,907,677,23,28,0
743,29.72,111,367,676,41,44,0
743,29.72,112,450,708,34,12,0
743,29.72,113,462,656,15,37,0
743,29.72,114,474,672,37,48,0
743,29.72,115,512,264,16,12,0
743,29.72,118,560,219,10,23,0
743,29.72,123,542,228,14,12,0
743,29.72,124,623,270,33,19,0
743,29.72,128,609,273,15,21,0
743,29.72,131,546,256,12,16,0
743,29.72,147,71,689,39,28,0
743,29.72,148,83,656,24,18,0
743,29.72,149,177,659,34,13,0
743,29.72,150,198,199,28,39,0
743,29.72,151,205,665,21,26,0
743,29.72,152,219,688,16,32,0
743,29.72,154,274,82,24,27,0
743,29.72,155,128,243,12,12,0
743,29.72,156,303,86,17,25,0
743,29.72,157,399,656,24,25,0
743,29.72,158,419,672,42,48,0
743,29.72,159,436,480,8,24,0
743,29.72,160,464,516,32,8,0
743,29.72,161,406,530,14,22,0
743,29.72,162,495,557,24,15,0
743,29.72,164,561,248,14,8,0
743,29.72,165,480,640,38,34,0
743,29.72,166,473,396,22,36,0
743,29.72,168,520,456,30,20,0
743,29.72,169,528,392,30,16,0
743,29.72,170,496,411,56,52,0
743,29.72,171,511,315,59,79,0
743,29.72,172,536,676,23,26,0
743,29.72,173,465,496,14,16,0
743,29.72,175,485,623,24,17,0
743,29.72,179,432,582,19,18,0
743,29.72,181,597,381,33,35,0
743,29.72,185,105,671,105,49,0
743,29.72,187,217,82,52,44,0
743,29.72,188,213,207,57,51,0
743,29.72,189,273,647,13,35,0
743,29.72,190,282,682,17,23,0
743,29.72,192,320,11,36,21,0
743,29.72,193,320,624,34,20,0
743,29.72,194,328,680,25,40,0
743,29.72,196,352,674,16,14,0
743,29.72,197,462,568,42,38,0
743,29.72,198,514,660,64,60,0
743,29.72,201,576,368,40,26,0
743,29.72,205,88,165,19,54,0
743,29.72,206,143,172,17,35,0
743,29.72,207,252,689,20,15,0
743,29.72,208,400,624,8,15,0
743,29.72,209,402,587,18,17,0
743,29.72,210,434,656,9,24,0
743,29.72,211,456,624,7,16,0
743,29.72,212,466,627,9,13,0
743,29.72,213,506,284,37,29,0
743,29.72,214,540,288,90,34,0
743,29.72,215,598,483,17,25,0
743,29.72,216,503,354,9,14,0
743,29.72,217,592,318,43,38,0
743,29.72,218,559,415,36,53,0
743,29.72,220,650,278,28,29,0
743,29.72,221,98,34,13,21,0
743,29.72,222,273,704,11,16,0
743,29.72,223,304,673,15,21,0
743,29.72,224,338,583,14,9,0
743,29.72,225,422,640,10,24,0
743,29.72,226,447,528,12,20,0
743,29.72,227,467,368,13,8,0
743,29.72,228,500,608,12,12,0
743,29.72,229,484,304,16,25,0
744,29.76,21,235,7,12,16,0
744,29.76,31,188,78,25,37,0
744,29.76,75,281,31,15,43,0
744,29.76,78,734,641,26,30,0
744,29.76,89,909,677,21,28,0
744,29.76,111,367,676,41,44,0
744,29.76,112,450,708,34,12,0
744,29.76,113,462,656,15,37,0
744,29.76,114,474,672,37,48,0
744,29.76,115,512,264,16,12,0
744,29.76,118,560,219,10,23,0
744,29.76,123,542,228,14,12,0
744,29.76,124,623,270,33,19,0
744,29.76,128,609,273,15,21,0
744,29.76,131,546,256,12,16,0
744,29.76,147,71,689,39,28,0
744,29.76,148,83,656,24,18,0
744,29.76,149,177,659,33,13,0
744,29.76,150,198,199,28,39,0
744,29.76,151,205,665,21,26,0
744,29.76,152,219,688,16,32,0
744,29.76,154,274,82,24,27,0
744,29.76,155,128,243,12,12,0
744,29.76,156,303,86,17,25,0
744,29.76,157,399,656,24,25,0
744,29.76,158,419,672,42,48,0
744,29.76,159,436,480,8,24,0
744,29.76,160,464,516,32,8,0
744,29.76,161,406,530,14,22,0
744,29.76,162,495,557,24,15,0
744,29.76,164,561,248,14,8,0
744,29.76,165,480,640,38,34,0
744,29.76,166,473,396,22,36,0
744,29.76,168,520,456,30,20,0
744,29.76,169,544,392,14,16,0
744,29.76,170,496,412,56,51,0
744,29.76,171,511,315,59,79,0
744,29.76,172,536,676,23,26,0
744,29.76,173,465,496,14,16,0
744,29.76,175,485,623,24,17,0
744,29.76,179,432,582,19,18,0
744,29.76,181,597,381,33,35,0
744,29.76,185,105,671,105,49,0
744,29.76,187,217,82,52,44,0
744,29.76,188,213,207,57,51,0
744,29.76,189,273,647,11,34,0
744,29.76,190,282,682,17,23,0
744,29.76,192,320,11,36,21,0
744,29.76,193,320,624,34,20,0
744,29.76,194,328,680,25,40,0
744,29.76,196,352,674,16,14,0
744,29.76,197,462,568,42,38,0
744,29.76,198,514,660,64,60,0
744,29.76,201,576,368,40,26,0
744,29.76,205,88,165,19,54,0
744,29.76,206,143,172,17,35,0
744,29.76,207,252,689,23,15,0
744,29.76,208,400,624,8,15,0
744,29.76,209,402,587,18,17,0
744,29.76,210,434,656,9,24,0
744,29.76,211,456,624,7,16,0
744,29.76,212,466,628,9,12,0
744,29.76,213,506,284,37,29,0
744,29.76,214,540,288,90,34,0
744,29.76,215,598,483,17,25,0
744,29.76,217,592,318,43,38,0
744,29.76,218,559,415,36,53,0
744,29.76,220,658,278,20,29,0
744,29.76,221,98,34,13,21,0
744,29.76,222,273,704,11,16,0
744,29.76,223,304,673,15,21,0
744,29.76,224,338,583,14,9,0
744,29.76,225,423,640,9,24,0
744,29.76,226,448,528,11,20,0
744,29.76,227,467,368,13,8,0
744,29.76,228,500,608,12,12,0
744,29.76,229,484,304,16,25,0
744,29.76,230,184,51,24,21,0
744,29.76,231,381,610,19,9,0
745,29.8,21,235,7,12,16,0
745,29.8,40,728,225,23,15,0
745,29.8,75,281,31,15,43,0
745,29.8,78,738,641,22,27,0
745,29.8,81,762,238,15,16,0
745,29.8,89,909,677,21,28,0
745,29.8,116,448,207,40,17,0
745,29.8,118,616,225,14,11,0
745,29.8,123,529,207,33,17,0
745,29.8,124,623,270,33,19,0
745,29.8,127,680,152,28,16,0
745,29.8,128,609,273,15,21,0
745,29.8,131,556,288,26,16,0
745,29.8,134,775,254,8,17,0
745,29.8,147,71,690,39,27,0
745,29.8,150,198,199,28,39,0
745,29.8,154,274,82,24,27,0
745,29.8,156,303,86,17,25,0
745,29.8,158,419,688,25,17,0
745,29.8,159,436,480,8,24,0
745,29.8,160,464,516,32,8,0
745,29.8,161,406,532,14,20,0
745,29.8,162,495,557,24,15,0
745,29.8,164,592,257,15,28,0
745,29.8,166,473,396,25,36,0
745,29.8,168,520,452,30,24,0
745,29.8,169,528,392,30,16,0
745,29.8,170,496,411,49,52,0
745,29.8,171,511,315,59,79,0
745,29.8,172,536,676,23,26,0
745,29.8,173,465,496,14,16,0
745,29.8,176,544,512,8,16,0
745,29.8,179,432,582,19,18,0
745,29.8,181,597,381,33,35,0
745,29.8,185,105,687,48,33,0
745,29.8,187,217,82,52,44,0
745,29.8,188,213,207,57,51,0
745,29.8,189,273,647,13,35,0
745,29.8,190,282,682,17,23,0
745,29.8,192,320,11,36,21,0
745,29.8,193,320,624,32,18,0
745,29.8,194,335,680,18,40,0
745,29.8,197,462,568,18,38,0
745,29.8,198,514,660,64,60,0
745,29.8,201,576,368,40,26,0
745,29.8,205,88,165,19,54,0
745,29.8,206,146,173,14,28,0
745,29.8,209,402,587,18,17,0
745,29.8,213,515,302,28,11,0
745,29.8,214,540,304,90,14,0
745,29.8,215,598,483,17,25,0
745,29.8,217,592,318,43,38,0
745,29.8,218,559,415,36,53,0
745,29.8,220,658,278,20,29,0
745,29.8,221,98,34,13,21,0
745,29.8,222,273,704,11,16,0
745,29.8,223,304,673,15,21,0
745,29.8,224,338,583,14,9,0
745,29.8,225,422,641,10,23,0
745,29.8,226,447,528,12,20,0
745,29.8,227,467,368,13,8,0
745,29.8,228,496,569,8,17,0
745,29.8,229,503,353,9,15,0
745,29.8,230,184,51,24,21,0
745,29.8,232,640,703,7,17,0
745,29.8,233,648,701,11,19,0
745,29.8,234,689,175,48,40,0
745,29.8,235,707,191,15,9,0
746,29.84,21,235,7,12,16,0
746,29.84,40,728,225,23,15,0
746,29.84,75,281,31,15,43,0
746,29.84,78,738,641,22,27,0
746,29.84,81,762,238,15,16,0
746,29.84,86,808,236,8,12,0
746,29.84,89,909,677,21,28,0
746,29.84,110,556,288,26,16,0
746,29.84,116,448,207,40,17,0
746,29.84,118,616,225,14,11,0
746,29.84,123,529,207,33,17,0
746,29.84,124,623,270,33,19,0
746,29.84,127,680,152,28,16,0
746,29.84,128,609,273,15,21,0
746,29.84,134,775,254,8,17,0
746,29.84,147,71,690,39,27,0
746,29.84,150,198,199,28,39,0
746,29.84,154,274,82,24,27,0
746,29.84,156,303,86,17,25,0
746,29.84,158,419,688,25,17,0
746,29.84,159,436,480,8,24,0
746,29.84,160,464,516,32,8,0
746,29.84,161,406,532,14,20,0
746,29.84,162,495,557,24,15,0
746,29.84,164,592,257,15,28,0
746,29.84,166,473,396,23,36,0
746,29.84,168,520,452,30,24,0
746,29.84,169,528,401,16,7,0
746,29.84,170,496,411,56,52,0
746,29.84,171,511,315,59,79,0
746,29.84,172,536,676,23,26,0
746,29.84,173,465,496,14,16,0
746,29.84,176,544,512,8,16,0
746,29.84,179,432,582,19,18,0
746,29.84,181,597,381,33,35,0
746,29.84,185,105,687,48,33,0
746,29.84,187,217,82,52,44,0
746,29.84,188,213,207,57,51,0
746,29.84,189,273,664,13,18,0
746,29.84,190,282,682,17,23,0
746,29.84,192,320,11,36,21,0
746,29.84,193,320,624,30,17,0
746,29.84,194,335,680,18,40,0
746,29.84,197,462,568,18,38,0
746,29.84,198,514,660,64,60,0
746,29.84,201,576,368,40,26,0
746,29.84,205,88,165,19,54,0
746,29.84,206,146,173,14,28,0
746,29.84,209,402,587,18,17,0
746,29.84,213,515,302,28,11,0
746,29.84,214,540,304,90,14,0
746,29.84,215,598,483,17,25,0
746,29.84,217,592,318,43,38,0
746,29.84,218,559,415,36,53,0
746,29.84,220,658,278,20,29,0
746,29.84,221,98,34,13,21,0
746,29.84,222,273,704,11,16,0
746,29.84,223,304,673,15,21,0
746,29.84,224,338,583,14,9,0
746,29.84,225,422,641,10,23,0
746,29.84,226,447,528,12,20,0
746,29.84,227,467,368,13,8,0
746,29.84,228,496,569,8,17,0
746,29.84,229,544,392,14,16,0
746,29.84,230,184,51,24,21,0
746,29.84,232,640,703,7,17,0
746,29.84,233,648,701,11,19,0
746,29.84,234,689,175,48,40,0
746,29.84,235,707,191,15,9,0
746,29.84,236,503,353,9,15,0
747,29.88,21,235,7,12,16,0
747,29.88,40,728,225,23,21,0
747,29.88,75,281,31,15,33,0
747,29.88,78,738,641,16,27,0
747,29.88,81,752,224,16,7,0
747,29.88,86,808,236,8,12,0
747,29.88,89,909,677,21,28,0
747,29.88,116,448,207,40,17,0
747,29.88,118,616,225,14,11,0
747,29.88,124,623,270,33,19,0
747,29.88,125,614,149,26,23,0
747,29.88,127,680,152,28,16,0
747,29.88,128,609,273,15,21,0
747,29.88,134,775,254,8,17,0
747,29.88,147,71,690,39,27,0
747,29.88,150,198,199,28,39,0
747,29.88,154,274,82,24,27,0
747,29.88,158,432,688,12,24,0
747,29.88,159,436,480,8,24,0
747,29.88,160,464,516,32,8,0
747,29.88,161,406,536,10,16,0
747,29.88,162,495,557,24,15,0
747,29.88,164,592,257,15,28,0
747,29.88,166,473,396,23,36,0
747,29.88,168,520,452,30,24,0
747,29.88,169,528,392,30,16,0
747,29.88,170,496,411,49,52,0
747,29.88,171,513,316,57,78,0
747,29.88,172,536,676,23,26,0
747,29.88,173,465,496,14,16,0
747,29.88,176,544,512,8,16,0
747,29.88,180,729,590,9,13,0
747,29.88,181,597,381,33,35,0
747,29.88,185,105,687,48,33,0
747,29.88,187,217,82,50,44,0
747,29.88,188,213,207,57,51,0
747,29.88,190,282,682,17,23,0
747,29.88,192,320,11,36,21,0
747,29.88,193,320,624,30,17,0
747,29.88,197,462,568,18,38,0
747,29.88,198,514,660,64,60,0
747,29.88,201,576,368,40,26,0
747,29.88,209,402,587,18,17,0
747,29.88,213,523,302,25,10,0
747,29.88,214,540,288,90,30,0
747,29.88,215,598,483,17,25,0
747,29.88,217,592,318,43,38,0
747,29.88,218,559,415,36,53,0
747,29.88,220,658,278,20,29,0
747,29.88,221,98,34,13,21,0
747,29.88,222,273,704,11,16,0
747,29.88,223,304,673,15,21,0
747,29.88,224,338,583,14,9,0
747,29.88,225,423,642,9,22,0
747,29.88,226,447,528,12,20,0
747,29.88,227,467,369,13,7,0
747,29.88,228,496,569,8,17,0
747,29.88,230,184,51,24,21,0
747,29.88,232,640,703,7,17,0
747,29.88,233,648,701,11,19,0
747,29.88,234,689,177,16,12,0
747,29.88,235,720,192,17,16,0
747,29.88,236,503,353,9,15,0
747,29.88,237,416,176,15,9,0
748,29.92,26,845,443,20,37,0
748,29.92,40,768,269,13,35,0
748,29.92,75,281,31,15,33,0
748,29.92,78,738,642,16,26,0
748,29.92,81,750,209,18,11,0
748,29.92,84,900,693,22,27,0
748,29.92,86,784,213,17,45,0
748,29.92,89,909,677,21,28,0
748,29.92,109,254,232,34,33,0
748,29.92,118,672,240,16,8,0
748,29.92,124,623,270,33,19,0
748,29.92,125,614,149,16,14,0
748,29.92,127,680,152,28,16,0
748,29.92,128,609,273,15,21,0
748,29.92,132,242,0,1038,720,0
748,29.92,134,775,242,11,29,0
748,29.92,135,808,272,26,17,0
748,29.92,136,750,600,137,120,0
748,29.92,137,849,374,17,11,0
748,29.92,141,836,224,28,32,0
748,29.92,145,656,615,71,105,0
748,29.92,147,72,690,35,24,0
748,29.92,150,198,199,28,39,0
748,29.92,153,231,129,46,63,0
748,29.92,154,274,82,24,27,0
748,29.92,160,464,516,32,8,0
748,29.92,161,406,534,10,18,0
748,29.92,162,495,557,24,15,0
748,29.92,164,592,272,12,13,0
748,29.92,168,520,456,24,9,0
748,29.92,169,544,392,14,16,0
748,29.92,170,528,412,17,22,0
748,29.92,171,528,316,42,78,0
748,29.92,172,536,676,23,26,0
748,29.92,173,481,497,23,30,0
748,29.92,176,544,512,8,16,0
748,29.92,180,721,618,7,31,0
748,29.92,181,597,381,33,35,0
748,29.92,182,746,517,24,37,0
748,29.92,183,790,591,16,15,0
748,29.92,185,105,697,38,23,0
748,29.92,186,213,232,36,22,0
748,29.92,187,217,82,40,44,0
748,29.92,188,240,221,16,16,0
748,29.92,190,282,682,17,23,0
748,29.92,191,311,196,18,12,0
748,29.92,192,320,14,36,10,0
748,29.92,193,320,624,30,17,0
748,29.92,197,510,494,31,111,0
748,29.92,198,514,660,64,60,0
748,29.92,200,625,608,18,14,0
748,29.92,201,576,368,40,26,0
748,29.92,214,540,304,90,18,0
748,29.92,215,598,483,17,25,0
748,29.92,216,262,145,38,95,0
748,29.92,217,592,318,43,38,0
748,29.92,218,559,415,36,53,0
748,29.92,220,658,278,20,29,0
748,29.92,223,304,673,15,21,0
748,29.92,224,338,583,14,9,0
748,29.92,228,496,569,8,17,0
748,29.92,229,528,257,249,463,0
748,29.92,230,184,51,24,21,0
748,29.92,232,640,703,7,17,0
748,29.92,233,648,701,11,19,0
748,29.92,234,689,177,15,12,0
748,29.92,235,705,140,14,15,0
748,29.92,236,532,368,12,20,0
748,29.92,237,446,179,18,13,0
748,29.92,238,688,108,16,20,0
748,29.92,239,808,205,8,15,0
748,29.92,240,832,193,18,15,0
748,29.92,241,856,205,32,11,0
749,29.96,40,792,333,25,19,0
749,29.96,75,281,31,15,33,0
749,29.96,78,738,642,16,26,0
749,29.96,84,900,693,22,27,0
749,29.96,89,909,677,21,28,0
749,29.96,91,531,576,13,16,0
749,29.96,109,254,232,34,33,0
749,29.96,110,648,280,129,90,0
749,29.96,118,664,257,24,28,0
749,29.96,119,555,128,18,21,0
749,29.96,122,588,122,9,22,0
749,29.96,124,623,270,33,19,0
749,29.96,125,586,144,22,32,0
749,29.96,128,609,273,15,20,0
749,29.96,129,653,380,103,190,0
749,29.96,131,639,390,19,44,0
749,29.96,132,242,0,1038,720,0
749,29.96,134,785,222,15,36,0
749,29.96,135,787,320,15,11,0
749,29.96,136,761,613,126,107,0
749,29.96,137,801,430,17,18,0
749,29.96,143,930,236,17,7,0
749,29.96,147,72,692,35,22,0
749,29.96,150,198,199,28,39,0
749,29.96,153,231,129,46,63,0
749,29.96,154,274,82,24,27,0
749,29.96,172,536,676,23,26,0
749,29.96,173,512,494,16,17,0
749,29.96,176,544,512,8,16,0
749,29.96,180,670,625,57,95,0
749,29.96,181,597,381,33,35,0
749,29.96,182,736,545,9,18,0
749,29.96,183,750,600,33,19,0
749,29.96,187,217,82,40,44,0
749,29.96,188,262,145,33,95,0
749,29.96,192,320,14,36,10,0
749,29.96,198,514,660,64,60,0
749,29.96,200,625,608,18,14,0
749,29.96,201,576,368,40,26,0
749,29.96,204,682,343,14,25,0
749,29.96,214,595,305,35,13,0
749,29.96,215,598,483,17,25,0
749,29.96,217,592,321,43,35,0
749,29.96,218,574,415,21,53,0
749,29.96,220,658,278,20,29,0
749,29.96,230,184,51,24,21,0
749,29.96,239,815,149,18,15,0
749,29.96,240,817,176,15,13,0
749,29.96,241,913,211,15,13,0
749,29.96,242,536,446,167,274,0
749,29.96,243,620,430,28,26,0
749,29.96,244,689,369,18,31,0
749,29.96,245,706,386,29,26,0
749,29.96,246,713,383,53,40,0
749,29.96,247,721,618,7,31,0
749,29.96,248,771,344,14,30,0
749,29.96,249,945,204,22,20,0
749,29.96,250,968,206,8,18,0
749,29.96,251,984,225,8,15,0
750,30.0,20,796,0,16,30,0
750,30.0,26,842,524,6,24,0
750,30.0,33,348,0,18,35,0
750,30.0,38,922,58,54,54,0
750,30.0,40,888,382,13,31,0
750,30.0,45,1016,187,42,27,0
750,30.0,46,1002,0,30,25,0
750,30.0,48,1080,256,56,24,0
750,30.0,57,1139,272,21,28,0
750,30.0,58,1131,305,25,24,0
750,30.0,74,1088,226,32,22,0
750,30.0,77,902,615,17,24,0
750,30.0,78,741,646,22,21,0
750,30.0,83,902,402,21,20,0
750,30.0,84,867,657,20,21,0
750,30.0,89,931,676,21,31,0
750,30.0,91,568,592,29,13,0
750,30.0,109,264,232,19,31,0
750,30.0,119,320,0,468,164,0
750,30.0,131,660,448,11,41,0
750,30.0,136,820,673,25,13,0
750,30.0,139,888,274,22,14,0
750,30.0,142,833,533,98,72,0
750,30.0,143,914,278,51,23,0
750,30.0,144,808,0,472,720,0
750,30.0,145,585,644,25,23,0
750,30.0,147,75,695,28,15,0
750,30.0,150,205,204,21,36,0
750,30.0,153,238,140,21,36,0
750,30.0,154,244,79,97,93,0
750,30.0,156,334,110,18,14,0
750,30.0,164,586,312,35,8,0
750,30.0,172,576,672,35,40,0
750,30.0,175,558,604,19,36,0
750,30.0,177,565,678,12,14,0
750,30.0,180,676,706,8,13,0
750,30.0,186,261,194,25,34,0
750,30.0,187,230,84,21,24,0
750,30.0,188,272,145,16,17,0
750,30.0,191,331,149,34,34,0
750,30.0,197,619,461,55,69,0
750,30.0,198,516,682,28,34,0
750,30.0,200,578,601,74,119,0
750,30.0,202,536,646,24,13,0
750,30.0,204,690,322,52,16,0
750,30.0,217,595,337,12,17,0
750,30.0,232,702,692,13,23,0
750,30.0,233,685,664,24,27,0
750,30.0,239,799,120,17,12,0
750,30.0,240,793,132,22,13,0
750,30.0,242,627,533,31,35,0
750,30.0,246,720,433,16,14,0
750,30.0,247,694,642,14,22,0
750,30.0,250,990,176,22,12,0
750,30.0,251,1012,219,24,5,0
750,30.0,252,365,157,21,18,0
750,30.0,253,417,0,92,6,0
750,30.0,254,764,618,73,102,0
750,30.0,255,830,136,19,12,0
750,30.0,256,838,656,30,23,0
750,30.0,257,840,610,15,12,0
750,30.0,258,874,328,26,22,0
750,30.0,259,888,415,10,40,0
750,30.0,260,1024,273,8,15,0
751,30.04,6,933,0,29,14,0
751,30.04,20,796,0,16,31,0
751,30.04,26,842,528,6,20,0
751,30.04,33,348,0,15,18,0
751,30.04,38,922,63,54,46,0
751,30.04,40,897,441,20,45,0
751,30.04,45,1016,187,31,27,0
751,30.04,46,1002,0,30,22,0
751,30.04,48,1080,256,56,24,0
751,30.04,49,1063,140,27,28,0
751,30.04,57,1139,272,11,16,0
751,30.04,58,1132,306,24,23,0
751,30.04,74,1075,225,29,23,0
751,30.04,75,285,30,16,30,0
751,30.04,77,908,637,40,35,0
751,30.04,78,738,646,25,21,0
751,30.04,83,902,402,21,20,0
751,30.04,84,851,604,54,36,0
751,30.04,87,896,34,21,43,0
751,30.04,91,568,592,29,13,0
751,30.04,107,1233,268,25,46,0
751,30.04,109,264,232,19,31,0
751,30.04,119,320,0,468,148,0
751,30.04,129,660,448,11,41,0
751,30.04,131,636,533,22,35,0
751,30.04,136,820,673,25,13,0
751,30.04,139,912,278,53,23,0
751,30.04,142,843,533,88,72,0
751,30.04,144,809,0,471,720,0
751,30.04,147,75,695,25,15,0
751,30.04,150,205,210,19,30,0
751,30.04,153,238,140,21,36,0
751,30.04,154,272,145,16,17,0
751,30.04,156,313,128,26,44,0
751,30.04,164,586,309,35,11,0
751,30.04,172,578,606,71,114,0
751,30.04,175,558,606,19,34,0
751,30.04,177,585,644,23,21,0
751,30.04,186,261,194,25,29,0
751,30.04,187,278,75,19,27,0
751,30.04,188,244,79,97,49,0
751,30.04,191,331,149,34,33,0
751,30.04,200,576,672,27,40,0
751,30.04,202,536,646,24,13,0
751,30.04,204,702,321,40,16,0
751,30.04,215,641,477,16,19,0
751,30.04,239,808,56,21,26,0
751,30.04,242,653,511,21,19,0
751,30.04,247,676,706,8,13,0
751,30.04,250,996,159,36,22,0
751,30.04,252,390,118,23,26,0
751,30.04,253,417,0,91,6,0
751,30.04,254,766,624,60,96,0
751,30.04,255,793,132,21,13,0
751,30.04,256,842,656,26,23,0
751,30.04,257,841,610,14,11,0
751,30.04,258,874,328,26,22,0
751,30.04,259,888,415,5,19,0
751,30.04,261,278,121,17,21,0
751,30.04,262,867,657,16,21,0
751,30.04,263,875,484,13,22,0
751,30.04,264,914,0,40,69,0
751,30.04,265,928,15,34,37,0
752,30.08,6,933,0,29,14,0
752,30.08,20,810,41,24,16,0
752,30.08,33,348,0,15,18,0
752,30.08,38,922,63,54,46,0
752,30.08,40,898,512,70,28,0
752,30.08,43,945,110,37,39,0
752,30.08,45,975,150,22,19,0
752,30.08,46,1002,0,30,21,0
752,30.08,49,1064,146,18,22,0
752,30.08,58,1133,311,23,18,0
752,30.08,78,743,646,20,21,0
752,30.08,84,892,609,13,14,0
752,30.08,87,810,0,140,147,0
752,30.08,91,568,592,29,13,0
752,30.08,93,944,551,17,41,0
752,30.08,97,924,509,41,8,0
752,30.08,107,1248,322,18,17,0
752,30.08,119,320,0,466,136,0
752,30.08,131,579,618,70,102,0
752,30.08,136,772,624,52,44,0
752,30.08,139,907,291,40,22,0
752,30.08,142,849,534,76,71,0
752,30.08,144,901,0,379,720,0
752,30.08,147,75,695,25,14,0
752,30.08,153,253,88,20,25,0
752,30.08,175,558,606,18,33,0
752,30.08,187,308,104,28,24,0
752,30.08,191,315,129,23,43,0
752,30.08,200,589,695,17,20,0
752,30.08,202,537,646,13,13,0
752,30.08,232,776,666,40,54,0
752,30.08,250,996,163,13,8,0
752,30.08,253,417,0,68,5,0
752,30.08,254,769,662,27,15,0
752,30.08,255,821,110,11,12,0
752,30.08,257,857,604,26,23,0
752,30.08,258,912,312,24,23,0
752,30.08,261,278,121,17,20,0
752,30.08,263,875,486,27,35,0
752,30.08,264,914,0,19,47,0
752,30.08,265,929,15,28,29,0
752,30.08,266,920,552,24,25,0
752,30.08,267,931,45,23,24,0
752,30.08,268,1249,343,26,8,0
753,30.12,6,933,0,29,14,0
753,30.12,20,825,54,60,37,0
753,30.12,26,849,585,13,14,0
753,30.12,33,348,0,13,17,0
753,30.12,38,930,78,28,31,0
753,30.12,40,928,585,20,22,0
753,30.12,42,1042,58,32,36,0
753,30.12,43,945,110,25,35,0
753,30.12,45,923,131,25,16,0
753,30.12,46,959,9,103,79,0
753,30.12,47,1045,0,24,9,0
753,30.12,49,1064,146,18,22,0
753,30.12,51,1054,113,37,20,0
753,30.12,52,1040,118,15,19,0
753,30.12,53,964,608,51,21,0
753,30.12,58,1133,311,23,18,0
753,30.12,61,1063,0,217,350,0
753,30.12,78,798,633,11,23,0
753,30.12,84,928,619,23,22,0
753,30.12,87,888,83,42,50,0
753,30.12,93,965,554,28,48,0
753,30.12,94,954,550,326,170,0
753,30.12,95,1021,567,19,29,0
753,30.12,96,1024,485,24,14,0
753,30.12,97,918,515,49,25,0
753,30.12,99,915,322,365,233,0
753,30.12,104,1094,438,56,35,0
753,30.12,119,320,0,466,120,0
753,30.12,137,599,640,50,80,0
753,30.12,139,912,316,24,19,0
753,30.12,142,875,553,29,24,0
753,30.12,144,1167,362,31,33,0
753,30.12,153,253,88,28,33,0
753,30.12,174,1223,0,25,30,0
753,30.12,175,589,628,19,16,0
753,30.12,187,313,104,23,24,0
753,30.12,191,317,129,18,40,0
753,30.12,232,799,670,14,32,0
753,30.12,233,772,629,27,23,0
753,30.12,239,811,0,70,62,0
753,30.12,249,996,163,13,8,0
753,30.12,250,976,159,17,10,0
753,30.12,254,769,662,26,15,0
753,30.12,255,810,42,24,15,0
753,30.12,256,810,647,9,14,0
753,30.12,257,890,609,15,15,0
753,30.12,258,910,291,35,20,0
753,30.12,261,278,121,16,20,0
753,30.12,263,898,512,16,10,0
753,30.12,264,895,0,13,23,0
753,30.12,265,976,56,25,23,0
753,30.12,266,893,534,29,12,0
753,30.12,267,963,71,32,18,0
753,30.12,268,1249,342,26,9,0
753,30.12,269,889,574,24,24,0
753,30.12,270,963,95,87,59,0
753,30.12,271,984,597,12,13,0
753,30.12,272,990,556,34,24,0
753,30.12,273,990,580,45,28,0
753,30.12,274,1014,97,29,25,0
753,30.12,275,1032,554,33,26,0
753,30.12,276,1039,91,23,26,0
754,30.16,6,965,45,14,13,0
754,30.16,20,888,79,41,54,0
754,30.16,33,348,0,13,17,0
754,30.16,38,930,82,21,24,0
754,30.16,42,1056,59,18,29,0
754,30.16,43,945,112,25,32,0
754,30.16,45,825,64,57,23,0
754,30.16,46,976,57,25,17,0
754,30.16,47,1038,9,12,24,0
754,30.16,49,1064,146,18,22,0
754,30.16,50,1072,0,26,43,0
754,30.16,51,1054,113,36,20,0
754,30.16,53,988,632,39,39,0
754,30.16,54,1144,0,44,22,0
754,30.16,58,1185,335,19,12,0
754,30.16,59,1166,31,38,20,0
754,30.16,61,1081,0,199,350,0
754,30.16,64,1186,288,14,19,0
754,30.16,68,1201,482,23,37,0
754,30.16,71,1126,440,154,115,0
754,30.16,84,954,638,34,29,0
754,30.16,89,1016,620,46,45,0
754,30.16,94,1072,613,22,23,0
754,30.16,95,1049,618,24,24,0
754,30.16,96,1024,485,24,14,0
754,30.16,98,915,321,254,201,0
754,30.16,99,1147,416,22,22,0
754,30.16,101,1085,653,18,19,0
754,30.16,104,1115,447,34,26,0
754,30.16,105,1098,621,39,51,0
754,30.16,106,1056,550,224,121,0
754,30.16,119,320,0,466,120,0
754,30.16,142,895,534,26,10,0
754,30.16,143,988,486,20,41,0
754,30.16,144,1168,349,112,106,0
754,30.16,153,253,88,20,25,0
754,30.16,174,1226,0,18,22,0
754,30.16,175,634,640,15,22,0
754,30.16,183,616,665,18,40,0
754,30.16,187,313,106,23,22,0
754,30.16,191,317,129,19,40,0
754,30.16,239,841,0,14,62,0
754,30.16,250,976,159,16,10,0
754,30.16,255,811,0,21,41,0
754,30.16,256,772,629,27,23,0
754,30.16,261,278,121,14,19,0
754,30.16,263,898,512,35,15,0
754,30.16,264,895,0,12,15,0
754,30.16,265,1042,77,15,17,0
754,30.16,267,959,17,89,63,0
754,30.16,268,1254,344,21,7,0
754,30.16,270,963,97,87,57,0
754,30.16,271,965,597,32,30,0
754,30.16,272,1015,511,27,20,0
754,30.16,273,1013,616,25,16,0
754,30.16,274,1015,97,26,25,0
754,30.16,275,1032,554,33,26,0
754,30.16,276,1039,92,21,25,0
754,30.16,277,963,656,317,64,0
754,30.16,278,1040,504,41,40,0
754,30.16,279,1069,528,31,21,0
754,30.16,280,1087,508,39,38,0
754,30.16,281,1145,708,39,12,0
754,30.16,282,1167,362,31,23,0
754,30.16,283,1182,406,16,15,0
754,30.16,284,1186,0,36,16,0
755,30.2,29,1239,464,41,54,0
755,30.2,42,1097,12,48,25,0
755,30.2,45,816,22,15,18,0
755,30.2,47,1022,40,26,40,0
755,30.2,50,1073,0,25,33,0
755,30.2,52,1014,119,25,17,0
755,30.2,53,1028,686,52,8,0
755,30.2,54,1146,24,29,18,0
755,30.2,55,1103,63,106,82,0
755,30.2,58,1245,371,34,28,0
755,30.2,59,1171,31,29,17,0
755,30.2,62,1222,223,22,29,0
755,30.2,63,1259,222,16,15,0
755,30.2,64,1205,312,19,36,0
755,30.2,68,1212,462,32,16,0
755,30.2,71,1159,456,46,18,0
755,30.2,72,1247,55,33,44,0
755,30.2,73,1216,575,19,19,0
755,30.2,77,977,713,90,7,0
755,30.2,83,922,406,16,35,0
755,30.2,84,974,674,37,6,0
755,30.2,96,989,500,19,26,0
755,30.2,98,1026,376,33,42,0
755,30.2,99,1199,359,42,48,0
755,30.2,104,1135,490,21,27,0
755,30.2,105,1149,614,57,56,0
755,30.2,106,1160,618,16,18,0
755,30.2,110,981,357,24,69,0
755,30.2,119,375,0,406,120,0
755,30.2,139,943,380,34,42,0
755,30.2,142,916,489,27,17,0
755,30.2,144,1230,390,50,56,0
755,30.2,146,1241,703,21,12,0
755,30.2,174,1263,0,17,18,0
755,30.2,191,317,129,17,40,0
755,30.2,192,320,16,78,103,0
755,30.2,197,927,333,18,21,0
755,30.2,239,845,0,6,36,0
755,30.2,241,1183,224,29,55,0
755,30.2,251,1136,18,144,215,0
755,30.2,255,812,5,20,28,0
755,30.2,260,1041,334,24,10,0
755,30.2,263,918,440,26,50,0
755,30.2,265,1094,112,13,17,0
755,30.2,267,992,33,20,15,0
755,30.2,268,1258,277,22,57,0
755,30.2,272,1032,432,34,33,0
755,30.2,277,965,686,289,27,0
755,30.2,281,1193,702,52,18,0
755,30.2,282,1101,343,65,61,0
755,30.2,283,1120,414,26,16,0
755,30.2,284,1191,0,28,8,0
755,30.2,285,941,423,61,90,0
755,30.2,286,946,333,40,11,0
755,30.2,287,961,428,19,17,0
755,30.2,288,964,402,22,14,0
755,30.2,289,1001,386,33,23,0
755,30.2,290,1003,336,37,43,0
755,30.2,291,1021,348,25,40,0
755,30.2,292,1052,331,38,53,0
755,30.2,293,1055,350,58,54,0
755,30.2,294,1065,401,63,24,0
755,30.2,295,1117,0,29,18,0
755,30.2,296,1128,557,152,107,0
755,30.2,297,1196,651,17,16,0
755,30.2,298,1212,489,68,60,0
755,30.2,299,1213,640,15,19,0
755,30.2,300,1229,665,51,18,0
755,30.2,301,1237,680,43,13,0
755,30.2,302,1260,699,20,13,0
755,30.2,303,1263,255,11,24,0
756,30.24,29,1239,464,41,54,0
756,30.24,42,1097,12,48,25,0
756,30.24,47,1022,40,26,40,0
756,30.24,50,1073,0,25,33,0
756,30.24,51,1094,112,13,17,0
756,30.24,52,1014,119,25,17,0
756,30.24,54,1146,24,29,18,0
756,30.24,55,1103,63,106,82,0
756,30.24,59,1171,31,29,17,0
756,30.24,62,1222,223,22,29,0
756,30.24,63,1259,222,16,15,0
756,30.24,64,1199,359,42,48,0
756,30.24,68,1230,390,50,56,0
756,30.24,71,1120,414,26,16,0
756,30.24,72,1247,55,33,44,0
756,30.24,73,1216,575,19,19,0
756,30.24,83,922,406,16,35,0
756,30.24,84,977,713,90,7,0
756,30.24,96,989,500,19,26,0
756,30.24,97,916,489,27,17,0
756,30.24,99,1258,277,22,57,0
756,30.24,105,1160,618,16,18,0
756,30.24,106,1149,614,57,56,0
756,30.24,107,1212,462,32,16,0
756,30.24,110,1026,376,33,42,0
756,30.24,119,375,0,406,120,0
756,30.24,139,981,384,24,42,0
756,30.24,142,918,440,26,50,0
756,30.24,144,1245,371,34,28,0
756,30.24,146,1241,703,21,12,0
756,30.24,174,1263,0,17,18,0
756,30.24,191,317,129,17,40,0
756,30.24,192,320,16,78,103,0
756,30.24,239,816,22,15,18,0
756,30.24,241,1183,224,29,55,0
756,30.24,251,1144,18,136,215,0
756,30.24,255,812,5,20,28,0
756,30.24,259,927,333,18,21,0
756,30.24,260,1041,334,24,10,0
756,30.24,263,948,381,28,23,0
756,30.24,267,992,33,20,15,0
756,30.24,271,974,674,37,6,0
756,30.24,273,1028,686,52,8,0
756,30.24,277,965,686,289,27,0
756,30.24,280,1135,490,21,27,0
756,30.24,281,1193,702,52,18,0
756,30.24,282,1101,343,65,61,0
756,30.24,283,1032,432,34,33,0
756,30.24,284,1191,0,28,8,0
756,30.24,285,941,423,61,90,0
756,30.24,286,946,333,40,11,0
756,30.24,287,961,428,19,17,0
756,30.24,288,964,402,22,16,0
756,30.24,289,1001,386,33,23,0
756,30.24,290,1003,336,37,43,0
756,30.24,291,1021,348,25,40,0
756,30.24,292,1052,331,38,53,0
756,30.24,293,1055,350,58,54,0
756,30.24,294,1065,401,63,24,0
756,30.24,295,1117,0,29,18,0
756,30.24,296,1128,557,152,107,0
756,30.24,297,1196,651,17,16,0
756,30.24,298,1212,489,68,60,0
756,30.24,299,1213,640,15,19,0
756,30.24,300,1229,665,51,18,0
756,30.24,301,1237,680,43,13,0
756,30.24,302,1260,699,20,13,0
756,30.24,303,1263,255,11,24,0
756,30.24,304,1159,456,46,18,0
756,30.24,305,1205,312,19,36,0
757,30.28,29,1239,480,41,48,0
757,30.28,42,1097,12,38,24,0
757,30.28,47,1073,0,17,14,0
757,30.28,50,1081,20,12,13,0
757,30.28,55,1119,70,87,75,0
757,30.28,56,1144,148,42,28,0
757,30.28,59,1211,90,24,27,0
757,30.28,61,1244,135,21,18,0
757,30.28,62,1222,223,22,29,0
757,30.28,64,1199,360,24,29,0
757,30.28,68,1247,372,30,27,0
757,30.28,71,1101,375,16,15,0
757,30.28,72,1234,59,16,28,0
757,30.28,73,1192,574,25,25,0
757,30.28,96,982,486,7,22,0
757,30.28,104,1128,557,76,53,0
757,30.28,105,1160,618,16,18,0
757,30.28,106,1149,660,35,10,0
757,30.28,119,375,0,406,120,0
757,30.28,139,1026,376,33,42,0
757,30.28,142,919,444,10,26,0
757,30.28,144,1212,368,23,27,0
757,30.28,146,1220,686,34,11,0
757,30.28,174,1241,21,39,36,0
757,30.28,191,317,130,17,42,0
757,30.28,192,320,16,77,103,0
757,30.28,241,1190,224,21,55,0
757,30.28,251,1191,103,21,35,0
757,30.28,259,927,333,13,20,0
757,30.28,265,1152,144,128,89,0
757,30.28,267,992,36,20,10,0
757,30.28,271,998,713,69,5,0
757,30.28,277,965,686,239,27,0
757,30.28,280,1135,490,21,27,0
757,30.28,281,1193,702,52,18,0
757,30.28,282,1113,345,11,13,0
757,30.28,283,952,472,15,15,0
757,30.28,284,1191,0,28,8,0
757,30.28,287,978,423,24,56,0
757,30.28,288,985,388,15,19,0
757,30.28,289,1009,386,25,23,0
757,30.28,290,1004,350,20,29,0
757,30.28,291,1021,355,21,33,0
757,30.28,292,1052,340,38,44,0
757,30.28,293,1055,350,54,54,0
757,30.28,294,1066,404,38,18,0
757,30.28,295,1117,0,29,18,0
757,30.28,296,1157,602,74,29,0
757,30.28,297,1187,647,26,20,0
757,30.28,298,1216,559,64,76,0
757,30.28,299,1231,648,18,12,0
757,30.28,300,1267,665,13,10,0
757,30.28,301,1245,680,35,9,0
757,30.28,302,1260,700,20,12,0
757,30.28,303,1263,255,11,24,0
757,30.28,305,1205,312,19,36,0
757,30.28,306,1175,614,31,26,0
757,30.28,307,1211,103,66,37,0
757,30.28,308,1240,82,29,32,0
757,30.28,309,1243,623,35,25,0
758,30.32,42,1100,14,35,19,0
758,30.32,50,1080,20,12,14,0
758,30.32,51,1120,120,15,14,0
758,30.32,54,1156,76,27,20,0
758,30.32,55,1166,112,10,16,0
758,30.32,56,1152,177,16,7,0
758,30.32,59,1234,160,46,20,0
758,30.32,62,1214,176,29,31,0
758,30.32,72,1144,92,24,19,0
758,30.32,73,1192,577,24,22,0
758,30.32,89,1149,557,33,22,0
758,30.32,96,982,486,7,22,0
758,30.32,104,1155,592,15,18,0
758,30.32,105,1159,618,17,18,0
758,30.32,107,1164,564,14,14,0
758,30.32,119,375,0,406,119,0
758,30.32,174,1231,60,19,22,0
758,30.32,191,317,130,17,36,0
758,30.32,192,320,16,78,103,0
758,30.32,241,1160,177,31,35,0
758,30.32,251,1211,118,27,14,0
758,30.32,268,1231,175,42,30,0
758,30.32,277,968,695,185,18,0
758,30.32,296,1164,597,62,19,0
758,30.32,297,1217,587,44,48,0
758,30.32,299,1256,588,24,47,0
758,30.32,301,1267,665,13,10,0
758,30.32,306,1175,614,31,27,0
758,30.32,307,1237,109,40,25,0
758,30.32,309,1262,626,16,22,0
758,30.32,310,1185,163,15,13,0
759,30.36,24,420,0,188,9,0
759,30.36,27,419,5,303,10,0
759,30.36,101,1044,706,37,4,0
759,30.36,119,375,0,406,118,0
759,30.36,191,317,130,17,36,0
759,30.36,192,320,16,77,102,0
759,30.36,277,996,695,116,13,0
759,30.36,297,1257,588,15,18,0
759,30.36,310,1185,163,15,13,0
759,30.36,311,968,700,24,11,0
760,30.4,24,420,0,180,10,0
760,30.4,119,375,0,408,118,0
760,30.4,191,317,130,17,36,0
760,30.4,192,320,19,75,99,0
760,30.4,297,1257,588,15,18,0
761,30.44,25,424,12,257,8,0
761,30.44,27,420,5,291,9,0
761,30.44,119,375,0,408,118,0
761,30.44,191,317,130,17,36,0
761,30.44,192,320,19,75,99,0
762,30.48,25,424,11,236,8,0
762,30.48,119,375,0,408,118,0
762,30.48,191,317,130,17,36,0
762,30.48,192,320,19,75,99,0
763,30.52,25,423,10,239,9,0
763,30.52,119,375,0,408,118,0
763,30.52,191,318,130,16,34,0
763,30.52,192,320,19,75,99,0
764,30.56,24,446,5,77,6,0
764,30.56,25,438,10,199,7,0
764,30.56,119,375,0,408,118,0
764,30.56,191,318,130,16,34,0
764,30.56,192,320,23,75,95,0
765,30.6,25,427,10,217,7,0
765,30.6,27,442,3,209,7,0
765,30.6,81,742,35,26,5,0
765,30.6,119,375,0,412,118,0
765,30.6,191,318,130,16,34,0
765,30.6,192,320,19,75,99,0
766,30.64,25,427,9,225,8,0
766,30.64,27,422,2,265,10,0
766,30.64,119,375,0,413,118,0
766,30.64,191,318,130,16,34,0
766,30.64,192,320,23,75,95,0
767,30.68,33,372,21,12,24,0
767,30.68,119,375,0,416,118,0
767,30.68,191,318,130,17,32,0
767,30.68,192,320,25,76,93,0
768,30.72,33,372,21,12,24,0
768,30.72,119,375,0,416,118,0
768,30.72,191,318,130,17,32,0
768,30.72,192,320,25,76,93,0
769,30.76,25,421,2,286,10,0
769,30.76,33,372,21,12,24,0
769,30.76,119,375,0,416,118,0
769,30.76,191,318,130,17,32,0
769,30.76,192,320,25,76,93,0
770,30.8,25,420,2,284,10,0
770,30.8,33,372,21,12,24,0
770,30.8,119,375,0,416,118,0
770,30.8,191,318,130,17,32,0
770,30.8,192,320,25,76,93,0
771,30.84,25,422,1,280,11,0
771,30.84,33,372,21,12,24,0
771,30.84,119,375,0,416,117,0
771,30.84,191,318,130,17,32,0
771,30.84,192,320,25,76,93,0
772,30.88,25,420,1,280,11,0
772,30.88,33,372,21,12,24,0
772,30.88,119,375,0,416,117,0
772,30.88,191,318,130,17,32,0
772,30.88,192,320,25,76,93,0
773,30.92,25,420,1,278,11,0
773,30.92,33,372,21,12,24,0
773,30.92,119,375,0,416,118,0
773,30.92,191,318,130,17,32,0
773,30.92,192,320,25,76,93,0
774,30.96,33,372,21,12,24,0
774,30.96,119,375,0,416,118,0
774,30.96,191,318,130,17,32,0
774,30.96,192,320,25,76,93,0
775,31.0,33,372,20,12,25,0
775,31.0,119,375,0,416,117,0
775,31.0,191,318,130,17,32,0
775,31.0,192,320,25,76,93,0
776,31.04,33,372,20,12,25,0
776,31.04,119,375,0,416,117,0
776,31.04,191,319,130,16,32,0
776,31.04,192,320,25,76,93,0
776,31.04,312,718,29,50,9,0
777,31.08,33,372,20,12,25,0
777,31.08,119,375,0,416,116,0
777,31.08,191,319,130,16,32,0
777,31.08,192,320,25,76,93,0
777,31.08,312,715,22,53,8,0
778,31.12,33,372,20,12,25,0
778,31.12,119,375,0,416,116,0
778,31.12,191,319,130,16,32,0
778,31.12,192,320,25,76,93,0
779,31.16,33,372,20,12,25,0
779,31.16,119,375,0,416,116,0
779,31.16,191,319,130,16,32,0
779,31.16,192,320,25,76,93,0
780,31.2,25,421,0,187,9,0
780,31.2,33,372,20,12,25,0
780,31.2,119,375,0,416,118,0
780,31.2,191,319,130,16,32,0
780,31.2,192,320,25,76,93,0
781,31.24,25,421,0,189,9,0
781,31.24,33,372,20,12,25,0
781,31.24,119,375,0,416,118,0
781,31.24,191,319,130,16,32,0
781,31.24,192,320,25,76,93,0
782,31.28,25,421,0,187,9,0
782,31.28,27,706,21,60,8,0
782,31.28,33,372,20,12,25,0
782,31.28,119,375,0,416,120,0
782,31.28,191,319,130,16,32,0
782,31.28,192,320,25,76,92,0
782,31.28,312,701,14,67,8,0
783,31.32,25,436,0,83,7,0
783,31.32,33,372,20,12,25,0
783,31.32,119,375,0,417,122,0
783,31.32,191,319,130,16,32,0
783,31.32,192,320,25,76,92,0
783,31.32,313,516,0,91,4,0
784,31.36,33,372,20,12,25,0
784,31.36,119,375,0,417,124,0
784,31.36,191,319,130,16,32,0
784,31.36,192,320,25,76,92,0
784,31.36,312,702,19,66,9,0
784,31.36,313,516,0,91,4,0
784,31.36,314,433,10,211,10,0
785,31.4,33,372,20,12,25,0
785,31.4,119,375,0,417,124,0
785,31.4,191,319,129,16,33,0
785,31.4,192,320,25,76,92,0
786,31.44,33,372,20,12,25,0
786,31.44,119,375,0,417,124,0
786,31.44,191,319,129,16,33,0
786,31.44,192,320,25,76,92,0
786,31.44,314,421,0,91,6,0
787,31.48,33,373,20,11,25,0
787,31.48,119,375,0,419,124,0
787,31.48,191,319,129,16,33,0
787,31.48,192,320,25,76,92,0
787,31.48,314,421,0,90,6,0
788,31.52,33,373,20,11,25,0
788,31.52,119,375,0,419,122,0
788,31.52,191,319,129,16,33,0
788,31.52,192,320,25,76,92,0
788,31.52,314,421,0,89,6,0
789,31.56,33,373,20,11,25,0
789,31.56,119,375,0,419,120,0
789,31.56,191,319,129,16,33,0
789,31.56,192,320,25,76,92,0
789,31.56,314,421,0,89,6,0
790,31.6,33,373,20,11,25,0
790,31.6,119,375,0,419,120,0
790,31.6,191,319,129,16,33,0
790,31.6,192,320,25,76,92,0
790,31.6,314,420,0,90,6,0
791,31.64,33,373,20,11,25,0
791,31.64,119,375,0,419,120,0
791,31.64,191,319,129,16,33,0
791,31.64,192,320,25,77,92,0
791,31.64,314,420,0,91,6,0
791,31.64,315,244,81,26,31,0
792,31.68,33,373,20,11,25,0
792,31.68,119,375,0,419,122,0
792,31.68,191,319,130,16,32,0
792,31.68,192,320,25,77,92,0
792,31.68,312,676,9,92,11,0
792,31.68,314,420,0,91,6,0
792,31.68,315,244,81,26,32,0
793,31.72,33,373,20,11,25,0
793,31.72,119,375,0,419,121,0
793,31.72,191,319,130,16,32,0
793,31.72,192,320,25,77,92,0
793,31.72,314,420,0,91,5,0
793,31.72,315,244,81,25,32,0
794,31.76,33,373,20,11,25,0
794,31.76,119,375,0,419,116,0
794,31.76,191,319,130,16,32,0
794,31.76,192,320,25,77,92,0
794,31.76,312,671,7,97,13,0
794,31.76,314,421,0,87,5,0
794,31.76,315,244,81,25,32,0
794,31.76,316,641,110,23,12,0
795,31.8,33,373,20,11,25,0
795,31.8,119,375,0,419,122,0
795,31.8,191,319,130,16,32,0
795,31.8,192,320,25,77,92,0
795,31.8,314,422,0,86,5,0
795,31.8,315,244,81,25,32,0
796,31.84,33,373,20,11,25,0
796,31.84,119,375,0,419,122,0
796,31.84,191,319,130,16,32,0
796,31.84,192,320,25,77,92,0
796,31.84,314,418,0,89,5,0
796,31.84,315,244,81,25,32,0
797,31.88,33,373,20,11,25,0
797,31.88,119,375,0,419,122,0
797,31.88,191,319,130,16,32,0
797,31.88,192,320,25,77,92,0
797,31.88,315,243,81,26,32,0
798,31.92,33,373,20,11,25,0
798,31.92,119,375,0,419,122,0
798,31.92,191,319,130,16,32,0
798,31.92,192,320,25,77,92,0
798,31.92,312,658,6,109,10,0
798,31.92,315,243,81,26,32,0
799,31.96,33,372,19,12,25,0
799,31.96,119,320,0,474,123,0
799,31.96,191,318,130,17,37,0
799,31.96,312,655,6,111,11,0
799,31.96,315,245,80,24,33,0
799,31.96,317,786,15,10,19,0
800,32.0,33,372,19,12,25,0
800,32.0,119,320,0,474,123,0
800,32.0,191,318,130,17,37,0
800,32.0,315,245,80,24,33,0
800,32.0,317,786,15,10,19,0
801,32.04,33,372,19,12,25,0
801,32.04,119,320,0,474,123,0
801,32.04,191,318,130,17,37,0
801,32.04,315,245,80,24,33,0
801,32.04,317,786,15,10,19,0
802,32.08,33,372,19,12,25,0
802,32.08,119,320,0,474,122,0
802,32.08,191,318,130,17,37,0
802,32.08,315,245,80,24,33,0
802,32.08,317,786,15,10,19,0
803,32.12,33,372,19,12,25,0
803,32.12,119,320,0,474,123,0
803,32.12,191,318,130,17,37,0
803,32.12,312,700,1,64,7,0
803,32.12,315,245,80,24,33,0
803,32.12,317,786,15,10,19,0
803,32.12,318,775,15,10,19,0
804,32.16,33,372,19,12,25,0
804,32.16,119,320,0,474,122,0
804,32.16,191,318,130,17,37,0
804,32.16,312,691,0,75,7,0
804,32.16,315,245,80,24,33,0
804,32.16,317,786,15,10,19,0
805,32.2,33,372,19,12,25,0
805,32.2,119,320,0,474,122,0
805,32.2,191,318,130,17,37,0
805,32.2,312,692,0,76,7,0
805,32.2,315,245,80,24,33,0
805,32.2,317,786,15,10,19,0
806,32.24,33,372,19,12,25,0
806,32.24,119,320,0,474,125,0
806,32.24,191,318,130,17,37,0
806,32.24,312,694,0,74,7,0
806,32.24,315,245,80,24,33,0
806,32.24,317,786,7,10,27,0
807,32.28,33,372,19,12,25,0
807,32.28,119,320,0,484,125,0
807,32.28,191,318,130,17,37,0
807,32.28,312,696,0,72,6,0
807,32.28,315,245,80,24,33,0
807,32.28,317,786,7,10,27,0
808,32.32,33,372,19,12,25,0
808,32.32,119,320,0,484,125,0
808,32.32,191,318,130,17,37,0
808,32.32,315,245,80,24,33,0
808,32.32,317,786,7,10,27,0
809,32.36,33,373,19,11,25,0
809,32.36,119,320,0,484,127,0
809,32.36,191,318,130,14,37,0
809,32.36,315,245,80,24,33,0
809,32.36,317,786,7,10,28,0
810,32.4,33,372,19,12,25,0
810,32.4,119,320,0,484,128,0
810,32.4,191,318,130,14,37,0
810,32.4,312,697,0,73,6,0
810,32.4,315,245,80,24,33,0
810,32.4,317,786,7,10,28,0
811,32.44,33,372,19,12,25,0
811,32.44,119,320,0,484,128,0
811,32.44,191,318,130,16,37,0
811,32.44,312,697,0,71,6,0
811,32.44,315,245,80,24,33,0
811,32.44,317,786,7,10,28,0
812,32.48,33,372,19,12,25,0
812,32.48,119,320,0,484,128,0
812,32.48,191,318,130,16,37,0
812,32.48,312,696,0,72,6,0
812,32.48,314,419,0,96,6,0
812,32.48,315,245,80,24,33,0
812,32.48,317,786,7,10,28,0
813,32.52,33,372,19,12,25,0
813,32.52,119,320,0,484,129,0
813,32.52,191,318,130,16,37,0
813,32.52,314,419,0,96,7,0
813,32.52,315,245,80,24,33,0
813,32.52,317,786,7,10,28,0
814,32.56,33,372,19,12,25,0
814,32.56,119,320,0,484,129,0
814,32.56,191,318,130,16,37,0
814,32.56,315,245,80,24,33,0
814,32.56,317,786,7,10,28,0
815,32.6,33,372,19,12,25,0
815,32.6,119,320,0,484,129,0
815,32.6,191,318,130,16,37,0
815,32.6,315,245,80,24,33,0
815,32.6,317,786,7,10,28,0
816,32.64,33,372,19,12,25,0
816,32.64,119,320,0,484,131,0
816,32.64,191,318,130,16,37,0
816,32.64,312,720,0,48,5,0
816,32.64,315,245,80,24,33,0
816,32.64,317,786,7,10,28,0
817,32.68,33,372,19,12,25,0
817,32.68,119,320,0,484,135,0
817,32.68,191,318,130,16,37,0
817,32.68,315,245,80,24,33,0
817,32.68,317,786,7,10,28,0
818,32.72,33,372,19,12,25,0
818,32.72,119,320,0,484,136,0
818,32.72,191,318,130,16,37,0
818,32.72,312,720,0,50,6,0
818,32.72,315,245,80,24,33,0
818,32.72,317,786,6,12,30,0
819,32.76,33,371,14,13,30,0
819,32.76,119,320,0,484,141,0
819,32.76,191,318,129,16,38,0
819,32.76,315,245,80,24,33,0
819,32.76,317,786,6,12,30,0
820,32.8,33,371,14,13,30,0
820,32.8,119,320,0,484,141,0
820,32.8,191,318,129,16,38,0
820,32.8,315,245,80,24,33,0
820,32.8,317,786,6,12,30,0
821,32.84,33,371,14,13,30,0
821,32.84,119,320,0,484,141,0
821,32.84,191,318,129,16,38,0
821,32.84,315,245,80,24,33,0
821,32.84,317,786,6,12,31,0
821,32.84,319,218,87,16,18,0
822,32.88,33,371,14,13,30,0
822,32.88,119,320,0,484,143,0
822,32.88,191,318,130,16,37,0
822,32.88,315,245,80,24,33,0
822,32.88,317,786,6,12,31,0
822,32.88,319,218,87,16,18,0
823,32.92,33,371,14,13,30,0
823,32.92,119,320,0,484,144,0
823,32.92,191,318,129,16,38,0
823,32.92,315,245,80,24,33,0
823,32.92,317,786,6,12,31,0
824,32.96,33,371,14,13,30,0
824,32.96,119,320,0,486,149,0
824,32.96,191,317,130,17,37,0
824,32.96,315,245,80,29,42,0
824,32.96,317,786,2,12,36,0
824,32.96,319,218,87,16,18,0
825,33.0,33,371,14,13,31,0
825,33.0,119,320,0,486,150,0
825,33.0,191,317,130,17,37,0
825,33.0,315,245,80,29,42,0
825,33.0,317,786,2,12,36,0
825,33.0,319,218,87,16,18,0
826,33.04,33,371,14,13,31,0
826,33.04,119,320,0,486,150,0
826,33.04,191,317,130,17,37,0
826,33.04,192,348,0,14,16,0
826,33.04,315,244,80,30,42,0
826,33.04,317,786,2,12,36,0
826,33.04,319,218,87,16,18,0
827,33.08,33,371,14,13,31,0
827,33.08,119,320,0,486,155,0
827,33.08,191,317,130,17,37,0
827,33.08,192,348,0,14,16,0
827,33.08,315,244,80,30,42,0
827,33.08,317,786,2,12,36,0
827,33.08,319,218,87,16,18,0
828,33.12,33,371,14,13,31,0
828,33.12,119,320,0,486,156,0
828,33.12,191,317,130,17,37,0
828,33.12,315,244,80,30,42,0
828,33.12,317,786,2,12,36,0
828,33.12,319,218,87,16,18,0
829,33.16,33,371,15,13,30,0
829,33.16,119,320,0,487,158,0
829,33.16,191,317,130,17,37,0
829,33.16,192,348,0,14,16,0
829,33.16,315,244,80,30,42,0
829,33.16,319,218,87,16,18,0
830,33.2,33,371,13,13,32,0
830,33.2,119,320,0,497,158,0
830,33.2,191,317,130,17,37,0
830,33.2,315,244,80,30,42,0
830,33.2,319,218,87,16,18,0
831,33.24,119,320,0,502,162,0
831,33.24,191,317,128,18,39,0
831,33.24,192,348,0,14,16,0
831,33.24,315,242,80,34,43,0
831,33.24,319,217,87,17,19,0
831,33.24,320,229,85,17,20,0
832,33.28,119,320,0,502,162,0
832,33.28,191,317,128,18,39,0
832,33.28,192,348,0,14,16,0
832,33.28,315,242,80,34,43,0
832,33.28,319,217,87,17,19,0
832,33.28,320,229,85,17,20,0
833,33.32,119,320,0,502,162,0
833,33.32,191,317,128,18,39,0
833,33.32,192,348,0,14,16,0
833,33.32,315,242,80,34,43,0
833,33.32,319,217,87,17,19,0
833,33.32,320,229,85,17,20,0
834,33.36,119,320,0,502,162,0
834,33.36,191,317,128,18,39,0
834,33.36,192,348,0,14,16,0
834,33.36,315,242,80,34,43,0
834,33.36,319,217,87,17,19,0
834,33.36,320,229,85,17,20,0
835,33.4,119,320,0,502,162,0
835,33.4,191,317,128,18,39,0
835,33.4,192,348,0,14,16,0
835,33.4,315,242,80,34,43,0
835,33.4,319,217,87,17,19,0
835,33.4,320,229,85,17,20,0
836,33.44,119,320,0,502,162,0
836,33.44,191,317,128,18,39,0
836,33.44,192,348,0,14,16,0
836,33.44,315,242,80,34,43,0
836,33.44,319,217,87,17,19,0
836,33.44,320,229,85,17,20,0
837,33.48,119,320,0,502,164,0
837,33.48,191,317,128,18,39,0
837,33.48,192,348,0,14,16,0
837,33.48,315,242,80,34,43,0
837,33.48,319,217,87,17,19,0
837,33.48,320,229,85,17,20,0
838,33.52,119,320,0,502,164,0
838,33.52,191,317,128,18,39,0
838,33.52,192,348,0,14,16,0
838,33.52,315,242,80,34,43,0
838,33.52,319,217,87,17,19,0
838,33.52,320,229,85,17,20,0
839,33.56,119,320,0,502,171,0
839,33.56,191,317,128,18,39,0
839,33.56,192,348,0,14,16,0
839,33.56,315,242,80,34,43,0
839,33.56,319,217,87,17,19,0
839,33.56,320,229,85,17,20,0
840,33.6,119,320,0,503,172,0
840,33.6,191,317,128,18,39,0
840,33.6,192,348,0,14,16,0
840,33.6,315,242,80,34,43,0
840,33.6,319,217,87,17,19,0
840,33.6,320,229,85,17,20,0
841,33.64,119,320,0,509,174,0
841,33.64,191,317,128,18,43,0
841,33.64,192,348,0,14,16,0
841,33.64,315,242,80,34,45,0
841,33.64,319,217,87,17,19,0
841,33.64,320,229,85,17,20,0
842,33.68,119,320,0,505,174,0
842,33.68,191,317,128,18,43,0
842,33.68,192,348,0,14,16,0
842,33.68,315,242,80,34,45,0
842,33.68,319,217,87,17,19,0
842,33.68,320,229,85,17,20,0
843,33.72,119,320,0,505,174,0
843,33.72,191,317,128,18,43,0
843,33.72,192,348,0,14,16,0
843,33.72,315,242,80,34,45,0
843,33.72,319,217,87,17,19,0
843,33.72,320,229,85,17,20,0
844,33.76,119,320,0,505,175,0
844,33.76,191,317,128,18,43,0
844,33.76,192,348,0,14,16,0
844,33.76,315,242,80,34,45,0
844,33.76,319,217,87,17,19,0
844,33.76,320,229,85,17,20,0
845,33.8,119,320,0,505,178,0
845,33.8,191,317,128,18,43,0
845,33.8,192,348,0,16,16,0
845,33.8,315,242,80,34,45,0
845,33.8,319,217,87,17,19,0
845,33.8,320,229,85,17,20,0
846,33.84,119,320,0,505,178,0
846,33.84,191,317,128,18,43,0
846,33.84,192,348,0,14,16,0
846,33.84,315,242,80,34,45,0
846,33.84,319,217,87,17,19,0
846,33.84,320,229,85,17,20,0
846,33.84,321,278,114,13,26,0
847,33.88,119,320,0,505,178,0
847,33.88,191,317,128,18,43,0
847,33.88,192,348,0,14,16,0
847,33.88,315,242,80,34,45,0
847,33.88,319,217,87,17,19,0
847,33.88,320,229,85,17,20,0
847,33.88,321,278,114,13,26,0
848,33.92,119,320,0,505,178,0
848,33.92,191,317,128,18,43,0
848,33.92,192,348,0,14,16,0
848,33.92,315,242,80,34,45,0
848,33.92,319,217,87,17,19,0
849,33.96,119,320,0,505,178,0
849,33.96,191,317,128,18,43,0
849,33.96,192,348,0,14,16,0
849,33.96,315,242,80,34,45,0
849,33.96,319,217,87,17,19,0
849,33.96,321,278,114,13,26,0
850,34.0,119,320,0,505,178,0
850,34.0,191,317,128,18,43,0
850,34.0,192,348,0,14,16,0
850,34.0,315,242,80,34,45,0
850,34.0,319,217,87,17,19,0
850,34.0,321,278,114,13,26,0
851,34.04,119,320,0,505,182,0
851,34.04,191,317,128,18,43,0
851,34.04,192,348,0,14,16,0
851,34.04,315,242,80,34,45,0
851,34.04,319,217,87,17,19,0
851,34.04,321,278,114,13,26,0
852,34.08,119,320,0,505,182,0
852,34.08,191,317,128,18,43,0
852,34.08,192,348,0,14,16,0
852,34.08,315,242,80,34,45,0
852,34.08,319,217,87,17,19,0
852,34.08,321,278,114,13,26,0
853,34.12,119,320,0,510,182,0
853,34.12,191,317,128,18,43,0
853,34.12,192,348,0,14,16,0
853,34.12,315,242,80,34,45,0
853,34.12,319,217,87,17,19,0
853,34.12,321,278,114,13,26,0
854,34.16,119,320,0,509,182,0
854,34.16,191,317,128,18,43,0
854,34.16,192,348,0,14,16,0
854,34.16,315,242,80,34,45,0
854,34.16,319,217,87,17,19,0
854,34.16,321,278,114,13,26,0
854,34.16,322,314,109,23,19,0
855,34.2,119,320,0,510,182,0
855,34.2,191,317,128,18,43,0
855,34.2,192,348,0,14,16,0
855,34.2,315,242,80,34,45,0
855,34.2,319,217,87,17,19,0
855,34.2,321,278,114,13,26,0
855,34.2,322,314,109,23,19,0
856,34.24,119,320,0,505,188,0
856,34.24,191,317,128,18,43,0
856,34.24,192,348,0,14,16,0
856,34.24,315,242,80,34,45,0
856,34.24,319,217,87,17,19,0
856,34.24,321,278,114,13,26,0
856,34.24,322,322,109,15,19,0
857,34.28,119,320,0,517,188,0
857,34.28,191,317,128,18,43,0
857,34.28,192,348,0,14,16,0
857,34.28,315,242,80,34,45,0
857,34.28,319,217,87,17,19,0
857,34.28,322,322,109,15,19,0
858,34.32,119,320,0,517,188,0
858,34.32,191,317,128,18,43,0
858,34.32,192,348,0,14,16,0
858,34.32,315,242,80,34,45,0
858,34.32,319,217,87,17,19,0
858,34.32,322,322,109,15,19,0
859,34.36,119,320,0,517,192,0
859,34.36,191,317,128,18,43,0
859,34.36,192,348,0,14,16,0
859,34.36,315,242,80,34,45,0
859,34.36,319,217,87,17,19,0
859,34.36,322,322,109,15,19,0
860,34.4,119,320,0,517,193,0
860,34.4,191,317,128,18,43,0
860,34.4,192,348,0,14,16,0
860,34.4,315,242,80,34,45,0
860,34.4,319,217,87,17,19,0
860,34.4,322,322,109,15,19,0
861,34.44,119,320,0,517,193,0
861,34.44,191,317,128,18,43,0
861,34.44,192,348,0,14,16,0
861,34.44,315,242,80,34,45,0
861,34.44,319,217,87,17,19,0
861,34.44,322,322,109,15,19,0
862,34.48,119,320,0,517,193,0
862,34.48,191,317,128,18,43,0
862,34.48,192,348,0,14,16,0
862,34.48,315,242,80,34,45,0
862,34.48,319,217,87,17,19,0
862,34.48,322,322,109,15,19,0
863,34.52,119,320,0,528,200,0
863,34.52,191,317,129,21,43,0
863,34.52,315,242,80,38,44,0
863,34.52,319,218,86,17,20,0
863,34.52,320,229,85,20,20,0
863,34.52,321,277,109,16,31,0
863,34.52,322,322,108,16,20,0
863,34.52,323,231,139,28,51,0
863,34.52,324,339,107,29,15,0
863,34.52,325,526,684,18,20,0
863,34.52,326,584,606,18,18,0
864,34.56,119,320,0,528,200,0
864,34.56,191,317,129,21,43,0
864,34.56,315,242,80,38,44,0
864,34.56,319,218,86,17,20,0
864,34.56,320,229,85,20,20,0
864,34.56,321,277,109,16,31,0
864,34.56,322,322,108,16,20,0
864,34.56,323,231,139,28,51,0
864,34.56,324,339,107,29,15,0
864,34.56,325,526,684,18,20,0
864,34.56,326,584,606,18,18,0
865,34.6,119,320,0,528,200,0
865,34.6,191,317,129,21,43,0
865,34.6,315,242,80,38,44,0
865,34.6,319,218,86,17,20,0
865,34.6,320,229,85,20,20,0
865,34.6,321,277,109,16,31,0
865,34.6,322,322,108,16,20,0
865,34.6,323,231,139,28,51,0
865,34.6,324,339,107,29,15,0
865,34.6,325,526,684,18,20,0
865,34.6,326,584,606,18,18,0
866,34.64,119,320,0,528,200,0
866,34.64,191,317,129,21,43,0
866,34.64,315,242,80,38,44,0
866,34.64,319,218,86,17,20,0
866,34.64,320,229,85,20,20,0
866,34.64,321,277,109,16,31,0
866,34.64,322,322,108,16,20,0
866,34.64,323,231,139,28,51,0
866,34.64,324,339,107,30,15,0
866,34.64,325,526,684,18,20,0
866,34.64,326,584,606,18,18,0
867,34.68,119,320,0,528,200,0
867,34.68,191,317,129,21,43,0
867,34.68,315,242,80,38,44,0
867,34.68,319,218,86,17,20,0
867,34.68,320,229,85,20,20,0
867,34.68,321,277,109,16,31,0
867,34.68,322,322,108,16,20,0
867,34.68,323,231,139,28,51,0
867,34.68,324,339,107,30,15,0
867,34.68,325,526,684,18,20,0
867,34.68,326,584,606,18,18,0
868,34.72,119,320,0,528,200,0
868,34.72,191,317,129,21,43,0
868,34.72,315,242,80,38,44,0
868,34.72,319,218,86,17,20,0
868,34.72,320,229,85,20,20,0
868,34.72,321,277,109,16,31,0
868,34.72,322,322,108,16,20,0
868,34.72,323,231,139,28,51,0
868,34.72,324,339,107,30,15,0
868,34.72,325,526,684,18,20,0
868,34.72,326,584,606,18,18,0
869,34.76,119,320,0,528,201,0
869,34.76,191,317,129,21,43,0
869,34.76,315,242,80,38,44,0
869,34.76,319,218,86,17,20,0
869,34.76,320,229,85,20,20,0
869,34.76,321,277,109,16,31,0
869,34.76,322,313,108,25,20,0
869,34.76,323,231,139,28,51,0
869,34.76,324,339,107,30,15,0
869,34.76,325,526,684,18,20,0
869,34.76,326,584,606,18,18,0
870,34.8,119,320,0,528,201,0
870,34.8,191,317,129,21,43,0
870,34.8,315,242,80,38,44,0
870,34.8,319,218,86,17,20,0
870,34.8,320,229,85,20,20,0
870,34.8,321,277,109,16,31,0
870,34.8,322,322,108,16,20,0
870,34.8,323,231,139,28,51,0
870,34.8,324,339,107,30,15,0
870,34.8,325,526,684,18,20,0
870,34.8,326,584,606,18,18,0
871,34.84,119,320,0,528,201,0
871,34.84,191,317,129,21,43,0
871,34.84,315,242,80,38,44,0
871,34.84,319,218,86,17,20,0
871,34.84,320,229,85,20,20,0
871,34.84,321,277,109,16,31,0
871,34.84,322,313,108,25,20,0
871,34.84,323,231,139,28,51,0
871,34.84,324,347,112,22,10,0
871,34.84,325,526,684,18,20,0
871,34.84,326,584,606,18,18,0
872,34.88,119,320,0,528,201,0
872,34.88,191,317,129,21,43,0
872,34.88,315,242,80,38,44,0
872,34.88,319,218,86,17,20,0
872,34.88,320,229,85,20,20,0
872,34.88,321,277,109,16,31,0
872,34.88,322,322,108,16,20,0
872,34.88,323,231,139,28,51,0
872,34.88,324,347,112,22,10,0
872,34.88,325,526,684,18,20,0
872,34.88,326,584,606,18,18,0
873,34.92,119,320,0,528,208,0
873,34.92,191,317,108,21,64,0
873,34.92,315,242,80,38,44,0
873,34.92,319,218,86,17,20,0
873,34.92,320,229,85,20,20,0
873,34.92,321,277,109,16,31,0
873,34.92,323,231,139,28,51,0
873,34.92,324,334,107,35,17,0
873,34.92,325,526,684,18,20,0
873,34.92,326,584,606,18,18,0
874,34.96,119,320,0,528,208,0
874,34.96,191,317,108,21,64,0
874,34.96,315,242,80,38,44,0
874,34.96,319,218,86,17,20,0
874,34.96,320,229,85,20,20,0
874,34.96,321,277,109,16,31,0
874,34.96,323,231,139,28,51,0
874,34.96,324,334,107,35,17,0
874,34.96,325,526,684,18,20,0
874,34.96,326,584,606,18,18,0
875,35.0,119,320,0,528,208,0
875,35.0,191,317,108,21,64,0
875,35.0,315,242,80,38,44,0
875,35.0,319,218,86,17,20,0
875,35.0,320,229,85,20,20,0
875,35.0,321,277,109,16,31,0
875,35.0,323,231,139,28,51,0
875,35.0,324,334,107,35,17,0
875,35.0,325,526,684,18,20,0
875,35.0,326,584,606,18,18,0
876,35.04,119,320,0,528,208,0
876,35.04,191,317,108,21,64,0
876,35.04,315,242,80,38,44,0
876,35.04,319,218,86,17,20,0
876,35.04,320,229,85,20,20,0
876,35.04,321,277,109,16,31,0
876,35.04,323,231,139,28,51,0
876,35.04,324,334,107,35,17,0
876,35.04,325,526,684,18,20,0
876,35.04,326,584,606,18,18,0
877,35.08,119,320,0,528,208,0
877,35.08,191,314,107,55,73,0
877,35.08,315,242,80,51,60,0
877,35.08,319,218,86,17,20,0
877,35.08,320,229,85,20,20,0
877,35.08,323,231,139,28,51,0
877,35.08,325,526,684,18,20,0
877,35.08,326,584,606,18,18,0
878,35.12,119,320,0,528,215,0
878,35.12,191,314,108,24,72,0
878,35.12,315,242,80,51,60,0
878,35.12,319,218,86,17,20,0
878,35.12,320,229,85,20,20,0
878,35.12,323,231,139,28,51,0
878,35.12,324,334,107,35,18,0
878,35.12,325,526,684,18,20,0
878,35.12,326,584,606,18,18,0
879,35.16,119,320,0,528,215,0
879,35.16,191,314,108,24,72,0
879,35.16,315,242,80,51,60,0
879,35.16,319,218,86,17,20,0
879,35.16,320,229,85,20,20,0
879,35.16,323,231,139,28,51,0
879,35.16,324,334,107,35,18,0
879,35.16,325,526,684,18,20,0
879,35.16,326,584,606,18,18,0
880,35.2,119,320,0,528,215,0
880,35.2,191,314,108,24,72,0
880,35.2,315,242,80,51,60,0
880,35.2,319,218,86,17,20,0
880,35.2,320,229,85,20,20,0
880,35.2,323,231,139,28,51,0
880,35.2,324,334,107,35,18,0
880,35.2,325,526,684,18,20,0
881,35.24,119,320,0,528,215,0
881,35.24,191,314,108,24,72,0
881,35.24,315,242,80,51,60,0
881,35.24,319,218,86,17,20,0
881,35.24,320,229,85,20,20,0
881,35.24,323,231,139,28,51,0
881,35.24,324,334,107,35,18,0
881,35.24,325,526,684,18,20,0
882,35.28,119,320,0,528,215,0
882,35.28,191,314,108,24,72,0
882,35.28,315,242,80,51,60,0
882,35.28,319,218,86,17,20,0
882,35.28,320,229,85,20,20,0
882,35.28,323,231,139,28,51,0
882,35.28,324,334,107,35,20,0
882,35.28,325,526,684,18,20,0
883,35.32,119,320,0,536,216,0
883,35.32,191,314,107,55,73,0
883,35.32,315,242,80,51,60,0
883,35.32,319,218,86,17,20,0
883,35.32,320,229,85,20,20,0
883,35.32,323,231,139,28,51,0
883,35.32,325,526,684,18,20,0
883,35.32,327,516,202,24,15,0
884,35.36,119,320,0,536,216,0
884,35.36,191,314,107,55,73,0
884,35.36,315,242,80,51,60,0
884,35.36,319,218,86,17,20,0
884,35.36,320,229,85,20,20,0
884,35.36,323,231,139,28,51,0
884,35.36,325,526,684,18,20,0
884,35.36,327,516,202,24,15,0
885,35.4,119,320,0,536,217,0
885,35.4,191,314,107,55,73,0
885,35.4,315,242,80,51,60,0
885,35.4,319,218,86,17,20,0
885,35.4,320,229,85,20,20,0
885,35.4,323,231,139,28,51,0
885,35.4,325,526,684,18,20,0
886,35.44,119,320,0,536,217,0
886,35.44,191,314,107,55,73,0
886,35.44,315,242,80,51,60,0
886,35.44,319,218,86,17,20,0
886,35.44,320,229,85,20,20,0
886,35.44,323,231,139,28,51,0
886,35.44,325,526,684,18,20,0
887,35.48,119,320,0,536,217,0
887,35.48,191,314,107,56,73,0
887,35.48,315,242,80,51,60,0
887,35.48,319,218,86,17,20,0
887,35.48,320,229,85,20,20,0
887,35.48,323,231,139,28,51,0
887,35.48,325,526,684,18,20,0
887,35.48,328,662,209,10,10,0
888,35.52,119,320,0,536,217,0
888,35.52,191,314,107,56,73,0
888,35.52,315,242,80,51,60,0
888,35.52,319,218,86,17,20,0
888,35.52,320,229,85,20,20,0
888,35.52,323,231,139,28,51,0
888,35.52,325,526,684,18,20,0
888,35.52,328,662,209,10,10,0
889,35.56,119,320,0,536,217,0
889,35.56,191,314,107,56,73,0
889,35.56,315,242,80,51,60,0
889,35.56,319,218,86,17,20,0
889,35.56,320,229,85,20,20,0
889,35.56,323,231,139,28,51,0
889,35.56,325,526,684,18,20,0
889,35.56,328,662,209,10,10,0
890,35.6,119,320,0,536,217,0
890,35.6,191,314,107,56,73,0
890,35.6,315,242,80,51,60,0
890,35.6,319,218,86,17,20,0
890,35.6,320,229,85,20,20,0
890,35.6,323,231,139,28,51,0
890,35.6,325,526,684,18,20,0
890,35.6,328,662,209,10,10,0
891,35.64,119,320,0,536,217,0
891,35.64,191,314,107,56,73,0
891,35.64,315,242,80,51,60,0
891,35.64,319,218,86,17,20,0
891,35.64,320,229,85,20,20,0
891,35.64,323,231,139,28,51,0
891,35.64,325,526,684,18,20,0
891,35.64,328,662,209,10,10,0
892,35.68,119,320,0,536,217,0
892,35.68,191,314,107,56,73,0
892,35.68,315,242,80,51,60,0
892,35.68,319,218,86,17,20,0
892,35.68,320,229,85,20,20,0
892,35.68,323,231,139,28,51,0
892,35.68,325,526,684,18,20,0
892,35.68,328,662,209,10,10,0
893,35.72,119,320,0,536,218,0
893,35.72,191,314,107,56,73,0
893,35.72,315,242,80,51,60,0
893,35.72,319,218,86,17,20,0
893,35.72,320,229,85,20,20,0
893,35.72,323,231,139,28,51,0
893,35.72,325,526,684,18,20,0
893,35.72,328,662,209,10,10,0
894,35.76,119,320,0,536,218,0
894,35.76,191,314,107,56,73,0
894,35.76,315,242,80,51,60,0
894,35.76,319,218,86,17,20,0
894,35.76,320,229,85,20,20,0
894,35.76,323,231,139,28,51,0
894,35.76,325,526,684,18,20,0
894,35.76,328,662,209,10,10,0
895,35.8,119,320,0,546,230,0
895,35.8,191,316,106,54,80,0
895,35.8,315,244,80,50,59,0
895,35.8,319,217,87,18,19,0
895,35.8,320,229,85,21,20,0
895,35.8,323,232,140,27,50,0
895,35.8,325,526,684,20,22,0
895,35.8,326,582,646,16,12,0
896,35.84,119,320,0,546,230,0
896,35.84,191,316,106,54,80,0
896,35.84,315,244,80,50,59,0
896,35.84,319,217,87,18,19,0
896,35.84,320,229,85,21,20,0
896,35.84,323,232,140,27,50,0
896,35.84,325,526,684,20,22,0
896,35.84,326,582,646,16,12,0
897,35.88,119,320,0,546,231,0
897,35.88,191,316,106,54,80,0
897,35.88,315,244,80,50,59,0
897,35.88,319,217,87,18,19,0
897,35.88,320,229,85,21,20,0
897,35.88,323,232,140,27,50,0
897,35.88,325,526,684,20,22,0
897,35.88,326,582,646,16,12,0
898,35.92,119,320,0,546,231,0
898,35.92,191,316,106,54,80,0
898,35.92,315,244,80,50,59,0
898,35.92,319,217,87,18,19,0
898,35.92,320,229,85,21,20,0
898,35.92,323,232,140,27,50,0
898,35.92,325,526,684,20,22,0
898,35.92,326,582,646,16,12,0
899,35.96,119,320,0,546,231,0
899,35.96,191,316,106,54,80,0
899,35.96,315,244,80,50,59,0
899,35.96,319,217,87,18,18,0
899,35.96,320,229,85,21,20,0
899,35.96,323,232,140,27,50,0
899,35.96,325,526,684,20,22,0
899,35.96,326,582,646,16,12,0
900,36.0,119,320,0,546,230,0
900,36.0,191,316,106,54,80,0
900,36.0,315,244,80,50,59,0
900,36.0,319,217,87,18,18,0
900,36.0,320,229,85,21,20,0
900,36.0,323,232,140,27,50,0
900,36.0,325,526,684,20,22,0
900,36.0,326,582,646,16,12,0
901,36.04,119,320,0,546,231,0
901,36.04,191,316,106,54,80,0
901,36.04,315,244,80,50,59,0
901,36.04,319,217,87,18,18,0
901,36.04,320,229,85,21,20,0
901,36.04,323,232,140,27,50,0
901,36.04,325,526,684,20,22,0
901,36.04,326,582,646,16,12,0
902,36.08,119,320,0,546,231,0
902,36.08,191,316,106,54,80,0
902,36.08,315,244,80,50,59,0
902,36.08,319,217,87,18,18,0
902,36.08,320,229,85,21,20,0
902,36.08,323,232,140,27,50,0
902,36.08,325,526,684,20,22,0
902,36.08,326,582,646,16,12,0
903,36.12,119,320,0,546,231,0
903,36.12,191,316,106,54,80,0
903,36.12,315,244,80,50,59,0
903,36.12,319,217,87,18,18,0
903,36.12,320,229,85,21,20,0
903,36.12,323,232,140,27,50,0
903,36.12,325,526,684,20,22,0
903,36.12,326,582,646,16,12,0
904,36.16,119,320,0,546,230,0
904,36.16,191,316,106,54,80,0
904,36.16,315,244,80,50,59,0
904,36.16,319,217,87,18,18,0
904,36.16,320,229,85,21,20,0
904,36.16,323,232,140,27,50,0
904,36.16,325,526,684,20,22,0
904,36.16,326,582,646,16,12,0
905,36.2,119,320,0,546,231,0
905,36.2,191,316,106,54,80,0
905,36.2,315,244,80,50,59,0
905,36.2,319,217,87,18,18,0
905,36.2,320,229,85,21,20,0
905,36.2,323,232,140,27,50,0
905,36.2,325,526,684,20,22,0
905,36.2,326,574,641,16,11,0
906,36.24,119,320,0,546,231,0
906,36.24,191,316,106,54,80,0
906,36.24,315,244,80,50,59,0
906,36.24,319,217,87,18,18,0
906,36.24,320,229,85,21,20,0
906,36.24,323,232,140,27,50,0
906,36.24,325,526,684,20,22,0
906,36.24,326,576,641,14,11,0
907,36.28,119,320,0,546,231,0
907,36.28,191,316,106,54,80,0
907,36.28,315,244,80,50,59,0
907,36.28,319,217,87,18,18,0
907,36.28,320,229,85,21,20,0
907,36.28,323,232,140,27,50,0
907,36.28,325,526,684,20,22,0
907,36.28,326,576,641,14,11,0
908,36.32,119,320,0,546,230,0
908,36.32,191,316,106,54,80,0
908,36.32,315,244,80,50,59,0
908,36.32,319,217,87,18,18,0
908,36.32,320,229,85,21,20,0
908,36.32,323,232,140,27,50,0
908,36.32,325,526,684,20,22,0
908,36.32,326,576,627,20,25,0
909,36.36,119,320,0,546,231,0
909,36.36,191,314,105,56,81,0
909,36.36,315,244,80,50,59,0
909,36.36,319,217,87,18,18,0
909,36.36,320,229,85,21,20,0
909,36.36,323,232,140,27,50,0
909,36.36,325,526,684,20,22,0
909,36.36,326,576,627,20,25,0
910,36.4,119,320,0,546,231,0
910,36.4,191,314,105,56,81,0
910,36.4,315,244,80,50,59,0
910,36.4,319,217,87,18,18,0
910,36.4,320,229,85,21,20,0
910,36.4,323,232,140,27,50,0
910,36.4,325,526,684,20,22,0
910,36.4,326,576,627,20,25,0
911,36.44,119,320,0,546,231,0
911,36.44,191,314,105,56,81,0
911,36.44,315,244,80,50,59,0
911,36.44,319,217,87,18,18,0
911,36.44,320,229,85,21,20,0
911,36.44,323,232,140,27,50,0
911,36.44,325,526,684,20,22,0
911,36.44,326,576,627,20,25,0
912,36.48,119,320,0,546,230,0
912,36.48,191,316,105,54,81,0
912,36.48,315,244,80,50,59,0
912,36.48,319,217,87,18,18,0
912,36.48,320,229,85,21,20,0
912,36.48,323,232,140,27,50,0
912,36.48,325,526,684,20,22,0
912,36.48,326,576,627,20,25,0
913,36.52,119,320,0,546,231,0
913,36.52,191,316,105,54,81,0
913,36.52,315,244,80,50,59,0
913,36.52,319,217,87,18,18,0
913,36.52,320,229,85,21,20,0
913,36.52,323,232,140,27,50,0
913,36.52,325,526,684,20,22,0
913,36.52,326,576,627,20,25,0
914,36.56,119,316,0,550,231,0
914,36.56,315,244,80,50,59,0
914,36.56,319,217,87,18,18,0
914,36.56,320,229,85,21,20,0
914,36.56,323,232,140,27,50,0
914,36.56,325,526,684,20,22,0
914,36.56,326,576,627,20,25,0
915,36.6,119,316,0,550,238,0
915,36.6,315,244,80,50,59,0
915,36.6,319,217,87,18,18,0
915,36.6,320,229,85,21,20,0
915,36.6,323,232,140,27,50,0
915,36.6,325,526,684,20,22,0
915,36.6,326,576,627,20,25,0
916,36.64,119,316,0,550,239,0
916,36.64,315,244,80,50,59,0
916,36.64,319,217,87,18,18,0
916,36.64,320,229,85,21,20,0
916,36.64,323,232,140,27,50,0
916,36.64,325,526,684,20,22,0
916,36.64,326,576,627,20,25,0
917,36.68,119,314,0,552,239,0
917,36.68,315,244,80,50,59,0
917,36.68,319,217,87,18,18,0
917,36.68,320,229,85,21,20,0
917,36.68,323,232,140,27,50,0
917,36.68,325,526,684,20,22,0
917,36.68,326,576,627,20,25,0
918,36.72,119,314,0,552,239,0
918,36.72,315,244,80,50,59,0
918,36.72,319,217,87,18,18,0
918,36.72,320,229,85,21,20,0
918,36.72,323,232,140,27,50,0
918,36.72,325,526,684,20,22,0
918,36.72,326,576,627,20,25,0
919,36.76,119,314,0,552,240,0
919,36.76,315,244,80,50,59,0
919,36.76,319,217,87,18,18,0
919,36.76,320,229,85,21,20,0
919,36.76,323,232,140,27,50,0
919,36.76,325,526,684,20,22,0
919,36.76,326,576,627,20,25,0
920,36.8,119,314,0,552,240,0
920,36.8,315,244,80,50,59,0
920,36.8,319,217,87,18,18,0
920,36.8,320,229,85,21,20,0
920,36.8,323,232,140,27,50,0
920,36.8,325,526,684,20,22,0
920,36.8,326,576,627,20,25,0
921,36.84,119,314,0,552,240,0
921,36.84,315,244,80,50,59,0
921,36.84,319,217,87,18,18,0
921,36.84,320,229,85,21,20,0
921,36.84,323,232,140,27,50,0
921,36.84,325,526,684,20,22,0
921,36.84,326,576,627,20,25,0
922,36.88,119,314,0,552,251,0
922,36.88,315,244,80,50,59,0
922,36.88,319,217,87,18,18,0
922,36.88,320,229,85,21,20,0
922,36.88,323,232,140,27,50,0
922,36.88,325,526,684,20,22,0
922,36.88,326,576,627,20,25,0
923,36.92,119,314,0,552,251,0
923,36.92,315,244,80,50,59,0
923,36.92,319,217,87,18,18,0
923,36.92,320,229,85,21,20,0
923,36.92,323,232,140,27,50,0
923,36.92,325,526,684,20,22,0
923,36.92,326,576,627,20,25,0
924,36.96,119,314,0,552,240,0
924,36.96,315,244,80,50,59,0
924,36.96,319,217,87,18,18,0
924,36.96,320,229,85,21,20,0
924,36.96,323,232,140,27,50,0
924,36.96,325,526,684,20,22,0
924,36.96,326,576,627,20,25,0
925,37.0,119,314,0,552,251,0
925,37.0,315,244,80,50,59,0
925,37.0,319,217,87,18,18,0
925,37.0,320,229,85,21,20,0
925,37.0,323,232,140,27,50,0
925,37.0,325,526,684,20,22,0
925,37.0,326,576,627,20,25,0
926,37.04,119,314,0,552,251,0
926,37.04,315,244,80,50,59,0
926,37.04,319,217,87,18,18,0
926,37.04,320,229,85,21,20,0
926,37.04,323,232,140,27,50,0
926,37.04,325,526,684,20,22,0
926,37.04,326,576,627,20,25,0
927,37.08,119,316,0,557,251,0
927,37.08,191,277,109,17,31,0
927,37.08,315,244,80,40,44,0
927,37.08,319,218,87,17,18,0
927,37.08,320,229,85,21,22,0
927,37.08,323,231,140,28,51,0
927,37.08,325,524,684,29,23,0
927,37.08,326,564,604,64,55,0
927,37.08,329,572,245,20,11,0
928,37.12,119,316,0,557,251,0
928,37.12,191,277,109,17,31,0
928,37.12,315,244,80,40,44,0
928,37.12,319,218,87,17,18,0
928,37.12,320,229,85,21,22,0
928,37.12,323,231,140,28,51,0
928,37.12,325,524,684,29,23,0
928,37.12,326,564,604,64,55,0
928,37.12,329,572,245,20,11,0
929,37.16,119,316,0,557,251,0
929,37.16,191,277,109,17,31,0
929,37.16,315,244,80,40,44,0
929,37.16,319,218,87,17,18,0
929,37.16,320,229,85,21,22,0
929,37.16,323,231,140,28,51,0
929,37.16,325,524,684,29,23,0
929,37.16,326,564,604,64,55,0
929,37.16,329,572,245,20,11,0
930,37.2,119,316,0,557,251,0
930,37.2,191,277,109,17,31,0
930,37.2,315,244,80,40,44,0
930,37.2,319,218,87,17,18,0
930,37.2,320,229,85,21,22,0
930,37.2,323,231,140,28,51,0
930,37.2,325,524,684,29,23,0
930,37.2,326,564,604,64,55,0
930,37.2,329,572,245,20,11,0
931,37.24,119,316,0,557,251,0
931,37.24,191,277,109,17,31,0
931,37.24,315,244,80,40,44,0
931,37.24,319,218,87,17,18,0
931,37.24,320,229,85,21,22,0
931,37.24,323,231,140,28,51,0
931,37.24,325,524,684,29,23,0
931,37.24,326,564,604,64,55,0
931,37.24,329,572,245,20,11,0
932,37.28,119,316,0,557,251,0
932,37.28,191,277,109,17,31,0
932,37.28,315,244,80,40,44,0
932,37.28,319,218,87,17,18,0
932,37.28,320,229,86,21,21,0
932,37.28,323,231,140,28,51,0
932,37.28,325,524,684,29,23,0
932,37.28,326,564,604,64,55,0
932,37.28,329,572,245,20,11,0
933,37.32,119,316,0,557,251,0
933,37.32,191,277,109,17,31,0
933,37.32,315,244,80,40,44,0
933,37.32,319,218,87,17,18,0
933,37.32,320,229,86,21,21,0
933,37.32,323,231,140,28,51,0
933,37.32,325,524,684,29,23,0
933,37.32,326,564,604,64,60,0
933,37.32,329,572,245,20,11,0
934,37.36,119,316,0,557,251,0
934,37.36,191,277,109,17,31,0
934,37.36,315,244,80,40,44,0
934,37.36,319,218,87,17,18,0
934,37.36,320,229,86,21,21,0
934,37.36,323,231,140,28,51,0
934,37.36,325,524,684,29,23,0
934,37.36,326,564,604,64,60,0
934,37.36,329,572,245,20,11,0
935,37.4,119,316,0,557,251,0
935,37.4,191,277,109,17,31,0
935,37.4,315,244,80,40,44,0
935,37.4,319,218,87,17,18,0
935,37.4,320,229,86,21,21,0
935,37.4,323,231,140,28,51,0
935,37.4,325,524,684,29,23,0
935,37.4,326,564,604,64,60,0
935,37.4,329,572,245,20,11,0
936,37.44,119,316,0,557,251,0
936,37.44,191,277,109,17,31,0
936,37.44,315,244,80,40,44,0
936,37.44,319,218,87,17,18,0
936,37.44,320,229,86,21,21,0
936,37.44,323,231,140,28,51,0
936,37.44,325,524,684,29,23,0
936,37.44,326,564,604,64,60,0
936,37.44,329,572,245,20,11,0
937,37.48,119,316,0,557,251,0
937,37.48,191,277,109,17,31,0
937,37.48,315,244,80,40,44,0
937,37.48,319,218,87,17,18,0
937,37.48,320,229,86,21,21,0
937,37.48,323,231,140,28,51,0
937,37.48,325,524,684,29,23,0
937,37.48,326,564,604,64,60,0
937,37.48,329,572,245,20,11,0
938,37.52,119,316,0,557,251,0
938,37.52,191,277,109,17,31,0
938,37.52,315,244,80,40,44,0
938,37.52,319,218,87,17,18,0
938,37.52,320,229,86,21,21,0
938,37.52,323,231,140,28,51,0
938,37.52,325,524,684,29,23,0
938,37.52,326,564,604,64,60,0
938,37.52,329,572,245,20,11,0
939,37.56,119,316,0,557,251,0
939,37.56,191,277,109,17,31,0
939,37.56,315,244,80,40,44,0
939,37.56,319,218,87,17,18,0
939,37.56,320,229,86,21,21,0
939,37.56,323,231,140,28,51,0
939,37.56,325,524,684,29,23,0
939,37.56,326,564,604,64,60,0
939,37.56,329,572,245,20,11,0
940,37.6,119,316,0,557,251,0
940,37.6,191,277,109,17,31,0
940,37.6,315,244,80,40,44,0
940,37.6,319,218,87,17,18,0
940,37.6,320,229,86,21,21,0
940,37.6,323,231,140,28,51,0
940,37.6,325,524,684,29,23,0
940,37.6,326,564,604,64,60,0
940,37.6,329,572,245,20,11,0
941,37.64,119,316,0,557,251,0
941,37.64,191,277,109,17,31,0
941,37.64,315,244,80,40,44,0
941,37.64,319,218,87,17,18,0
941,37.64,320,229,86,21,21,0
941,37.64,323,231,140,28,51,0
941,37.64,325,524,684,29,23,0
941,37.64,326,564,604,64,60,0
941,37.64,329,572,245,20,11,0
942,37.68,119,316,0,557,251,0
942,37.68,191,277,109,17,31,0
942,37.68,315,244,80,40,44,0
942,37.68,319,218,87,17,18,0
942,37.68,320,229,86,21,21,0
942,37.68,323,231,140,28,51,0
942,37.68,325,524,684,29,23,0
942,37.68,326,564,604,64,60,0
942,37.68,329,572,245,20,11,0
943,37.72,119,316,0,557,251,0
943,37.72,191,277,109,17,31,0
943,37.72,315,244,80,40,44,0
943,37.72,319,218,87,17,18,0
943,37.72,320,229,86,21,21,0
943,37.72,323,231,140,28,51,0
943,37.72,325,524,684,29,23,0
943,37.72,326,564,604,64,60,0
943,37.72,329,572,245,20,11,0
944,37.76,119,316,0,557,251,0
944,37.76,191,277,109,17,31,0
944,37.76,315,244,80,33,44,0
944,37.76,319,218,87,17,18,0
944,37.76,320,229,86,21,21,0
944,37.76,323,231,140,28,51,0
944,37.76,325,524,684,29,23,0
944,37.76,326,564,604,64,60,0
944,37.76,329,572,245,20,11,0
945,37.8,119,316,0,557,251,0
945,37.8,191,277,109,17,31,0
945,37.8,315,244,80,33,44,0
945,37.8,319,218,87,17,18,0
945,37.8,320,229,86,21,21,0
945,37.8,323,231,140,28,51,0
945,37.8,325,524,684,29,23,0
945,37.8,326,564,604,64,60,0
945,37.8,329,572,245,20,11,0
946,37.84,119,316,0,557,251,0
946,37.84,191,277,109,17,31,0
946,37.84,315,244,80,33,44,0
946,37.84,319,218,87,17,18,0
946,37.84,320,229,86,21,21,0
946,37.84,323,231,140,28,51,0
946,37.84,325,524,684,29,23,0
946,37.84,326,564,604,64,60,0
946,37.84,329,572,245,20,11,0
947,37.88,119,316,0,557,251,0
947,37.88,191,277,109,17,31,0
947,37.88,315,244,80,33,44,0
947,37.88,319,218,87,17,18,0
947,37.88,320,229,86,21,21,0
947,37.88,323,231,140,28,51,0
947,37.88,325,524,684,29,23,0
947,37.88,326,564,604,64,60,0
947,37.88,329,572,245,20,11,0
948,37.92,119,316,0,557,251,0
948,37.92,191,277,109,17,31,0
948,37.92,315,244,80,33,44,0
948,37.92,319,218,87,17,18,0
948,37.92,320,229,86,21,21,0
948,37.92,323,231,140,28,51,0
948,37.92,325,524,684,29,23,0
948,37.92,326,564,604,64,60,0
948,37.92,329,572,245,20,11,0
949,37.96,119,316,0,557,251,0
949,37.96,191,277,115,17,25,0
949,37.96,315,244,80,33,44,0
949,37.96,319,218,87,17,18,0
949,37.96,320,229,86,21,21,0
949,37.96,323,231,140,28,51,0
949,37.96,325,524,684,29,23,0
949,37.96,326,564,604,64,60,0
949,37.96,329,572,245,20,11,0
950,38.0,119,316,0,557,251,0
950,38.0,191,277,115,17,25,0
950,38.0,315,244,80,33,44,0
950,38.0,319,218,87,17,18,0
950,38.0,320,229,86,21,21,0
950,38.0,323,231,140,28,51,0
950,38.0,325,524,684,29,23,0
950,38.0,326,564,604,64,60,0
950,38.0,329,572,245,20,11,0
951,38.04,119,316,0,557,251,0
951,38.04,191,277,115,17,25,0
951,38.04,315,244,80,33,44,0
951,38.04,319,218,87,17,18,0
951,38.04,320,229,86,21,21,0
951,38.04,323,231,140,28,51,0
951,38.04,325,524,684,29,23,0
951,38.04,326,564,604,64,60,0
951,38.04,329,572,245,20,11,0
952,38.08,119,316,0,557,256,0
952,38.08,191,277,115,17,25,0
952,38.08,315,244,80,33,44,0
952,38.08,319,218,87,17,18,0
952,38.08,320,229,86,21,21,0
952,38.08,323,231,140,28,51,0
952,38.08,325,524,684,29,23,0
952,38.08,326,564,604,64,60,0
952,38.08,329,572,245,20,11,0
953,38.12,119,316,0,557,256,0
953,38.12,191,277,115,17,25,0
953,38.12,315,244,80,33,44,0
953,38.12,319,218,87,17,18,0
953,38.12,320,229,86,21,21,0
953,38.12,323,231,140,28,51,0
953,38.12,325,524,684,29,23,0
953,38.12,326,564,604,64,60,0
953,38.12,329,572,245,20,11,0
954,38.16,119,316,0,557,256,0
954,38.16,191,277,115,17,25,0
954,38.16,315,244,80,33,44,0
954,38.16,319,218,87,17,18,0
954,38.16,320,229,86,21,21,0
954,38.16,323,231,140,28,51,0
954,38.16,325,524,684,29,23,0
954,38.16,326,564,604,64,60,0
954,38.16,329,572,245,20,11,0
955,38.2,119,316,0,557,256,0
955,38.2,191,277,115,17,25,0
955,38.2,315,244,80,33,44,0
955,38.2,319,218,87,17,18,0
955,38.2,320,229,86,21,21,0
955,38.2,323,231,140,28,51,0
955,38.2,325,524,684,29,23,0
955,38.2,326,564,604,64,60,0
955,38.2,329,572,245,20,11,0
956,38.24,119,316,0,557,256,0
956,38.24,191,277,115,17,25,0
956,38.24,315,244,80,33,44,0
956,38.24,319,218,87,17,18,0
956,38.24,320,229,86,21,21,0
956,38.24,323,231,140,28,51,0
956,38.24,325,524,684,29,23,0
956,38.24,326,564,604,64,60,0
956,38.24,329,572,245,20,11,0
957,38.28,119,316,0,557,256,0
957,38.28,191,277,115,17,25,0
957,38.28,315,244,80,33,44,0
957,38.28,319,218,87,17,18,0
957,38.28,320,229,86,21,21,0
957,38.28,323,231,140,28,51,0
957,38.28,325,524,684,29,23,0
957,38.28,326,564,604,64,60,0
957,38.28,329,572,245,20,11,0
958,38.32,119,316,0,557,256,0
958,38.32,191,277,115,17,25,0
958,38.32,315,244,80,33,44,0
958,38.32,319,218,87,17,18,0
958,38.32,320,229,86,21,21,0
958,38.32,323,231,140,28,51,0
958,38.32,325,524,684,29,23,0
958,38.32,326,564,604,64,60,0
958,38.32,329,572,245,20,11,0
959,38.36,119,316,0,559,266,0
959,38.36,191,276,115,18,25,0
959,38.36,315,244,80,32,44,0
959,38.36,319,217,86,18,20,0
959,38.36,320,230,86,25,32,0
959,38.36,323,231,137,36,54,0
959,38.36,325,526,686,20,21,0
959,38.36,326,564,599,64,69,0
959,38.36,330,568,606,9,10,0
959,38.36,331,1236,555,35,3,0
960,38.4,119,316,0,559,267,0
960,38.4,191,276,115,18,23,0
960,38.4,315,244,80,32,44,0
960,38.4,319,217,86,18,20,0
960,38.4,320,230,86,25,32,0
960,38.4,323,231,137,36,54,0
960,38.4,325,526,686,20,21,0
960,38.4,326,564,599,64,69,0
960,38.4,330,568,606,9,10,0
960,38.4,331,1236,555,35,3,0
961,38.44,119,316,0,559,265,0
961,38.44,191,276,115,18,23,0
961,38.44,315,244,80,32,44,0
961,38.44,319,217,86,18,20,0
961,38.44,320,230,86,25,32,0
961,38.44,323,244,137,23,29,0
961,38.44,325,526,686,20,21,0
961,38.44,326,564,599,64,69,0
961,38.44,330,568,606,9,10,0
961,38.44,331,1236,555,35,3,0
961,38.44,332,1093,345,11,14,0
962,38.48,119,316,0,559,265,0
962,38.48,191,276,115,13,23,0
962,38.48,315,244,80,32,44,0
962,38.48,319,217,86,18,20,0
962,38.48,320,230,86,25,32,0
962,38.48,323,244,137,23,29,0
962,38.48,325,526,686,20,21,0
962,38.48,326,564,599,64,69,0
962,38.48,330,568,606,9,10,0
962,38.48,331,1236,555,35,3,0
962,38.48,332,1093,345,11,14,0
963,38.52,119,316,0,559,265,0
963,38.52,191,276,115,13,23,0
963,38.52,315,244,80,32,44,0
963,38.52,319,217,86,18,20,0
963,38.52,320,230,86,25,32,0
963,38.52,323,244,137,23,29,0
963,38.52,325,526,686,20,21,0
963,38.52,326,564,599,64,69,0
963,38.52,330,568,606,9,10,0
963,38.52,331,1236,555,35,3,0
963,38.52,332,1093,345,11,14,0
964,38.56,119,316,0,559,266,0
964,38.56,191,277,115,12,23,0
964,38.56,315,244,80,32,44,0
964,38.56,319,217,86,18,20,0
964,38.56,320,230,86,25,32,0
964,38.56,323,244,137,23,29,0
964,38.56,325,526,686,20,21,0
964,38.56,326,564,599,64,69,0
964,38.56,330,568,606,9,10,0
964,38.56,331,1236,555,35,3,0
965,38.6,119,307,0,587,307,0
965,38.6,191,274,106,15,34,0
965,38.6,315,244,78,37,46,0
965,38.6,319,217,87,18,19,0
965,38.6,320,230,84,25,34,0
965,38.6,323,231,135,39,57,0
965,38.6,325,524,686,29,20,0
965,38.6,326,562,597,70,71,0
965,38.6,331,1236,555,35,3,0
965,38.6,333,267,149,17,17,0
965,38.6,334,350,268,14,22,0
965,38.6,335,482,281,19,15,0
965,38.6,336,812,1,15,25,0
965,38.6,337,856,199,22,9,0
966,38.64,119,311,0,596,307,0
966,38.64,191,274,106,20,34,0
966,38.64,315,244,78,46,46,0
966,38.64,319,217,87,18,19,0
966,38.64,320,229,84,26,35,0
966,38.64,323,231,135,39,57,0
966,38.64,325,524,686,29,20,0
966,38.64,326,560,597,72,71,0
966,38.64,329,557,300,38,18,0
966,38.64,331,1236,554,34,5,0
966,38.64,333,267,150,19,16,0
966,38.64,334,350,268,14,22,0
966,38.64,335,480,281,21,15,0
966,38.64,338,524,304,20,11,0
966,38.64,339,713,288,23,16,0
966,38.64,340,800,247,16,23,0
967,38.68,119,311,0,602,318,0
967,38.68,315,244,78,50,62,0
967,38.68,319,217,87,18,19,0
967,38.68,320,229,84,26,35,0
967,38.68,323,231,135,39,57,0
967,38.68,325,524,686,20,20,0
967,38.68,326,560,597,72,71,0
967,38.68,329,545,322,14,13,0
967,38.68,333,267,150,19,16,0
967,38.68,334,350,268,14,22,0
967,38.68,335,480,281,21,15,0
967,38.68,338,524,304,23,11,0
967,38.68,339,712,332,24,16,0
967,38.68,341,545,686,21,18,0
968,38.72,119,311,0,602,318,0
968,38.72,315,244,78,50,62,0
968,38.72,319,217,87,18,19,0
968,38.72,320,229,84,26,35,0
968,38.72,323,231,135,39,57,0
968,38.72,326,560,597,72,71,0
968,38.72,329,545,322,14,13,0
968,38.72,333,267,150,19,16,0
968,38.72,334,350,268,14,22,0
968,38.72,335,480,281,21,15,0
968,38.72,338,524,304,33,11,0
968,38.72,339,712,332,23,12,0
968,38.72,341,524,685,42,21,0
969,38.76,119,311,0,596,318,0
969,38.76,315,244,78,50,62,0
969,38.76,319,217,87,18,19,0
969,38.76,320,229,84,26,35,0
969,38.76,323,231,136,39,56,0
969,38.76,326,560,597,72,71,0
969,38.76,329,545,322,14,12,0
969,38.76,333,267,150,19,16,0
969,38.76,334,350,268,14,22,0
969,38.76,337,832,224,16,16,0
969,38.76,338,524,304,23,11,0
969,38.76,339,712,332,24,16,0
969,38.76,340,800,247,15,9,0
969,38.76,341,524,685,42,21,0
969,38.76,342,560,324,9,20,0
970,38.8,119,311,0,596,318,0
970,38.8,315,244,78,50,62,0
970,38.8,319,217,87,18,19,0
970,38.8,320,229,84,26,35,0
970,38.8,323,231,136,39,56,0
970,38.8,326,560,597,72,71,0
970,38.8,329,545,322,14,13,0
970,38.8,333,267,150,19,16,0
970,38.8,334,350,268,14,22,0
970,38.8,337,832,224,16,16,0
970,38.8,338,524,304,23,11,0
970,38.8,339,712,332,24,16,0
970,38.8,340,800,247,15,9,0
970,38.8,341,524,685,42,21,0
970,38.8,342,559,324,10,20,0
971,38.84,119,312,0,590,318,0
971,38.84,315,244,78,50,62,0
971,38.84,319,217,87,18,19,0
971,38.84,320,230,84,25,35,0
971,38.84,323,231,136,39,56,0
971,38.84,325,537,652,19,30,0
971,38.84,326,560,597,72,71,0
971,38.84,329,545,322,14,13,0
971,38.84,333,267,149,17,17,0
971,38.84,334,350,268,14,22,0
971,38.84,336,813,1,17,23,0
971,38.84,338,524,304,21,11,0
971,38.84,341,524,684,42,22,0
972,38.88,119,312,0,576,318,0
972,38.88,315,244,80,50,57,0
972,38.88,319,217,87,18,19,0
972,38.88,320,230,85,25,34,0
972,38.88,323,231,136,38,56,0
972,38.88,326,560,599,72,69,0
972,38.88,333,267,150,17,16,0
972,38.88,334,351,268,13,20,0
972,38.88,338,524,304,21,11,0
972,38.88,341,524,684,42,22,0
972,38.88,343,322,266,14,18,0
973,38.92,119,312,0,576,305,0
973,38.92,315,244,80,50,57,0
973,38.92,319,217,87,18,19,0
973,38.92,320,230,86,25,33,0
973,38.92,323,231,136,38,56,0
973,38.92,326,560,599,72,69,0
973,38.92,331,1236,554,37,5,0
973,38.92,333,267,150,17,16,0
973,38.92,341,524,684,42,22,0
973,38.92,344,238,7,9,17,0
974,38.96,119,316,0,568,296,0
974,38.96,191,274,108,20,29,0
974,38.96,315,244,80,32,44,0
974,38.96,319,217,87,18,19,0
974,38.96,320,230,86,25,33,0
974,38.96,323,231,136,38,56,0
974,38.96,326,558,597,74,71,0
974,38.96,331,1236,554,37,5,0
974,38.96,333,267,150,17,16,0
974,38.96,341,524,684,42,22,0
974,38.96,344,238,7,9,17,0
974,38.96,345,144,576,16,8,0
975,39.0,119,316,0,563,296,0
975,39.0,191,274,108,20,29,0
975,39.0,315,244,80,32,45,0
975,39.0,319,217,87,18,19,0
975,39.0,320,230,86,25,33,0
975,39.0,323,231,136,38,55,0
975,39.0,326,558,597,74,71,0
975,39.0,331,1236,554,40,5,0
975,39.0,341,524,684,42,22,0
975,39.0,344,238,7,9,17,0
976,39.04,119,316,0,559,289,0
976,39.04,191,274,108,20,29,0
976,39.04,315,244,80,31,45,0
976,39.04,319,217,87,18,19,0
976,39.04,320,230,86,28,33,0
976,39.04,323,232,144,28,46,0
976,39.04,326,558,597,74,71,0
976,39.04,331,1212,554,64,4,0
976,39.04,337,856,199,24,9,0
976,39.04,341,524,684,42,22,0
976,39.04,344,238,7,9,17,0
977,39.08,119,316,0,557,289,0
977,39.08,191,274,108,20,29,0
977,39.08,315,244,80,31,45,0
977,39.08,319,217,87,18,19,0
977,39.08,320,230,86,25,33,0
977,39.08,323,232,144,28,46,0
977,39.08,326,562,600,70,68,0
977,39.08,331,1212,554,64,4,0
977,39.08,337,856,199,24,9,0
977,39.08,341,524,684,42,22,0
977,39.08,344,238,7,9,17,0
977,39.08,346,1244,348,26,9,0
978,39.12,119,316,0,557,289,0
978,39.12,191,274,108,20,29,0
978,39.12,315,244,80,31,45,0
978,39.12,319,217,87,18,19,0
978,39.12,320,230,86,28,33,0
978,39.12,323,232,144,28,46,0
978,39.12,326,558,604,74,64,0
978,39.12,331,1212,554,64,4,0
978,39.12,337,856,199,24,9,0
978,39.12,341,524,684,42,22,0
978,39.12,346,1244,348,26,9,0
979,39.16,119,316,0,551,278,0
979,39.16,191,276,115,18,22,0
979,39.16,315,244,80,31,44,0
979,39.16,319,218,87,17,19,0
979,39.16,320,230,86,27,32,0
979,39.16,323,232,144,28,46,0
979,39.16,326,564,604,68,61,0
979,39.16,331,1212,554,62,4,0
979,39.16,332,1057,414,27,8,0
979,39.16,335,424,251,16,15,0
979,39.16,337,856,199,24,9,0
979,39.16,341,524,684,20,22,0
979,39.16,344,238,7,9,17,0
980,39.2,119,316,0,551,278,0
980,39.2,191,276,115,18,22,0
980,39.2,315,244,80,31,44,0
980,39.2,319,218,87,17,19,0
980,39.2,320,230,86,28,32,0
980,39.2,323,232,144,28,46,0
980,39.2,326,564,604,68,61,0
980,39.2,331,1212,554,62,4,0
980,39.2,335,424,251,16,15,0
980,39.2,337,856,199,24,9,0
980,39.2,341,524,684,42,22,0
980,39.2,344,238,7,9,17,0
981,39.24,119,316,0,551,278,0
981,39.24,191,276,115,18,22,0
981,39.24,315,244,80,31,45,0
981,39.24,319,218,87,17,19,0
981,39.24,320,230,86,28,33,0
981,39.24,323,232,144,28,46,0
981,39.24,326,566,612,56,53,0
981,39.24,330,564,604,33,21,0
981,39.24,331,1212,554,62,4,0
981,39.24,335,424,251,16,15,0
981,39.24,337,856,199,24,9,0
981,39.24,341,524,684,42,22,0
981,39.24,344,238,7,9,17,0
982,39.28,119,316,0,551,278,0
982,39.28,191,276,115,18,22,0
982,39.28,315,244,80,31,45,0
982,39.28,319,218,87,17,19,0
982,39.28,320,230,86,27,33,0
982,39.28,323,232,144,28,46,0
982,39.28,326,566,612,55,53,0
982,39.28,330,564,604,33,21,0
982,39.28,331,1212,554,62,4,0
982,39.28,335,424,251,16,15,0
982,39.28,337,856,199,24,9,0
982,39.28,341,524,684,42,22,0
983,39.32,119,316,0,551,278,0
983,39.32,191,276,115,18,22,0
983,39.32,315,244,80,31,45,0
983,39.32,319,218,87,17,19,0
983,39.32,320,230,86,28,33,0
983,39.32,323,232,144,28,46,0
983,39.32,326,566,612,55,53,0
983,39.32,330,564,604,33,21,0
983,39.32,331,1212,554,62,4,0
983,39.32,335,424,251,16,15,0
983,39.32,337,856,199,24,9,0
983,39.32,341,524,684,42,22,0
984,39.36,119,316,0,551,278,0
984,39.36,191,276,115,18,22,0
984,39.36,315,244,80,31,45,0
984,39.36,319,218,87,17,19,0
984,39.36,320,230,86,28,33,0
984,39.36,323,232,144,28,46,0
984,39.36,326,568,612,53,53,0
984,39.36,331,1212,554,62,4,0
984,39.36,335,424,251,16,15,0
984,39.36,337,856,199,24,9,0
984,39.36,341,524,684,42,22,0
985,39.4,119,316,0,551,278,0
985,39.4,191,276,115,18,22,0
985,39.4,315,244,80,31,45,0
985,39.4,319,218,87,17,19,0
985,39.4,320,230,86,25,33,0
985,39.4,323,232,144,28,46,0
985,39.4,326,578,612,43,53,0
985,39.4,331,1212,554,62,4,0
985,39.4,335,424,251,16,15,0
985,39.4,337,856,199,24,9,0
985,39.4,341,524,684,42,22,0
986,39.44,119,316,0,550,278,0
986,39.44,191,276,115,18,22,0
986,39.44,315,244,80,31,45,0
986,39.44,319,218,87,17,19,0
986,39.44,320,230,86,25,33,0
986,39.44,323,232,144,28,46,0
986,39.44,326,587,612,34,53,0
986,39.44,331,1212,554,62,4,0
986,39.44,335,424,251,16,15,0
986,39.44,337,860,199,20,9,0
986,39.44,341,524,684,42,22,0
987,39.48,119,316,0,550,278,0
987,39.48,191,276,115,18,22,0
987,39.48,315,244,80,31,45,0
987,39.48,319,218,87,17,19,0
987,39.48,320,230,86,25,33,0
987,39.48,323,232,144,28,46,0
987,39.48,326,591,636,17,29,0
987,39.48,330,592,612,15,23,0
987,39.48,331,1212,554,62,4,0
987,39.48,335,424,251,16,15,0
987,39.48,341,524,684,42,22,0
988,39.52,119,316,0,550,278,0
988,39.52,191,276,115,18,22,0
988,39.52,315,244,80,31,45,0
988,39.52,319,218,87,17,19,0
988,39.52,320,230,86,25,33,0
988,39.52,323,232,144,28,46,0
988,39.52,326,591,636,17,29,0
988,39.52,330,592,612,15,23,0
988,39.52,331,1212,554,62,4,0
988,39.52,335,424,251,16,15,0
988,39.52,341,524,684,42,22,0
989,39.56,119,316,0,550,278,0
989,39.56,191,276,115,18,22,0
989,39.56,315,244,80,31,45,0
989,39.56,319,218,87,17,19,0
989,39.56,320,230,86,25,33,0
989,39.56,323,232,144,28,46,0
989,39.56,326,591,638,17,27,0
989,39.56,330,592,612,15,23,0
989,39.56,331,1212,554,62,4,0
989,39.56,335,424,251,16,15,0
989,39.56,341,538,686,28,20,0
989,39.56,347,524,684,18,16,0
990,39.6,119,316,0,550,278,0
990,39.6,191,276,115,18,22,0
990,39.6,315,244,80,31,45,0
990,39.6,319,218,87,17,19,0
990,39.6,320,230,86,25,33,0
990,39.6,323,232,144,28,46,0
990,39.6,326,592,638,16,27,0
990,39.6,331,1212,554,62,4,0
990,39.6,335,424,251,16,15,0
990,39.6,341,538,686,28,20,0
990,39.6,347,524,684,13,16,0
991,39.64,119,316,0,553,280,0
991,39.64,191,277,115,13,22,0
991,39.64,315,244,80,31,44,0
991,39.64,319,218,87,17,19,0
991,39.64,320,230,86,26,32,0
991,39.64,323,232,169,30,25,0
991,39.64,326,591,638,17,28,0
991,39.64,330,592,608,10,19,0
991,39.64,331,1209,554,61,5,0
991,39.64,333,267,149,17,17,0
991,39.64,340,808,248,8,20,0
991,39.64,346,1242,347,36,10,0
992,39.68,119,316,0,553,280,0
992,39.68,191,277,115,13,22,0
992,39.68,315,244,80,31,44,0
992,39.68,319,218,87,17,19,0
992,39.68,320,230,86,26,32,0
992,39.68,323,232,169,30,25,0
992,39.68,326,591,638,17,28,0
992,39.68,330,592,608,10,16,0
992,39.68,331,1209,554,61,5,0
992,39.68,333,267,149,17,17,0
992,39.68,340,808,248,8,20,0
992,39.68,346,1242,347,36,10,0
993,39.72,119,316,0,553,280,0
993,39.72,191,277,115,13,22,0
993,39.72,315,244,80,31,44,0
993,39.72,319,218,87,17,19,0
993,39.72,320,230,86,26,32,0
993,39.72,323,232,169,30,25,0
993,39.72,326,591,638,17,28,0
993,39.72,331,1209,554,61,5,0
993,39.72,333,267,149,17,17,0
993,39.72,340,808,248,8,20,0
993,39.72,346,1242,347,36,10,0
994,39.76,119,316,0,553,280,0
994,39.76,191,277,115,13,22,0
994,39.76,315,244,80,31,44,0
994,39.76,319,218,87,17,19,0
994,39.76,320,230,86,26,32,0
994,39.76,323,232,169,30,25,0
994,39.76,326,591,639,17,23,0
994,39.76,331,1209,554,61,5,0
994,39.76,333,267,149,17,17,0
994,39.76,340,808,248,8,20,0
994,39.76,346,1242,347,36,10,0
995,39.8,119,316,0,553,280,0
995,39.8,191,277,115,13,22,0
995,39.8,315,244,80,31,44,0
995,39.8,319,218,87,17,19,0
995,39.8,320,230,86,26,32,0
995,39.8,323,232,169,30,25,0
995,39.8,326,591,639,16,23,0
995,39.8,331,1209,554,61,5,0
995,39.8,333,267,149,17,17,0
995,39.8,340,808,248,8,20,0
995,39.8,346,1242,346,36,11,0
996,39.84,119,316,0,553,280,0
996,39.84,191,277,115,13,22,0
996,39.84,315,244,80,31,44,0
996,39.84,319,218,87,17,19,0
996,39.84,320,230,86,26,32,0
996,39.84,323,232,169,30,25,0
996,39.84,326,592,639,15,23,0
996,39.84,331,1209,554,61,5,0
996,39.84,333,267,149,17,17,0
996,39.84,346,1242,346,36,11,0
997,39.88,119,316,0,553,280,0
997,39.88,191,277,115,13,22,0
997,39.88,315,244,80,31,44,0
997,39.88,319,218,87,17,19,0
997,39.88,320,230,86,26,32,0
997,39.88,323,232,169,30,25,0
997,39.88,326,592,639,15,23,0
997,39.88,331,1209,554,61,5,0
997,39.88,333,267,149,17,17,0
997,39.88,346,1242,346,36,11,0
998,39.92,119,316,0,553,280,0
998,39.92,191,277,115,13,22,0
998,39.92,315,244,80,31,44,0
998,39.92,319,218,87,17,19,0
998,39.92,320,230,86,26,32,0
998,39.92,323,232,169,30,25,0
998,39.92,331,1209,554,61,5,0
998,39.92,333,267,149,17,17,0
998,39.92,346,1242,347,36,10,0
998,39.92,348,720,62,14,15,0
999,39.96,119,316,0,553,277,0
999,39.96,191,277,115,13,22,0
999,39.96,315,244,80,31,44,0
999,39.96,319,218,87,17,19,0
999,39.96,320,230,86,26,32,0
999,39.96,323,232,169,30,25,0
999,39.96,331,1209,554,61,5,0
999,39.96,333,267,149,17,17,0
999,39.96,346,1242,347,36,10,0
999,39.96,348,720,62,14,14,0
1000,40.0,119,316,0,552,277,0
1000,40.0,191,277,115,14,22,0
1000,40.0,315,244,80,31,43,0
1000,40.0,319,218,87,17,19,0
1000,40.0,320,230,86,17,21,0
1000,40.0,323,232,164,29,28,0
1000,40.0,333,267,150,17,17,0
1000,40.0,346,1242,347,28,10,0
1000,40.0,348,720,62,14,14,0
1000,40.0,349,244,137,24,28,0
1001,40.04,119,316,0,552,276,0
1001,40.04,191,277,115,14,22,0
1001,40.04,315,244,80,31,43,0
1001,40.04,319,218,87,17,19,0
1001,40.04,320,230,86,17,21,0
1001,40.04,323,232,164,29,28,0
1001,40.04,333,267,150,17,17,0
1001,40.04,346,1242,347,28,10,0
1001,40.04,349,244,137,24,28,0
1002,40.08,119,316,0,552,276,0
1002,40.08,191,277,115,14,22,0
1002,40.08,315,244,80,31,43,0
1002,40.08,319,218,87,17,19,0
1002,40.08,320,230,86,17,21,0
1002,40.08,323,232,164,29,28,0
1002,40.08,333,267,150,17,17,0
1002,40.08,346,1242,347,28,10,0
1002,40.08,349,244,137,24,28,0
1003,40.12,119,316,0,552,273,0
1003,40.12,191,277,115,14,18,0
1003,40.12,315,244,80,31,43,0
1003,40.12,319,218,87,17,19,0
1003,40.12,320,230,86,17,21,0
1003,40.12,323,232,164,29,28,0
1003,40.12,333,267,150,17,17,0
1003,40.12,346,1242,347,28,10,0
1003,40.12,348,675,46,34,10,0
1003,40.12,349,244,137,24,28,0
1004,40.16,119,316,0,552,273,0
1004,40.16,191,277,115,14,18,0
1004,40.16,315,244,80,31,43,0
1004,40.16,319,218,87,17,19,0
1004,40.16,320,230,86,17,21,0
1004,40.16,323,232,164,29,28,0
1004,40.16,333,267,150,17,17,0
1004,40.16,346,1242,347,28,10,0
1004,40.16,348,675,46,34,10,0
1004,40.16,349,244,137,24,28,0
1004,40.16,350,615,61,55,16,0
1005,40.2,119,316,0,552,273,0
1005,40.2,191,277,115,14,18,0
1005,40.2,315,244,80,31,43,0
1005,40.2,319,218,87,17,19,0
1005,40.2,320,230,86,17,21,0
1005,40.2,323,232,164,29,28,0
1005,40.2,333,267,150,17,17,0
1005,40.2,346,1242,347,28,10,0
1005,40.2,348,675,46,34,10,0
1005,40.2,349,244,137,24,28,0
1005,40.2,350,615,61,48,16,0
1006,40.24,119,316,0,552,280,0
1006,40.24,191,277,115,14,18,0
1006,40.24,315,244,80,31,43,0
1006,40.24,319,218,87,17,19,0
1006,40.24,320,230,86,17,21,0
1006,40.24,323,232,164,29,28,0
1006,40.24,333,267,150,17,17,0
1006,40.24,346,1242,347,28,10,0
1006,40.24,348,675,46,34,10,0
1006,40.24,349,244,137,24,28,0
1006,40.24,350,615,63,48,14,0
1006,40.24,351,404,24,28,22,0
1007,40.28,119,316,0,552,280,0
1007,40.28,191,277,115,14,18,0
1007,40.28,315,244,80,31,43,0
1007,40.28,319,218,87,17,19,0
1007,40.28,320,230,86,17,21,0
1007,40.28,323,232,164,29,28,0
1007,40.28,333,267,150,17,17,0
1007,40.28,346,1242,347,28,10,0
1007,40.28,349,244,137,24,28,0
1007,40.28,350,634,64,29,7,0
1007,40.28,351,404,24,28,22,0
1008,40.32,119,316,0,552,280,0
1008,40.32,191,277,115,14,18,0
1008,40.32,315,244,80,31,43,0
1008,40.32,319,218,87,17,19,0
1008,40.32,320,230,86,17,21,0
1008,40.32,323,232,164,29,28,0
1008,40.32,333,267,150,17,17,0
1008,40.32,346,1242,347,28,10,0
1008,40.32,349,244,137,24,28,0
1008,40.32,350,634,64,22,7,0
1008,40.32,351,404,24,28,22,0
1009,40.36,119,316,0,552,277,0
1009,40.36,191,277,115,14,18,0
1009,40.36,315,244,80,31,43,0
1009,40.36,319,218,87,17,19,0
1009,40.36,320,230,86,17,21,0
1009,40.36,323,232,164,29,28,0
1009,40.36,333,267,150,17,17,0
1009,40.36,346,1242,347,28,10,0
1009,40.36,349,244,137,24,28,0
1009,40.36,350,634,64,22,7,0
1009,40.36,351,404,24,27,22,0
1010,40.4,119,316,0,552,277,0
1010,40.4,191,277,115,14,18,0
1010,40.4,315,244,80,31,43,0
1010,40.4,319,218,87,17,19,0
1010,40.4,320,230,86,17,21,0
1010,40.4,323,232,164,29,28,0
1010,40.4,333,267,150,17,17,0
1010,40.4,346,1242,347,28,10,0
1010,40.4,349,244,137,24,28,0
1010,40.4,350,634,64,22,7,0
1010,40.4,351,404,25,27,21,0
1011,40.44,119,313,0,555,280,0
1011,40.44,191,277,115,14,18,0
1011,40.44,315,244,80,31,43,0
1011,40.44,319,218,87,17,19,0
1011,40.44,320,230,86,17,20,0
1011,40.44,323,232,164,29,28,0
1011,40.44,333,267,150,17,16,0
1011,40.44,346,1242,347,28,10,0
1011,40.44,349,244,137,24,28,0
1011,40.44,350,634,64,22,7,0
1011,40.44,351,404,25,27,21,0
1012,40.48,119,313,0,555,280,0
1012,40.48,191,277,115,14,18,0
1012,40.48,315,244,80,31,43,0
1012,40.48,320,230,86,17,20,0
1012,40.48,323,232,166,29,26,0
1012,40.48,333,267,150,17,16,0
1012,40.48,346,1242,347,28,10,0
1012,40.48,349,244,137,24,28,0
1012,40.48,351,404,25,27,21,0
1013,40.52,119,313,0,555,282,0
1013,40.52,191,277,115,14,18,0
1013,40.52,315,244,80,31,43,0
1013,40.52,320,230,86,17,20,0
1013,40.52,323,232,166,29,26,0
1013,40.52,333,267,150,17,16,0
1013,40.52,346,1242,347,28,10,0
1013,40.52,348,744,46,30,24,0
1013,40.52,351,404,25,27,21,0
1014,40.56,119,313,0,555,282,0
1014,40.56,191,277,115,14,18,0
1014,40.56,315,244,80,31,43,0
1014,40.56,320,230,86,17,20,0
1014,40.56,323,232,166,29,26,0
1014,40.56,333,267,150,17,16,0
1014,40.56,346,1242,347,28,10,0
1014,40.56,348,744,46,30,24,0
1014,40.56,351,404,25,27,21,0
1015,40.6,119,313,0,555,282,0
1015,40.6,191,277,115,14,18,0
1015,40.6,315,244,80,31,43,0
1015,40.6,320,230,86,17,20,0
1015,40.6,323,232,166,29,26,0
1015,40.6,333,267,150,17,16,0
1015,40.6,346,1242,347,28,10,0
1015,40.6,348,744,46,30,24,0
1015,40.6,351,404,25,27,21,0
1015,40.6,352,734,80,15,16,0
1016,40.64,119,313,0,555,280,0
1016,40.64,191,277,115,14,18,0
1016,40.64,315,244,80,31,43,0
1016,40.64,320,230,86,17,20,0
1016,40.64,323,232,166,29,26,0
1016,40.64,333,267,150,17,16,0
1016,40.64,346,1242,347,28,10,0
1016,40.64,348,744,46,30,24,0
1016,40.64,351,404,25,25,21,0
1017,40.68,119,313,0,555,281,0
1017,40.68,191,277,115,14,18,0
1017,40.68,315,244,80,31,43,0
1017,40.68,320,230,86,17,20,0
1017,40.68,323,232,166,29,26,0
1017,40.68,333,267,150,17,16,0
1017,40.68,346,1242,347,28,10,0
1017,40.68,348,735,46,39,24,0
1017,40.68,351,404,26,25,20,0
1018,40.72,119,313,0,555,281,0
1018,40.72,191,277,115,14,18,0
1018,40.72,315,244,80,31,43,0
1018,40.72,320,230,86,17,20,0
1018,40.72,323,232,166,29,26,0
1018,40.72,333,267,150,17,16,0
1018,40.72,346,1242,347,28,10,0
1018,40.72,348,744,46,31,24,0
1018,40.72,351,404,26,25,20,0
1019,40.76,119,313,0,555,281,0
1019,40.76,191,277,115,14,18,0
1019,40.76,315,244,80,31,43,0
1019,40.76,320,230,86,17,20,0
1019,40.76,323,232,166,29,26,0
1019,40.76,333,267,150,17,16,0
1019,40.76,346,1242,347,28,10,0
1019,40.76,348,744,46,30,24,0
1019,40.76,351,404,26,25,20,0
1019,40.76,352,774,76,16,22,0
1019,40.76,353,320,0,43,66,0
1019,40.76,354,652,138,22,19,0
1020,40.8,119,311,0,557,287,0
1020,40.8,191,277,115,14,18,0
1020,40.8,315,244,80,31,43,0
1020,40.8,320,230,86,17,20,0
1020,40.8,323,232,166,29,26,0
1020,40.8,333,267,150,17,16,0
1020,40.8,346,1242,347,28,10,0
1020,40.8,348,751,46,23,24,0
1020,40.8,351,405,28,24,18,0
1020,40.8,352,774,76,16,18,0
1020,40.8,353,320,0,43,66,0
1020,40.8,354,652,138,22,18,0
1021,40.84,119,311,0,557,286,0
1021,40.84,191,277,115,14,18,0
1021,40.84,315,244,80,31,43,0
1021,40.84,320,230,86,17,20,0
1021,40.84,323,232,166,29,26,0
1021,40.84,333,267,150,17,16,0
1021,40.84,346,1242,347,28,10,0
1021,40.84,348,751,46,23,24,0
1021,40.84,351,405,28,24,18,0
1021,40.84,352,774,76,16,18,0
1021,40.84,353,320,0,43,66,0
1021,40.84,354,654,138,19,17,0
1022,40.88,119,311,0,557,286,0
1022,40.88,191,277,115,14,18,0
1022,40.88,315,244,80,31,43,0
1022,40.88,320,230,86,17,20,0
1022,40.88,323,232,166,29,26,0
1022,40.88,333,267,150,17,16,0
1022,40.88,346,1242,347,28,10,0
1022,40.88,348,751,46,23,24,0
1022,40.88,351,405,28,24,18,0
1022,40.88,352,774,76,16,18,0
1022,40.88,353,320,0,43,66,0
1022,40.88,354,654,138,18,14,0
1023,40.92,119,309,0,571,289,0
1023,40.92,191,276,116,10,17,0
1023,40.92,315,245,80,32,44,0
1023,40.92,320,230,85,28,37,0
1023,40.92,323,232,166,34,33,0
1023,40.92,331,1208,554,71,5,0
1023,40.92,333,267,148,21,18,0
1023,40.92,346,1242,345,30,12,0
1023,40.92,348,751,46,23,24,0
1023,40.92,351,405,28,24,18,0
1023,40.92,352,774,80,16,14,0
1023,40.92,353,320,0,43,28,0
1023,40.92,355,1161,553,43,5,0
1024,40.96,119,309,0,571,289,0
1024,40.96,191,276,116,10,20,0
1024,40.96,315,245,80,32,44,0
1024,40.96,320,230,85,28,37,0
1024,40.96,323,232,166,34,33,0
1024,40.96,331,1208,554,71,5,0
1024,40.96,333,267,148,21,18,0
1024,40.96,346,1242,345,30,12,0
1024,40.96,348,751,46,23,24,0
1024,40.96,351,405,26,24,20,0
1024,40.96,352,774,80,16,14,0
1024,40.96,353,320,0,43,28,0
1024,40.96,354,621,175,18,14,0
1024,40.96,355,1161,553,43,5,0
1025,41.0,119,309,0,571,289,0
1025,41.0,191,276,117,10,19,0
1025,41.0,315,245,80,32,44,0
1025,41.0,320,230,85,28,37,0
1025,41.0,323,232,166,34,33,0
1025,41.0,331,1208,554,71,5,0
1025,41.0,333,267,148,21,18,0
1025,41.0,346,1242,345,30,12,0
1025,41.0,348,751,46,23,24,0
1025,41.0,350,530,61,71,23,0
1025,41.0,351,405,26,24,20,0
1025,41.0,353,320,0,43,28,0
1025,41.0,354,622,176,17,13,0
1025,41.0,355,1161,553,43,5,0
1025,41.0,356,622,158,10,17,0
1026,41.04,119,309,0,571,289,0
1026,41.04,191,276,117,10,19,0
1026,41.04,315,245,80,32,44,0
1026,41.04,320,230,85,28,37,0
1026,41.04,323,232,166,34,33,0
1026,41.04,331,1208,554,71,5,0
1026,41.04,333,267,148,21,18,0
1026,41.04,346,1242,345,30,12,0
1026,41.04,348,751,46,23,24,0
1026,41.04,350,530,61,50,23,0
1026,41.04,351,405,26,24,20,0
1026,41.04,353,320,0,43,28,0
1026,41.04,354,622,176,17,13,0
1026,41.04,355,1161,553,43,5,0
1026,41.04,356,619,157,21,18,0
1026,41.04,357,587,64,14,16,0
1027,41.08,119,309,0,571,289,0
1027,41.08,191,276,117,10,19,0
1027,41.08,315,245,80,32,44,0
1027,41.08,320,230,85,28,37,0
1027,41.08,323,232,166,34,33,0
1027,41.08,331,1208,554,71,5,0
1027,41.08,333,267,148,21,18,0
1027,41.08,346,1242,345,30,12,0
1027,41.08,350,530,61,48,23,0
1027,41.08,351,405,26,24,20,0
1027,41.08,353,320,0,43,28,0
1027,41.08,354,622,176,17,12,0
1027,41.08,355,1161,553,43,5,0
1027,41.08,357,587,64,14,16,0
1027,41.08,358,388,0,411,53,0
1028,41.12,119,309,0,571,289,0
1028,41.12,191,276,117,10,19,0
1028,41.12,315,245,80,32,44,0
1028,41.12,320,230,85,28,37,0
1028,41.12,323,232,166,34,33,0
1028,41.12,331,1208,554,71,5,0
1028,41.12,333,267,148,21,18,0
1028,41.12,346,1242,345,30,12,0
1028,41.12,350,530,61,48,23,0
1028,41.12,351,405,26,24,20,0
1028,41.12,353,320,0,43,28,0
1028,41.12,355,1161,553,43,5,0
1028,41.12,357,587,64,14,16,0
1028,41.12,358,388,0,411,53,0
1028,41.12,359,421,34,75,52,0
1029,41.16,119,309,0,571,289,0
1029,41.16,191,276,117,10,19,0
1029,41.16,315,245,80,32,44,0
1029,41.16,320,230,85,28,37,0
1029,41.16,323,232,166,34,33,0
1029,41.16,331,1208,554,71,5,0
1029,41.16,333,267,148,21,18,0
1029,41.16,346,1242,345,30,12,0
1029,41.16,348,782,0,17,17,0
1029,41.16,350,530,61,48,23,0
1029,41.16,351,405,26,24,20,0
1029,41.16,353,320,0,43,28,0
1029,41.16,355,1161,553,43,5,0
1029,41.16,357,587,64,14,16,0
1029,41.16,358,388,0,411,53,0
1029,41.16,359,421,34,75,52,0
1030,41.2,119,309,0,571,289,0
1030,41.2,191,276,117,10,19,0
1030,41.2,315,245,80,32,44,0
1030,41.2,320,230,85,28,37,0
1030,41.2,323,232,166,34,33,0
1030,41.2,331,1208,554,71,5,0
1030,41.2,333,267,148,21,18,0
1030,41.2,346,1242,345,30,12,0
1030,41.2,348,775,28,21,18,0
1030,41.2,350,530,61,48,23,0
1030,41.2,351,405,26,23,20,0
1030,41.2,353,320,0,43,28,0
1030,41.2,354,681,154,21,16,0
1030,41.2,355,1161,553,43,5,0
1030,41.2,356,633,137,18,31,0
1030,41.2,357,587,64,14,14,0
1030,41.2,359,421,34,41,52,0
1030,41.2,360,498,63,28,19,0
1031,41.24,119,309,0,571,289,0
1031,41.24,191,276,117,10,16,0
1031,41.24,315,245,80,32,44,0
1031,41.24,320,230,85,28,37,0
1031,41.24,323,232,166,34,33,0
1031,41.24,331,1208,554,71,5,0
1031,41.24,333,267,148,21,18,0
1031,41.24,346,1242,345,30,12,0
1031,41.24,348,775,28,21,18,0
1031,41.24,350,530,61,31,23,0
1031,41.24,352,782,0,17,17,0
1031,41.24,353,320,0,43,28,0
1031,41.24,354,681,154,21,16,0
1031,41.24,355,1161,553,43,5,0
1031,41.24,357,587,64,14,14,0
1031,41.24,358,559,64,19,17,0
1031,41.24,359,421,34,41,52,0
1031,41.24,360,498,64,28,16,0
1032,41.28,119,309,0,571,289,0
1032,41.28,191,276,117,10,16,0
1032,41.28,315,245,80,32,44,0
1032,41.28,320,230,85,28,37,0
1032,41.28,323,232,166,34,33,0
1032,41.28,331,1208,554,71,5,0
1032,41.28,333,267,148,21,18,0
1032,41.28,346,1242,345,30,12,0
1032,41.28,348,775,28,21,16,0
1032,41.28,350,530,61,31,23,0
1032,41.28,352,782,0,17,17,0
1032,41.28,353,320,0,43,28,0
1032,41.28,354,681,154,21,16,0
1032,41.28,355,1161,553,43,5,0
1032,41.28,356,608,161,15,15,0
1032,41.28,357,587,64,14,14,0
1032,41.28,358,559,64,19,17,0
1032,41.28,359,421,34,37,52,0
1032,41.28,360,498,64,28,16,0
1032,41.28,361,392,0,391,53,0
1033,41.32,119,306,0,574,289,0
1033,41.32,191,276,117,10,16,0
1033,41.32,315,245,80,32,44,0
1033,41.32,320,230,85,28,37,0
1033,41.32,323,232,166,34,33,0
1033,41.32,331,1208,554,71,5,0
1033,41.32,333,267,148,21,18,0
1033,41.32,346,1242,345,30,12,0
1033,41.32,348,775,28,21,16,0
1033,41.32,350,530,61,31,23,0
1033,41.32,352,782,0,17,17,0
1033,41.32,353,320,0,43,28,0
1033,41.32,355,1161,553,43,5,0
1033,41.32,357,587,64,14,14,0
1033,41.32,359,421,34,37,52,0
1033,41.32,360,498,64,28,16,0
1033,41.32,361,392,0,390,53,0
1034,41.36,119,306,0,574,289,0
1034,41.36,191,276,117,10,16,0
1034,41.36,315,245,80,32,44,0
1034,41.36,320,230,85,28,37,0
1034,41.36,323,232,166,34,33,0
1034,41.36,331,1208,554,71,5,0
1034,41.36,333,267,148,21,18,0
1034,41.36,346,1242,345,30,12,0
1034,41.36,350,530,61,31,23,0
1034,41.36,352,782,0,17,15,0
1034,41.36,353,320,0,43,28,0
1034,41.36,355,1161,553,43,5,0
1034,41.36,357,587,64,14,14,0
1034,41.36,359,421,38,35,48,0
1034,41.36,360,498,64,28,16,0
1034,41.36,361,392,0,390,53,0
1035,41.4,119,306,0,574,289,0
1035,41.4,191,276,117,10,16,0
1035,41.4,315,245,80,32,44,0
1035,41.4,320,230,85,28,37,0
1035,41.4,323,232,166,34,33,0
1035,41.4,331,1208,554,71,5,0
1035,41.4,333,267,148,21,18,0
1035,41.4,346,1242,345,30,12,0
1035,41.4,350,533,61,28,23,0
1035,41.4,352,780,0,19,20,0
1035,41.4,353,320,0,43,28,0
1035,41.4,355,1161,553,43,5,0
1035,41.4,357,587,64,14,14,0
1035,41.4,359,421,38,35,48,0
1035,41.4,360,498,64,28,15,0
1035,41.4,361,392,0,390,49,0
1036,41.44,119,306,0,574,289,0
1036,41.44,191,276,117,10,16,0
1036,41.44,315,245,80,32,44,0
1036,41.44,320,230,85,28,37,0
1036,41.44,323,232,166,34,33,0
1036,41.44,331,1208,554,71,5,0
1036,41.44,333,267,148,21,18,0
1036,41.44,346,1242,345,30,12,0
1036,41.44,350,533,62,28,22,0
1036,41.44,352,782,0,17,14,0
1036,41.44,353,320,0,43,28,0
1036,41.44,355,1161,553,43,5,0
1036,41.44,357,587,64,14,14,0
1036,41.44,359,421,38,35,48,0
1036,41.44,360,498,64,28,13,0
1036,41.44,361,392,0,390,49,0
1037,41.48,119,306,0,574,289,0
1037,41.48,191,276,117,10,16,0
1037,41.48,315,245,80,32,44,0
1037,41.48,320,230,85,28,37,0
1037,41.48,323,232,166,34,33,0
1037,41.48,331,1208,554,71,5,0
1037,41.48,333,267,148,21,18,0
1037,41.48,346,1242,345,30,12,0
1037,41.48,350,533,62,28,22,0
1037,41.48,352,782,0,17,14,0
1037,41.48,353,320,0,43,28,0
1037,41.48,354,718,109,17,17,0
1037,41.48,355,1161,553,43,5,0
1037,41.48,357,587,64,14,14,0
1037,41.48,359,421,38,35,46,0
1037,41.48,360,498,64,28,13,0
1037,41.48,361,392,0,390,49,0
1037,41.48,362,642,51,18,13,0
1037,41.48,363,729,100,23,24,0
1038,41.52,119,305,0,575,289,0
1038,41.52,191,276,117,10,16,0
1038,41.52,315,245,80,32,44,0
1038,41.52,320,230,85,28,37,0
1038,41.52,323,232,166,34,33,0
1038,41.52,331,1208,554,71,5,0
1038,41.52,333,267,148,21,18,0
1038,41.52,346,1242,345,30,12,0
1038,41.52,350,533,62,28,22,0
1038,41.52,351,392,0,14,26,0
1038,41.52,352,782,0,11,14,0
1038,41.52,353,320,0,43,28,0
1038,41.52,354,718,109,17,17,0
1038,41.52,355,1161,553,43,5,0
1038,41.52,357,587,64,14,14,0
1038,41.52,359,421,38,35,46,0
1038,41.52,360,454,64,40,31,0
1038,41.52,361,404,0,378,49,0
1038,41.52,363,729,100,23,23,0
1039,41.56,119,305,0,575,289,0
1039,41.56,191,276,117,10,16,0
1039,41.56,315,245,80,32,44,0
1039,41.56,320,230,85,28,37,0
1039,41.56,323,232,166,34,33,0
1039,41.56,331,1208,554,71,5,0
1039,41.56,333,267,148,21,18,0
1039,41.56,346,1242,345,30,12,0
1039,41.56,350,533,62,21,22,0
1039,41.56,351,392,0,14,26,0
1039,41.56,352,782,0,11,14,0
1039,41.56,353,320,0,43,28,0
1039,41.56,354,718,109,17,17,0
1039,41.56,355,1161,553,43,5,0
1039,41.56,357,587,64,14,14,0
1039,41.56,359,421,39,35,44,0
1039,41.56,360,454,65,40,30,0
1039,41.56,361,404,0,378,49,0
1039,41.56,363,729,100,23,23,0
1040,41.6,119,305,0,575,289,0
1040,41.6,191,276,117,10,16,0
1040,41.6,315,245,80,32,44,0
1040,41.6,320,230,85,28,37,0
1040,41.6,323,232,166,34,33,0
1040,41.6,331,1208,554,71,5,0
1040,41.6,333,267,150,21,16,0
1040,41.6,346,1242,345,30,12,0
1040,41.6,350,533,62,21,22,0
1040,41.6,351,392,0,14,26,0
1040,41.6,352,782,0,11,14,0
1040,41.6,353,320,0,43,28,0
1040,41.6,354,718,109,17,17,0
1040,41.6,355,1161,553,43,5,0
1040,41.6,357,587,64,14,14,0
1040,41.6,359,421,39,35,44,0
1040,41.6,360,454,65,35,30,0
1040,41.6,361,404,0,378,49,0
1040,41.6,363,729,100,21,21,0
1040,41.6,364,832,104,24,19,0
1041,41.64,119,305,0,575,289,0
1041,41.64,191,276,117,10,16,0
1041,41.64,315,245,80,32,44,0
1041,41.64,320,230,85,28,37,0
1041,41.64,323,232,166,34,33,0
1041,41.64,331,1208,554,71,5,0
1041,41.64,333,267,150,21,16,0
1041,41.64,346,1242,345,30,12,0
1041,41.64,350,533,62,21,22,0
1041,41.64,351,392,0,14,26,0
1041,41.64,352,782,0,11,14,0
1041,41.64,353,320,0,43,28,0
1041,41.64,354,718,109,17,17,0
1041,41.64,355,1161,553,43,5,0
1041,41.64,357,587,64,14,14,0
1041,41.64,359,431,39,25,30,0
1041,41.64,360,457,65,32,30,0
1041,41.64,361,404,0,378,49,0
1041,41.64,363,729,100,21,21,0
1041,41.64,364,832,104,24,19,0
1041,41.64,365,421,67,12,16,0
1042,41.68,119,305,0,575,289,0
1042,41.68,191,276,117,10,16,0
1042,41.68,315,245,80,32,44,0
1042,41.68,320,230,85,28,37,0
1042,41.68,323,232,166,34,33,0
1042,41.68,331,1208,554,71,5,0
1042,41.68,333,267,150,21,16,0
1042,41.68,346,1242,345,30,12,0
1042,41.68,350,533,62,21,22,0
1042,41.68,351,392,0,14,17,0
1042,41.68,352,782,0,11,14,0
1042,41.68,353,320,0,43,28,0
1042,41.68,354,720,109,14,17,0
1042,41.68,355,1161,553,43,5,0
1042,41.68,357,587,64,14,14,0
1042,41.68,359,431,39,25,30,0
1042,41.68,360,464,65,25,30,0
1042,41.68,361,404,0,378,49,0
1042,41.68,363,733,102,17,19,0
1042,41.68,364,832,104,24,19,0
1042,41.68,365,421,67,12,16,0
1043,41.72,119,304,0,576,289,0
1043,41.72,191,276,117,10,16,0
1043,41.72,315,245,80,32,44,0
1043,41.72,320,230,85,28,37,0
1043,41.72,323,232,166,34,33,0
1043,41.72,331,1208,554,71,5,0
1043,41.72,333,267,150,21,16,0
1043,41.72,346,1242,345,30,12,0
1043,41.72,348,790,81,31,61,0
1043,41.72,350,533,62,21,22,0
1043,41.72,351,392,0,14,17,0
1043,41.72,352,782,0,11,14,0
1043,41.72,353,320,0,47,28,0
1043,41.72,354,720,109,14,17,0
1043,41.72,355,1161,553,43,5,0
1043,41.72,360,464,65,25,29,0
1043,41.72,361,404,0,378,49,0
1043,41.72,363,733,102,17,19,0
1043,41.72,364,832,104,24,19,0
1044,41.76,119,304,0,576,289,0
1044,41.76,315,245,80,32,44,0
1044,41.76,320,230,85,28,37,0
1044,41.76,323,232,166,34,33,0
1044,41.76,331,1208,554,71,5,0
1044,41.76,333,267,150,21,16,0
1044,41.76,346,1242,345,30,12,0
1044,41.76,348,790,81,31,41,0
1044,41.76,351,392,0,14,17,0
1044,41.76,352,782,0,11,14,0
1044,41.76,353,320,0,47,28,0
1044,41.76,355,1161,553,43,5,0
1044,41.76,360,464,70,25,24,0
1044,41.76,361,404,0,378,49,0
1044,41.76,363,733,102,17,19,0
1044,41.76,364,834,104,22,18,0
1045,41.8,119,304,0,576,289,0
1045,41.8,315,245,80,32,44,0
1045,41.8,320,230,85,28,37,0
1045,41.8,323,232,166,34,33,0
1045,41.8,331,1208,554,71,5,0
1045,41.8,333,267,150,21,16,0
1045,41.8,346,1242,345,30,12,0
1045,41.8,348,790,81,31,41,0
1045,41.8,351,392,0,14,17,0
1045,41.8,352,782,0,11,14,0
1045,41.8,353,320,0,47,28,0
1045,41.8,355,1161,553,43,5,0
1045,41.8,360,464,70,24,24,0
1045,41.8,361,404,0,377,49,0
1045,41.8,363,733,102,17,19,0
1045,41.8,364,834,104,22,18,0
1046,41.84,119,304,0,576,289,0
1046,41.84,315,245,80,32,44,0
1046,41.84,320,230,85,28,37,0
1046,41.84,323,234,166,32,33,0
1046,41.84,331,1208,554,71,5,0
1046,41.84,333,267,150,21,16,0
1046,41.84,346,1242,345,30,12,0
1046,41.84,348,790,81,31,41,0
1046,41.84,351,392,0,14,17,0
1046,41.84,353,320,0,47,28,0
1046,41.84,355,1161,553,43,5,0
1046,41.84,360,465,70,23,24,0
1046,41.84,361,404,0,375,49,0
1046,41.84,363,733,102,17,17,0
1046,41.84,364,834,104,22,18,0
1047,41.88,119,304,0,576,289,0
1047,41.88,315,245,80,32,44,0
1047,41.88,320,230,85,28,37,0
1047,41.88,323,234,166,32,33,0
1047,41.88,331,1208,554,71,5,0
1047,41.88,333,267,150,21,16,0
1047,41.88,346,1242,345,30,12,0
1047,41.88,348,790,81,31,32,0
1047,41.88,351,392,0,14,17,0
1047,41.88,353,320,0,47,28,0
1047,41.88,355,1161,553,43,5,0
1047,41.88,360,465,70,23,24,0
1047,41.88,361,404,0,375,49,0
1047,41.88,363,733,102,15,17,0
1047,41.88,364,835,104,21,18,0
1048,41.92,119,302,0,578,289,0
1048,41.92,315,247,82,30,42,0
1048,41.92,320,230,85,28,37,0
1048,41.92,323,234,166,32,33,0
1048,41.92,331,1208,554,71,5,0
1048,41.92,333,267,150,21,16,0
1048,41.92,346,1242,345,30,12,0
1048,41.92,348,790,81,31,32,0
1048,41.92,351,392,0,14,17,0
1048,41.92,353,320,0,47,28,0
1048,41.92,354,689,174,15,18,0
1048,41.92,355,1161,553,43,5,0
1048,41.92,361,404,0,375,49,0
1048,41.92,363,733,102,15,17,0
1048,41.92,364,835,104,21,18,0
1048,41.92,366,594,161,16,15,0
1048,41.92,367,624,158,21,29,0
1048,41.92,368,640,142,34,15,0
1049,41.96,119,302,0,578,289,0
1049,41.96,315,247,82,30,42,0
1049,41.96,320,230,85,28,37,0
1049,41.96,323,234,166,32,33,0
1049,41.96,331,1208,554,71,5,0
1049,41.96,333,267,150,21,16,0
1049,41.96,346,1242,345,30,12,0
1049,41.96,348,790,81,31,32,0
1049,41.96,350,526,143,12,14,0
1049,41.96,351,392,0,14,17,0
1049,41.96,353,320,0,47,28,0
1049,41.96,354,689,174,16,21,0
1049,41.96,355,1161,553,43,5,0
1049,41.96,361,404,0,375,49,0
1049,41.96,363,733,102,15,17,0
1049,41.96,364,835,104,21,18,0
1049,41.96,366,594,161,16,15,0
1049,41.96,367,624,159,20,28,0
1049,41.96,369,554,150,20,25,0
1050,42.0,119,302,0,578,289,0
1050,42.0,315,247,82,30,42,0
1050,42.0,320,230,85,28,37,0
1050,42.0,323,234,166,32,33,0
1050,42.0,331,1208,554,71,5,0
1050,42.0,333,267,150,21,16,0
1050,42.0,346,1242,345,30,12,0
1050,42.0,348,790,81,31,32,0
1050,42.0,350,526,143,12,14,0
1050,42.0,351,392,0,14,17,0
1050,42.0,353,320,0,47,28,0
1050,42.0,354,689,174,16,21,0
1050,42.0,355,1161,553,43,5,0
1050,42.0,358,529,127,46,34,0
1050,42.0,361,404,0,375,49,0
1050,42.0,363,733,102,15,17,0
1050,42.0,364,835,104,21,18,0
1050,42.0,366,594,161,16,15,0
1050,42.0,369,554,150,19,22,0
1051,42.04,119,302,0,578,289,0
1051,42.04,315,247,82,30,42,0
1051,42.04,323,234,166,32,33,0
1051,42.04,331,1208,554,71,5,0
1051,42.04,333,267,150,21,16,0
1051,42.04,346,1246,345,26,12,0
1051,42.04,348,790,81,31,32,0
1051,42.04,350,526,143,12,14,0
1051,42.04,353,320,0,47,28,0
1051,42.04,354,689,174,16,21,0
1051,42.04,358,529,127,46,34,0
1051,42.04,361,404,0,375,49,0
1051,42.04,363,733,102,15,17,0
1051,42.04,364,835,104,21,18,0
1051,42.04,366,595,161,15,15,0
1051,42.04,369,554,150,19,22,0
1051,42.04,370,496,183,21,21,0
1051,42.04,371,512,162,44,30,0
1052,42.08,119,302,0,578,289,0
1052,42.08,315,247,82,30,42,0
1052,42.08,323,234,166,32,33,0
1052,42.08,331,1208,554,71,5,0
1052,42.08,333,267,150,21,16,0
1052,42.08,346,1246,345,26,12,0
1052,42.08,348,798,95,23,18,0
1052,42.08,350,526,143,12,14,0
1052,42.08,353,320,0,47,28,0
1052,42.08,357,530,27,26,10,0
1052,42.08,358,533,127,42,34,0
1052,42.08,361,404,0,375,44,0
1052,42.08,363,730,102,18,17,0
1052,42.08,364,840,104,16,18,0
1052,42.08,366,595,161,15,15,0
1052,42.08,369,554,150,19,22,0
1052,42.08,370,496,183,21,21,0
1052,42.08,371,512,162,44,30,0
1053,42.12,119,302,0,578,289,0
1053,42.12,315,247,82,29,42,0
1053,42.12,323,234,166,32,33,0
1053,42.12,331,1208,554,71,5,0
1053,42.12,333,267,150,21,16,0
1053,42.12,346,1246,345,24,12,0
1053,42.12,348,798,95,23,18,0
1053,42.12,353,320,0,47,28,0
1053,42.12,357,530,27,26,10,0
1053,42.12,358,534,127,41,34,0
1053,42.12,361,404,0,375,37,0
1053,42.12,362,572,18,31,26,0
1053,42.12,363,729,102,19,12,0
1053,42.12,364,840,104,16,18,0
1053,42.12,366,595,162,15,14,0
1053,42.12,368,574,52,208,115,0
1053,42.12,369,554,150,19,22,0
1053,42.12,370,496,183,21,21,0
1053,42.12,371,522,162,33,30,0
1054,42.16,119,302,0,578,289,0
1054,42.16,315,247,82,29,42,0
1054,42.16,323,235,166,31,33,0
1054,42.16,331,1208,554,71,5,0
1054,42.16,333,267,150,21,16,0
1054,42.16,346,1246,345,30,12,0
1054,42.16,348,798,95,23,18,0
1054,42.16,353,320,0,47,28,0
1054,42.16,354,647,135,22,25,0
1054,42.16,357,531,27,25,8,0
1054,42.16,358,536,127,39,34,0
1054,42.16,361,404,0,375,37,0
1054,42.16,362,572,18,31,26,0
1054,42.16,364,840,104,16,18,0
1054,42.16,366,595,162,15,14,0
1054,42.16,367,656,159,8,22,0
1054,42.16,368,574,49,208,115,0
1054,42.16,369,554,150,19,22,0
1054,42.16,370,502,183,15,21,0
1054,42.16,371,531,162,24,26,0
1055,42.2,119,299,0,589,292,0
1055,42.2,191,263,79,19,12,0
1055,42.2,315,244,80,32,44,0
1055,42.2,320,228,85,30,37,0
1055,42.2,323,235,166,36,37,0
1055,42.2,331,1200,554,72,6,0
1055,42.2,333,267,148,25,19,0
1055,42.2,346,1242,345,38,15,0
1055,42.2,348,798,96,23,17,0
1055,42.2,351,389,0,17,17,0
1055,42.2,354,624,173,15,11,0
1055,42.2,355,1130,552,69,6,0
1055,42.2,358,537,127,38,34,0
1055,42.2,361,404,0,375,37,0
1055,42.2,362,572,18,31,26,0
1055,42.2,365,380,67,21,22,0
1055,42.2,366,595,162,15,14,0
1055,42.2,367,656,159,8,22,0
1055,42.2,368,574,49,208,115,0
1055,42.2,369,554,150,19,22,0
1055,42.2,370,513,179,20,13,0
1055,42.2,372,269,232,10,19,0
1056,42.24,119,299,0,589,292,0
1056,42.24,191,263,79,19,12,0
1056,42.24,315,244,80,32,44,0
1056,42.24,320,228,85,30,37,0
1056,42.24,323,235,166,36,37,0
1056,42.24,331,1200,554,72,6,0
1056,42.24,333,267,148,25,19,0
1056,42.24,346,1242,345,38,15,0
1056,42.24,348,798,96,23,17,0
1056,42.24,350,440,85,158,81,0
1056,42.24,351,389,0,17,17,0
1056,42.24,354,624,173,15,11,0
1056,42.24,355,1130,552,69,6,0
1056,42.24,358,537,127,38,34,0
1056,42.24,361,404,0,375,37,0
1056,42.24,365,380,67,21,22,0
1056,42.24,366,595,162,15,14,0
1056,42.24,367,656,159,8,22,0
1056,42.24,368,574,49,208,115,0
1056,42.24,369,554,150,19,22,0
1056,42.24,370,513,179,20,13,0
1056,42.24,372,269,232,10,19,0
1057,42.28,191,263,79,19,12,0
1057,42.28,315,247,83,29,41,0
1057,42.28,320,228,85,30,37,0
1057,42.28,323,235,166,36,37,0
1057,42.28,331,1200,554,72,6,0
1057,42.28,333,267,148,25,19,0
1057,42.28,346,1242,345,38,15,0
1057,42.28,348,798,97,23,16,0
1057,42.28,350,445,85,153,81,0
1057,42.28,351,389,0,17,17,0
1057,42.28,354,624,173,15,11,0
1057,42.28,355,1130,552,69,6,0
1057,42.28,358,537,127,38,34,0
1057,42.28,361,404,0,375,31,0
1057,42.28,362,572,18,17,17,0
1057,42.28,365,380,67,21,23,0
1057,42.28,366,595,162,15,14,0
1057,42.28,367,656,159,8,22,0
1057,42.28,368,574,49,208,115,0
1057,42.28,369,554,150,19,22,0
1057,42.28,370,512,179,21,13,0
1057,42.28,371,299,0,395,292,0
1057,42.28,372,269,232,10,19,0
1057,42.28,373,679,120,209,157,0
1058,42.32,191,263,79,19,12,0
1058,42.32,315,247,83,29,41,0
1058,42.32,320,228,85,30,37,0
1058,42.32,323,235,166,36,37,0
1058,42.32,331,1200,554,72,6,0
1058,42.32,333,267,148,25,19,0
1058,42.32,346,1242,345,38,15,0
1058,42.32,348,798,97,23,16,0
1058,42.32,350,445,85,153,81,0
1058,42.32,351,389,0,17,17,0
1058,42.32,354,624,173,15,11,0
1058,42.32,355,1130,552,69,6,0
1058,42.32,358,537,127,38,26,0
1058,42.32,361,404,0,375,31,0
1058,42.32,364,852,123,21,15,0
1058,42.32,365,380,67,21,23,0
1058,42.32,366,673,161,15,25,0
1058,42.32,367,656,159,8,22,0
1058,42.32,368,574,49,207,115,0
1058,42.32,369,554,150,19,22,0
1058,42.32,370,512,179,21,13,0
1058,42.32,371,299,0,395,292,0
1058,42.32,372,269,232,10,18,0
1058,42.32,373,679,136,209,141,0
1059,42.36,119,647,133,25,22,0
1059,42.36,191,263,79,19,12,0
1059,42.36,315,247,83,29,41,0
1059,42.36,320,228,85,30,37,0
1059,42.36,323,235,166,36,37,0
1059,42.36,331,1200,554,72,6,0
1059,42.36,333,267,148,25,19,0
1059,42.36,346,1242,345,38,15,0
1059,42.36,348,798,97,23,16,0
1059,42.36,350,445,85,153,81,0
1059,42.36,354,624,173,15,11,0
1059,42.36,355,1130,552,69,6,0
1059,42.36,358,537,127,38,26,0
1059,42.36,361,404,0,375,31,0
1059,42.36,365,380,67,21,23,0
1059,42.36,366,720,147,20,9,0
1059,42.36,367,651,153,13,28,0
1059,42.36,368,574,49,207,115,0
1059,42.36,369,554,150,19,22,0
1059,42.36,370,512,179,20,11,0
1059,42.36,371,299,0,395,292,0
1059,42.36,372,269,232,10,18,0
1059,42.36,373,687,136,201,141,0
1060,42.4,191,263,79,19,12,0
1060,42.4,315,247,83,29,41,0
1060,42.4,320,228,85,30,37,0
1060,42.4,323,235,166,36,37,0
1060,42.4,331,1200,554,72,6,0
1060,42.4,333,267,148,25,19,0
1060,42.4,346,1242,345,38,15,0
1060,42.4,348,798,97,23,16,0
1060,42.4,350,513,85,85,43,0
1060,42.4,354,624,173,15,11,0
1060,42.4,355,1130,552,69,6,0
1060,42.4,358,537,127,38,26,0
1060,42.4,360,446,97,72,66,0
1060,42.4,361,404,0,375,31,0
1060,42.4,365,380,67,21,23,0
1060,42.4,367,668,162,13,22,0
1060,42.4,368,574,49,207,115,0
1060,42.4,369,554,150,19,22,0
1060,42.4,371,298,0,396,292,0
1060,42.4,372,269,232,10,18,0
1060,42.4,373,687,136,201,141,0
1061,42.44,119,647,133,26,25,0
1061,42.44,191,263,79,19,12,0
1061,42.44,315,247,83,29,41,0
1061,42.44,320,228,85,30,37,0
1061,42.44,323,235,166,36,37,0
1061,42.44,331,1200,554,72,6,0
1061,42.44,333,267,148,25,19,0
1061,42.44,346,1242,345,38,15,0
1061,42.44,348,798,97,23,16,0
1061,42.44,350,574,78,54,80,0
1061,42.44,355,1130,552,68,6,0
1061,42.44,358,537,127,36,26,0
1061,42.44,360,447,98,71,65,0
1061,42.44,361,404,0,375,31,0
1061,42.44,368,624,49,153,115,0
1061,42.44,369,554,150,19,22,0
1061,42.44,370,492,139,19,12,0
1061,42.44,371,296,0,398,292,0
1061,42.44,372,269,232,10,18,0
1061,42.44,373,687,136,201,141,0
1061,42.44,374,513,85,85,42,0
1062,42.48,119,574,78,54,80,0
1062,42.48,191,263,79,19,12,0
1062,42.48,315,247,83,29,41,0
1062,42.48,320,228,85,30,37,0
1062,42.48,323,235,166,36,37,0
1062,42.48,331,1200,554,72,6,0
1062,42.48,333,267,148,25,19,0
1062,42.48,346,1242,345,38,15,0
1062,42.48,348,798,102,23,11,0
1062,42.48,350,624,120,21,13,0
1062,42.48,355,1130,552,68,6,0
1062,42.48,358,537,127,36,26,0
1062,42.48,360,447,98,71,48,0
1062,42.48,361,404,0,375,31,0
1062,42.48,363,624,53,153,111,0
1062,42.48,368,719,92,33,35,0
1062,42.48,369,554,150,19,22,0
1062,42.48,370,492,139,18,12,0
1062,42.48,371,296,0,398,292,0
1062,42.48,372,269,232,10,18,0
1062,42.48,373,687,136,201,141,0
1062,42.48,374,513,86,52,39,0
1062,42.48,375,552,85,46,42,0
1063,42.52,119,513,86,52,39,0
1063,42.52,191,263,79,19,12,0
1063,42.52,315,247,83,29,41,0
1063,42.52,320,228,85,30,37,0
1063,42.52,323,235,166,36,37,0
1063,42.52,331,1200,554,72,6,0
1063,42.52,333,267,148,18,19,0
1063,42.52,346,1242,345,38,15,0
1063,42.52,348,798,102,23,11,0
1063,42.52,350,624,120,21,13,0
1063,42.52,354,574,88,50,70,0
1063,42.52,355,1130,552,68,6,0
1063,42.52,358,537,128,36,25,0
1063,42.52,360,447,98,71,48,0
1063,42.52,361,404,0,375,31,0
1063,42.52,363,624,52,153,117,0
1063,42.52,367,665,224,29,29,0
1063,42.52,369,554,150,19,22,0
1063,42.52,371,296,0,392,292,0
1063,42.52,372,269,232,10,19,0
1063,42.52,373,687,136,201,141,0
1063,42.52,375,552,85,46,42,0
1064,42.56,191,263,79,19,12,0
1064,42.56,315,247,83,29,41,0
1064,42.56,320,228,85,30,37,0
1064,42.56,323,235,166,36,37,0
1064,42.56,331,1200,554,72,6,0
1064,42.56,333,267,148,18,19,0
1064,42.56,346,1242,345,38,15,0
1064,42.56,348,798,104,23,9,0
1064,42.56,350,624,120,21,13,0
1064,42.56,352,754,0,25,18,0
1064,42.56,354,598,88,26,31,0
1064,42.56,355,1130,552,68,6,0
1064,42.56,358,537,128,36,25,0
1064,42.56,360,447,98,69,48,0
1064,42.56,361,404,0,361,30,0
1064,42.56,363,624,53,153,116,0
1064,42.56,367,665,224,29,29,0
1064,42.56,369,554,150,19,22,0
1064,42.56,370,489,185,17,19,0
1064,42.56,371,296,0,384,292,0
1064,42.56,372,269,232,10,17,0
1064,42.56,373,688,136,200,141,0
1064,42.56,374,513,86,52,39,0
1064,42.56,375,552,85,46,37,0
1064,42.56,376,574,113,50,45,0
1065,42.6,191,263,79,19,12,0
1065,42.6,315,247,83,29,41,0
1065,42.6,320,228,85,30,37,0
1065,42.6,323,235,166,36,37,0
1065,42.6,331,1200,554,72,6,0
1065,42.6,333,267,148,18,19,0
1065,42.6,346,1242,345,38,15,0
1065,42.6,348,798,104,23,9,0
1065,42.6,350,624,120,21,13,0
1065,42.6,352,754,0,25,18,0
1065,42.6,354,598,88,26,31,0
1065,42.6,355,1130,552,68,6,0
1065,42.6,358,537,128,36,25,0
1065,42.6,360,447,103,69,41,0
1065,42.6,361,404,0,361,30,0
1065,42.6,363,624,52,153,117,0
1065,42.6,367,665,224,29,29,0
1065,42.6,369,554,150,19,22,0
1065,42.6,370,489,185,17,19,0
1065,42.6,371,295,0,392,292,0
1065,42.6,372,269,232,10,17,0
1065,42.6,373,688,136,200,141,0
1065,42.6,374,532,86,33,24,0
1065,42.6,375,552,85,46,37,0
1065,42.6,376,574,113,50,45,0
1065,42.6,377,513,100,25,25,0
1066,42.64,191,263,79,19,12,0
1066,42.64,315,247,83,29,41,0
1066,42.64,320,228,85,30,37,0
1066,42.64,323,235,166,36,37,0
1066,42.64,331,1200,554,72,6,0
1066,42.64,333,267,148,18,19,0
1066,42.64,346,1246,345,34,15,0
1066,42.64,348,798,104,23,9,0
1066,42.64,350,624,120,21,13,0
1066,42.64,352,754,0,25,18,0
1066,42.64,354,598,88,26,31,0
1066,42.64,355,1130,552,68,6,0
1066,42.64,357,611,5,29,16,0
1066,42.64,358,537,128,36,25,0
1066,42.64,360,447,103,69,41,0
1066,42.64,361,404,0,361,30,0
1066,42.64,363,624,53,153,116,0
1066,42.64,367,665,224,29,29,0
1066,42.64,369,554,150,19,22,0
1066,42.64,371,295,0,388,292,0
1066,42.64,372,269,232,10,17,0
1066,42.64,373,688,136,200,141,0
1066,42.64,374,532,86,33,24,0
1066,42.64,375,552,85,46,34,0
1066,42.64,376,574,113,50,45,0
1066,42.64,377,513,100,25,25,0
1066,42.64,378,722,110,19,19,0
1066,42.64,379,733,100,13,16,0
1067,42.68,191,263,79,19,12,0
1067,42.68,315,247,83,29,41,0
1067,42.68,320,228,85,30,37,0
1067,42.68,323,236,166,35,37,0
1067,42.68,331,1200,554,72,6,0
1067,42.68,333,267,148,18,19,0
1067,42.68,346,1246,345,34,15,0
1067,42.68,348,798,104,23,8,0
1067,42.68,350,663,142,11,16,0
1067,42.68,352,758,0,21,18,0
1067,42.68,354,598,88,26,31,0
1067,42.68,355,1130,552,68,6,0
1067,42.68,358,537,128,36,25,0
1067,42.68,360,447,103,69,41,0
1067,42.68,361,404,0,361,30,0
1067,42.68,363,624,53,153,116,0
1067,42.68,367,671,224,23,29,0
1067,42.68,369,554,150,19,22,0
1067,42.68,371,295,0,386,292,0
1067,42.68,372,269,232,10,17,0
1067,42.68,373,688,136,200,141,0
1067,42.68,374,532,86,33,24,0
1067,42.68,375,552,85,46,34,0
1067,42.68,376,574,113,50,45,0
1067,42.68,377,513,100,23,25,0
1068,42.72,191,263,79,19,12,0
1068,42.72,315,247,83,29,41,0
1068,42.72,320,230,85,28,37,0
1068,42.72,323,236,166,35,37,0
1068,42.72,331,1200,554,72,6,0
1068,42.72,333,267,148,18,19,0
1068,42.72,346,1246,345,34,15,0
1068,42.72,348,798,104,23,8,0
1068,42.72,350,663,142,11,16,0
1068,42.72,352,758,0,21,18,0
1068,42.72,353,320,0,80,77,0
1068,42.72,354,598,88,25,31,0
1068,42.72,355,1130,552,68,6,0
1068,42.72,357,528,0,237,12,0
1068,42.72,358,537,128,36,25,0
1068,42.72,359,404,0,124,28,0
1068,42.72,360,447,104,69,40,0
1068,42.72,362,520,8,36,17,0
1068,42.72,363,624,52,153,112,0
1068,42.72,367,671,224,23,29,0
1068,42.72,369,554,150,19,21,0
1068,42.72,370,295,58,387,234,0
1068,42.72,372,269,232,10,17,0
1068,42.72,373,688,136,200,141,0
1068,42.72,374,532,86,33,23,0
1068,42.72,375,554,85,44,34,0
1068,42.72,376,574,113,50,45,0
1068,42.72,377,513,100,23,25,0
1068,42.72,380,578,141,14,16,0
1069,42.76,191,263,79,19,12,0
1069,42.76,315,247,83,29,41,0
1069,42.76,320,230,85,28,37,0
1069,42.76,323,236,166,35,37,0
1069,42.76,331,1200,554,72,6,0
1069,42.76,333,267,148,18,19,0
1069,42.76,346,1246,345,34,15,0
1069,42.76,352,759,0,20,18,0
1069,42.76,353,320,0,80,76,0
1069,42.76,354,598,88,25,31,0
1069,42.76,355,1130,552,68,6,0
1069,42.76,357,658,0,107,12,0
1069,42.76,358,537,128,36,25,0
1069,42.76,359,405,0,123,27,0
1069,42.76,360,447,104,68,40,0
1069,42.76,361,529,0,129,12,0
1069,42.76,362,520,8,36,17,0
1069,42.76,363,624,49,153,115,0
1069,42.76,367,671,231,23,22,0
1069,42.76,369,554,150,19,21,0
1069,42.76,370,295,58,385,234,0
1069,42.76,372,269,232,10,17,0
1069,42.76,373,688,136,200,141,0
1069,42.76,374,533,86,32,23,0
1069,42.76,375,554,86,44,33,0
1069,42.76,376,577,113,47,45,0
1069,42.76,377,513,100,23,25,0
1069,42.76,380,578,141,14,16,0
1070,42.8,191,263,79,19,12,0
1070,42.8,315,249,88,27,36,0
1070,42.8,320,230,85,28,37,0
1070,42.8,323,236,166,35,37,0
1070,42.8,331,1200,554,72,6,0
1070,42.8,333,267,148,18,19,0
1070,42.8,346,1246,345,34,15,0
1070,42.8,350,644,160,32,40,0
1070,42.8,351,405,0,26,12,0
1070,42.8,352,658,0,107,12,0
1070,42.8,353,320,0,80,76,0
1070,42.8,354,598,88,25,27,0
1070,42.8,355,1130,552,68,6,0
1070,42.8,358,537,128,36,25,0
1070,42.8,359,431,0,97,27,0
1070,42.8,360,447,104,68,40,0
1070,42.8,361,529,0,129,12,0
1070,42.8,362,520,8,36,17,0
1070,42.8,363,624,48,153,116,0
1070,42.8,367,671,235,23,18,0
1070,42.8,369,554,150,19,21,0
1070,42.8,370,288,58,392,234,0
1070,42.8,372,269,232,10,19,0
1070,42.8,373,692,136,196,141,0
1070,42.8,374,533,86,32,23,0
1070,42.8,375,554,86,44,33,0
1070,42.8,376,577,116,47,42,0
1070,42.8,377,513,100,23,25,0
1070,42.8,378,720,104,12,25,0
1070,42.8,379,733,100,13,16,0
1070,42.8,380,578,141,14,16,0
1070,42.8,381,636,83,21,16,0
1070,42.8,382,688,216,9,16,0
1071,42.84,191,263,79,19,12,0
1071,42.84,315,249,88,27,36,0
1071,42.84,320,230,85,28,37,0
1071,42.84,323,236,166,35,37,0
1071,42.84,331,1200,554,72,6,0
1071,42.84,333,267,148,18,19,0
1071,42.84,346,1246,345,34,15,0
1071,42.84,351,405,0,26,12,0
1071,42.84,352,659,0,106,12,0
1071,42.84,353,320,0,80,76,0
1071,42.84,354,598,88,25,27,0
1071,42.84,355,1130,552,68,6,0
1071,42.84,358,537,128,36,25,0
1071,42.84,359,431,0,97,27,0
1071,42.84,360,447,109,68,35,0
1071,42.84,361,529,0,129,12,0
1071,42.84,363,624,48,153,116,0
1071,42.84,367,671,231,23,22,0
1071,42.84,369,554,150,19,21,0
1071,42.84,370,288,70,392,222,0
1071,42.84,372,269,232,10,19,0
1071,42.84,373,692,136,196,141,0
1071,42.84,374,533,86,32,23,0
1071,42.84,375,554,86,44,32,0
1071,42.84,376,577,116,47,42,0
1071,42.84,377,513,100,23,25,0
1071,42.84,379,733,100,13,15,0
1071,42.84,380,578,141,14,16,0
1071,42.84,382,688,216,9,16,0
1072,42.88,191,263,79,19,12,0
1072,42.88,315,249,88,27,36,0
1072,42.88,320,230,85,28,37,0
1072,42.88,323,236,166,35,37,0
1072,42.88,331,1200,554,72,6,0
1072,42.88,333,267,148,18,19,0
1072,42.88,346,1246,345,34,15,0
1072,42.88,351,405,0,26,12,0
1072,42.88,352,659,0,106,12,0
1072,42.88,353,320,0,80,76,0
1072,42.88,354,598,88,25,27,0
1072,42.88,355,1130,552,68,6,0
1072,42.88,358,537,128,36,25,0
1072,42.88,359,431,0,97,25,0
1072,42.88,360,459,112,54,32,0
1072,42.88,361,529,0,129,12,0
1072,42.88,363,624,48,153,116,0
1072,42.88,367,671,235,23,18,0
1072,42.88,369,554,150,19,21,0
1072,42.88,370,288,74,394,218,0
1072,42.88,372,269,232,10,19,0
1072,42.88,373,692,136,196,141,0
1072,42.88,374,535,86,30,23,0
1072,42.88,375,554,86,44,32,0
1072,42.88,376,583,116,41,42,0
1072,42.88,377,513,102,23,23,0
1072,42.88,379,733,100,13,15,0
1072,42.88,380,578,141,14,16,0
1072,42.88,382,688,216,9,16,0
1073,42.92,191,263,79,20,12,0
1073,42.92,315,249,88,27,36,0
1073,42.92,320,230,85,28,37,0
1073,42.92,323,236,166,35,37,0
1073,42.92,331,1200,554,72,6,0
1073,42.92,333,267,150,18,17,0
1073,42.92,346,1246,345,34,15,0
1073,42.92,351,405,0,25,12,0
1073,42.92,352,659,0,106,12,0
1073,42.92,353,320,0,80,76,0
1073,42.92,354,598,88,25,27,0
1073,42.92,355,1130,552,68,6,0
1073,42.92,358,537,128,36,25,0
1073,42.92,359,432,0,96,25,0
1073,42.92,360,459,112,54,32,0
1073,42.92,361,529,0,129,12,0
1073,42.92,363,624,48,153,116,0
1073,42.92,367,670,235,24,18,0
1073,42.92,369,554,150,19,21,0
1073,42.92,370,288,74,400,218,0
1073,42.92,372,269,232,10,19,0
1073,42.92,373,692,136,196,141,0
1073,42.92,374,535,86,30,23,0
1073,42.92,375,568,89,30,19,0
1073,42.92,376,584,116,40,42,0
1073,42.92,377,513,102,23,23,0
1073,42.92,379,733,100,13,15,0
1073,42.92,380,554,102,22,16,0
1073,42.92,382,680,216,17,16,0
1073,42.92,383,299,128,19,10,0
1074,42.96,191,263,79,20,12,0
1074,42.96,315,249,88,27,36,0
1074,42.96,320,230,85,28,37,0
1074,42.96,323,236,166,35,37,0
1074,42.96,331,1200,554,72,6,0
1074,42.96,333,267,150,18,17,0
1074,42.96,346,1246,345,34,15,0
1074,42.96,351,405,0,25,12,0
1074,42.96,352,679,0,50,8,0
1074,42.96,353,323,0,77,76,0
1074,42.96,354,598,88,25,27,0
1074,42.96,355,1130,552,68,6,0
1074,42.96,358,539,128,34,25,0
1074,42.96,359,432,0,96,25,0
1074,42.96,360,459,112,53,32,0
1074,42.96,361,529,0,129,12,0
1074,42.96,363,626,46,151,118,0
1074,42.96,367,671,235,22,17,0
1074,42.96,370,290,74,392,218,0
1074,42.96,372,269,232,10,19,0
1074,42.96,373,679,136,209,141,0
1074,42.96,374,535,88,30,21,0
1074,42.96,375,568,89,30,19,0
1074,42.96,376,584,116,40,42,0
1074,42.96,377,513,102,23,23,0
1074,42.96,379,733,100,13,15,0
1074,42.96,380,554,102,22,16,0
1074,42.96,382,657,157,23,26,0
1074,42.96,383,299,128,19,10,0
1074,42.96,384,723,0,42,10,0
1075,43.0,191,263,79,21,12,0
1075,43.0,315,249,88,26,34,0
1075,43.0,320,230,85,28,37,0
1075,43.0,323,236,166,35,37,0
1075,43.0,331,1200,554,72,6,0
1075,43.0,333,267,150,18,17,0
1075,43.0,346,1246,345,34,15,0
1075,43.0,350,634,226,22,19,0
1075,43.0,351,405,0,25,12,0
1075,43.0,352,679,0,41,8,0
1075,43.0,353,323,0,68,76,0
1075,43.0,354,598,88,25,27,0
1075,43.0,355,1130,552,68,6,0
1075,43.0,358,541,128,32,22,0
1075,43.0,359,432,0,96,23,0
1075,43.0,360,475,112,37,32,0
1075,43.0,361,529,0,129,12,0
1075,43.0,363,628,45,149,119,0
1075,43.0,367,671,235,22,17,0
1075,43.0,370,287,74,401,218,0
1075,43.0,371,459,122,19,22,0
1075,43.0,372,269,232,10,19,0
1075,43.0,373,680,136,208,141,0
1075,43.0,374,535,88,30,21,0
1075,43.0,375,569,89,29,19,0
1075,43.0,376,584,116,40,42,0
1075,43.0,377,513,102,23,23,0
1075,43.0,379,733,100,13,15,0
1075,43.0,380,554,102,22,16,0
1075,43.0,382,657,157,23,26,0
1075,43.0,383,299,128,19,10,0
1075,43.0,384,723,0,42,10,0
1076,43.04,191,263,79,21,10,0
1076,43.04,315,249,88,26,34,0
1076,43.04,320,230,85,28,37,0
1076,43.04,323,236,166,35,37,0
1076,43.04,331,1200,554,72,6,0
1076,43.04,333,267,148,18,19,0
1076,43.04,346,1246,345,34,15,0
1076,43.04,348,809,136,79,31,0
1076,43.04,350,634,227,22,18,0
1076,43.04,351,405,0,25,12,0
1076,43.04,352,679,0,41,8,0
1076,43.04,353,323,0,68,76,0
1076,43.04,354,598,88,25,27,0
1076,43.04,355,1130,552,68,6,0
1076,43.04,358,541,128,32,22,0
1076,43.04,359,432,0,96,23,0
1076,43.04,360,475,112,37,32,0
1076,43.04,361,529,0,82,12,0
1076,43.04,363,628,45,149,120,0
1076,43.04,365,322,74,61,71,0
1076,43.04,367,672,236,20,16,0
1076,43.04,370,287,126,394,166,0
1076,43.04,371,459,122,19,22,0
1076,43.04,372,269,232,10,19,0
1076,43.04,373,680,140,136,137,0
1076,43.04,374,535,89,30,20,0
1076,43.04,375,570,89,28,19,0
1076,43.04,376,584,116,40,42,0
1076,43.04,377,513,102,23,23,0
1076,43.04,380,554,102,22,16,0
1076,43.04,381,636,83,21,16,0
1076,43.04,382,657,157,23,25,0
1076,43.04,383,299,128,19,10,0
1076,43.04,384,723,0,39,10,0
1076,43.04,385,612,0,46,5,0
1076,43.04,386,816,160,16,16,0
1077,43.08,191,263,79,21,10,0
1077,43.08,315,249,88,26,34,0
1077,43.08,320,230,86,28,36,0
1077,43.08,323,240,166,31,37,0
1077,43.08,331,1200,554,72,6,0
1077,43.08,333,267,148,18,19,0
1077,43.08,346,1246,345,34,15,0
1077,43.08,348,809,144,55,23,0
1077,43.08,350,634,227,22,17,0
1077,43.08,351,405,0,24,12,0
1077,43.08,352,679,0,40,8,0
1077,43.08,353,323,0,68,76,0
1077,43.08,354,598,92,25,23,0
1077,43.08,355,1130,552,68,6,0
1077,43.08,358,542,128,31,22,0
1077,43.08,359,432,0,96,23,0
1077,43.08,360,475,112,37,31,0
1077,43.08,361,529,0,82,12,0
1077,43.08,363,628,44,149,119,0
1077,43.08,365,322,74,61,71,0
1077,43.08,367,671,236,21,16,0
1077,43.08,370,287,126,401,166,0
1077,43.08,371,460,128,17,16,0
1077,43.08,372,269,232,10,19,0
1077,43.08,373,680,140,136,137,0
1077,43.08,374,535,89,30,20,0
1077,43.08,375,570,89,28,19,0
1077,43.08,376,584,116,40,42,0
1077,43.08,377,513,102,23,23,0
1077,43.08,378,708,150,15,14,0
1077,43.08,380,554,102,22,16,0
1077,43.08,381,636,83,21,16,0
1077,43.08,382,657,157,23,24,0
1077,43.08,383,299,128,19,10,0
1077,43.08,384,723,0,39,10,0
1077,43.08,385,612,0,66,7,0
1077,43.08,386,816,160,16,16,0
1077,43.08,387,855,136,33,18,0
1078,43.12,191,263,79,21,10,0
1078,43.12,315,249,88,26,34,0
1078,43.12,320,230,86,28,36,0
1078,43.12,323,240,166,31,37,0
1078,43.12,331,1200,554,72,6,0
1078,43.12,333,267,150,18,17,0
1078,43.12,346,1246,345,34,15,0
1078,43.12,348,809,144,55,23,0
1078,43.12,350,634,227,22,17,0
1078,43.12,351,405,0,24,12,0
1078,43.12,352,679,0,40,8,0
1078,43.12,353,323,0,68,76,0
1078,43.12,354,598,93,25,22,0
1078,43.12,355,1130,552,68,6,0
1078,43.12,358,542,128,31,22,0
1078,43.12,359,432,0,96,23,0
1078,43.12,360,475,112,37,31,0
1078,43.12,361,531,0,80,9,0
1078,43.12,363,628,44,149,130,0
1078,43.12,365,322,74,61,71,0
1078,43.12,367,671,236,20,16,0
1078,43.12,370,287,127,401,165,0
1078,43.12,371,460,128,17,12,0
1078,43.12,372,269,232,10,19,0
1078,43.12,373,680,140,136,137,0
1078,43.12,374,535,89,30,20,0
1078,43.12,375,570,90,28,18,0
1078,43.12,376,584,116,40,42,0
1078,43.12,377,513,103,23,22,0
1078,43.12,380,555,102,21,14,0
1078,43.12,381,636,83,21,16,0
1078,43.12,382,657,157,21,24,0
1078,43.12,383,299,128,19,10,0
1078,43.12,384,723,0,39,10,0
1078,43.12,385,612,0,46,5,0
1078,43.12,386,816,160,16,16,0
1078,43.12,387,855,136,33,18,0
1079,43.16,191,263,79,21,10,0
1079,43.16,315,249,88,26,34,0
1079,43.16,320,230,86,28,36,0
1079,43.16,323,240,166,31,37,0
1079,43.16,331,1200,554,72,6,0
1079,43.16,333,267,150,18,17,0
1079,43.16,346,1246,345,34,15,0
1079,43.16,348,809,144,55,23,0
1079,43.16,350,635,227,21,17,0
1079,43.16,351,405,0,24,12,0
1079,43.16,352,680,0,39,8,0
1079,43.16,353,323,0,68,76,0
1079,43.16,354,598,95,25,20,0
1079,43.16,355,1130,552,68,6,0
1079,43.16,358,544,130,29,20,0
1079,43.16,359,432,0,96,19,0
1079,43.16,360,475,112,37,31,0
1079,43.16,361,532,0,79,9,0
1079,43.16,363,628,42,149,130,0
1079,43.16,365,322,74,61,71,0
1079,43.16,367,671,237,18,15,0
1079,43.16,370,287,127,402,159,0
1079,43.16,371,460,128,17,12,0
1079,43.16,372,269,232,10,19,0
1079,43.16,373,684,140,132,137,0
1079,43.16,374,535,89,30,20,0
1079,43.16,375,570,90,28,18,0
1079,43.16,376,584,116,40,42,0
1079,43.16,377,513,103,23,21,0
1079,43.16,380,555,102,21,14,0
1079,43.16,381,636,83,21,16,0
1079,43.16,382,657,156,21,25,0
1079,43.16,385,612,0,46,5,0
1079,43.16,386,816,160,16,16,0
1079,43.16,387,855,136,33,18,0
1079,43.16,388,509,256,47,36,0
1080,43.2,191,263,79,21,10,0
1080,43.2,315,249,88,26,34,0
1080,43.2,320,230,86,28,36,0
1080,43.2,323,240,166,31,37,0
1080,43.2,331,1200,554,72,6,0
1080,43.2,333,267,150,18,17,0
1080,43.2,346,1246,345,34,15,0
1080,43.2,348,809,144,55,23,0
1080,43.2,351,405,0,24,12,0
1080,43.2,352,680,0,39,8,0
1080,43.2,353,323,0,67,76,0
1080,43.2,354,598,95,25,20,0
1080,43.2,355,1130,552,68,6,0
1080,43.2,358,544,131,29,19,0
1080,43.2,359,432,0,96,19,0
1080,43.2,360,475,112,37,31,0
1080,43.2,361,532,0,79,9,0
1080,43.2,363,628,42,149,137,0
1080,43.2,365,322,74,61,71,0
1080,43.2,367,672,237,17,14,0
1080,43.2,370,287,127,412,159,0
1080,43.2,371,460,128,17,10,0
1080,43.2,372,269,232,10,19,0
1080,43.2,373,679,140,137,137,0
1080,43.2,374,535,89,30,20,0
1080,43.2,375,570,91,28,17,0
1080,43.2,376,584,116,40,42,0
1080,43.2,377,514,104,22,20,0
1080,43.2,380,555,102,21,14,0
1080,43.2,382,657,157,25,22,0
1080,43.2,385,612,0,46,4,0
1080,43.2,386,816,160,16,16,0
1080,43.2,387,855,136,33,18,0
1080,43.2,388,509,256,47,36,0
1081,43.24,191,263,79,21,10,0
1081,43.24,315,249,88,26,34,0
1081,43.24,320,230,86,28,36,0
1081,43.24,323,240,166,31,37,0
1081,43.24,331,1200,554,72,6,0
1081,43.24,333,267,150,18,17,0
1081,43.24,346,1246,345,34,15,0
1081,43.24,348,809,144,55,23,0
1081,43.24,351,405,0,24,12,0
1081,43.24,352,680,0,39,7,0
1081,43.24,353,323,0,67,76,0
1081,43.24,354,598,95,25,20,0
1081,43.24,355,1130,552,68,6,0
1081,43.24,358,544,131,29,19,0
1081,43.24,359,432,0,96,19,0
1081,43.24,360,476,112,36,31,0
1081,43.24,361,560,0,51,9,0
1081,43.24,363,628,51,149,119,0
1081,43.24,365,322,74,61,71,0
1081,43.24,367,672,237,18,15,0
1081,43.24,370,287,127,383,159,0
1081,43.24,372,269,232,10,24,0
1081,43.24,373,679,140,137,137,0
1081,43.24,374,535,89,30,20,0
1081,43.24,375,570,91,28,17,0
1081,43.24,376,587,116,37,42,0
1081,43.24,377,514,104,22,20,0
1081,43.24,378,644,163,45,37,0
1081,43.24,380,555,102,21,14,0
1081,43.24,381,638,83,19,16,0
1081,43.24,382,658,157,20,22,0
1081,43.24,384,664,42,29,17,0
1081,43.24,385,612,0,46,4,0
1081,43.24,386,816,161,16,15,0
1081,43.24,387,855,136,33,18,0
1081,43.24,388,509,256,47,36,0
1082,43.28,191,263,79,21,10,0
1082,43.28,315,249,88,26,34,0
1082,43.28,320,230,86,28,36,0
1082,43.28,323,240,166,31,37,0
1082,43.28,331,1200,554,72,6,0
1082,43.28,333,267,150,18,17,0
1082,43.28,346,1246,345,34,15,0
1082,43.28,348,824,144,40,23,0
1082,43.28,351,405,0,24,12,0
1082,43.28,352,680,0,39,7,0
1082,43.28,353,327,0,63,76,0
1082,43.28,354,598,95,23,20,0
1082,43.28,355,1130,552,68,6,0
1082,43.28,358,544,131,29,19,0
1082,43.28,359,485,0,43,14,0
1082,43.28,360,476,112,36,31,0
1082,43.28,361,560,0,51,9,0
1082,43.28,363,628,43,149,126,0
1082,43.28,365,322,74,61,71,0
1082,43.28,367,672,237,18,14,0
1082,43.28,370,284,128,388,158,0
1082,43.28,371,423,171,25,19,0
1082,43.28,372,269,232,10,24,0
1082,43.28,373,691,140,125,137,0
1082,43.28,374,535,89,30,19,0
1082,43.28,375,570,91,28,17,0
1082,43.28,376,587,116,37,42,0
1082,43.28,377,514,104,22,20,0
1082,43.28,380,555,102,21,14,0
1082,43.28,382,658,159,17,20,0
1082,43.28,385,612,0,46,4,0
1082,43.28,386,816,161,16,15,0
1082,43.28,387,855,136,33,18,0
1082,43.28,388,509,256,46,36,0
1082,43.28,389,432,0,42,12,0
1083,43.32,191,263,79,21,10,0
1083,43.32,315,255,94,20,28,0
1083,43.32,320,230,86,28,36,0
1083,43.32,323,240,166,31,37,0
1083,43.32,331,1200,554,72,6,0
1083,43.32,333,267,150,18,17,0
1083,43.32,346,1246,345,34,15,0
1083,43.32,348,824,144,40,23,0
1083,43.32,350,512,185,168,84,0
1083,43.32,351,405,0,24,12,0
1083,43.32,353,345,0,44,76,0
1083,43.32,354,598,95,23,19,0
1083,43.32,355,1130,552,68,6,0
1083,43.32,358,544,132,29,18,0
1083,43.32,359,485,0,43,14,0
1083,43.32,360,477,112,35,31,0
1083,43.32,361,560,0,51,9,0
1083,43.32,363,628,42,149,125,0
1083,43.32,365,322,74,61,54,0
1083,43.32,367,672,237,18,14,0
1083,43.32,370,423,176,23,14,0
1083,43.32,371,283,128,233,158,0
1083,43.32,372,269,232,10,24,0
1083,43.32,373,691,140,125,137,0
1083,43.32,374,535,89,30,18,0
1083,43.32,375,570,91,28,17,0
1083,43.32,376,587,116,37,41,0
1083,43.32,377,514,104,22,20,0
1083,43.32,380,555,102,21,14,0
1083,43.32,382,658,160,18,19,0
1083,43.32,383,323,119,15,26,0
1083,43.32,385,612,0,46,4,0
1083,43.32,386,816,161,16,15,0
1083,43.32,387,855,136,33,18,0
1083,43.32,388,509,256,46,36,0
1083,43.32,389,432,0,42,12,0
1084,43.36,191,263,79,21,10,0
1084,43.36,315,255,94,20,28,0
1084,43.36,320,230,86,28,36,0
1084,43.36,323,240,166,31,37,0
1084,43.36,331,1200,554,72,6,0
1084,43.36,333,267,150,18,17,0
1084,43.36,346,1249,345,31,15,0
1084,43.36,348,824,144,40,23,0
1084,43.36,350,512,176,168,94,0
1084,43.36,351,405,0,24,12,0
1084,43.36,353,345,0,44,76,0
1084,43.36,354,598,95,23,19,0
1084,43.36,355,1130,552,68,6,0
1084,43.36,358,545,132,28,18,0
1084,43.36,359,485,0,43,14,0
1084,43.36,360,478,112,34,31,0
1084,43.36,361,560,0,51,9,0
1084,43.36,363,628,42,145,122,0
1084,43.36,365,322,74,61,54,0
1084,43.36,370,423,176,23,14,0
1084,43.36,371,283,128,233,158,0
1084,43.36,372,269,232,10,24,0
1084,43.36,373,691,140,125,137,0
1084,43.36,374,535,89,30,18,0
1084,43.36,376,587,116,37,41,0
1084,43.36,377,514,104,21,20,0
1084,43.36,378,672,152,16,15,0
1084,43.36,379,717,148,33,9,0
1084,43.36,380,555,102,21,14,0
1084,43.36,382,658,160,13,17,0
1084,43.36,383,323,119,15,26,0
1084,43.36,385,612,0,46,4,0
1084,43.36,386,816,161,16,15,0
1084,43.36,387,855,136,33,18,0
1084,43.36,388,509,256,46,36,0
1084,43.36,389,432,0,42,12,0
1085,43.4,191,263,79,21,10,0
1085,43.4,315,255,94,20,28,0
1085,43.4,320,230,86,28,36,0
1085,43.4,323,240,166,31,37,0
1085,43.4,331,1200,554,72,6,0
1085,43.4,333,267,150,18,17,0
1085,43.4,346,1249,345,31,15,0
1085,43.4,348,824,144,40,23,0
1085,43.4,350,509,179,171,113,0
1085,43.4,351,405,0,24,12,0
1085,43.4,353,345,0,44,76,0
1085,43.4,354,598,95,23,19,0
1085,43.4,355,1130,552,68,6,0
1085,43.4,358,545,132,28,18,0
1085,43.4,359,491,0,37,14,0
1085,43.4,360,478,112,34,30,0
1085,43.4,361,560,0,51,9,0
1085,43.4,363,628,43,145,135,0
1085,43.4,365,322,74,61,54,0
1085,43.4,371,283,125,233,161,0
1085,43.4,372,269,232,10,28,0
1085,43.4,373,690,140,126,137,0
1085,43.4,374,535,89,27,18,0
1085,43.4,376,587,116,37,41,0
1085,43.4,377,514,107,21,17,0
1085,43.4,379,717,148,33,9,0
1085,43.4,380,555,102,21,14,0
1085,43.4,383,323,119,15,26,0
1085,43.4,385,618,0,40,4,0
1085,43.4,386,816,161,16,15,0
1085,43.4,387,855,142,33,11,0
1085,43.4,389,432,0,42,12,0
1086,43.44,191,263,79,21,10,0
1086,43.44,315,255,94,20,28,0
1086,43.44,320,230,86,28,36,0
1086,43.44,323,240,169,31,34,0
1086,43.44,331,1200,554,72,6,0
1086,43.44,333,267,150,18,16,0
1086,43.44,346,1249,345,31,15,0
1086,43.44,348,824,144,27,15,0
1086,43.44,350,509,188,171,104,0
1086,43.44,351,405,0,22,12,0
1086,43.44,353,345,0,44,76,0
1086,43.44,354,598,95,23,19,0
1086,43.44,355,1130,552,68,6,0
1086,43.44,358,545,132,28,18,0
1086,43.44,359,491,0,37,14,0
1086,43.44,360,478,112,34,30,0
1086,43.44,361,560,0,51,9,0
1086,43.44,363,628,44,145,120,0
1086,43.44,365,322,74,61,54,0
1086,43.44,371,282,125,234,161,0
1086,43.44,372,269,232,10,24,0
1086,43.44,373,691,140,125,137,0
1086,43.44,374,535,89,27,18,0
1086,43.44,376,587,116,37,41,0
1086,43.44,377,514,107,21,14,0
1086,43.44,378,670,168,16,23,0
1086,43.44,379,717,148,33,9,0
1086,43.44,380,555,102,21,14,0
1086,43.44,381,638,84,19,12,0
1086,43.44,382,646,164,18,17,0
1086,43.44,383,323,125,15,20,0
1086,43.44,385,618,0,40,4,0
1086,43.44,386,816,161,16,15,0
1086,43.44,387,855,142,33,11,0
1086,43.44,389,433,0,41,12,0
1087,43.48,191,263,77,24,32,0
1087,43.48,315,256,94,19,28,0
1087,43.48,320,232,90,26,32,0
1087,43.48,323,240,169,32,36,0
1087,43.48,331,1126,551,149,9,0
1087,43.48,333,267,148,32,19,0
1087,43.48,346,1242,344,36,14,0
1087,43.48,348,821,144,43,32,0
1087,43.48,350,512,192,159,81,0
1087,43.48,351,405,0,22,12,0
1087,43.48,353,328,0,61,76,0
1087,43.48,354,598,96,23,18,0
1087,43.48,358,545,132,30,18,0
1087,43.48,359,491,0,37,14,0
1087,43.48,360,478,120,19,22,0
1087,43.48,361,560,0,51,9,0
1087,43.48,363,624,43,149,127,0
1087,43.48,365,322,58,61,89,0
1087,43.48,367,744,245,14,11,0
1087,43.48,370,423,177,21,15,0
1087,43.48,371,282,125,234,155,0
1087,43.48,372,266,232,14,28,0
1087,43.48,373,680,140,152,129,0
1087,43.48,374,535,89,27,18,0
1087,43.48,376,586,116,38,41,0
1087,43.48,377,513,108,22,14,0
1087,43.48,378,669,166,19,25,0
1087,43.48,379,697,153,17,11,0
1087,43.48,380,554,103,22,13,0
1087,43.48,381,638,84,19,12,0
1087,43.48,387,855,136,41,19,0
1087,43.48,389,433,0,41,12,0
1087,43.48,390,436,172,58,29,0
1088,43.52,191,263,77,24,32,0
1088,43.52,315,256,94,19,28,0
1088,43.52,320,232,90,26,32,0
1088,43.52,323,240,169,32,36,0
1088,43.52,331,1126,551,149,9,0
1088,43.52,333,267,148,32,19,0
1088,43.52,346,1242,344,36,14,0
1088,43.52,348,821,144,43,32,0
1088,43.52,350,512,192,158,81,0
1088,43.52,351,405,0,22,12,0
1088,43.52,353,328,0,61,76,0
1088,43.52,354,598,96,23,18,0
1088,43.52,358,545,132,30,18,0
1088,43.52,360,478,120,16,21,0
1088,43.52,361,560,0,51,9,0
1088,43.52,363,624,58,149,118,0
1088,43.52,365,322,58,61,89,0
1088,43.52,367,744,245,14,11,0
1088,43.52,370,423,177,19,15,0
1088,43.52,371,282,125,234,155,0
1088,43.52,372,266,232,13,28,0
1088,43.52,373,680,161,152,108,0
1088,43.52,374,535,89,27,17,0
1088,43.52,376,586,116,38,41,0
1088,43.52,377,513,108,22,14,0
1088,43.52,378,668,165,20,26,0
1088,43.52,379,697,153,17,11,0
1088,43.52,380,554,103,22,13,0
1088,43.52,381,638,84,19,12,0
1088,43.52,382,632,152,14,28,0
1088,43.52,385,650,43,20,15,0
1088,43.52,386,789,140,13,36,0
1088,43.52,387,855,136,41,19,0
1088,43.52,389,433,0,35,12,0
1088,43.52,390,436,172,58,29,0
1089,43.56,191,263,77,24,32,0
1089,43.56,315,256,94,19,28,0
1089,43.56,320,232,90,26,32,0
1089,43.56,323,240,169,32,36,0
1089,43.56,331,1126,551,149,9,0
1089,43.56,333,267,148,32,19,0
1089,43.56,346,1242,344,36,14,0
1089,43.56,348,821,144,43,32,0
1089,43.56,350,512,192,158,81,0
1089,43.56,351,405,0,19,12,0
1089,43.56,353,328,0,61,76,0
1089,43.56,354,598,96,23,18,0
1089,43.56,358,545,132,30,18,0
1089,43.56,360,478,120,16,21,0
1089,43.56,361,560,0,40,9,0
1089,43.56,363,624,52,149,124,0
1089,43.56,365,322,58,61,89,0
1089,43.56,367,744,245,14,11,0
1089,43.56,370,423,177,19,15,0
1089,43.56,371,282,125,234,155,0
1089,43.56,372,266,232,13,28,0
1089,43.56,373,680,161,152,108,0
1089,43.56,374,535,90,17,15,0
1089,43.56,376,586,116,30,41,0
1089,43.56,377,513,108,22,14,0
1089,43.56,378,667,166,21,25,0
1089,43.56,379,697,153,17,11,0
1089,43.56,380,554,103,21,13,0
1089,43.56,381,628,84,33,37,0
1089,43.56,382,618,168,23,16,0
1089,43.56,385,647,43,22,19,0
1089,43.56,386,789,140,13,36,0
1089,43.56,387,855,136,41,19,0
1089,43.56,389,433,0,35,12,0
1089,43.56,390,436,176,58,25,0
1089,43.56,391,644,176,14,15,0
1090,43.6,191,263,77,24,32,0
1090,43.6,315,256,94,19,28,0
1090,43.6,320,232,90,26,32,0
1090,43.6,323,240,169,32,36,0
1090,43.6,331,1126,551,149,9,0
1090,43.6,333,267,148,32,19,0
1090,43.6,346,1242,344,36,14,0
1090,43.6,348,821,144,43,32,0
1090,43.6,350,512,166,176,110,0
1090,43.6,351,405,0,19,12,0
1090,43.6,353,328,0,61,76,0
1090,43.6,354,598,96,23,18,0
1090,43.6,358,545,133,30,17,0
1090,43.6,360,478,120,16,21,0
1090,43.6,361,560,0,40,5,0
1090,43.6,363,624,42,149,149,0
1090,43.6,365,322,58,61,89,0
1090,43.6,367,744,245,14,11,0
1090,43.6,370,423,177,19,15,0
1090,43.6,371,282,125,234,155,0
1090,43.6,372,266,232,13,28,0
1090,43.6,373,680,161,152,107,0
1090,43.6,374,538,90,14,15,0
1090,43.6,376,586,122,30,27,0
1090,43.6,377,513,108,22,14,0
1090,43.6,379,697,153,17,11,0
1090,43.6,380,554,103,20,13,0
1090,43.6,381,638,84,19,12,0
1090,43.6,382,618,168,21,13,0
1090,43.6,387,855,136,41,19,0
1090,43.6,389,433,0,35,12,0
1090,43.6,390,436,177,58,24,0
1091,43.64,191,263,77,24,32,0
1091,43.64,315,256,94,19,28,0
1091,43.64,320,232,90,26,32,0
1091,43.64,323,240,169,32,36,0
1091,43.64,331,1126,551,149,9,0
1091,43.64,333,267,148,27,18,0
1091,43.64,346,1242,344,36,14,0
1091,43.64,348,821,144,43,32,0
1091,43.64,350,512,166,176,111,0
1091,43.64,353,328,0,61,76,0
1091,43.64,354,598,96,23,18,0
1091,43.64,358,545,133,30,16,0
1091,43.64,360,478,120,16,21,0
1091,43.64,361,560,0,40,5,0
1091,43.64,363,624,58,96,133,0
1091,43.64,365,322,58,61,89,0
1091,43.64,367,744,245,14,11,0
1091,43.64,371,282,125,232,154,0
1091,43.64,372,266,232,13,28,0
1091,43.64,373,680,161,152,107,0
1091,43.64,374,539,90,13,15,0
1091,43.64,376,586,122,30,22,0
1091,43.64,377,513,108,22,14,0
1091,43.64,379,697,153,17,11,0
1091,43.64,380,554,103,20,13,0
1091,43.64,382,614,168,21,10,0
1091,43.64,385,641,42,28,17,0
1091,43.64,386,697,127,76,25,0
1091,43.64,387,872,136,24,19,0
1091,43.64,389,433,0,35,12,0
1091,43.64,390,436,177,58,24,0
1091,43.64,392,856,142,19,11,0
1092,43.68,191,263,77,24,32,0
1092,43.68,315,256,94,19,28,0
1092,43.68,320,232,90,26,32,0
1092,43.68,323,240,169,32,36,0
1092,43.68,331,1126,551,149,9,0
1092,43.68,333,267,148,27,18,0
1092,43.68,346,1242,344,36,14,0
1092,43.68,348,837,146,27,30,0
1092,43.68,350,512,192,157,86,0
1092,43.68,353,328,0,61,76,0
1092,43.68,354,598,96,23,18,0
1092,43.68,358,545,133,30,16,0
1092,43.68,360,478,120,16,21,0
1092,43.68,365,322,58,56,77,0
1092,43.68,367,744,245,14,11,0
1092,43.68,371,282,125,232,154,0
1092,43.68,372,266,232,13,28,0
1092,43.68,373,679,161,153,107,0
1092,43.68,374,539,90,13,15,0
1092,43.68,376,586,122,30,22,0
1092,43.68,377,513,108,22,14,0
1092,43.68,378,655,166,32,34,0
1092,43.68,379,697,153,17,11,0
1092,43.68,382,616,167,16,11,0
1092,43.68,386,619,44,154,113,0
1092,43.68,387,872,136,24,19,0
1092,43.68,389,433,0,35,12,0
1092,43.68,390,436,177,58,24,0
1092,43.68,391,657,160,15,16,0
1092,43.68,392,856,142,19,11,0
1093,43.72,191,263,77,24,32,0
1093,43.72,315,256,94,19,28,0
1093,43.72,320,232,90,26,32,0
1093,43.72,323,240,169,32,36,0
1093,43.72,331,1126,551,149,9,0
1093,43.72,333,267,148,27,18,0
1093,43.72,346,1242,344,36,14,0
1093,43.72,348,837,146,27,30,0
1093,43.72,350,512,194,105,80,0
1093,43.72,353,330,0,59,76,0
1093,43.72,354,598,96,23,18,0
1093,43.72,358,545,133,30,16,0
1093,43.72,360,479,120,15,21,0
1093,43.72,365,322,58,56,77,0
1093,43.72,367,744,245,14,11,0
1093,43.72,371,282,125,232,154,0
1093,43.72,372,266,232,13,28,0
1093,43.72,373,682,161,150,107,0
1093,43.72,374,539,90,13,15,0
1093,43.72,376,586,122,30,22,0
1093,43.72,377,513,108,21,14,0
1093,43.72,378,607,166,80,113,0
1093,43.72,379,697,131,76,21,0
1093,43.72,386,619,44,101,113,0
1093,43.72,387,872,136,22,19,0
1093,43.72,389,433,0,22,12,0
1093,43.72,390,436,177,58,24,0
1093,43.72,391,657,160,15,16,0
1093,43.72,392,856,142,19,11,0
1094,43.76,191,263,77,24,32,0
1094,43.76,315,256,94,19,28,0
1094,43.76,320,232,90,26,32,0
1094,43.76,323,240,169,32,36,0
1094,43.76,331,1205,554,70,6,0
1094,43.76,333,267,148,27,18,0
1094,43.76,346,1242,344,36,14,0
1094,43.76,348,837,146,27,30,0
1094,43.76,350,512,192,108,81,0
1094,43.76,353,330,0,59,76,0
1094,43.76,354,598,96,22,18,0
1094,43.76,355,1126,551,78,7,0
1094,43.76,358,545,133,27,16,0
1094,43.76,365,322,58,56,77,0
1094,43.76,367,744,245,14,11,0
1094,43.76,371,282,125,232,154,0
1094,43.76,372,266,232,13,28,0
1094,43.76,373,682,161,150,107,0
1094,43.76,376,586,122,30,22,0
1094,43.76,377,513,108,21,14,0
1094,43.76,378,601,168,86,112,0
1094,43.76,379,697,131,76,21,0
1094,43.76,382,628,139,18,11,0
1094,43.76,386,624,44,96,110,0
1094,43.76,387,872,136,22,19,0
1094,43.76,389,433,0,22,12,0
1094,43.76,390,436,177,58,24,0
1094,43.76,391,658,160,14,16,0
1094,43.76,392,856,142,19,11,0
1095,43.8,191,263,77,24,32,0
1095,43.8,315,256,94,19,28,0
1095,43.8,320,232,90,26,32,0
1095,43.8,323,240,169,32,36,0
1095,43.8,331,1205,554,70,6,0
1095,43.8,333,267,148,27,18,0
1095,43.8,346,1242,344,36,14,0
1095,43.8,348,837,146,27,30,0
1095,43.8,350,512,192,104,81,0
1095,43.8,353,330,0,59,76,0
1095,43.8,354,598,96,22,15,0
1095,43.8,355,1126,551,78,7,0
1095,43.8,358,545,134,27,15,0
1095,43.8,365,322,61,56,74,0
1095,43.8,367,744,245,14,11,0
1095,43.8,371,279,125,235,154,0
1095,43.8,372,266,232,13,28,0
1095,43.8,373,682,161,150,107,0
1095,43.8,375,626,140,20,12,0
1095,43.8,376,590,123,26,20,0
1095,43.8,377,513,108,21,14,0
1095,43.8,378,597,194,71,88,0
1095,43.8,379,698,153,16,11,0
1095,43.8,382,624,116,22,15,0
1095,43.8,386,629,47,144,107,0
1095,43.8,387,872,136,20,19,0
1095,43.8,388,514,257,11,16,0
1095,43.8,389,434,0,21,12,0
1095,43.8,390,436,177,58,24,0
1095,43.8,391,640,160,32,20,0
1095,43.8,392,856,142,19,11,0
1095,43.8,393,659,166,27,31,0
1096,43.84,191,263,77,24,32,0
1096,43.84,315,256,94,19,28,0
1096,43.84,320,232,90,26,32,0
1096,43.84,323,240,169,32,36,0
1096,43.84,331,1205,554,70,6,0
1096,43.84,333,267,148,27,18,0
1096,43.84,346,1242,344,36,14,0
1096,43.84,348,837,146,27,30,0
1096,43.84,350,512,194,156,89,0
1096,43.84,353,330,0,59,76,0
1096,43.84,354,598,96,22,15,0
1096,43.84,355,1126,551,78,7,0
1096,43.84,358,545,134,27,15,0
1096,43.84,365,322,61,56,67,0
1096,43.84,367,744,245,14,11,0
1096,43.84,371,279,125,235,159,0
1096,43.84,372,266,232,13,28,0
1096,43.84,373,682,161,150,107,0
1096,43.84,375,624,141,22,11,0
1096,43.84,376,590,123,24,20,0
1096,43.84,379,698,153,16,11,0
1096,43.84,382,624,116,20,23,0
1096,43.84,383,326,83,25,10,0
1096,43.84,386,634,48,139,106,0
1096,43.84,387,872,136,20,19,0
1096,43.84,388,513,257,12,16,0
1096,43.84,390,436,177,58,24,0
1096,43.84,392,856,142,19,11,0
1096,43.84,393,655,166,31,39,0
1097,43.88,191,263,77,24,32,0
1097,43.88,315,256,94,19,28,0
1097,43.88,320,232,90,26,32,0
1097,43.88,323,240,169,32,36,0
1097,43.88,331,1205,554,70,6,0
1097,43.88,333,267,148,27,18,0
1097,43.88,346,1242,344,36,14,0
1097,43.88,348,837,146,27,27,0
1097,43.88,350,512,166,173,116,0
1097,43.88,353,330,0,59,76,0
1097,43.88,354,598,96,22,15,0
1097,43.88,355,1126,551,78,7,0
1097,43.88,358,543,134,29,23,0
1097,43.88,365,322,61,56,67,0
1097,43.88,367,744,245,14,11,0
1097,43.88,371,278,125,234,159,0
1097,43.88,372,266,232,13,28,0
1097,43.88,373,682,169,150,99,0
1097,43.88,375,625,141,21,11,0
1097,43.88,376,590,123,24,20,0
1097,43.88,379,698,153,16,11,0
1097,43.88,383,326,83,25,10,0
1097,43.88,386,624,46,149,108,0
1097,43.88,387,872,136,20,19,0
1097,43.88,388,513,257,11,16,0
1097,43.88,390,436,177,58,24,0
1097,43.88,393,720,208,16,12,0
1098,43.92,191,263,77,24,32,0
1098,43.92,315,256,94,19,28,0
1098,43.92,320,232,90,26,32,0
1098,43.92,323,240,169,32,36,0
1098,43.92,331,1205,554,70,6,0
1098,43.92,333,267,148,27,18,0
1098,43.92,346,1242,344,36,14,0
1098,43.92,348,837,146,27,27,0
1098,43.92,350,512,167,172,113,0
1098,43.92,353,337,0,52,76,0
1098,43.92,354,598,96,22,15,0
1098,43.92,355,1126,551,78,7,0
1098,43.92,358,543,135,29,22,0
1098,43.92,365,322,61,56,67,0
1098,43.92,367,744,245,14,11,0
1098,43.92,371,278,125,234,159,0
1098,43.92,372,266,232,13,27,0
1098,43.92,373,682,169,150,99,0
1098,43.92,375,626,141,20,11,0
1098,43.92,376,590,123,24,20,0
1098,43.92,383,326,83,24,10,0
1098,43.92,386,624,47,149,107,0
1098,43.92,387,872,136,20,19,0
1098,43.92,388,513,257,11,16,0
1098,43.92,390,437,177,57,24,0
1099,43.96,191,263,77,24,32,0
1099,43.96,315,256,94,19,28,0
1099,43.96,320,232,90,26,32,0
1099,43.96,323,240,169,32,36,0
1099,43.96,331,1205,554,70,6,0
1099,43.96,333,267,148,27,18,0
1099,43.96,346,1248,344,30,14,0
1099,43.96,348,837,146,27,27,0
1099,43.96,350,512,193,157,91,0
1099,43.96,353,337,0,47,76,0
1099,43.96,354,598,96,22,15,0
1099,43.96,355,1126,551,78,7,0
1099,43.96,365,322,61,56,67,0
1099,43.96,367,744,245,14,11,0
1099,43.96,371,278,125,234,159,0
1099,43.96,372,266,232,13,27,0
1099,43.96,373,682,169,150,99,0
1099,43.96,375,626,141,20,11,0
1099,43.96,376,590,123,24,20,0
1099,43.96,379,657,166,27,21,0
1099,43.96,383,326,83,22,10,0
1099,43.96,386,624,46,149,108,0
1099,43.96,387,872,136,20,19,0
1099,43.96,388,513,257,11,16,0
1099,43.96,390,437,177,57,24,0
1100,44.0,191,263,77,24,32,0
1100,44.0,315,256,96,19,26,0
1100,44.0,320,232,90,26,32,0
1100,44.0,323,240,169,32,36,0
1100,44.0,331,1205,554,70,6,0
1100,44.0,333,267,148,27,18,0
1100,44.0,346,1248,344,30,14,0
1100,44.0,348,837,146,27,27,0
1100,44.0,350,512,189,168,95,0
1100,44.0,353,337,0,47,76,0
1100,44.0,354,598,96,22,14,0
1100,44.0,355,1126,551,78,7,0
1100,44.0,365,322,64,56,62,0
1100,44.0,367,744,245,14,11,0
1100,44.0,371,278,125,234,159,0
1100,44.0,372,266,232,13,27,0
1100,44.0,373,682,169,150,99,0
1100,44.0,375,626,128,24,24,0
1100,44.0,376,590,126,24,17,0
1100,44.0,379,662,161,31,22,0
1100,44.0,382,624,120,20,19,0
1100,44.0,383,326,83,22,10,0
1100,44.0,386,623,45,150,109,0
1100,44.0,387,872,136,24,19,0
1100,44.0,388,513,257,9,16,0
1100,44.0,390,437,177,57,24,0
1101,44.04,191,263,77,24,32,0
1101,44.04,315,256,96,19,26,0
1101,44.04,320,232,90,26,32,0
1101,44.04,323,240,169,32,36,0
1101,44.04,331,1205,554,70,6,0
1101,44.04,333,267,148,27,18,0
1101,44.04,346,1248,344,30,14,0
1101,44.04,348,837,146,27,27,0
1101,44.04,350,512,189,168,95,0
1101,44.04,353,337,0,47,76,0
1101,44.04,354,598,96,21,14,0
1101,44.04,355,1126,551,78,7,0
1101,44.04,365,322,64,56,62,0
1101,44.04,367,744,245,14,11,0
1101,44.04,371,278,125,234,159,0
1101,44.04,372,266,232,13,27,0
1101,44.04,373,682,169,150,99,0
1101,44.04,375,626,141,20,11,0
1101,44.04,376,590,126,24,17,0
1101,44.04,379,658,160,30,23,0
1101,44.04,382,658,86,22,15,0
1101,44.04,383,326,83,22,10,0
1101,44.04,386,618,48,108,106,0
1101,44.04,387,872,136,24,19,0
1101,44.04,390,437,177,57,24,0
1101,44.04,394,723,132,50,20,0
1101,44.04,395,752,190,18,18,0
1102,44.08,191,263,77,24,32,0
1102,44.08,315,256,96,19,26,0
1102,44.08,320,232,90,26,32,0
1102,44.08,323,240,169,32,36,0
1102,44.08,331,1205,554,70,6,0
1102,44.08,333,267,148,27,18,0
1102,44.08,346,1248,344,30,14,0
1102,44.08,348,847,154,17,19,0
1102,44.08,350,512,189,168,95,0
1102,44.08,353,343,0,41,76,0
1102,44.08,354,598,96,20,14,0
1102,44.08,355,1126,551,78,7,0
1102,44.08,365,322,64,56,62,0
1102,44.08,367,744,245,14,11,0
1102,44.08,370,464,177,30,14,0
1102,44.08,371,278,125,234,160,0
1102,44.08,372,266,232,13,28,0
1102,44.08,373,682,179,142,89,0
1102,44.08,375,626,141,20,11,0
1102,44.08,376,590,126,24,17,0
1102,44.08,382,620,46,106,108,0
1102,44.08,383,326,83,22,10,0
1102,44.08,386,658,86,22,15,0
1102,44.08,387,872,136,24,19,0
1102,44.08,388,511,256,11,17,0
1102,44.08,390,437,179,33,22,0
1102,44.08,392,837,146,17,11,0
1102,44.08,394,723,132,50,20,0
1102,44.08,395,756,190,14,18,0
1102,44.08,396,809,169,23,15,0
1103,44.12,191,263,77,24,32,0
1103,44.12,315,256,96,19,26,0
1103,44.12,320,232,90,26,32,0
1103,44.12,323,240,169,34,38,0
1103,44.12,331,1205,554,70,6,0
1103,44.12,333,267,148,27,18,0
1103,44.12,346,1248,344,30,14,0
1103,44.12,348,847,154,17,19,0
1103,44.12,350,512,189,168,94,0
1103,44.12,353,343,0,41,76,0
1103,44.12,354,598,96,20,14,0
1103,44.12,355,1126,551,78,7,0
1103,44.12,360,450,182,19,19,0
1103,44.12,365,322,80,56,46,0
1103,44.12,367,744,245,14,11,0
1103,44.12,370,464,177,30,14,0
1103,44.12,371,278,125,234,160,0
1103,44.12,372,266,232,13,28,0
1103,44.12,373,682,179,142,89,0
1103,44.12,375,626,141,20,11,0
1103,44.12,376,590,126,24,17,0
1103,44.12,379,665,168,13,15,0
1103,44.12,382,616,46,110,109,0
1103,44.12,383,326,83,22,10,0
1103,44.12,386,658,86,22,15,0
1103,44.12,387,872,136,24,19,0
1103,44.12,388,511,256,11,17,0
1103,44.12,390,437,184,17,17,0
1103,44.12,391,588,210,12,14,0
1103,44.12,392,837,146,17,11,0
1103,44.12,394,723,132,50,20,0
1103,44.12,395,756,190,14,18,0
1103,44.12,396,809,169,23,15,0
1103,44.12,397,679,157,15,11,0
1104,44.16,191,263,77,24,32,0
1104,44.16,315,256,96,19,26,0
1104,44.16,320,232,90,26,32,0
1104,44.16,323,240,169,34,38,0
1104,44.16,331,1205,554,70,6,0
1104,44.16,333,267,148,27,18,0
1104,44.16,346,1248,344,30,14,0
1104,44.16,348,847,154,17,19,0
1104,44.16,350,560,241,25,19,0
1104,44.16,353,343,0,41,76,0
1104,44.16,355,1126,551,78,7,0
1104,44.16,360,450,182,19,19,0
1104,44.16,365,322,80,56,46,0
1104,44.16,367,744,245,14,11,0
1104,44.16,370,466,177,22,14,0
1104,44.16,371,278,125,234,160,0
1104,44.16,372,266,232,13,28,0
1104,44.16,373,682,208,70,60,0
1104,44.16,375,626,134,22,18,0
1104,44.16,376,590,126,24,17,0
1104,44.16,379,658,162,18,21,0
1104,44.16,382,598,46,128,114,0
1104,44.16,383,326,83,22,10,0
1104,44.16,386,658,86,22,14,0
1104,44.16,387,872,136,24,19,0
1104,44.16,388,511,256,13,17,0
1104,44.16,390,437,184,17,17,0
1104,44.16,391,512,194,88,80,0
1104,44.16,392,837,146,17,11,0
1104,44.16,394,723,132,50,20,0
1104,44.16,395,756,190,14,18,0
1104,44.16,396,809,169,23,15,0
1104,44.16,398,575,189,105,95,0
1104,44.16,399,751,179,73,53,0
1105,44.2,191,263,77,24,32,0
1105,44.2,315,256,96,19,26,0
1105,44.2,320,232,90,26,32,0
1105,44.2,323,240,169,34,38,0
1105,44.2,331,1205,554,70,5,0
1105,44.2,333,267,149,27,17,0
1105,44.2,346,1248,344,30,14,0
1105,44.2,348,847,154,17,19,0
1105,44.2,350,512,192,79,82,0
1105,44.2,353,343,0,41,76,0
1105,44.2,355,1126,551,78,7,0
1105,44.2,365,322,80,56,45,0
1105,44.2,367,744,245,14,11,0
1105,44.2,371,278,125,234,160,0
1105,44.2,372,266,232,13,28,0
1105,44.2,373,682,221,70,47,0
1105,44.2,375,626,141,23,11,0
1105,44.2,376,590,127,24,16,0
1105,44.2,379,658,162,15,21,0
1105,44.2,382,598,46,128,108,0
1105,44.2,383,326,83,22,10,0
1105,44.2,386,658,86,22,14,0
1105,44.2,387,872,136,24,19,0
1105,44.2,388,511,256,13,17,0
1105,44.2,390,437,185,17,16,0
1105,44.2,392,837,146,17,11,0
1105,44.2,394,723,132,50,20,0
1105,44.2,395,756,190,11,18,0
1105,44.2,396,809,169,23,15,0
1105,44.2,397,737,208,15,16,0
1105,44.2,398,557,189,123,95,0
1105,44.2,399,751,179,73,53,0
1105,44.2,400,847,185,17,14,0
1106,44.24,191,263,77,24,32,0
1106,44.24,315,256,96,19,26,0
1106,44.24,320,232,90,26,32,0
1106,44.24,323,240,169,34,38,0
1106,44.24,331,1205,554,70,5,0
1106,44.24,333,267,149,27,17,0
1106,44.24,346,1248,344,30,14,0
1106,44.24,348,848,154,16,17,0
1106,44.24,350,512,192,75,82,0
1106,44.24,353,343,0,41,76,0
1106,44.24,355,1126,551,78,7,0
1106,44.24,365,322,80,56,45,0
1106,44.24,367,744,246,14,10,0
1106,44.24,371,278,131,234,154,0
1106,44.24,372,266,232,13,28,0
1106,44.24,373,682,221,70,47,0
1106,44.24,375,626,141,23,11,0
1106,44.24,376,590,127,24,15,0
1106,44.24,382,598,47,128,107,0
1106,44.24,383,326,83,22,10,0
1106,44.24,386,658,86,22,14,0
1106,44.24,387,872,136,24,19,0
1106,44.24,388,511,256,13,17,0
1106,44.24,390,438,185,16,16,0
1106,44.24,392,837,146,17,11,0
1106,44.24,394,723,132,50,20,0
1106,44.24,395,756,190,11,18,0
1106,44.24,396,809,169,23,15,0
1106,44.24,397,737,208,15,16,0
1106,44.24,398,570,189,110,95,0
1106,44.24,399,752,179,72,53,0
1106,44.24,401,294,125,35,27,0
1106,44.24,402,350,184,47,26,0
1107,44.28,191,263,77,24,32,0
1107,44.28,315,256,96,19,26,0
1107,44.28,320,232,90,26,32,0
1107,44.28,323,240,169,34,38,0
1107,44.28,331,1205,554,70,5,0
1107,44.28,333,267,146,27,20,0
1107,44.28,346,1248,344,30,14,0
1107,44.28,348,849,154,15,17,0
1107,44.28,350,508,197,76,82,0
1107,44.28,353,343,0,41,76,0
1107,44.28,354,598,47,59,97,0
1107,44.28,355,1126,551,78,7,0
1107,44.28,358,568,192,17,12,0
1107,44.28,365,322,82,56,43,0
1107,44.28,367,744,246,14,10,0
1107,44.28,371,278,131,234,154,0
1107,44.28,372,266,232,13,28,0
1107,44.28,373,682,221,57,47,0
1107,44.28,375,626,141,20,12,0
1107,44.28,376,597,127,17,15,0
1107,44.28,382,644,97,82,57,0
1107,44.28,383,326,83,22,10,0
1107,44.28,386,658,86,22,14,0
1107,44.28,387,872,136,24,19,0
1107,44.28,388,512,205,13,19,0
1107,44.28,390,438,185,16,16,0
1107,44.28,392,838,147,16,10,0
1107,44.28,394,723,132,50,20,0
1107,44.28,395,756,190,11,17,0
1107,44.28,396,809,169,23,15,0
1107,44.28,397,737,208,15,16,0
1107,44.28,398,569,189,118,95,0
1107,44.28,399,752,179,52,53,0
1107,44.28,400,804,184,20,20,0
1107,44.28,401,294,125,35,27,0
1107,44.28,402,350,184,47,26,0
1107,44.28,403,736,226,16,10,0
1108,44.32,191,263,77,24,32,0
1108,44.32,315,256,96,19,26,0
1108,44.32,320,232,90,26,32,0
1108,44.32,323,240,169,34,38,0
1108,44.32,331,1205,554,70,5,0
1108,44.32,333,267,146,27,20,0
1108,44.32,346,1248,344,30,14,0
1108,44.32,348,850,154,14,16,0
1108,44.32,350,508,236,44,43,0
1108,44.32,353,343,0,41,76,0
1108,44.32,354,598,47,68,105,0
1108,44.32,355,1126,551,78,7,0
1108,44.32,358,514,197,70,49,0
1108,44.32,365,322,80,56,45,0
1108,44.32,367,744,246,14,10,0
1108,44.32,371,278,131,234,154,0
1108,44.32,372,266,232,13,28,0
1108,44.32,373,701,221,38,47,0
1108,44.32,375,616,127,21,14,0
1108,44.32,376,597,127,16,15,0
1108,44.32,382,659,97,67,57,0
1108,44.32,383,326,83,22,10,0
1108,44.32,386,658,86,22,14,0
1108,44.32,387,879,136,17,9,0
1108,44.32,388,512,205,13,19,0
1108,44.32,390,438,185,16,16,0
1108,44.32,394,725,132,48,20,0
1108,44.32,395,756,190,11,17,0
1108,44.32,396,809,169,23,15,0
1108,44.32,397,737,208,15,16,0
1108,44.32,398,566,189,121,96,0
1108,44.32,399,752,179,52,53,0
1108,44.32,400,804,184,20,20,0
1108,44.32,401,294,125,35,27,0
1108,44.32,402,350,185,47,25,0
1108,44.32,403,736,226,16,10,0
1108,44.32,404,552,242,25,22,0
1109,44.36,191,263,77,24,32,0
1109,44.36,315,256,96,19,26,0
1109,44.36,320,232,90,26,32,0
1109,44.36,323,240,169,34,38,0
1109,44.36,331,1205,554,70,5,0
1109,44.36,333,267,146,27,20,0
1109,44.36,346,1248,344,30,14,0
1109,44.36,348,850,154,14,16,0
1109,44.36,353,343,0,41,76,0
1109,44.36,354,597,46,69,107,0
1109,44.36,355,1126,551,78,7,0
1109,44.36,358,514,197,70,49,0
1109,44.36,360,407,190,17,15,0
1109,44.36,365,322,80,56,45,0
1109,44.36,367,744,246,14,10,0
1109,44.36,371,278,131,270,157,0
1109,44.36,372,266,232,13,28,0
1109,44.36,373,704,224,35,44,0
1109,44.36,375,638,84,19,12,0
1109,44.36,382,661,97,65,57,0
1109,44.36,386,658,86,22,14,0
1109,44.36,387,879,136,17,9,0
1109,44.36,388,512,205,13,19,0
1109,44.36,390,438,185,16,16,0
1109,44.36,394,735,134,38,18,0
1109,44.36,395,756,190,11,17,0
1109,44.36,396,809,169,23,15,0
1109,44.36,397,737,208,15,16,0
1109,44.36,398,564,189,123,96,0
1109,44.36,399,752,179,52,53,0
1109,44.36,400,804,184,20,20,0
1109,44.36,401,294,125,35,27,0
1109,44.36,402,350,185,47,24,0
1109,44.36,403,736,226,16,10,0
1109,44.36,404,549,242,29,24,0
1110,44.4,191,263,77,24,32,0
1110,44.4,315,256,96,19,26,0
1110,44.4,320,232,90,26,32,0
1110,44.4,323,240,169,34,38,0
1110,44.4,331,1205,554,70,5,0
1110,44.4,333,267,146,27,20,0
1110,44.4,346,1248,344,30,14,0
1110,44.4,348,850,154,14,16,0
1110,44.4,353,345,0,39,76,0
1110,44.4,354,597,47,69,106,0
1110,44.4,355,1126,551,78,7,0
1110,44.4,358,514,197,67,49,0
1110,44.4,365,322,81,55,44,0
1110,44.4,367,744,246,14,10,0
1110,44.4,371,278,131,280,157,0
1110,44.4,372,266,232,13,28,0
1110,44.4,373,704,224,35,44,0
1110,44.4,375,638,84,19,12,0
1110,44.4,382,661,97,65,57,0
1110,44.4,386,658,86,22,14,0
1110,44.4,387,879,136,17,9,0
1110,44.4,388,512,205,13,19,0
1110,44.4,390,438,185,15,16,0
1110,44.4,394,735,134,38,18,0
1110,44.4,395,756,190,11,17,0
1110,44.4,396,809,169,23,15,0
1110,44.4,397,737,208,15,16,0
1110,44.4,398,559,189,128,98,0
1110,44.4,399,752,179,52,53,0
1110,44.4,400,804,184,20,20,0
1110,44.4,401,294,125,35,27,0
1110,44.4,402,350,185,47,24,0
1110,44.4,403,736,226,16,9,0
1111,44.44,191,263,77,24,32,0
1111,44.44,315,256,96,19,26,0
1111,44.44,320,232,90,26,32,0
1111,44.44,323,240,169,34,38,0
1111,44.44,331,1205,554,70,5,0
1111,44.44,333,267,146,27,20,0
1111,44.44,346,1248,344,30,14,0
1111,44.44,348,850,154,14,16,0
1111,44.44,353,349,0,35,76,0
1111,44.44,354,598,46,68,107,0
1111,44.44,355,1126,551,78,7,0
1111,44.44,358,514,197,65,49,0
1111,44.44,365,322,81,55,44,0
1111,44.44,367,744,246,14,10,0
1111,44.44,371,278,131,266,157,0
1111,44.44,372,266,232,13,28,0
1111,44.44,373,704,224,35,44,0
1111,44.44,375,638,84,19,12,0
1111,44.44,376,591,126,33,17,0
1111,44.44,382,665,97,61,57,0
1111,44.44,386,658,86,22,14,0
1111,44.44,387,879,136,17,9,0
1111,44.44,388,512,205,13,19,0
1111,44.44,390,438,188,15,13,0
1111,44.44,394,735,134,38,18,0
1111,44.44,395,756,190,11,17,0
1111,44.44,396,809,169,23,15,0
1111,44.44,397,737,208,15,16,0
1111,44.44,398,560,189,127,99,0
1111,44.44,399,752,179,52,53,0
1111,44.44,400,804,184,20,20,0
1111,44.44,401,294,125,35,27,0
1111,44.44,402,350,185,46,24,0
1111,44.44,403,736,226,16,9,0
1112,44.48,191,263,77,24,32,0
1112,44.48,315,256,96,19,26,0
1112,44.48,320,232,90,26,32,0
1112,44.48,323,240,169,34,38,0
1112,44.48,331,1205,554,66,5,0
1112,44.48,333,267,146,27,20,0
1112,44.48,346,1248,344,30,14,0
1112,44.48,348,850,154,14,16,0
1112,44.48,353,349,0,35,76,0
1112,44.48,354,598,47,68,106,0
1112,44.48,355,1126,551,48,6,0
1112,44.48,358,514,198,63,44,0
1112,44.48,365,322,81,55,44,0
1112,44.48,367,744,246,14,10,0
1112,44.48,371,275,131,265,157,0
1112,44.48,372,266,232,18,28,0
1112,44.48,373,704,224,35,44,0
1112,44.48,375,638,84,19,12,0
1112,44.48,376,586,127,34,16,0
1112,44.48,382,665,97,61,57,0
1112,44.48,386,658,86,22,14,0
1112,44.48,387,879,136,17,9,0
1112,44.48,388,512,205,13,19,0
1112,44.48,390,438,188,15,13,0
1112,44.48,394,735,134,38,18,0
1112,44.48,395,756,190,11,17,0
1112,44.48,396,809,169,23,15,0
1112,44.48,397,737,208,15,16,0
1112,44.48,398,558,189,129,99,0
1112,44.48,399,752,191,52,41,0
1112,44.48,400,804,184,20,20,0
1112,44.48,401,294,125,35,27,0
1112,44.48,402,350,185,46,24,0
1112,44.48,403,736,226,16,9,0
1113,44.52,191,263,77,24,32,0
1113,44.52,315,256,96,19,26,0
1113,44.52,320,232,90,26,32,0
1113,44.52,323,240,169,34,38,0
1113,44.52,331,1205,554,66,5,0
1113,44.52,333,267,146,27,20,0
1113,44.52,346,1248,344,30,14,0
1113,44.52,353,349,0,35,76,0
1113,44.52,354,594,47,70,106,0
1113,44.52,355,1126,551,48,6,0
1113,44.52,358,514,196,62,46,0
1113,44.52,365,322,81,55,44,0
1113,44.52,367,744,246,14,10,0
1113,44.52,371,275,131,260,157,0
1113,44.52,372,266,232,18,28,0
1113,44.52,373,704,224,35,44,0
1113,44.52,375,638,84,19,12,0
1113,44.52,376,578,122,36,20,0
1113,44.52,382,665,97,61,57,0
1113,44.52,386,658,86,22,14,0
1113,44.52,387,879,136,17,9,0
1113,44.52,388,512,205,13,19,0
1113,44.52,394,735,134,37,18,0
1113,44.52,395,756,190,11,17,0
1113,44.52,397,737,208,15,16,0
1113,44.52,398,553,189,134,99,0
1113,44.52,399,758,191,46,41,0
1113,44.52,400,808,184,16,8,0
1113,44.52,401,294,125,35,27,0
1113,44.52,402,351,187,45,22,0
1113,44.52,404,508,255,28,24,0
1114,44.56,191,263,77,24,32,0
1114,44.56,315,256,96,19,26,0
1114,44.56,320,232,90,26,32,0
1114,44.56,323,240,169,34,38,0
1114,44.56,331,1205,554,66,5,0
1114,44.56,333,267,146,27,20,0
1114,44.56,346,1248,344,30,14,0
1114,44.56,353,349,0,35,76,0
1114,44.56,354,592,44,72,109,0
1114,44.56,355,1126,551,48,6,0
1114,44.56,358,514,200,61,41,0
1114,44.56,365,322,81,55,44,0
1114,44.56,367,744,246,14,10,0
1114,44.56,371,275,131,260,157,0
1114,44.56,372,266,232,18,28,0
1114,44.56,373,704,224,35,44,0
1114,44.56,375,638,84,19,12,0
1114,44.56,376,577,111,37,31,0
1114,44.56,382,665,97,61,57,0
1114,44.56,386,658,86,22,14,0
1114,44.56,388,512,205,13,19,0
1114,44.56,394,735,134,37,18,0
1114,44.56,395,756,193,11,14,0
1114,44.56,397,737,208,15,16,0
1114,44.56,398,547,189,140,99,0
1114,44.56,399,758,191,41,41,0
1114,44.56,400,808,184,16,8,0
1114,44.56,401,294,125,34,27,0
1114,44.56,402,351,187,45,22,0
1114,44.56,403,704,224,18,16,0
1114,44.56,404,508,256,17,21,0
1114,44.56,405,559,196,16,15,0
1115,44.6,191,263,77,24,32,0
1115,44.6,315,256,96,19,26,0
1115,44.6,320,232,90,26,32,0
1115,44.6,323,246,176,28,31,0
1115,44.6,331,1205,554,66,5,0
1115,44.6,333,267,146,27,20,0
1115,44.6,346,1248,344,30,14,0
1115,44.6,353,349,0,35,76,0
1115,44.6,354,574,47,89,106,0
1115,44.6,355,1126,551,46,6,0
1115,44.6,365,324,81,50,44,0
1115,44.6,367,744,246,14,10,0
1115,44.6,371,275,131,299,157,0
1115,44.6,372,266,232,18,28,0
1115,44.6,373,704,224,35,44,0
1115,44.6,375,638,84,19,12,0
1115,44.6,382,665,97,61,57,0
1115,44.6,386,658,86,22,14,0
1115,44.6,388,512,205,13,19,0
1115,44.6,394,735,134,37,18,0
1115,44.6,395,756,193,11,14,0
1115,44.6,397,737,208,15,16,0
1115,44.6,398,546,189,141,106,0
1115,44.6,399,758,191,35,41,0
1115,44.6,400,808,184,16,8,0
1115,44.6,401,294,125,34,27,0
1115,44.6,402,351,187,45,22,0
1115,44.6,403,704,224,17,16,0
1115,44.6,404,508,256,14,21,0
1116,44.64,191,263,77,24,32,0
1116,44.64,315,256,96,19,26,0
1116,44.64,320,232,90,26,32,0
1116,44.64,323,246,176,28,31,0
1116,44.64,331,1205,554,66,5,0
1116,44.64,333,267,146,27,20,0
1116,44.64,346,1248,344,30,14,0
1116,44.64,353,349,0,35,76,0
1116,44.64,354,587,44,76,109,0
1116,44.64,355,1126,551,46,6,0
1116,44.64,365,325,81,49,44,0
1116,44.64,367,744,246,14,10,0
1116,44.64,371,275,131,295,157,0
1116,44.64,372,266,232,18,28,0
1116,44.64,373,704,225,35,43,0
1116,44.64,375,638,84,19,12,0
1116,44.64,376,574,112,43,33,0
1116,44.64,382,665,97,61,57,0
1116,44.64,386,658,86,22,14,0
1116,44.64,388,512,205,13,19,0
1116,44.64,394,735,134,37,18,0
1116,44.64,395,756,193,11,14,0
1116,44.64,396,772,191,21,25,0
1116,44.64,397,737,208,15,16,0
1116,44.64,398,544,189,143,106,0
1116,44.64,399,758,214,20,18,0
1116,44.64,400,808,184,16,8,0
1116,44.64,401,294,125,34,27,0
1116,44.64,402,351,187,45,21,0
1116,44.64,403,704,224,16,12,0
1116,44.64,404,511,256,9,16,0
1117,44.68,191,263,77,24,32,0
1117,44.68,315,256,96,19,26,0
1117,44.68,320,232,90,26,32,0
1117,44.68,323,246,176,28,31,0
1117,44.68,331,1205,554,66,5,0
1117,44.68,333,267,146,27,20,0
1117,44.68,346,1248,344,30,14,0
1117,44.68,353,349,0,35,76,0
1117,44.68,354,579,44,84,107,0
1117,44.68,355,1126,551,46,6,0
1117,44.68,358,514,200,51,37,0
1117,44.68,365,332,81,42,44,0
1117,44.68,367,744,246,14,10,0
1117,44.68,371,275,141,259,147,0
1117,44.68,372,266,232,18,28,0
1117,44.68,373,704,240,35,28,0
1117,44.68,375,638,84,19,12,0
1117,44.68,379,626,144,20,9,0
1117,44.68,382,665,97,61,57,0
1117,44.68,383,325,87,39,15,0
1117,44.68,386,658,86,22,14,0
1117,44.68,388,512,205,13,19,0
1117,44.68,394,735,134,37,18,0
1117,44.68,395,756,193,11,14,0
1117,44.68,396,772,191,19,25,0
1117,44.68,397,737,208,15,16,0
1117,44.68,398,540,189,147,106,0
1117,44.68,399,758,214,20,18,0
1117,44.68,401,294,125,34,27,0
1117,44.68,402,351,187,45,21,0
1117,44.68,403,704,224,16,12,0
1117,44.68,406,721,225,13,15,0
1118,44.72,191,263,77,24,32,0
1118,44.72,315,256,96,19,26,0
1118,44.72,320,232,90,26,32,0
1118,44.72,323,246,176,28,31,0
1118,44.72,331,1205,554,43,5,0
1118,44.72,333,267,146,27,20,0
1118,44.72,346,1248,344,30,14,0
1118,44.72,353,349,0,35,76,0
1118,44.72,354,578,47,85,106,0
1118,44.72,355,1128,551,44,6,0
1118,44.72,358,514,200,42,36,0
1118,44.72,365,332,92,42,33,0
1118,44.72,367,744,246,14,10,0
1118,44.72,371,275,141,253,147,0
1118,44.72,372,266,232,18,28,0
1118,44.72,373,704,240,35,28,0
1118,44.72,375,638,84,19,12,0
1118,44.72,382,665,97,61,57,0
1118,44.72,383,325,87,39,15,0
1118,44.72,388,512,205,13,19,0
1118,44.72,394,735,134,37,18,0
1118,44.72,395,756,193,11,14,0
1118,44.72,396,772,191,19,25,0
1118,44.72,397,739,208,13,16,0
1118,44.72,398,534,189,153,106,0
1118,44.72,399,758,214,20,18,0
1118,44.72,401,294,125,34,27,0
1118,44.72,402,351,189,45,19,0
1118,44.72,403,704,224,16,12,0
1118,44.72,406,721,225,13,15,0
1119,44.76,191,259,77,30,45,0
1119,44.76,315,277,121,15,22,0
1119,44.76,320,230,85,30,38,0
1119,44.76,323,240,170,34,37,0
1119,44.76,331,1189,553,46,6,0
1119,44.76,333,266,135,27,39,0
1119,44.76,346,1249,339,31,20,0
1119,44.76,348,848,159,40,26,0
1119,44.76,351,352,44,26,31,0
1119,44.76,353,339,0,45,45,0
1119,44.76,354,577,54,86,98,0
1119,44.76,355,1128,552,44,5,0
1119,44.76,365,332,102,40,23,0
1119,44.76,367,679,239,23,17,0
1119,44.76,371,271,143,287,145,0
1119,44.76,372,265,232,20,29,0
1119,44.76,373,714,240,25,24,0
1119,44.76,382,666,98,58,47,0
1119,44.76,383,326,83,38,19,0
1119,44.76,386,701,119,20,18,0
1119,44.76,387,867,184,21,12,0
1119,44.76,392,826,163,14,17,0
1119,44.76,394,743,134,32,17,0
1119,44.76,395,756,193,11,14,0
1119,44.76,396,772,191,19,29,0
1119,44.76,397,741,208,11,16,0
1119,44.76,398,534,192,154,105,0
1119,44.76,399,758,216,21,19,0
1119,44.76,400,808,180,16,18,0
1119,44.76,401,293,125,36,33,0
1119,44.76,402,351,189,45,21,0
1119,44.76,403,708,224,12,12,0
1119,44.76,406,721,225,13,15,0
1119,44.76,407,251,146,24,27,0
1119,44.76,408,314,57,17,11,0
1119,44.76,409,1249,554,31,5,0
1120,44.8,191,259,77,30,45,0
1120,44.8,315,277,121,15,22,0
1120,44.8,320,230,85,30,38,0
1120,44.8,323,240,170,34,37,0
1120,44.8,331,1189,553,46,6,0
1120,44.8,333,266,135,27,39,0
1120,44.8,346,1249,339,31,20,0
1120,44.8,348,848,159,40,26,0
1120,44.8,351,352,44,26,31,0
1120,44.8,353,339,0,45,45,0
1120,44.8,354,572,47,91,112,0
1120,44.8,355,1128,552,44,5,0
1120,44.8,365,332,102,40,20,0
1120,44.8,371,271,143,285,145,0
1120,44.8,372,265,232,20,29,0
1120,44.8,373,714,240,25,24,0
1120,44.8,382,666,98,58,47,0
1120,44.8,383,326,83,38,19,0
1120,44.8,386,701,119,20,18,0
1120,44.8,392,826,163,14,17,0
1120,44.8,394,743,134,32,17,0
1120,44.8,395,756,193,11,14,0
1120,44.8,396,772,191,19,29,0
1120,44.8,397,741,208,11,16,0
1120,44.8,398,529,191,159,106,0
1120,44.8,399,758,216,21,19,0
1120,44.8,400,808,180,16,18,0
1120,44.8,401,293,125,36,33,0
1120,44.8,402,351,189,45,21,0
1120,44.8,403,708,224,12,12,0
1120,44.8,406,679,239,18,17,0
1120,44.8,407,251,146,24,27,0
1120,44.8,408,314,57,17,11,0
1120,44.8,409,1249,554,31,5,0
1121,44.84,191,259,77,30,45,0
1121,44.84,315,277,121,15,22,0
1121,44.84,320,230,85,30,38,0
1121,44.84,323,240,170,34,37,0
1121,44.84,333,266,135,27,39,0
1121,44.84,346,1249,339,31,20,0
1121,44.84,348,848,159,40,26,0
1121,44.84,351,352,44,26,31,0
1121,44.84,353,337,0,47,45,0
1121,44.84,354,572,50,82,103,0
1121,44.84,355,1128,552,44,5,0
1121,44.84,358,512,210,30,15,0
1121,44.84,365,332,102,40,20,0
1121,44.84,370,380,190,16,9,0
1121,44.84,371,271,143,242,145,0
1121,44.84,372,265,232,20,29,0
1121,44.84,373,714,240,25,24,0
1121,44.84,379,646,115,17,21,0
1121,44.84,382,666,98,58,47,0
1121,44.84,383,326,83,38,19,0
1121,44.84,386,701,119,20,18,0
1121,44.84,388,514,226,23,10,0
1121,44.84,392,826,163,14,17,0
1121,44.84,394,743,134,31,17,0
1121,44.84,395,756,193,11,14,0
1121,44.84,396,772,191,19,25,0
1121,44.84,398,524,193,164,106,0
1121,44.84,399,758,216,21,19,0
1121,44.84,400,808,180,16,18,0
1121,44.84,401,293,125,36,33,0
1121,44.84,402,351,190,25,18,0
1121,44.84,405,533,200,23,22,0
1121,44.84,407,251,146,24,27,0
1121,44.84,408,314,57,17,11,0
1121,44.84,409,1249,554,31,5,0
1122,44.88,191,259,77,30,45,0
1122,44.88,315,277,121,15,22,0
1122,44.88,320,230,85,30,38,0
1122,44.88,323,240,170,34,37,0
1122,44.88,331,1189,553,46,6,0
1122,44.88,333,266,135,27,39,0
1122,44.88,346,1249,339,31,20,0
1122,44.88,348,848,159,40,26,0
1122,44.88,351,352,44,26,31,0
1122,44.88,353,337,0,47,45,0
1122,44.88,354,572,46,72,105,0
1122,44.88,355,1128,552,44,5,0
1122,44.88,358,512,210,29,15,0
1122,44.88,365,333,102,39,20,0
1122,44.88,370,380,190,16,9,0
1122,44.88,371,271,143,242,145,0
1122,44.88,372,265,232,20,29,0
1122,44.88,373,714,240,25,24,0
1122,44.88,382,666,98,58,47,0
1122,44.88,383,326,83,38,19,0
1122,44.88,386,701,119,20,18,0
1122,44.88,388,514,226,23,10,0
1122,44.88,392,826,163,14,17,0
1122,44.88,394,743,134,31,17,0
1122,44.88,395,756,193,11,14,0
1122,44.88,396,773,191,18,25,0
1122,44.88,398,523,193,165,108,0
1122,44.88,399,758,226,21,9,0
1122,44.88,400,808,180,16,18,0
1122,44.88,401,293,125,36,33,0
1122,44.88,402,351,190,25,18,0
1122,44.88,405,533,200,23,16,0
1122,44.88,407,251,146,24,27,0
1122,44.88,408,314,57,17,11,0
1122,44.88,409,1249,554,31,5,0
1123,44.92,191,259,77,30,45,0
1123,44.92,315,277,121,15,22,0
1123,44.92,320,230,85,30,38,0
1123,44.92,323,240,170,34,37,0
1123,44.92,331,1205,553,30,6,0
1123,44.92,333,266,135,27,39,0
1123,44.92,346,1249,339,31,20,0
1123,44.92,348,848,159,40,26,0
1123,44.92,351,352,44,26,31,0
1123,44.92,353,337,0,47,45,0
1123,44.92,354,568,40,76,110,0
1123,44.92,355,1128,552,44,5,0
1123,44.92,358,512,210,26,15,0
1123,44.92,365,333,102,39,20,0
1123,44.92,371,271,143,241,144,0
1123,44.92,372,265,232,20,29,0
1123,44.92,373,714,240,25,24,0
1123,44.92,376,596,96,22,15,0
1123,44.92,379,624,129,17,23,0
1123,44.92,382,666,98,58,47,0
1123,44.92,383,326,83,38,19,0
1123,44.92,386,701,119,20,18,0
1123,44.92,392,826,163,14,17,0
1123,44.92,394,743,134,31,17,0
1123,44.92,395,756,193,11,14,0
1123,44.92,396,773,191,18,25,0
1123,44.92,398,526,193,162,108,0
1123,44.92,399,758,226,21,9,0
1123,44.92,400,808,180,16,18,0
1123,44.92,401,293,125,36,33,0
1123,44.92,402,351,190,25,18,0
1123,44.92,404,491,261,13,20,0
1123,44.92,407,251,146,24,27,0
1123,44.92,408,314,57,17,11,0
1123,44.92,409,1250,554,30,5,0
1124,44.96,191,259,77,30,45,0
1124,44.96,315,277,121,15,22,0
1124,44.96,320,230,85,30,38,0
1124,44.96,323,240,170,34,37,0
1124,44.96,331,1205,553,30,6,0
1124,44.96,333,266,135,27,39,0
1124,44.96,346,1249,339,31,20,0
1124,44.96,348,848,159,40,27,0
1124,44.96,351,352,44,26,31,0
1124,44.96,353,339,0,45,45,0
1124,44.96,355,1128,552,44,5,0
1124,44.96,358,512,210,26,15,0
1124,44.96,365,333,102,39,20,0
1124,44.96,371,265,143,247,145,0
1124,44.96,373,714,240,25,24,0
1124,44.96,375,624,120,20,10,0
1124,44.96,376,568,50,62,101,0
1124,44.96,379,626,137,12,15,0
1124,44.96,382,666,98,58,47,0
1124,44.96,383,327,87,35,15,0
1124,44.96,386,701,119,20,18,0
1124,44.96,392,826,163,14,17,0
1124,44.96,394,743,134,31,17,0
1124,44.96,395,758,193,9,14,0
1124,44.96,396,773,191,18,25,0
1124,44.96,398,528,193,160,110,0
1124,44.96,399,758,226,21,9,0
1124,44.96,400,808,180,16,18,0
1124,44.96,401,293,125,36,33,0
1124,44.96,402,351,194,21,14,0
1124,44.96,407,251,146,24,27,0
1124,44.96,408,314,57,17,11,0
1124,44.96,409,1250,554,30,5,0
1124,44.96,410,326,83,20,12,0
1125,45.0,191,259,77,30,45,0
1125,45.0,315,277,121,15,22,0
1125,45.0,320,230,85,30,38,0
1125,45.0,323,240,170,34,37,0
1125,45.0,333,266,135,27,39,0
1125,45.0,346,1249,339,31,20,0
1125,45.0,348,848,159,40,27,0
1125,45.0,351,352,44,22,31,0
1125,45.0,353,339,0,45,45,0
1125,45.0,355,1128,552,44,5,0
1125,45.0,358,512,210,13,14,0
1125,45.0,365,333,102,39,20,0
1125,45.0,371,265,143,247,145,0
1125,45.0,373,714,241,25,23,0
1125,45.0,375,624,120,20,10,0
1125,45.0,376,566,50,59,106,0
1125,45.0,379,619,135,13,21,0
1125,45.0,382,666,98,58,47,0
1125,45.0,383,327,87,35,15,0
1125,45.0,386,701,119,20,18,0
1125,45.0,392,832,171,8,9,0
1125,45.0,394,743,134,31,17,0
1125,45.0,398,526,193,162,110,0
1125,45.0,399,758,226,21,9,0
1125,45.0,400,808,180,16,18,0
1125,45.0,401,293,125,35,33,0
1125,45.0,402,351,194,21,14,0
1125,45.0,407,251,146,24,27,0
1125,45.0,408,314,57,17,11,0
1125,45.0,409,1250,554,30,5,0
1125,45.0,410,326,83,20,12,0
1126,45.04,191,259,77,30,45,0
1126,45.04,315,277,121,15,22,0
1126,45.04,320,230,85,30,38,0
1126,45.04,323,240,170,34,37,0
1126,45.04,333,266,135,27,39,0
1126,45.04,346,1249,339,31,20,0
1126,45.04,348,848,159,40,25,0
1126,45.04,351,352,44,22,31,0
1126,45.04,353,339,0,45,45,0
1126,45.04,354,563,50,28,68,0
1126,45.04,355,1128,552,42,5,0
1126,45.04,358,512,210,13,14,0
1126,45.04,365,333,102,39,20,0
1126,45.04,371,265,143,247,147,0
1126,45.04,373,714,241,25,23,0
1126,45.04,375,624,120,20,10,0
1126,45.04,376,572,98,52,60,0
1126,45.04,382,666,98,54,47,0
1126,45.04,383,327,87,35,15,0
1126,45.04,394,743,134,31,17,0
1126,45.04,398,528,193,160,110,0
1126,45.04,399,758,226,21,9,0
1126,45.04,400,808,180,16,18,0
1126,45.04,401,293,125,35,33,0
1126,45.04,402,351,195,21,13,0
1126,45.04,407,251,146,24,27,0
1126,45.04,408,314,57,17,11,0
1126,45.04,410,326,83,20,12,0
1127,45.08,191,259,77,30,45,0
1127,45.08,315,277,121,15,22,0
1127,45.08,320,230,85,30,38,0
1127,45.08,323,240,170,34,37,0
1127,45.08,333,266,135,27,39,0
1127,45.08,346,1249,339,31,20,0
1127,45.08,348,848,159,38,25,0
1127,45.08,351,352,44,22,31,0
1127,45.08,353,339,0,45,45,0
1127,45.08,354,560,49,29,69,0
1127,45.08,355,1128,552,42,5,0
1127,45.08,358,512,209,13,15,0
1127,45.08,365,333,102,39,20,0
1127,45.08,371,265,143,246,147,0
1127,45.08,373,714,241,25,23,0
1127,45.08,375,624,120,20,8,0
1127,45.08,376,568,102,46,52,0
1127,45.08,382,666,98,54,47,0
1127,45.08,383,327,87,35,15,0
1127,45.08,394,743,134,31,17,0
1127,45.08,398,528,193,160,110,0
1127,45.08,399,758,226,21,9,0
1127,45.08,400,808,184,16,14,0
1127,45.08,401,293,125,35,33,0
1127,45.08,402,351,195,21,13,0
1127,45.08,407,251,148,24,25,0
1127,45.08,408,314,57,17,11,0
1127,45.08,410,326,83,20,12,0
1128,45.12,191,259,77,30,45,0
1128,45.12,320,230,85,30,38,0
1128,45.12,323,240,170,34,37,0
1128,45.12,333,266,135,27,39,0
1128,45.12,346,1249,339,31,20,0
1128,45.12,348,848,159,38,25,0
1128,45.12,351,352,44,22,31,0
1128,45.12,353,341,0,43,45,0
1128,45.12,354,559,49,28,67,0
1128,45.12,355,1128,552,42,5,0
1128,45.12,358,512,210,11,14,0
1128,45.12,365,333,102,39,20,0
1128,45.12,371,265,143,246,147,0
1128,45.12,373,720,241,19,23,0
1128,45.12,375,624,120,20,8,0
1128,45.12,376,567,99,51,51,0
1128,45.12,382,666,98,54,47,0
1128,45.12,383,336,87,26,15,0
1128,45.12,394,743,134,31,17,0
1128,45.12,398,528,193,160,111,0
1128,45.12,399,758,226,21,9,0
1128,45.12,400,808,184,16,12,0
1128,45.12,401,293,125,35,33,0
1128,45.12,402,351,195,21,13,0
1128,45.12,407,251,148,24,25,0
1128,45.12,408,314,57,17,11,0
1128,45.12,410,326,83,20,12,0
1129,45.16,191,259,77,30,45,0
1129,45.16,320,230,85,30,38,0
1129,45.16,323,240,170,34,37,0
1129,45.16,333,266,135,27,39,0
1129,45.16,346,1249,339,31,20,0
1129,45.16,348,848,159,37,20,0
1129,45.16,351,352,44,21,31,0
1129,45.16,353,341,0,43,45,0
1129,45.16,354,558,49,27,67,0
1129,45.16,355,1128,552,42,5,0
1129,45.16,365,333,102,39,20,0
1129,45.16,371,265,143,242,147,0
1129,45.16,373,720,241,19,23,0
1129,45.16,375,624,120,20,8,0
1129,45.16,376,564,98,54,55,0
1129,45.16,382,666,98,54,47,0
1129,45.16,383,336,87,26,15,0
1129,45.16,394,743,134,31,17,0
1129,45.16,398,527,193,161,111,0
1129,45.16,399,760,226,19,9,0
1129,45.16,400,808,184,16,12,0
1129,45.16,401,293,125,35,33,0
1129,45.16,402,351,195,21,13,0
1129,45.16,407,251,148,24,25,0
1129,45.16,408,314,57,17,11,0
1129,45.16,410,326,83,20,12,0
1130,45.2,191,259,77,30,33,0
1130,45.2,320,230,85,30,38,0
1130,45.2,323,240,170,34,37,0
1130,45.2,333,266,135,27,39,0
1130,45.2,346,1249,339,31,20,0
1130,45.2,348,849,160,36,18,0
1130,45.2,351,352,44,21,31,0
1130,45.2,353,341,0,43,45,0
1130,45.2,354,555,49,63,102,0
1130,45.2,355,1128,552,42,5,0
1130,45.2,365,333,102,39,20,0
1130,45.2,371,265,143,242,147,0
1130,45.2,373,720,241,19,23,0
1130,45.2,375,624,120,20,8,0
1130,45.2,382,666,103,54,42,0
1130,45.2,383,336,87,26,15,0
1130,45.2,394,743,134,31,17,0
1130,45.2,398,526,193,162,111,0
1130,45.2,399,760,226,19,9,0
1130,45.2,400,808,187,16,9,0
1130,45.2,401,293,125,35,33,0
1130,45.2,402,351,195,20,13,0
1130,45.2,407,251,148,24,25,0
1130,45.2,408,314,57,17,11,0
1130,45.2,410,326,83,20,12,0
1131,45.24,191,259,77,30,33,0
1131,45.24,320,230,85,30,38,0
1131,45.24,323,240,170,34,37,0
1131,45.24,333,266,135,27,39,0
1131,45.24,346,1249,339,31,20,0
1131,45.24,348,849,160,36,18,0
1131,45.24,351,352,44,21,31,0
1131,45.24,353,341,0,43,45,0
1131,45.24,354,553,49,65,100,0
1131,45.24,355,1136,552,33,5,0
1131,45.24,365,333,102,39,20,0
1131,45.24,371,265,143,242,147,0
1131,45.24,373,720,241,19,23,0
1131,45.24,375,624,120,20,8,0
1131,45.24,382,666,103,54,42,0
1131,45.24,383,336,87,26,15,0
1131,45.24,394,743,134,25,17,0
1131,45.24,398,523,193,165,111,0
1131,45.24,399,760,226,19,9,0
1131,45.24,400,808,187,16,9,0
1131,45.24,401,293,125,35,33,0
1131,45.24,402,351,195,20,13,0
1131,45.24,404,481,257,13,17,0
1131,45.24,407,251,148,24,25,0
1131,45.24,408,314,57,17,11,0
1131,45.24,410,326,83,20,12,0
1132,45.28,191,259,77,30,33,0
1132,45.28,320,230,85,30,38,0
1132,45.28,323,240,170,34,37,0
1132,45.28,333,266,135,27,39,0
1132,45.28,346,1249,339,31,20,0
1132,45.28,348,849,160,36,18,0
1132,45.28,351,352,44,21,31,0
1132,45.28,353,341,0,43,45,0
1132,45.28,354,548,49,70,109,0
1132,45.28,355,1136,552,33,5,0
1132,45.28,365,333,102,39,20,0
1132,45.28,371,265,143,242,147,0
1132,45.28,373,720,241,19,23,0
1132,45.28,375,624,120,20,8,0
1132,45.28,382,666,103,54,42,0
1132,45.28,394,743,135,25,16,0
1132,45.28,398,520,193,168,114,0
1132,45.28,399,760,226,19,9,0
1132,45.28,401,293,125,35,33,0
1132,45.28,402,351,195,20,13,0
1132,45.28,407,251,148,24,25,0
1132,45.28,408,314,57,17,11,0
1132,45.28,410,326,83,20,12,0
1133,45.32,191,259,77,30,45,0
1133,45.32,320,230,85,30,38,0
1133,45.32,323,240,170,34,37,0
1133,45.32,333,266,135,27,39,0
1133,45.32,346,1249,339,31,20,0
1133,45.32,348,849,160,36,18,0
1133,45.32,351,352,44,21,31,0
1133,45.32,353,341,0,43,45,0
1133,45.32,354,549,49,69,95,0
1133,45.32,355,1136,552,33,5,0
1133,45.32,365,333,102,39,20,0
1133,45.32,371,265,143,242,147,0
1133,45.32,373,721,241,18,15,0
1133,45.32,375,624,120,20,8,0
1133,45.32,379,540,117,27,29,0
1133,45.32,382,666,103,54,42,0
1133,45.32,394,743,135,25,16,0
1133,45.32,398,520,193,168,115,0
1133,45.32,399,760,226,19,9,0
1133,45.32,401,293,125,35,33,0
1133,45.32,402,351,196,20,12,0
1133,45.32,407,251,148,24,25,0
1133,45.32,408,314,56,17,12,0
1134,45.36,191,259,77,30,45,0
1134,45.36,320,230,85,30,38,0
1134,45.36,323,240,170,34,37,0
1134,45.36,333,266,135,27,39,0
1134,45.36,346,1249,339,31,20,0
1134,45.36,348,849,160,36,18,0
1134,45.36,351,352,44,21,31,0
1134,45.36,353,341,0,43,45,0
1134,45.36,354,546,50,72,94,0
1134,45.36,355,1136,552,33,5,0
1134,45.36,365,333,102,39,20,0
1134,45.36,371,265,143,242,151,0
1134,45.36,373,721,241,18,15,0
1134,45.36,375,624,120,20,8,0
1134,45.36,379,533,118,34,26,0
1134,45.36,382,666,103,54,42,0
1134,45.36,394,743,135,25,16,0
1134,45.36,398,520,193,168,115,0
1134,45.36,399,760,226,19,9,0
1134,45.36,401,293,125,35,33,0
1134,45.36,402,351,196,20,12,0
1134,45.36,407,251,148,24,25,0
1134,45.36,408,314,56,17,12,0
1135,45.4,191,259,77,30,45,0
1135,45.4,320,230,85,30,38,0
1135,45.4,323,240,170,34,37,0
1135,45.4,333,266,135,27,39,0
1135,45.4,346,1249,339,31,20,0
1135,45.4,348,849,160,36,18,0
1135,45.4,351,352,44,21,31,0
1135,45.4,353,341,0,43,45,0
1135,45.4,354,544,50,72,94,0
1135,45.4,355,1136,552,33,5,0
1135,45.4,365,333,102,39,20,0
1135,45.4,371,265,143,242,151,0
1135,45.4,375,624,120,20,8,0
1135,45.4,379,525,118,31,23,0
1135,45.4,382,666,103,54,42,0
1135,45.4,394,743,135,25,16,0
1135,45.4,398,520,193,168,115,0
1135,45.4,399,760,226,19,9,0
1135,45.4,401,293,125,35,33,0
1135,45.4,402,351,196,20,12,0
1135,45.4,407,251,148,24,25,0
1135,45.4,408,314,56,17,12,0
1136,45.44,191,259,77,30,45,0
1136,45.44,320,230,85,30,38,0
1136,45.44,323,240,170,34,37,0
1136,45.44,333,266,135,27,39,0
1136,45.44,346,1249,339,31,20,0
1136,45.44,348,849,160,36,18,0
1136,45.44,351,352,45,21,30,0
1136,45.44,353,341,0,43,45,0
1136,45.44,354,539,50,77,94,0
1136,45.44,355,1136,552,33,5,0
1136,45.44,365,333,102,39,20,0
1136,45.44,371,265,143,242,149,0
1136,45.44,375,624,120,20,8,0
1136,45.44,376,544,115,10,13,0
1136,45.44,379,522,124,24,16,0
1136,45.44,382,666,103,54,42,0
1136,45.44,394,743,135,25,16,0
1136,45.44,398,520,193,168,115,0
1136,45.44,399,760,226,19,9,0
1136,45.44,401,293,125,35,33,0
1136,45.44,402,351,196,18,12,0
1136,45.44,407,251,148,24,25,0
1136,45.44,408,314,56,17,12,0
1137,45.48,191,259,77,30,45,0
1137,45.48,315,286,168,15,12,0
1137,45.48,320,230,85,30,38,0
1137,45.48,323,240,170,34,37,0
1137,45.48,333,266,135,27,39,0
1137,45.48,346,1249,339,31,20,0
1137,45.48,348,849,160,36,18,0
1137,45.48,351,352,45,21,30,0
1137,45.48,353,341,0,43,45,0
1137,45.48,354,536,51,80,93,0
1137,45.48,355,1136,552,33,5,0
1137,45.48,365,333,102,39,20,0
1137,45.48,371,265,143,242,151,0
1137,45.48,376,540,116,12,14,0
1137,45.48,379,518,124,26,16,0
1137,45.48,382,666,112,54,33,0
1137,45.48,394,743,136,25,15,0
1137,45.48,398,520,193,168,117,0
1137,45.48,399,760,226,19,9,0
1137,45.48,401,293,125,35,33,0
1137,45.48,402,351,196,18,12,0
1137,45.48,404,504,272,17,14,0
1137,45.48,407,251,148,24,25,0
1137,45.48,408,314,56,17,12,0
1138,45.52,191,259,77,29,44,0
1138,45.52,315,286,168,15,12,0
1138,45.52,320,230,85,30,38,0
1138,45.52,323,240,170,34,37,0
1138,45.52,333,266,135,27,39,0
1138,45.52,346,1249,339,31,20,0
1138,45.52,348,849,160,27,18,0
1138,45.52,351,352,45,21,30,0
1138,45.52,353,341,0,43,45,0
1138,45.52,354,534,51,82,93,0
1138,45.52,355,1136,552,33,5,0
1138,45.52,365,333,102,39,20,0
1138,45.52,371,265,143,237,151,0
1138,45.52,376,539,116,10,14,0
1138,45.52,379,520,126,24,13,0
1138,45.52,382,666,112,54,33,0
1138,45.52,394,743,136,25,15,0
1138,45.52,398,520,193,168,117,0
1138,45.52,399,760,226,19,9,0
1138,45.52,401,293,125,35,33,0
1138,45.52,407,251,148,24,25,0
1138,45.52,408,314,56,17,12,0
1139,45.56,191,260,77,29,44,0
1139,45.56,315,286,168,15,12,0
1139,45.56,320,230,85,30,38,0
1139,45.56,323,240,170,34,37,0
1139,45.56,333,266,135,27,39,0
1139,45.56,346,1249,339,31,20,0
1139,45.56,348,849,160,27,18,0
1139,45.56,351,352,45,21,30,0
1139,45.56,353,341,0,43,45,0
1139,45.56,354,532,51,84,96,0
1139,45.56,355,1136,552,33,5,0
1139,45.56,365,333,102,39,20,0
1139,45.56,371,265,143,235,155,0
1139,45.56,379,521,127,27,12,0
1139,45.56,382,666,112,54,33,0
1139,45.56,394,743,136,25,15,0
1139,45.56,398,520,193,168,118,0
1139,45.56,399,760,226,19,9,0
1139,45.56,401,293,125,35,33,0
1139,45.56,407,251,148,24,25,0
1139,45.56,408,314,56,17,12,0
1140,45.6,191,260,77,29,44,0
1140,45.6,315,286,168,15,12,0
1140,45.6,320,230,85,30,38,0
1140,45.6,323,240,170,34,37,0
1140,45.6,333,266,135,27,39,0
1140,45.6,346,1249,339,31,20,0
1140,45.6,348,849,160,27,18,0
1140,45.6,351,352,45,21,30,0
1140,45.6,353,341,0,43,43,0
1140,45.6,354,529,51,87,92,0
1140,45.6,355,1136,552,33,5,0
1140,45.6,365,333,107,31,15,0
1140,45.6,371,265,143,235,155,0
1140,45.6,379,524,128,20,14,0
1140,45.6,382,666,120,54,25,0
1140,45.6,394,743,136,25,15,0
1140,45.6,398,520,193,168,118,0
1140,45.6,399,760,226,19,9,0
1140,45.6,401,293,125,35,33,0
1140,45.6,407,251,148,24,25,0
1140,45.6,408,314,56,17,12,0
1141,45.64,191,260,77,29,44,0
1141,45.64,315,286,168,15,12,0
1141,45.64,320,230,85,30,38,0
1141,45.64,323,240,170,34,37,0
1141,45.64,333,266,135,27,39,0
1141,45.64,346,1249,339,31,20,0
1141,45.64,351,352,45,21,30,0
1141,45.64,353,346,0,38,43,0
1141,45.64,354,524,51,74,92,0
1141,45.64,365,333,107,31,15,0
1141,45.64,371,265,143,235,155,0
1141,45.64,379,524,118,20,24,0
1141,45.64,382,666,120,54,25,0
1141,45.64,388,523,211,16,23,0
1141,45.64,394,743,136,25,15,0
1141,45.64,398,520,193,168,120,0
1141,45.64,399,760,226,19,9,0
1141,45.64,401,293,125,35,33,0
1141,45.64,407,251,148,24,25,0
1141,45.64,408,314,56,17,12,0
1142,45.68,191,260,77,29,44,0
1142,45.68,315,286,168,15,12,0
1142,45.68,320,230,85,30,38,0
1142,45.68,323,240,170,34,37,0
1142,45.68,333,266,135,27,39,0
1142,45.68,346,1249,339,31,20,0
1142,45.68,351,352,45,14,26,0
1142,45.68,353,346,0,38,43,0
1142,45.68,354,521,52,77,89,0
1142,45.68,358,482,219,18,22,0
1142,45.68,365,333,107,31,13,0
1142,45.68,371,265,143,218,159,0
1142,45.68,379,524,117,24,25,0
1142,45.68,382,666,122,54,23,0
1142,45.68,394,748,136,20,15,0
1142,45.68,398,520,193,168,120,0
1142,45.68,399,760,226,19,9,0
1142,45.68,401,293,125,35,33,0
1142,45.68,407,251,148,24,25,0
1142,45.68,408,314,56,17,12,0
1143,45.72,191,260,77,29,44,0
1143,45.72,315,286,168,15,12,0
1143,45.72,320,230,85,30,38,0
1143,45.72,323,240,170,34,37,0
1143,45.72,333,266,135,27,39,0
1143,45.72,346,1249,339,31,20,0
1143,45.72,351,352,47,14,24,0
1143,45.72,353,346,0,38,43,0
1143,45.72,354,515,48,83,94,0
1143,45.72,358,482,219,18,22,0
1143,45.72,365,333,107,31,13,0
1143,45.72,371,265,143,217,159,0
1143,45.72,382,666,122,53,23,0
1143,45.72,388,523,212,16,22,0
1143,45.72,390,497,234,9,22,0
1143,45.72,394,748,136,20,15,0
1143,45.72,398,520,193,168,120,0
1143,45.72,399,760,226,19,9,0
1143,45.72,401,293,125,35,33,0
1143,45.72,404,489,274,15,22,0
1143,45.72,407,251,148,24,25,0
1143,45.72,408,314,56,17,12,0
1144,45.76,191,260,77,29,44,0
1144,45.76,315,286,168,15,12,0
1144,45.76,320,230,85,30,38,0
1144,45.76,323,240,170,34,37,0
1144,45.76,333,251,135,42,41,0
1144,45.76,346,1252,339,28,20,0
1144,45.76,351,352,47,14,24,0
1144,45.76,353,346,0,38,43,0
1144,45.76,354,513,50,65,92,0
1144,45.76,358,482,219,18,22,0
1144,45.76,365,333,107,31,13,0
1144,45.76,371,265,143,217,159,0
1144,45.76,376,544,62,15,20,0
1144,45.76,382,666,122,53,23,0
1144,45.76,388,512,208,14,16,0
1144,45.76,390,497,230,14,26,0
1144,45.76,394,748,136,20,15,0
1144,45.76,398,518,193,170,125,0
1144,45.76,399,760,226,19,9,0
1144,45.76,401,293,125,35,33,0
1144,45.76,404,484,274,20,24,0
1144,45.76,405,572,119,20,17,0
1144,45.76,408,314,56,17,12,0
1144,45.76,411,463,268,19,25,0
1145,45.8,191,260,77,29,44,0
1145,45.8,315,286,168,15,12,0
1145,45.8,320,230,85,30,38,0
1145,45.8,323,240,170,34,37,0
1145,45.8,333,251,135,42,41,0
1145,45.8,346,1252,339,28,20,0
1145,45.8,351,353,47,13,17,0
1145,45.8,353,346,0,38,43,0
1145,45.8,354,509,50,65,74,0
1145,45.8,358,482,219,18,22,0
1145,45.8,365,333,107,31,13,0
1145,45.8,371,265,143,217,159,0
1145,45.8,379,524,111,24,31,0
1145,45.8,382,666,122,53,23,0
1145,45.8,390,496,237,9,19,0
1145,45.8,394,748,136,20,15,0
1145,45.8,398,518,193,170,125,0
1145,45.8,399,760,226,19,9,0
1145,45.8,401,293,125,35,33,0
1145,45.8,404,488,274,16,24,0
1145,45.8,405,571,119,22,21,0
1145,45.8,408,314,56,17,12,0
1145,45.8,411,464,268,18,26,0
1146,45.84,191,260,77,29,44,0
1146,45.84,315,286,168,15,12,0
1146,45.84,320,234,91,26,32,0
1146,45.84,323,240,170,34,37,0
1146,45.84,333,251,135,42,41,0
1146,45.84,346,1252,339,28,20,0
1146,45.84,351,353,47,13,17,0
1146,45.84,353,346,0,38,43,0
1146,45.84,354,506,48,67,94,0
1146,45.84,358,482,219,18,22,0
1146,45.84,365,333,107,31,13,0
1146,45.84,371,265,193,217,109,0
1146,45.84,382,666,122,53,23,0
1146,45.84,390,494,230,17,26,0
1146,45.84,394,748,136,20,15,0
1146,45.84,398,516,193,172,125,0
1146,45.84,399,760,226,19,9,0
1146,45.84,401,293,125,35,33,0
1146,45.84,402,313,143,32,53,0
1146,45.84,404,486,274,35,24,0
1146,45.84,405,568,120,19,11,0
1146,45.84,408,314,56,17,12,0
1146,45.84,411,463,268,17,26,0
1147,45.88,191,264,77,25,23,0
1147,45.88,315,286,168,15,12,0
1147,45.88,320,234,91,26,32,0
1147,45.88,323,240,170,33,36,0
1147,45.88,333,251,135,42,41,0
1147,45.88,346,1252,339,28,20,0
1147,45.88,351,353,47,13,17,0
1147,45.88,353,346,0,38,43,0
1147,45.88,354,503,50,62,92,0
1147,45.88,358,482,219,18,22,0
1147,45.88,365,333,107,31,13,0
1147,45.88,371,265,193,217,109,0
1147,45.88,382,666,122,53,23,0
1147,45.88,388,512,208,13,16,0
1147,45.88,390,494,230,17,38,0
1147,45.88,394,748,136,20,15,0
1147,45.88,398,513,193,175,125,0
1147,45.88,399,760,226,19,9,0
1147,45.88,401,293,125,35,33,0
1147,45.88,402,313,143,32,53,0
1147,45.88,404,484,274,38,24,0
1147,45.88,407,260,98,20,23,0
1147,45.88,408,314,56,17,12,0
1147,45.88,411,456,258,23,35,0
1148,45.92,191,260,98,20,23,0
1148,45.92,315,286,168,15,12,0
1148,45.92,320,234,91,26,32,0
1148,45.92,323,240,170,33,36,0
1148,45.92,333,251,135,42,41,0
1148,45.92,346,1252,339,28,20,0
1148,45.92,353,346,0,38,43,0
1148,45.92,354,500,50,64,92,0
1148,45.92,358,477,219,25,28,0
1148,45.92,365,333,107,31,13,0
1148,45.92,371,265,193,210,110,0
1148,45.92,376,534,62,15,18,0
1148,45.92,382,666,122,53,23,0
1148,45.92,388,512,208,13,16,0
1148,45.92,390,494,230,17,38,0
1148,45.92,394,749,139,19,12,0
1148,45.92,398,513,193,175,125,0
1148,45.92,399,763,226,16,9,0
1148,45.92,401,293,125,35,33,0
1148,45.92,402,313,143,29,53,0
1148,45.92,404,456,270,66,29,0
1148,45.92,405,554,119,15,13,0
1148,45.92,407,264,77,25,23,0
1148,45.92,408,314,56,17,12,0
1149,45.96,191,260,98,20,23,0
1149,45.96,315,286,168,15,12,0
1149,45.96,320,234,91,26,32,0
1149,45.96,323,240,170,33,36,0
1149,45.96,333,251,135,42,41,0
1149,45.96,346,1252,339,28,20,0
1149,45.96,353,346,0,38,43,0
1149,45.96,354,498,50,60,92,0
1149,45.96,358,476,219,26,28,0
1149,45.96,365,333,107,31,13,0
1149,45.96,371,265,196,209,107,0
1149,45.96,382,666,122,53,23,0
1149,45.96,388,512,208,13,16,0
1149,45.96,390,494,230,17,39,0
1149,45.96,394,749,139,19,12,0
1149,45.96,398,513,193,175,125,0
1149,45.96,401,293,125,35,33,0
1149,45.96,402,313,143,29,53,0
1149,45.96,404,456,265,66,37,0
1149,45.96,407,264,77,25,23,0
1149,45.96,408,314,56,17,12,0
1150,46.0,191,260,98,20,23,0
1150,46.0,315,286,168,15,12,0
1150,46.0,320,234,91,26,32,0
1150,46.0,323,240,170,33,36,0
1150,46.0,333,251,135,42,41,0
1150,46.0,346,1252,339,28,20,0
1150,46.0,353,347,0,37,43,0
1150,46.0,354,495,52,55,90,0
1150,46.0,358,478,219,24,28,0
1150,46.0,365,333,107,31,13,0
1150,46.0,371,265,196,209,108,0
1150,46.0,382,666,122,53,23,0
1150,46.0,388,512,208,13,16,0
1150,46.0,390,494,230,17,39,0
1150,46.0,394,743,138,25,13,0
1150,46.0,398,508,193,180,125,0
1150,46.0,401,293,125,35,33,0
1150,46.0,402,313,143,29,53,0
1150,46.0,404,456,265,66,37,0
1150,46.0,405,548,119,16,10,0
1150,46.0,407,264,77,25,23,0
1150,46.0,408,314,56,17,12,0
1150,46.0,411,450,255,29,16,0
1151,46.04,191,257,98,23,24,0
1151,46.04,315,286,168,14,13,0
1151,46.04,320,234,91,25,31,0
1151,46.04,323,240,170,31,35,0
1151,46.04,333,246,133,54,41,0
1151,46.04,346,1249,338,31,22,0
1151,46.04,353,347,7,37,37,0
1151,46.04,354,492,49,61,93,0
1151,46.04,365,337,105,27,15,0
1151,46.04,371,264,143,210,165,0
1151,46.04,372,250,239,9,18,0
1151,46.04,373,744,244,21,16,0
1151,46.04,382,666,135,53,9,0
1151,46.04,386,669,123,37,13,0
1151,46.04,388,512,208,13,16,0
1151,46.04,398,444,200,245,125,0
1151,46.04,401,293,125,35,33,0
1151,46.04,402,274,122,19,22,0
1151,46.04,407,264,76,28,16,0
1151,46.04,408,314,56,18,12,0
1152,46.08,191,257,98,23,24,0
1152,46.08,315,286,168,14,13,0
1152,46.08,320,234,91,25,31,0
1152,46.08,323,240,163,31,42,0
1152,46.08,333,246,133,54,41,0
1152,46.08,346,1249,338,31,21,0
1152,46.08,351,352,51,12,16,0
1152,46.08,353,347,7,37,37,0
1152,46.08,354,491,49,55,93,0
1152,46.08,365,337,105,26,14,0
1152,46.08,371,264,143,210,165,0
1152,46.08,372,250,239,9,18,0
1152,46.08,373,744,244,21,16,0
1152,46.08,382,666,135,53,9,0
1152,46.08,386,669,123,37,13,0
1152,46.08,388,512,208,13,16,0
1152,46.08,398,448,200,241,125,0
1152,46.08,401,293,125,35,33,0
1152,46.08,402,274,122,19,22,0
1152,46.08,407,264,76,28,16,0
1152,46.08,408,314,56,18,12,0
1152,46.08,410,281,32,18,31,0
1152,46.08,411,441,283,16,15,0
1152,46.08,412,362,0,18,10,0
1153,46.12,191,257,98,23,24,0
1153,46.12,315,286,168,14,13,0
1153,46.12,320,234,91,25,31,0
1153,46.12,323,240,163,31,42,0
1153,46.12,333,246,133,54,41,0
1153,46.12,346,1249,338,31,21,0
1153,46.12,351,352,51,12,16,0
1153,46.12,353,352,7,31,37,0
1153,46.12,354,489,46,59,96,0
1153,46.12,371,264,143,210,165,0
1153,46.12,372,250,239,9,18,0
1153,46.12,373,744,244,21,16,0
1153,46.12,382,666,135,53,9,0
1153,46.12,386,669,123,37,13,0
1153,46.12,388,512,208,13,16,0
1153,46.12,398,441,200,248,125,0
1153,46.12,401,293,125,35,33,0
1153,46.12,402,274,122,19,22,0
1153,46.12,407,264,76,28,16,0
1153,46.12,408,314,56,18,12,0
1153,46.12,410,281,32,18,31,0
1154,46.16,191,257,98,23,24,0
1154,46.16,315,286,168,14,13,0
1154,46.16,320,234,91,25,31,0
1154,46.16,323,240,163,31,42,0
1154,46.16,333,246,133,54,41,0
1154,46.16,346,1249,338,31,21,0
1154,46.16,351,352,51,12,16,0
1154,46.16,353,352,7,31,37,0
1154,46.16,354,488,46,60,96,0
1154,46.16,358,472,210,30,37,0
1154,46.16,365,337,105,26,14,0
1154,46.16,371,264,143,202,165,0
1154,46.16,372,250,239,9,18,0
1154,46.16,373,744,244,21,16,0
1154,46.16,382,666,135,53,9,0
1154,46.16,386,669,123,37,13,0
1154,46.16,388,512,208,13,16,0
1154,46.16,398,459,200,230,125,0
1154,46.16,401,293,125,35,33,0
1154,46.16,402,274,122,19,22,0
1154,46.16,404,434,246,42,53,0
1154,46.16,407,264,76,28,16,0
1154,46.16,408,314,56,18,12,0
1154,46.16,410,281,32,18,31,0
1155,46.2,191,257,98,23,24,0
1155,46.2,315,286,168,14,13,0
1155,46.2,320,234,91,25,31,0
1155,46.2,323,240,163,31,42,0
1155,46.2,333,246,133,54,41,0
1155,46.2,346,1249,338,31,21,0
1155,46.2,351,352,51,12,16,0
1155,46.2,353,352,7,31,37,0
1155,46.2,354,480,46,68,96,0
1155,46.2,358,472,208,30,39,0
1155,46.2,371,264,143,202,165,0
1155,46.2,372,250,239,9,18,0
1155,46.2,373,744,244,21,16,0
1155,46.2,382,666,135,52,9,0
1155,46.2,388,512,208,13,16,0
1155,46.2,398,459,200,230,125,0
1155,46.2,401,293,125,35,33,0
1155,46.2,402,274,122,19,22,0
1155,46.2,404,432,246,44,53,0
1155,46.2,407,264,76,28,16,0
1155,46.2,408,314,56,18,12,0
1155,46.2,410,281,32,18,31,0
1156,46.24,191,257,98,23,24,0
1156,46.24,315,286,168,14,13,0
1156,46.24,320,234,91,25,31,0
1156,46.24,323,240,163,31,42,0
1156,46.24,333,246,133,54,41,0
1156,46.24,346,1253,339,27,20,0
1156,46.24,351,352,51,12,16,0
1156,46.24,353,352,7,31,37,0
1156,46.24,354,478,46,70,96,0
1156,46.24,371,264,143,210,167,0
1156,46.24,372,250,239,9,18,0
1156,46.24,373,744,244,21,16,0
1156,46.24,379,497,103,13,17,0
1156,46.24,382,666,135,51,9,0
1156,46.24,388,512,208,13,16,0
1156,46.24,398,459,200,230,128,0
1156,46.24,401,293,125,35,33,0
1156,46.24,402,274,122,19,22,0
1156,46.24,404,430,206,72,93,0
1156,46.24,407,264,76,28,16,0
1156,46.24,408,314,56,18,12,0
1156,46.24,410,281,32,18,31,0
1157,46.28,191,257,98,23,24,0
1157,46.28,315,286,168,14,13,0
1157,46.28,320,234,91,25,31,0
1157,46.28,323,240,163,31,42,0
1157,46.28,333,246,133,54,41,0
1157,46.28,346,1253,339,27,20,0
1157,46.28,353,352,7,31,37,0
1157,46.28,354,482,47,66,95,0
1157,46.28,371,264,146,186,165,0
1157,46.28,372,250,239,9,18,0
1157,46.28,379,494,105,8,15,0
1157,46.28,382,666,135,51,9,0
1157,46.28,388,512,208,13,16,0
1157,46.28,398,459,200,230,128,0
1157,46.28,401,293,125,35,33,0
1157,46.28,402,274,122,19,22,0
1157,46.28,404,428,206,74,93,0
1157,46.28,407,264,76,28,16,0
1157,46.28,408,314,56,18,12,0
1157,46.28,410,281,32,18,31,0
1158,46.32,191,257,98,23,24,0
1158,46.32,315,286,168,14,13,0
1158,46.32,320,234,91,25,31,0
1158,46.32,323,240,163,31,42,0
1158,46.32,333,246,133,54,41,0
1158,46.32,346,1253,339,27,20,0
1158,46.32,353,352,7,31,37,0
1158,46.32,354,482,47,66,95,0
1158,46.32,371,264,146,186,164,0
1158,46.32,372,250,239,9,18,0
1158,46.32,376,481,37,15,14,0
1158,46.32,379,489,104,9,16,0
1158,46.32,382,666,135,51,9,0
1158,46.32,388,512,208,13,16,0
1158,46.32,398,424,200,265,129,0
1158,46.32,401,293,125,35,33,0
1158,46.32,402,274,122,19,22,0
1158,46.32,407,264,76,28,16,0
1158,46.32,408,314,56,18,12,0
1158,46.32,410,281,32,18,31,0
1159,46.36,191,257,98,23,24,0
1159,46.36,315,286,168,14,13,0
1159,46.36,320,234,91,25,31,0
1159,46.36,323,240,163,31,42,0
1159,46.36,333,246,133,54,41,0
1159,46.36,346,1253,339,27,19,0
1159,46.36,353,352,7,31,37,0
1159,46.36,354,478,47,70,95,0
1159,46.36,371,264,146,185,165,0
1159,46.36,372,250,239,9,18,0
1159,46.36,379,484,104,14,16,0
1159,46.36,382,666,135,51,9,0
1159,46.36,388,512,208,13,16,0
1159,46.36,398,422,200,267,129,0
1159,46.36,401,293,125,35,33,0
1159,46.36,402,274,122,19,22,0
1159,46.36,407,264,76,28,16,0
1159,46.36,408,314,56,18,12,0
1159,46.36,410,281,32,18,31,0
1160,46.4,191,257,98,23,24,0
1160,46.4,315,286,168,14,13,0
1160,46.4,320,234,91,25,31,0
1160,46.4,323,240,163,31,42,0
1160,46.4,333,246,133,54,41,0
1160,46.4,346,1253,339,27,19,0
1160,46.4,353,352,7,31,37,0
1160,46.4,354,478,47,70,95,0
1160,46.4,371,264,146,184,168,0
1160,46.4,372,250,239,9,18,0
1160,46.4,376,475,38,24,12,0
1160,46.4,379,486,105,16,15,0
1160,46.4,382,666,135,51,9,0
1160,46.4,388,512,208,13,16,0
1160,46.4,398,401,200,288,129,0
1160,46.4,401,293,125,35,33,0
1160,46.4,402,274,122,19,22,0
1160,46.4,407,264,76,28,16,0
1160,46.4,408,314,56,18,12,0
1160,46.4,410,281,32,18,31,0
1161,46.44,191,257,98,23,24,0
1161,46.44,315,286,168,14,13,0
1161,46.44,320,234,91,25,31,0
1161,46.44,323,240,163,31,42,0
1161,46.44,333,246,133,54,41,0
1161,46.44,346,1253,339,27,19,0
1161,46.44,353,352,7,31,37,0
1161,46.44,354,476,49,72,90,0
1161,46.44,371,264,146,175,168,0
1161,46.44,372,250,239,9,18,0
1161,46.44,376,494,47,15,26,0
1161,46.44,379,482,108,12,12,0
1161,46.44,382,666,135,51,9,0
1161,46.44,388,512,208,13,16,0
1161,46.44,398,401,200,288,136,0
1161,46.44,401,293,125,35,33,0
1161,46.44,402,274,122,19,22,0
1161,46.44,407,264,76,28,16,0
1161,46.44,408,314,56,18,12,0
1161,46.44,410,281,32,18,31,0
1162,46.48,191,257,98,23,24,0
1162,46.48,315,286,168,14,13,0
1162,46.48,320,234,91,25,31,0
1162,46.48,323,240,163,31,42,0
1162,46.48,333,246,133,54,41,0
1162,46.48,346,1254,339,26,19,0
1162,46.48,353,352,7,31,37,0
1162,46.48,354,474,50,70,89,0
1162,46.48,371,263,146,176,168,0
1162,46.48,372,250,239,9,18,0
1162,46.48,376,488,46,18,26,0
1162,46.48,382,666,135,51,9,0
1162,46.48,388,512,209,13,15,0
1162,46.48,390,526,217,11,16,0
1162,46.48,398,401,200,288,136,0
1162,46.48,401,293,125,35,33,0
1162,46.48,402,274,122,19,22,0
1162,46.48,407,264,76,28,16,0
1162,46.48,408,314,56,18,12,0
1162,46.48,410,281,32,18,31,0
1163,46.52,191,257,98,23,24,0
1163,46.52,315,286,168,14,13,0
1163,46.52,320,234,91,25,31,0
1163,46.52,323,240,163,31,42,0
1163,46.52,333,246,133,54,41,0
1163,46.52,346,1254,339,26,19,0
1163,46.52,353,352,7,31,37,0
1163,46.52,354,472,36,72,103,0
1163,46.52,371,263,146,169,168,0
1163,46.52,372,250,239,9,18,0
1163,46.52,376,484,42,19,29,0
1163,46.52,379,483,112,15,8,0
1163,46.52,382,666,135,51,9,0
1163,46.52,388,512,209,13,15,0
1163,46.52,390,526,217,11,16,0
1163,46.52,398,397,200,292,136,0
1163,46.52,401,293,125,35,33,0
1163,46.52,402,274,122,19,22,0
1163,46.52,407,264,76,28,16,0
1163,46.52,408,314,56,18,12,0
1163,46.52,410,281,32,18,31,0
1164,46.56,191,257,98,23,24,0
1164,46.56,315,286,168,14,13,0
1164,46.56,323,240,163,31,42,0
1164,46.56,333,246,133,54,41,0
1164,46.56,346,1254,339,26,18,0
1164,46.56,353,352,7,31,37,0
1164,46.56,354,470,47,73,93,0
1164,46.56,371,263,146,175,170,0
1164,46.56,372,250,239,9,18,0
1164,46.56,376,484,40,16,31,0
1164,46.56,382,666,135,51,9,0
1164,46.56,388,512,210,13,14,0
1164,46.56,390,526,217,11,16,0
1164,46.56,398,392,200,297,136,0
1164,46.56,401,293,125,35,33,0
1164,46.56,402,274,122,19,22,0
1164,46.56,407,264,76,28,16,0
1164,46.56,408,314,56,18,12,0
1164,46.56,410,281,32,18,31,0
1165,46.6,191,257,98,23,24,0
1165,46.6,315,286,168,14,13,0
1165,46.6,323,240,163,31,42,0
1165,46.6,333,246,133,54,41,0
1165,46.6,346,1254,339,26,15,0
1165,46.6,353,352,7,31,37,0
1165,46.6,354,467,38,76,101,0
1165,46.6,358,536,209,23,17,0
1165,46.6,371,263,146,154,170,0
1165,46.6,372,250,239,9,18,0
1165,46.6,382,666,135,51,9,0
1165,46.6,388,512,210,13,14,0
1165,46.6,390,526,217,11,16,0
1165,46.6,398,393,200,296,136,0
1165,46.6,401,293,125,35,33,0
1165,46.6,402,274,122,19,22,0
1165,46.6,407,264,76,28,16,0
1165,46.6,408,314,56,18,12,0
1165,46.6,410,281,32,18,31,0
1166,46.64,191,257,98,23,24,0
1166,46.64,315,286,168,14,11,0
1166,46.64,323,240,163,31,42,0
1166,46.64,333,246,133,54,41,0
1166,46.64,346,1254,339,26,15,0
1166,46.64,353,352,7,31,37,0
1166,46.64,354,465,29,63,98,0
1166,46.64,358,536,209,23,17,0
1166,46.64,371,262,146,153,172,0
1166,46.64,372,250,239,9,18,0
1166,46.64,382,666,135,51,9,0
1166,46.64,388,512,210,13,14,0
1166,46.64,390,526,217,11,16,0
1166,46.64,398,390,200,299,139,0
1166,46.64,401,293,125,35,33,0
1166,46.64,402,274,122,19,22,0
1166,46.64,405,522,123,14,11,0
1166,46.64,407,264,76,28,16,0
1166,46.64,408,314,56,18,12,0
1166,46.64,410,281,32,18,31,0
1167,46.68,191,257,98,23,24,0
1167,46.68,315,286,168,14,11,0
1167,46.68,323,240,163,31,42,0
1167,46.68,333,246,133,54,41,0
1167,46.68,346,1254,339,26,15,0
1167,46.68,353,352,7,31,37,0
1167,46.68,354,462,28,69,106,0
1167,46.68,358,536,209,23,15,0
1167,46.68,372,250,239,9,18,0
1167,46.68,376,473,38,23,22,0
1167,46.68,382,670,135,47,9,0
1167,46.68,388,512,210,13,14,0
1167,46.68,390,526,217,11,16,0
1167,46.68,401,293,125,35,33,0
1167,46.68,402,274,122,19,22,0
1167,46.68,404,262,146,427,193,0
1167,46.68,407,264,76,28,16,0
1167,46.68,408,314,56,18,12,0
1167,46.68,410,281,32,18,31,0
1168,46.72,191,257,98,23,24,0
1168,46.72,315,282,168,18,12,0
1168,46.72,323,240,163,31,42,0
1168,46.72,333,246,133,54,41,0
1168,46.72,346,1254,339,26,15,0
1168,46.72,353,352,7,31,37,0
1168,46.72,354,461,49,64,88,0
1168,46.72,358,536,209,23,14,0
1168,46.72,372,250,239,9,18,0
1168,46.72,376,464,34,32,27,0
1168,46.72,382,670,135,47,9,0
1168,46.72,388,512,210,13,14,0
1168,46.72,390,526,217,11,16,0
1168,46.72,401,293,125,35,33,0
1168,46.72,402,274,122,19,22,0
1168,46.72,404,262,146,427,194,0
1168,46.72,407,264,76,28,16,0
1168,46.72,408,314,56,18,12,0
1168,46.72,410,281,32,18,31,0
1169,46.76,191,257,98,23,24,0
1169,46.76,315,282,168,18,12,0
1169,46.76,323,240,163,31,42,0
1169,46.76,333,246,133,54,41,0
1169,46.76,346,1254,339,26,15,0
1169,46.76,353,352,7,30,37,0
1169,46.76,354,460,30,60,107,0
1169,46.76,358,537,209,22,14,0
1169,46.76,372,250,239,9,18,0
1169,46.76,382,670,135,47,9,0
1169,46.76,388,512,211,13,13,0
1169,46.76,390,526,217,11,16,0
1169,46.76,401,293,125,35,33,0
1169,46.76,402,274,122,19,22,0
1169,46.76,404,262,146,427,194,0
1169,46.76,407,264,76,28,16,0
1169,46.76,408,314,56,18,12,0
1169,46.76,410,279,32,20,33,0
1170,46.8,191,257,98,23,24,0
1170,46.8,315,282,168,18,12,0
1170,46.8,323,240,163,31,42,0
1170,46.8,333,246,133,54,41,0
1170,46.8,346,1254,339,26,15,0
1170,46.8,353,352,7,30,37,0
1170,46.8,354,457,30,50,98,0
1170,46.8,372,250,239,9,18,0
1170,46.8,379,504,117,11,13,0
1170,46.8,382,670,135,47,9,0
1170,46.8,390,526,217,10,16,0
1170,46.8,401,293,125,35,33,0
1170,46.8,402,274,122,19,22,0
1170,46.8,404,262,147,427,193,0
1170,46.8,407,264,76,28,16,0
1170,46.8,408,314,56,18,12,0
1170,46.8,410,279,32,20,33,0
1171,46.84,191,257,98,23,26,0
1171,46.84,315,282,168,18,12,0
1171,46.84,320,259,133,34,23,0
1171,46.84,323,240,163,31,42,0
1171,46.84,333,246,145,54,29,0
1171,46.84,346,1254,339,26,15,0
1171,46.84,353,352,7,30,37,0
1171,46.84,354,456,27,56,108,0
1171,46.84,372,250,239,9,18,0
1171,46.84,382,670,135,47,9,0
1171,46.84,390,526,217,10,16,0
1171,46.84,401,293,125,35,33,0
1171,46.84,402,274,122,19,22,0
1171,46.84,404,262,147,427,195,0
1171,46.84,407,264,76,28,16,0
1171,46.84,408,314,56,18,12,0
1171,46.84,410,279,32,20,33,0
1172,46.88,191,257,98,23,26,0
1172,46.88,315,282,168,18,12,0
1172,46.88,320,259,133,34,23,0
1172,46.88,323,240,163,31,42,0
1172,46.88,333,246,145,54,29,0
1172,46.88,346,1254,339,26,15,0
1172,46.88,353,352,7,30,37,0
1172,46.88,354,467,84,30,39,0
1172,46.88,376,452,27,34,75,0
1172,46.88,379,489,118,17,12,0
1172,46.88,382,670,135,47,9,0
1172,46.88,390,526,217,10,16,0
1172,46.88,401,293,125,33,33,0
1172,46.88,402,274,122,19,22,0
1172,46.88,404,262,147,427,195,0
1172,46.88,407,264,76,28,16,0
1172,46.88,408,314,56,18,12,0
1172,46.88,410,279,32,20,33,0
1173,46.92,191,257,98,23,26,0
1173,46.92,315,282,168,18,12,0
1173,46.92,320,259,133,34,23,0
1173,46.92,323,241,163,30,42,0
1173,46.92,333,246,145,54,29,0
1173,46.92,346,1255,339,25,15,0
1173,46.92,353,352,7,30,37,0
1173,46.92,354,463,80,33,42,0
1173,46.92,376,450,26,34,74,0
1173,46.92,379,484,115,18,18,0
1173,46.92,382,670,135,47,9,0
1173,46.92,390,526,217,10,16,0
1173,46.92,401,293,125,33,33,0
1173,46.92,402,274,122,19,22,0
1173,46.92,404,261,147,428,197,0
1173,46.92,407,264,76,28,16,0
1173,46.92,408,314,56,18,12,0
1173,46.92,410,279,32,20,33,0
1174,46.96,191,257,98,23,26,0
1174,46.96,315,282,168,18,12,0
1174,46.96,320,259,133,34,23,0
1174,46.96,323,241,163,30,42,0
1174,46.96,333,246,145,54,29,0
1174,46.96,346,1255,339,25,15,0
1174,46.96,353,352,7,30,37,0
1174,46.96,354,458,90,29,33,0
1174,46.96,376,449,26,35,73,0
1174,46.96,379,475,81,27,51,0
1174,46.96,382,670,135,47,9,0
1174,46.96,390,526,217,10,16,0
1174,46.96,401,293,125,33,33,0
1174,46.96,402,274,122,19,22,0
1174,46.96,404,261,147,428,198,0
1174,46.96,407,264,76,28,16,0
1174,46.96,408,314,56,18,12,0
1174,46.96,410,279,32,20,33,0
1175,47.0,191,257,98,23,26,0
1175,47.0,315,282,168,18,12,0
1175,47.0,320,259,133,34,23,0
1175,47.0,323,241,163,30,42,0
1175,47.0,333,246,145,54,29,0
1175,47.0,346,1255,339,25,15,0
1175,47.0,353,352,7,30,37,0
1175,47.0,354,457,90,27,39,0
1175,47.0,376,446,27,35,71,0
1175,47.0,379,474,82,28,42,0
1175,47.0,382,670,135,47,9,0
1175,47.0,390,526,217,10,16,0
1175,47.0,401,293,125,33,33,0
1175,47.0,402,274,122,19,22,0
1175,47.0,404,261,147,428,198,0
1175,47.0,405,462,134,19,24,0
1175,47.0,407,264,76,28,16,0
1175,47.0,408,314,56,18,12,0
1175,47.0,410,279,32,20,33,0
1176,47.04,191,257,98,23,26,0
1176,47.04,315,282,168,18,12,0
1176,47.04,320,259,133,34,23,0
1176,47.04,323,241,163,30,42,0
1176,47.04,333,246,145,54,29,0
1176,47.04,346,1255,339,25,15,0
1176,47.04,353,352,7,30,37,0
1176,47.04,354,452,88,28,42,0
1176,47.04,376,444,26,37,64,0
1176,47.04,379,473,82,29,42,0
1176,47.04,382,670,135,39,9,0
1176,47.04,390,526,217,10,16,0
1176,47.04,401,293,125,33,33,0
1176,47.04,402,274,122,19,22,0
1176,47.04,404,261,147,428,198,0
1176,47.04,407,264,76,28,16,0
1176,47.04,408,314,56,18,12,0
1176,47.04,410,279,32,20,33,0
1177,47.08,191,257,98,23,26,0
1177,47.08,315,282,168,18,12,0
1177,47.08,320,259,133,34,23,0
1177,47.08,323,241,163,30,41,0
1177,47.08,333,246,145,54,29,0
1177,47.08,346,1255,339,25,15,0
1177,47.08,353,352,7,30,36,0
1177,47.08,371,261,158,133,164,0
1177,47.08,376,441,27,36,101,0
1177,47.08,379,470,82,32,42,0
1177,47.08,382,670,135,39,9,0
1177,47.08,398,354,200,335,146,0
1177,47.08,401,293,125,33,33,0
1177,47.08,402,274,122,19,22,0
1177,47.08,407,264,76,28,16,0
1177,47.08,408,314,56,18,12,0
1177,47.08,410,279,32,20,33,0
1178,47.12,191,257,98,23,26,0
1178,47.12,315,282,168,18,12,0
1178,47.12,320,259,133,34,23,0
1178,47.12,323,241,163,30,41,0
1178,47.12,333,246,145,54,29,0
1178,47.12,346,1255,339,25,15,0
1178,47.12,353,352,7,30,36,0
1178,47.12,371,261,160,128,162,0
1178,47.12,376,439,28,63,100,0
1178,47.12,382,670,135,39,9,0
1178,47.12,398,353,200,336,146,0
1178,47.12,401,293,125,33,33,0
1178,47.12,402,274,122,19,22,0
1178,47.12,407,264,76,28,16,0
1178,47.12,408,314,56,18,12,0
1178,47.12,410,279,32,20,33,0
1179,47.16,191,257,98,23,26,0
1179,47.16,315,282,168,18,12,0
1179,47.16,320,259,133,34,23,0
1179,47.16,323,241,163,30,41,0
1179,47.16,333,246,145,54,29,0
1179,47.16,346,1255,339,25,15,0
1179,47.16,353,352,7,30,36,0
1179,47.16,354,438,90,26,39,0
1179,47.16,371,261,160,127,163,0
1179,47.16,376,439,28,36,63,0
1179,47.16,379,466,78,36,46,0
1179,47.16,382,670,135,39,9,0
1179,47.16,398,347,200,342,148,0
1179,47.16,401,293,125,33,33,0
1179,47.16,402,274,122,19,22,0
1179,47.16,407,264,76,28,16,0
1179,47.16,408,314,56,18,12,0
1179,47.16,410,279,32,20,33,0
1180,47.2,191,257,98,23,26,0
1180,47.2,315,282,168,18,12,0
1180,47.2,320,259,133,34,23,0
1180,47.2,323,241,163,30,41,0
1180,47.2,333,246,145,54,29,0
1180,47.2,346,1255,339,25,15,0
1180,47.2,353,353,7,29,36,0
1180,47.2,354,450,90,12,29,0
1180,47.2,365,318,160,20,26,0
1180,47.2,371,260,186,125,138,0
1180,47.2,379,434,32,67,92,0
1180,47.2,382,670,135,39,9,0
1180,47.2,388,481,210,26,36,0
1180,47.2,398,345,200,344,148,0
1180,47.2,401,293,125,33,33,0
1180,47.2,402,274,122,19,22,0
1180,47.2,405,435,115,17,12,0
1180,47.2,407,264,76,28,16,0
1180,47.2,408,314,56,18,12,0
1180,47.2,410,279,32,20,33,0
1181,47.24,191,257,98,23,26,0
1181,47.24,315,282,168,18,12,0
1181,47.24,320,259,133,34,23,0
1181,47.24,323,241,163,30,41,0
1181,47.24,333,246,145,54,29,0
1181,47.24,346,1255,339,25,15,0
1181,47.24,353,353,7,29,36,0
1181,47.24,354,432,29,69,97,0
1181,47.24,365,318,160,20,26,0
1181,47.24,382,670,135,39,9,0
1181,47.24,388,482,226,25,20,0
1181,47.24,390,481,210,18,22,0
1181,47.24,398,450,215,28,14,0
1181,47.24,401,293,125,33,33,0
1181,47.24,402,274,122,19,22,0
1181,47.24,404,260,186,429,163,0
1181,47.24,405,432,116,22,12,0
1181,47.24,407,264,76,28,16,0
1181,47.24,408,314,56,18,12,0
1181,47.24,410,279,32,20,33,0
1182,47.28,191,257,98,23,26,0
1182,47.28,315,282,168,18,12,0
1182,47.28,320,259,133,34,23,0
1182,47.28,323,241,163,30,41,0
1182,47.28,333,246,145,54,29,0
1182,47.28,346,1255,339,25,15,0
1182,47.28,353,353,7,29,36,0
1182,47.28,354,432,34,69,90,0
1182,47.28,365,318,160,20,26,0
1182,47.28,382,670,135,39,9,0
1182,47.28,388,482,226,25,20,0
1182,47.28,390,481,210,18,22,0
1182,47.28,398,450,215,28,14,0
1182,47.28,401,293,125,33,33,0
1182,47.28,402,274,122,19,22,0
1182,47.28,404,260,199,429,151,0
1182,47.28,405,436,116,22,10,0
1182,47.28,407,264,76,28,16,0
1182,47.28,408,314,56,18,12,0
1182,47.28,410,279,32,20,33,0
1183,47.32,191,257,99,37,46,0
1183,47.32,315,282,168,18,12,0
1183,47.32,320,259,134,41,33,0
1183,47.32,323,232,143,56,58,0
1183,47.32,346,1254,338,22,16,0
1183,47.32,351,294,32,37,34,0
1183,47.32,353,353,7,29,36,0
1183,47.32,354,429,35,71,95,0
1183,47.32,358,512,211,11,13,0
1183,47.32,365,321,160,17,26,0
1183,47.32,382,670,135,39,9,0
1183,47.32,386,672,193,16,15,0
1183,47.32,388,482,226,17,20,0
1183,47.32,390,482,213,19,19,0
1183,47.32,401,293,124,33,30,0
1183,47.32,402,227,85,31,37,0
1183,47.32,404,253,199,437,153,0
1183,47.32,405,436,76,7,26,0
1183,47.32,407,264,76,25,15,0
1183,47.32,408,314,56,23,13,0
1183,47.32,410,279,32,20,33,0
1184,47.36,191,257,99,69,55,0
1184,47.36,315,282,168,18,12,0
1184,47.36,320,259,134,41,33,0
1184,47.36,323,232,143,56,58,0
1184,47.36,346,1254,338,22,16,0
1184,47.36,351,294,32,38,34,0
1184,47.36,353,353,7,29,36,0
1184,47.36,354,426,28,73,101,0
1184,47.36,358,512,211,11,13,0
1184,47.36,365,321,160,17,26,0
1184,47.36,382,670,135,39,9,0
1184,47.36,386,672,193,16,15,0
1184,47.36,388,482,226,17,20,0
1184,47.36,390,482,213,19,19,0
1184,47.36,402,227,85,31,37,0
1184,47.36,404,253,199,437,153,0
1184,47.36,407,264,76,25,15,0
1184,47.36,408,314,56,23,13,0
1184,47.36,410,279,32,20,33,0
1185,47.4,191,257,99,69,55,0
1185,47.4,315,282,168,18,12,0
1185,47.4,320,259,134,41,33,0
1185,47.4,323,232,143,56,58,0
1185,47.4,346,1254,336,22,18,0
1185,47.4,351,294,32,38,34,0
1185,47.4,353,353,7,29,35,0
1185,47.4,354,423,35,69,94,0
1185,47.4,365,321,160,17,26,0
1185,47.4,382,670,135,39,9,0
1185,47.4,386,672,193,16,15,0
1185,47.4,388,482,226,17,20,0
1185,47.4,390,482,213,19,19,0
1185,47.4,402,227,85,31,37,0
1185,47.4,404,253,199,437,153,0
1185,47.4,407,264,76,25,15,0
1185,47.4,408,314,56,23,13,0
1185,47.4,410,279,32,20,33,0
1185,47.4,413,334,235,49,20,0
1185,47.4,414,486,114,13,9,0
1186,47.44,191,257,99,69,55,0
1186,47.44,315,282,168,18,12,0
1186,47.44,320,259,134,41,33,0
1186,47.44,323,232,143,56,58,0
1186,47.44,346,1254,338,22,16,0
1186,47.44,351,294,32,38,34,0
1186,47.44,353,353,7,29,35,0
1186,47.44,354,420,35,70,95,0
1186,47.44,365,321,160,17,26,0
1186,47.44,382,670,135,39,9,0
1186,47.44,386,672,193,16,15,0
1186,47.44,388,485,226,14,20,0
1186,47.44,402,227,85,31,37,0
1186,47.44,404,253,199,437,153,0
1186,47.44,405,413,26,19,19,0
1186,47.44,407,264,76,25,15,0
1186,47.44,408,314,56,20,13,0
1186,47.44,410,279,32,20,33,0
1187,47.48,191,257,99,69,55,0
1187,47.48,315,282,168,18,12,0
1187,47.48,320,259,134,41,33,0
1187,47.48,323,232,143,56,58,0
1187,47.48,346,1254,338,21,15,0
1187,47.48,351,294,32,38,34,0
1187,47.48,353,353,7,29,35,0
1187,47.48,354,417,52,78,78,0
1187,47.48,365,321,160,17,26,0
1187,47.48,382,670,135,39,9,0
1187,47.48,386,672,193,16,15,0
1187,47.48,388,485,226,14,20,0
1187,47.48,402,227,85,31,37,0
1187,47.48,404,253,199,437,153,0
1187,47.48,407,264,76,25,15,0
1187,47.48,408,314,56,20,13,0
1187,47.48,410,279,32,20,33,0
1187,47.48,413,334,235,34,15,0
1188,47.52,191,257,99,69,55,0
1188,47.52,315,282,168,18,12,0
1188,47.52,320,259,134,41,33,0
1188,47.52,323,232,143,56,58,0
1188,47.52,346,1254,338,21,15,0
1188,47.52,351,294,32,38,34,0
1188,47.52,353,353,7,29,35,0
1188,47.52,354,414,56,68,73,0
1188,47.52,365,321,160,17,26,0
1188,47.52,382,670,135,39,9,0
1188,47.52,386,672,193,16,15,0
1188,47.52,402,227,85,31,37,0
1188,47.52,404,253,199,437,157,0
1188,47.52,405,418,36,21,22,0
1188,47.52,407,264,76,25,15,0
1188,47.52,408,314,56,20,13,0
1188,47.52,410,279,32,20,33,0
1188,47.52,413,337,235,25,13,0
1189,47.56,191,257,99,69,55,0
1189,47.56,315,282,168,18,12,0
1189,47.56,320,259,134,41,33,0
1189,47.56,323,232,143,56,58,0
1189,47.56,346,1254,338,21,15,0
1189,47.56,351,294,32,38,34,0
1189,47.56,353,353,7,29,35,0
1189,47.56,354,412,59,74,71,0
1189,47.56,365,321,160,17,26,0
1189,47.56,382,670,135,39,9,0
1189,47.56,386,672,193,16,15,0
1189,47.56,402,227,85,31,37,0
1189,47.56,404,255,199,435,157,0
1189,47.56,405,414,34,23,24,0
1189,47.56,407,264,76,25,15,0
1189,47.56,408,314,56,20,13,0
1189,47.56,410,279,32,20,33,0
1189,47.56,415,406,26,13,10,0
1190,47.6,191,257,99,69,55,0
1190,47.6,315,282,168,18,12,0
1190,47.6,320,259,134,41,33,0
1190,47.6,323,232,143,56,58,0
1190,47.6,346,1254,338,21,15,0
1190,47.6,351,294,32,38,34,0
1190,47.6,353,353,7,29,34,0
1190,47.6,354,408,57,75,72,0
1190,47.6,365,321,160,17,26,0
1190,47.6,382,670,135,39,9,0
1190,47.6,386,672,193,16,15,0
1190,47.6,402,237,95,21,27,0
1190,47.6,404,253,199,437,157,0
1190,47.6,405,404,26,31,32,0
1190,47.6,407,264,76,25,15,0
1190,47.6,408,314,56,20,13,0
1190,47.6,410,279,32,20,33,0
1191,47.64,191,257,99,69,55,0
1191,47.64,315,282,168,18,12,0
1191,47.64,320,259,134,41,33,0
1191,47.64,323,232,143,56,58,0
1191,47.64,346,1254,338,21,15,0
1191,47.64,351,294,32,38,34,0
1191,47.64,353,353,7,29,34,0
1191,47.64,354,405,53,74,76,0
1191,47.64,365,321,160,17,26,0
1191,47.64,382,670,135,39,9,0
1191,47.64,386,672,193,16,15,0
1191,47.64,402,237,95,21,27,0
1191,47.64,404,253,199,437,160,0
1191,47.64,405,401,27,34,32,0
1191,47.64,407,264,76,25,15,0
1191,47.64,408,314,56,20,13,0
1191,47.64,410,279,32,20,33,0
1192,47.68,191,257,99,69,55,0
1192,47.68,315,282,168,18,12,0
1192,47.68,320,259,134,41,33,0
1192,47.68,323,235,143,53,58,0
1192,47.68,346,1254,338,21,15,0
1192,47.68,351,294,32,38,34,0
1192,47.68,353,353,7,29,34,0
1192,47.68,354,404,50,71,88,0
1192,47.68,365,321,160,17,26,0
1192,47.68,382,670,135,39,9,0
1192,47.68,386,672,193,16,15,0
1192,47.68,398,418,226,33,16,0
1192,47.68,402,237,95,21,27,0
1192,47.68,404,255,199,435,160,0
1192,47.68,405,400,26,36,34,0
1192,47.68,407,264,76,25,15,0
1192,47.68,408,314,56,20,13,0
1192,47.68,410,279,32,20,33,0
1193,47.72,191,257,99,69,55,0
1193,47.72,315,282,168,18,12,0
1193,47.72,320,259,134,41,33,0
1193,47.72,323,235,143,53,58,0
1193,47.72,346,1254,338,21,15,0
1193,47.72,351,294,32,38,34,0
1193,47.72,353,353,7,29,34,0
1193,47.72,354,402,48,68,81,0
1193,47.72,365,321,160,17,26,0
1193,47.72,382,670,135,39,9,0
1193,47.72,386,672,193,16,15,0
1193,47.72,398,418,226,33,16,0
1193,47.72,402,237,95,21,27,0
1193,47.72,404,252,199,438,160,0
1193,47.72,405,398,27,44,32,0
1193,47.72,407,264,76,25,15,0
1193,47.72,408,314,56,20,13,0
1193,47.72,410,279,32,20,33,0
1194,47.76,191,257,99,69,55,0
1194,47.76,315,282,168,18,12,0
1194,47.76,320,259,134,41,33,0
1194,47.76,323,235,143,53,58,0
1194,47.76,346,1254,338,21,14,0
1194,47.76,351,294,32,38,34,0
1194,47.76,353,353,7,29,34,0
1194,47.76,354,402,48,64,81,0
1194,47.76,365,321,160,17,26,0
1194,47.76,382,670,135,39,9,0
1194,47.76,386,672,193,16,15,0
1194,47.76,398,418,226,33,16,0
1194,47.76,402,237,95,21,27,0
1194,47.76,404,252,199,436,160,0
1194,47.76,405,396,27,42,35,0
1194,47.76,407,264,76,25,15,0
1194,47.76,408,314,56,20,13,0
1194,47.76,410,279,32,20,33,0
1195,47.8,191,257,99,69,55,0
1195,47.8,315,282,168,18,12,0
1195,47.8,320,259,134,41,33,0
1195,47.8,323,235,143,53,58,0
1195,47.8,351,294,32,38,34,0
1195,47.8,353,353,7,29,34,0
1195,47.8,354,399,35,63,94,0
1195,47.8,365,321,160,17,26,0
1195,47.8,382,670,135,39,9,0
1195,47.8,386,672,193,16,15,0
1195,47.8,398,418,226,33,16,0
1195,47.8,402,237,95,21,27,0
1195,47.8,404,252,199,436,160,0
1195,47.8,407,264,76,25,15,0
1195,47.8,408,314,56,20,13,0
1195,47.8,410,279,32,20,33,0
1196,47.84,191,237,95,89,59,0
1196,47.84,315,282,168,18,12,0
1196,47.84,320,259,134,41,33,0
1196,47.84,323,235,143,53,58,0
1196,47.84,351,294,32,38,34,0
1196,47.84,353,353,7,29,34,0
1196,47.84,354,398,48,58,81,0
1196,47.84,365,321,160,17,26,0
1196,47.84,382,670,135,39,9,0
1196,47.84,386,672,193,16,15,0
1196,47.84,398,419,226,32,16,0
1196,47.84,404,252,199,436,165,0
1196,47.84,405,407,36,32,29,0
1196,47.84,407,264,76,25,15,0
1196,47.84,408,314,56,23,13,0
1196,47.84,410,279,32,20,33,0
1197,47.88,191,237,95,89,59,0
1197,47.88,315,282,168,18,12,0
1197,47.88,320,259,134,41,33,0
1197,47.88,323,235,143,53,58,0
1197,47.88,351,294,32,38,34,0
1197,47.88,353,353,7,27,34,0
1197,47.88,354,393,36,63,93,0
1197,47.88,365,321,160,17,26,0
1197,47.88,382,670,135,39,9,0
1197,47.88,386,672,193,16,15,0
1197,47.88,398,419,226,32,16,0
1197,47.88,404,252,199,436,165,0
1197,47.88,405,400,78,11,18,0
1197,47.88,407,264,76,25,15,0
1197,47.88,408,314,56,20,13,0
1197,47.88,410,279,32,20,33,0
1197,47.88,416,404,137,30,37,0
1198,47.92,191,237,95,89,59,0
1198,47.92,315,282,168,18,12,0
1198,47.92,320,259,134,41,33,0
1198,47.92,323,235,143,53,58,0
1198,47.92,351,294,32,38,34,0
1198,47.92,353,353,7,27,34,0
1198,47.92,354,398,48,59,81,0
1198,47.92,365,321,162,16,24,0
1198,47.92,382,670,135,39,9,0
1198,47.92,386,672,193,16,15,0
1198,47.92,404,250,199,438,166,0
1198,47.92,407,264,76,25,15,0
1198,47.92,408,314,56,20,13,0
1198,47.92,410,279,32,20,33,0
1198,47.92,415,392,36,37,26,0
1198,47.92,416,402,157,16,19,0
1199,47.96,191,277,122,49,32,0
1199,47.96,315,282,168,18,12,0
1199,47.96,320,259,134,41,33,0
1199,47.96,323,235,143,53,58,0
1199,47.96,351,294,32,38,34,0
1199,47.96,353,353,7,27,34,0
1199,47.96,354,397,48,60,84,0
1199,47.96,365,321,162,16,24,0
1199,47.96,386,672,193,16,15,0
1199,47.96,402,237,95,47,30,0
1199,47.96,404,250,199,438,166,0
1199,47.96,407,264,76,25,15,0
1199,47.96,408,314,56,20,13,0
1199,47.96,410,279,32,20,33,0
1199,47.96,415,390,35,38,35,0
1200,48.0,315,282,168,18,12,0
1200,48.0,320,259,134,41,33,0
1200,48.0,323,235,143,53,58,0
1200,48.0,351,294,32,38,34,0
1200,48.0,353,353,7,27,34,0
1200,48.0,354,389,36,68,93,0
1200,48.0,386,672,193,16,15,0
1200,48.0,402,237,95,89,59,0
1200,48.0,404,250,199,438,166,0
1200,48.0,407,264,76,25,15,0
1200,48.0,408,314,56,20,13,0
1200,48.0,410,279,32,20,33,0
1201,48.04,315,282,168,18,12,0
1201,48.04,320,259,134,41,33,0
1201,48.04,323,235,143,53,58,0
1201,48.04,333,237,95,47,30,0
1201,48.04,351,294,32,38,34,0
1201,48.04,353,353,7,27,25,0
1201,48.04,354,388,35,68,94,0
1201,48.04,358,580,222,29,26,0
1201,48.04,386,672,193,16,15,0
1201,48.04,402,278,124,48,30,0
1201,48.04,404,250,199,438,167,0
1201,48.04,407,264,76,25,15,0
1201,48.04,408,314,56,20,13,0
1201,48.04,410,279,32,20,33,0
1202,48.08,191,394,164,14,17,0
1202,48.08,315,282,168,18,12,0
1202,48.08,320,259,134,41,33,0
1202,48.08,323,241,143,47,58,0
1202,48.08,333,237,95,47,30,0
1202,48.08,351,294,32,32,34,0
1202,48.08,353,353,7,27,25,0
1202,48.08,354,395,55,61,74,0
1202,48.08,358,580,222,29,24,0
1202,48.08,386,672,193,16,15,0
1202,48.08,402,278,124,48,30,0
1202,48.08,404,250,199,438,167,0
1202,48.08,407,264,76,25,15,0
1202,48.08,408,314,56,20,13,0
1202,48.08,410,279,32,20,33,0
1202,48.08,415,402,38,19,30,0
1202,48.08,417,381,29,21,28,0
1203,48.12,315,282,168,18,12,0
1203,48.12,320,259,134,41,33,0
1203,48.12,323,241,143,47,58,0
1203,48.12,333,237,95,47,30,0
1203,48.12,351,294,32,32,34,0
1203,48.12,353,353,7,27,25,0
1203,48.12,354,393,40,63,89,0
1203,48.12,358,580,222,28,24,0
1203,48.12,386,672,193,16,15,0
1203,48.12,402,278,124,48,30,0
1203,48.12,404,252,199,436,170,0
1203,48.12,407,264,76,25,15,0
1203,48.12,408,314,56,20,13,0
1203,48.12,410,279,32,20,33,0
1203,48.12,415,400,112,27,16,0
1203,48.12,417,389,36,12,21,0
1203,48.12,418,456,336,12,10,0
1204,48.16,315,282,168,18,12,0
1204,48.16,320,259,134,41,33,0
1204,48.16,323,241,143,47,58,0
1204,48.16,333,237,95,47,30,0
1204,48.16,351,294,32,32,34,0
1204,48.16,353,353,7,27,25,0
1204,48.16,354,392,55,62,73,0
1204,48.16,386,672,193,16,15,0
1204,48.16,402,278,124,48,30,0
1204,48.16,404,252,199,436,170,0
1204,48.16,407,264,76,25,15,0
1204,48.16,408,314,56,20,13,0
1204,48.16,410,279,32,20,33,0
1204,48.16,414,435,117,21,12,0
1204,48.16,417,388,36,12,21,0
1204,48.16,418,454,336,14,10,0
1204,48.16,419,401,40,17,30,0
1205,48.2,315,282,168,18,12,0
1205,48.2,320,259,136,41,31,0
1205,48.2,323,241,143,47,58,0
1205,48.2,333,237,95,47,30,0
1205,48.2,351,294,32,32,34,0
1205,48.2,353,353,7,27,25,0
1205,48.2,354,398,75,58,54,0
1205,48.2,386,672,193,16,15,0
1205,48.2,402,278,124,48,30,0
1205,48.2,404,252,199,436,170,0
1205,48.2,407,264,76,25,15,0
1205,48.2,408,314,56,20,13,0
1205,48.2,410,279,32,20,33,0
1205,48.2,417,380,36,36,33,0
1205,48.2,418,454,336,14,10,0
1205,48.2,419,390,55,24,24,0
1206,48.24,315,282,168,18,12,0
1206,48.24,320,259,136,30,16,0
1206,48.24,323,241,143,47,58,0
1206,48.24,333,237,95,47,30,0
1206,48.24,351,294,32,32,34,0
1206,48.24,353,353,7,38,30,0
1206,48.24,365,385,168,16,17,0
1206,48.24,386,672,193,16,15,0
1206,48.24,402,278,124,48,30,0
1206,48.24,404,252,199,436,170,0
1206,48.24,407,264,76,25,15,0
1206,48.24,408,314,56,20,13,0
1206,48.24,410,279,32,20,33,0
1206,48.24,414,436,116,20,13,0
1206,48.24,417,372,30,35,23,0
1206,48.24,418,454,336,14,10,0
1206,48.24,419,388,49,60,80,0
1207,48.28,315,282,168,18,12,0
1207,48.28,320,259,136,30,16,0
1207,48.28,323,241,143,47,58,0
1207,48.28,333,237,95,47,30,0
1207,48.28,351,294,32,32,34,0
1207,48.28,353,353,7,27,25,0
1207,48.28,365,383,168,16,17,0
1207,48.28,386,672,193,16,15,0
1207,48.28,402,278,124,48,30,0
1207,48.28,404,252,199,436,171,0
1207,48.28,407,264,76,25,15,0
1207,48.28,408,314,56,20,13,0
1207,48.28,410,279,32,20,33,0
1207,48.28,418,454,336,14,10,0
1207,48.28,419,372,29,84,100,0
1208,48.32,315,282,168,18,12,0
1208,48.32,323,241,136,47,65,0
1208,48.32,333,237,95,47,30,0
1208,48.32,351,294,32,32,34,0
1208,48.32,365,382,168,17,16,0
1208,48.32,386,672,193,16,15,0
1208,48.32,402,278,124,48,30,0
1208,48.32,404,247,199,441,174,0
1208,48.32,407,264,76,25,15,0
1208,48.32,408,314,56,20,12,0
1208,48.32,410,279,32,20,33,0
1208,48.32,414,436,116,20,13,0
1208,48.32,417,353,7,46,63,0
1208,48.32,418,454,336,14,10,0
1208,48.32,419,386,45,62,83,0
1209,48.36,315,282,168,18,12,0
1209,48.36,320,259,136,21,16,0
1209,48.36,323,241,143,59,58,0
1209,48.36,333,237,95,47,30,0
1209,48.36,351,294,32,32,34,0
1209,48.36,365,380,168,18,16,0
1209,48.36,386,672,193,16,15,0
1209,48.36,402,278,124,48,30,0
1209,48.36,404,247,199,441,174,0
1209,48.36,407,264,76,25,15,0
1209,48.36,408,314,56,20,12,0
1209,48.36,410,279,32,20,33,0
1209,48.36,414,436,113,19,16,0
1209,48.36,418,454,336,14,10,0
1209,48.36,419,353,7,96,121,0
1210,48.4,315,282,168,18,12,0
1210,48.4,320,259,136,21,16,0
1210,48.4,323,241,143,47,58,0
1210,48.4,333,237,95,47,30,0
1210,48.4,351,294,32,32,34,0
1210,48.4,354,382,57,64,72,0
1210,48.4,386,672,193,16,15,0
1210,48.4,402,278,124,48,30,0
1210,48.4,404,247,199,441,176,0
1210,48.4,407,264,76,25,15,0
1210,48.4,408,314,56,20,12,0
1210,48.4,410,279,32,20,33,0
1210,48.4,414,436,114,18,15,0
1210,48.4,418,449,336,19,24,0
1210,48.4,419,353,7,52,65,0
1211,48.44,315,282,168,18,12,0
1211,48.44,320,259,136,21,16,0
1211,48.44,323,241,143,47,58,0
1211,48.44,333,237,95,47,30,0
1211,48.44,351,294,32,32,34,0
1211,48.44,354,353,7,95,122,0
1211,48.44,386,672,193,16,15,0
1211,48.44,402,278,124,48,30,0
1211,48.44,404,247,199,441,176,0
1211,48.44,407,264,76,25,15,0
1211,48.44,408,314,56,20,12,0
1211,48.44,410,279,32,20,33,0
1211,48.44,414,436,113,19,14,0
1211,48.44,418,449,336,19,24,0
1212,48.48,315,282,168,18,12,0
1212,48.48,320,259,136,21,16,0
1212,48.48,323,241,143,47,58,0
1212,48.48,333,237,95,47,30,0
1212,48.48,351,294,32,32,34,0
1212,48.48,354,353,7,95,122,0
1212,48.48,358,616,209,72,45,0
1212,48.48,386,672,193,16,15,0
1212,48.48,402,278,124,48,30,0
1212,48.48,404,247,199,405,176,0
1212,48.48,407,264,76,25,15,0
1212,48.48,408,314,56,20,12,0
1212,48.48,410,279,32,20,33,0
1212,48.48,413,354,238,19,14,0
1212,48.48,414,436,112,18,17,0
1212,48.48,418,449,336,19,24,0
1213,48.52,315,282,168,18,12,0
1213,48.52,320,259,136,21,16,0
1213,48.52,323,241,143,47,58,0
1213,48.52,333,237,95,47,30,0
1213,48.52,351,294,32,32,34,0
1213,48.52,354,353,7,94,122,0
1213,48.52,358,616,209,72,45,0
1213,48.52,386,672,193,16,15,0
1213,48.52,402,278,124,48,30,0
1213,48.52,404,247,199,405,181,0
1213,48.52,407,264,76,25,15,0
1213,48.52,408,314,56,20,12,0
1213,48.52,410,279,31,21,34,0
1213,48.52,414,435,112,19,17,0
1213,48.52,418,449,336,19,22,0
1214,48.56,315,282,168,18,12,0
1214,48.56,320,259,136,18,14,0
1214,48.56,323,241,143,47,58,0
1214,48.56,333,237,95,47,30,0
1214,48.56,351,294,32,32,34,0
1214,48.56,354,353,7,92,122,0
1214,48.56,358,632,209,56,45,0
1214,48.56,386,672,193,16,15,0
1214,48.56,402,278,124,48,30,0
1214,48.56,404,247,199,405,181,0
1214,48.56,407,264,76,25,15,0
1214,48.56,408,314,56,20,12,0
1214,48.56,410,279,32,20,33,0
1214,48.56,414,435,111,17,17,0
1214,48.56,418,449,336,19,22,0
1214,48.56,420,616,228,16,16,0
1215,48.6,315,280,161,20,18,0
1215,48.6,320,268,150,20,23,0
1215,48.6,323,238,148,32,55,0
1215,48.6,333,236,109,14,19,0
1215,48.6,351,292,35,34,32,0
1215,48.6,354,353,9,98,120,0
1215,48.6,358,632,199,56,52,0
1215,48.6,386,640,223,14,11,0
1215,48.6,402,234,94,92,59,0
1215,48.6,404,246,199,407,180,0
1215,48.6,407,264,76,26,15,0
1215,48.6,408,314,56,20,12,0
1215,48.6,410,279,31,21,34,0
1215,48.6,420,616,228,16,16,0
1215,48.6,421,250,236,9,21,0
1216,48.64,315,280,161,20,18,0
1216,48.64,320,268,150,20,23,0
1216,48.64,323,241,148,28,54,0
1216,48.64,333,238,97,88,55,0
1216,48.64,351,293,35,33,32,0
1216,48.64,354,366,30,84,102,0
1216,48.64,358,632,199,56,52,0
1216,48.64,402,236,108,14,20,0
1216,48.64,404,246,225,403,152,0
1216,48.64,407,264,76,26,15,0
1216,48.64,408,314,56,20,12,0
1216,48.64,410,279,32,20,33,0
1216,48.64,417,353,9,27,24,0
1216,48.64,418,449,336,19,24,0
1216,48.64,420,640,223,14,11,0
1217,48.68,315,283,168,17,10,0
1217,48.68,320,268,150,20,16,0
1217,48.68,323,261,96,20,28,0
1217,48.68,333,277,120,49,32,0
1217,48.68,351,297,34,29,30,0
1217,48.68,354,366,30,82,101,0
1217,48.68,358,640,223,14,11,0
1217,48.68,386,632,235,17,16,0
1217,48.68,402,239,99,27,26,0
1217,48.68,404,284,237,357,125,0
1217,48.68,407,266,76,24,14,0
1217,48.68,408,314,57,19,13,0
1217,48.68,410,279,32,20,33,0
1217,48.68,414,406,59,12,22,0
1217,48.68,417,353,10,27,23,0
1217,48.68,418,438,328,18,14,0
1217,48.68,420,666,199,22,20,0
1217,48.68,421,248,225,80,109,0
1218,48.72,315,283,168,17,10,0
1218,48.72,320,268,150,20,16,0
1218,48.72,323,239,99,27,26,0
1218,48.72,333,277,120,49,32,0
1218,48.72,351,297,34,31,30,0
1218,48.72,354,406,58,16,34,0
1218,48.72,358,640,223,14,11,0
1218,48.72,386,632,235,17,16,0
1218,48.72,402,261,96,20,28,0
1218,48.72,404,284,237,356,125,0
1218,48.72,407,266,76,24,14,0
1218,48.72,408,314,57,19,13,0
1218,48.72,410,279,31,21,34,0
1218,48.72,414,353,10,95,120,0
1218,48.72,418,438,328,18,14,0
1218,48.72,420,666,200,20,19,0
1218,48.72,421,248,225,80,109,0
1218,48.72,422,241,164,26,35,0
1219,48.76,315,283,168,17,10,0
1219,48.76,320,268,150,20,16,0
1219,48.76,323,239,99,27,26,0
1219,48.76,333,277,120,49,32,0
1219,48.76,351,297,34,31,30,0
1219,48.76,354,365,30,85,102,0
1219,48.76,358,640,223,14,11,0
1219,48.76,386,632,235,19,16,0
1219,48.76,402,261,97,20,27,0
1219,48.76,404,284,237,356,125,0
1219,48.76,407,266,76,24,14,0
1219,48.76,408,314,57,19,13,0
1219,48.76,410,279,32,20,33,0
1219,48.76,417,353,10,27,23,0
1219,48.76,418,438,328,18,14,0
1219,48.76,420,666,200,20,19,0
1219,48.76,421,248,225,80,109,0
1219,48.76,422,241,164,26,35,0
1220,48.8,320,268,150,20,16,0
1220,48.8,323,239,99,27,26,0
1220,48.8,333,277,120,49,32,0
1220,48.8,351,297,34,31,30,0
1220,48.8,354,353,10,98,122,0
1220,48.8,358,640,223,14,10,0
1220,48.8,386,632,235,17,16,0
1220,48.8,402,261,97,20,27,0
1220,48.8,404,284,238,356,124,0
1220,48.8,407,266,76,24,14,0
1220,48.8,408,314,57,19,13,0
1220,48.8,410,279,32,20,33,0
1220,48.8,418,438,328,18,14,0
1220,48.8,420,666,200,20,19,0
1220,48.8,421,248,225,82,109,0
1220,48.8,422,241,164,26,35,0
1221,48.84,320,268,150,20,16,0
1221,48.84,323,238,97,43,28,0
1221,48.84,333,277,120,49,32,0
1221,48.84,351,297,34,31,30,0
1221,48.84,354,353,10,81,122,0
1221,48.84,358,640,223,14,10,0
1221,48.84,386,632,235,17,16,0
1221,48.84,404,284,238,356,124,0
1221,48.84,407,266,76,24,14,0
1221,48.84,408,314,57,19,13,0
1221,48.84,410,279,32,20,33,0
1221,48.84,418,438,328,18,14,0
1221,48.84,420,666,200,20,19,0
1221,48.84,421,248,225,82,109,0
1221,48.84,422,241,164,26,35,0
1221,48.84,423,432,115,19,12,0
1222,48.88,315,282,168,18,10,0
1222,48.88,320,268,150,20,23,0
1222,48.88,323,238,97,43,27,0
1222,48.88,333,277,120,49,32,0
1222,48.88,351,297,34,31,30,0
1222,48.88,354,353,10,98,122,0
1222,48.88,386,632,235,17,16,0
1222,48.88,404,297,239,343,123,0
1222,48.88,407,266,76,24,14,0
1222,48.88,408,314,57,19,13,0
1222,48.88,410,279,32,20,33,0
1222,48.88,418,438,328,18,14,0
1222,48.88,420,666,200,20,19,0
1222,48.88,421,248,225,79,105,0
1222,48.88,422,241,164,28,37,0
1223,48.92,315,282,168,18,10,0
1223,48.92,320,259,137,29,36,0
1223,48.92,323,238,97,43,27,0
1223,48.92,333,277,120,49,32,0
1223,48.92,351,297,34,31,30,0
1223,48.92,354,353,10,98,121,0
1223,48.92,386,632,235,17,16,0
1223,48.92,402,257,151,16,20,0
1223,48.92,404,297,239,343,123,0
1223,48.92,407,266,76,24,14,0
1223,48.92,408,314,57,19,13,0
1223,48.92,410,279,32,20,33,0
1223,48.92,418,438,328,18,14,0
1223,48.92,420,666,200,20,19,0
1223,48.92,421,248,209,84,121,0
1223,48.92,422,241,164,28,37,0
1224,48.96,315,282,168,18,10,0
1224,48.96,320,259,137,29,36,0
1224,48.96,323,238,97,43,27,0
1224,48.96,333,277,120,49,33,0
1224,48.96,351,297,34,31,30,0
1224,48.96,354,353,10,79,71,0
1224,48.96,386,632,235,17,16,0
1224,48.96,402,257,151,16,20,0
1224,48.96,404,297,243,343,119,0
1224,48.96,407,266,76,24,14,0
1224,48.96,408,314,56,19,14,0
1224,48.96,410,279,32,20,33,0
1224,48.96,414,374,77,9,24,0
1224,48.96,418,438,328,18,14,0
1224,48.96,420,666,200,20,19,0
1224,48.96,421,248,209,80,121,0
1224,48.96,422,241,164,28,37,0
1224,48.96,423,385,66,66,65,0
1225,49.0,315,282,168,18,10,0
1225,49.0,320,268,149,20,17,0
1225,49.0,333,238,97,88,55,0
1225,49.0,351,297,34,31,30,0
1225,49.0,354,353,10,59,90,0
1225,49.0,386,632,235,17,16,0
1225,49.0,402,257,151,16,20,0
1225,49.0,404,296,243,344,119,0
1225,49.0,407,266,76,24,14,0
1225,49.0,408,314,56,19,14,0
1225,49.0,410,279,32,20,33,0
1225,49.0,414,412,54,21,26,0
1225,49.0,418,438,328,18,15,0
1225,49.0,420,666,200,20,19,0
1225,49.0,421,248,200,84,141,0
1225,49.0,422,241,148,28,53,0
1225,49.0,423,387,66,47,65,0
1225,49.0,424,250,238,8,19,0
1225,49.0,425,432,116,19,11,0
1226,49.04,315,282,168,18,10,0
1226,49.04,320,259,137,29,29,0
1226,49.04,333,238,97,88,55,0
1226,49.04,351,297,34,31,30,0
1226,49.04,354,372,26,26,74,0
1226,49.04,404,296,243,344,119,0
1226,49.04,407,266,76,24,14,0
1226,49.04,408,314,56,19,12,0
1226,49.04,410,279,32,20,33,0
1226,49.04,414,399,39,28,27,0
1226,49.04,417,353,10,27,23,0
1226,49.04,418,439,328,17,10,0
1226,49.04,420,666,200,20,19,0
1226,49.04,421,248,200,84,141,0
1226,49.04,422,241,148,28,53,0
1226,49.04,423,389,52,47,78,0
1226,49.04,424,250,238,8,19,0
1226,49.04,425,432,116,19,11,0
1227,49.08,315,282,168,18,11,0
1227,49.08,320,259,137,29,29,0
1227,49.08,323,236,108,14,20,0
1227,49.08,333,238,97,88,56,0
1227,49.08,351,297,34,31,30,0
1227,49.08,354,376,28,34,58,0
1227,49.08,402,257,151,16,20,0
1227,49.08,404,248,200,381,162,0
1227,49.08,407,266,76,24,14,0
1227,49.08,408,314,56,20,12,0
1227,49.08,410,279,32,20,33,0
1227,49.08,414,411,47,19,19,0
1227,49.08,417,353,9,27,29,0
1227,49.08,420,666,200,20,19,0
1227,49.08,422,241,148,28,53,0
1227,49.08,423,391,73,45,57,0
1227,49.08,424,250,238,8,19,0
1227,49.08,425,434,116,17,11,0
1228,49.12,315,282,168,18,11,0
1228,49.12,320,268,150,20,16,0
1228,49.12,323,236,108,14,20,0
1228,49.12,333,238,97,88,56,0
1228,49.12,351,297,34,31,30,0
1228,49.12,354,380,41,33,34,0
1228,49.12,402,257,151,16,20,0
1228,49.12,404,248,200,381,162,0
1228,49.12,407,266,76,24,14,0
1228,49.12,408,314,56,20,12,0
1228,49.12,410,279,32,20,33,0
1228,49.12,414,412,46,18,18,0
1228,49.12,417,353,9,27,29,0
1228,49.12,420,666,200,20,19,0
1228,49.12,422,241,148,28,53,0
1228,49.12,423,382,68,53,66,0
1228,49.12,425,432,116,19,11,0
1228,49.12,426,381,28,36,20,0
1229,49.16,315,282,168,18,11,0
1229,49.16,320,268,150,20,16,0
1229,49.16,323,236,108,15,20,0
1229,49.16,333,238,97,88,56,0
1229,49.16,351,297,34,31,30,0
1229,49.16,402,257,151,16,20,0
1229,49.16,404,248,200,381,162,0
1229,49.16,407,266,76,24,14,0
1229,49.16,408,314,56,20,12,0
1229,49.16,410,279,32,20,33,0
1229,49.16,414,408,44,23,20,0
1229,49.16,417,353,9,27,29,0
1229,49.16,420,666,200,19,19,0
1229,49.16,422,241,148,28,53,0
1229,49.16,423,380,41,56,90,0
1229,49.16,424,250,238,8,19,0
1229,49.16,425,432,116,19,11,0
1229,49.16,426,384,28,33,23,0
1230,49.2,315,281,161,19,18,0
1230,49.2,320,257,150,31,24,0
1230,49.2,323,236,108,15,20,0
1230,49.2,333,238,97,88,56,0
1230,49.2,351,292,32,36,35,0
1230,49.2,404,248,199,381,176,0
1230,49.2,407,264,76,26,14,0
1230,49.2,408,314,56,20,12,0
1230,49.2,410,279,32,20,33,0
1230,49.2,414,407,45,26,19,0
1230,49.2,417,353,9,27,29,0
1230,49.2,420,666,200,19,19,0
1230,49.2,422,241,148,28,53,0
1230,49.2,423,380,46,56,86,0
1230,49.2,424,250,238,8,19,0
1230,49.2,425,434,116,17,11,0
1230,49.2,426,389,27,32,21,0
1230,49.2,427,540,647,20,11,0
1231,49.24,315,281,161,19,18,0
1231,49.24,320,257,150,31,24,0
1231,49.24,323,236,108,15,20,0
1231,49.24,333,238,97,88,56,0
1231,49.24,351,292,32,36,35,0
1231,49.24,404,248,199,381,176,0
1231,49.24,407,264,76,26,14,0
1231,49.24,408,314,56,20,12,0
1231,49.24,410,279,32,20,33,0
1231,49.24,417,353,9,27,29,0
1231,49.24,420,666,200,19,19,0
1231,49.24,422,241,148,28,53,0
1231,49.24,423,385,26,51,108,0
1231,49.24,424,250,238,8,19,0
1231,49.24,425,434,116,17,11,0
1231,49.24,427,540,647,20,11,0
1232,49.28,315,281,161,19,18,0
1232,49.28,320,257,150,31,24,0
1232,49.28,323,236,108,15,20,0
1232,49.28,333,238,97,88,56,0
1232,49.28,351,292,32,36,35,0
1232,49.28,404,248,199,381,176,0
1232,49.28,407,264,76,26,14,0
1232,49.28,408,314,56,20,12,0
1232,49.28,410,279,32,20,33,0
1232,49.28,417,353,9,27,29,0
1232,49.28,420,666,200,19,19,0
1232,49.28,422,241,148,28,53,0
1232,49.28,423,386,45,50,88,0
1232,49.28,424,250,238,8,19,0
1232,49.28,425,434,114,17,13,0
1232,49.28,426,390,26,45,37,0
1232,49.28,427,540,647,20,11,0
1233,49.32,315,281,161,19,18,0
1233,49.32,320,257,150,31,24,0
1233,49.32,323,236,108,15,20,0
1233,49.32,333,238,97,88,56,0
1233,49.32,351,292,32,36,35,0
1233,49.32,404,248,199,381,176,0
1233,49.32,407,264,76,26,14,0
1233,49.32,408,314,56,20,12,0
1233,49.32,410,279,32,20,33,0
1233,49.32,417,353,9,27,29,0
1233,49.32,420,668,200,17,17,0
1233,49.32,422,241,148,28,53,0
1233,49.32,423,387,45,49,91,0
1233,49.32,424,250,238,8,19,0
1233,49.32,425,434,114,17,13,0
1233,49.32,426,388,25,58,47,0
1233,49.32,427,540,647,20,11,0
1234,49.36,315,281,161,19,18,0
1234,49.36,320,257,150,31,24,0
1234,49.36,323,235,108,16,20,0
1234,49.36,333,238,97,88,58,0
1234,49.36,351,292,32,36,35,0
1234,49.36,404,248,199,381,177,0
1234,49.36,407,264,76,26,14,0
1234,49.36,408,314,56,20,12,0
1234,49.36,410,279,32,20,33,0
1234,49.36,417,353,9,27,29,0
1234,49.36,420,668,200,17,17,0
1234,49.36,422,241,148,28,53,0
1234,49.36,423,387,44,49,94,0
1234,49.36,424,250,238,8,19,0
1234,49.36,425,434,114,17,13,0
1234,49.36,426,392,24,54,48,0
1234,49.36,427,540,647,20,11,0
1235,49.4,315,281,161,19,18,0
1235,49.4,320,257,150,31,24,0
1235,49.4,323,235,108,16,20,0
1235,49.4,333,238,97,88,58,0
1235,49.4,351,292,32,36,35,0
1235,49.4,404,248,199,381,178,0
1235,49.4,407,264,76,26,15,0
1235,49.4,408,314,56,20,12,0
1235,49.4,410,279,32,20,33,0
1235,49.4,417,353,9,27,29,0
1235,49.4,418,448,348,15,12,0
1235,49.4,422,241,148,28,53,0
1235,49.4,423,390,24,57,114,0
1235,49.4,424,250,238,8,19,0
1235,49.4,425,434,114,17,12,0
1235,49.4,427,540,647,20,11,0
1235,49.4,428,378,335,22,14,0
1236,49.44,315,281,161,19,18,0
1236,49.44,320,257,150,31,24,0
1236,49.44,323,235,108,16,20,0
1236,49.44,333,238,97,88,58,0
1236,49.44,351,292,32,36,35,0
1236,49.44,404,248,199,381,178,0
1236,49.44,407,264,76,26,15,0
1236,49.44,408,314,56,20,12,0
1236,49.44,410,279,32,20,33,0
1236,49.44,417,353,9,27,23,0
1236,49.44,418,448,348,15,12,0
1236,49.44,422,241,148,28,53,0
1236,49.44,423,391,24,57,116,0
1236,49.44,424,250,238,8,19,0
1236,49.44,425,434,114,17,12,0
1236,49.44,427,540,647,20,11,0
1236,49.44,428,378,331,22,22,0
1237,49.48,315,281,161,19,18,0
1237,49.48,320,257,150,31,24,0
1237,49.48,323,235,108,16,20,0
1237,49.48,333,238,97,88,58,0
1237,49.48,351,292,32,36,35,0
1237,49.48,404,248,199,381,178,0
1237,49.48,407,266,76,24,15,0
1237,49.48,408,314,56,20,12,0
1237,49.48,410,279,32,20,33,0
1237,49.48,417,353,9,27,23,0
1237,49.48,418,448,348,15,12,0
1237,49.48,422,241,148,28,53,0
1237,49.48,423,394,24,57,116,0
1237,49.48,424,250,238,8,19,0
1237,49.48,427,540,647,20,11,0
1237,49.48,428,378,331,22,22,0
1238,49.52,315,281,161,19,18,0
1238,49.52,320,257,150,31,24,0
1238,49.52,323,235,108,16,20,0
1238,49.52,333,238,97,88,58,0
1238,49.52,351,292,32,36,35,0
1238,49.52,404,248,199,381,178,0
1238,49.52,407,266,76,24,15,0
1238,49.52,408,314,56,20,12,0
1238,49.52,410,279,32,20,33,0
1238,49.52,417,353,9,27,23,0
1238,49.52,418,448,348,15,12,0
1238,49.52,422,241,148,28,53,0
1238,49.52,423,395,45,56,96,0
1238,49.52,424,250,238,8,19,0
1238,49.52,426,399,24,42,42,0
1238,49.52,427,540,647,20,11,0
1238,49.52,428,378,331,22,22,0
1239,49.56,315,281,161,19,18,0
1239,49.56,320,257,150,31,24,0
1239,49.56,323,235,108,16,20,0
1239,49.56,333,238,97,88,58,0
1239,49.56,351,292,32,36,35,0
1239,49.56,354,396,24,60,116,0
1239,49.56,404,248,199,381,178,0
1239,49.56,407,266,76,24,15,0
1239,49.56,408,314,56,20,12,0
1239,49.56,410,279,32,20,33,0
1239,49.56,417,353,9,27,23,0
1239,49.56,418,448,348,15,12,0
1239,49.56,422,241,148,28,53,0
1239,49.56,424,250,238,8,19,0
1239,49.56,427,540,647,20,11,0
1239,49.56,428,378,331,22,22,0
1239,49.56,429,536,248,24,32,0
1240,49.6,315,281,161,19,18,0
1240,49.6,320,257,150,31,24,0
1240,49.6,323,235,108,16,20,0
1240,49.6,333,238,97,88,58,0
1240,49.6,351,292,32,36,35,0
1240,49.6,354,398,24,51,103,0
1240,49.6,404,248,199,381,178,0
1240,49.6,407,266,76,24,15,0
1240,49.6,408,314,56,20,12,0
1240,49.6,410,279,32,20,33,0
1240,49.6,417,353,9,27,23,0
1240,49.6,418,448,348,15,12,0
1240,49.6,422,241,148,28,53,0
1240,49.6,424,250,238,8,19,0
1240,49.6,425,448,122,14,16,0
1240,49.6,427,540,647,20,11,0
1240,49.6,428,378,331,22,22,0
1240,49.6,429,536,248,24,32,0
1241,49.64,315,281,161,19,18,0
1241,49.64,320,257,150,31,24,0
1241,49.64,323,235,108,16,20,0
1241,49.64,333,238,97,88,58,0
1241,49.64,351,292,32,36,35,0
1241,49.64,354,399,45,46,73,0
1241,49.64,404,248,199,381,178,0
1241,49.64,407,266,76,24,15,0
1241,49.64,408,314,56,20,12,0
1241,49.64,410,279,32,20,33,0
1241,49.64,417,353,9,27,23,0
1241,49.64,418,448,348,15,12,0
1241,49.64,422,241,148,28,53,0
1241,49.64,423,433,113,21,15,0
1241,49.64,424,250,238,8,19,0
1241,49.64,425,455,120,15,16,0
1241,49.64,426,403,24,43,50,0
1241,49.64,427,540,647,20,11,0
1241,49.64,428,378,331,22,22,0
1241,49.64,429,536,249,24,31,0
1242,49.68,315,281,161,19,18,0
1242,49.68,320,268,150,20,24,0
1242,49.68,323,235,108,16,20,0
1242,49.68,333,238,97,88,58,0
1242,49.68,351,292,32,36,35,0
1242,49.68,354,401,25,58,107,0
1242,49.68,404,248,199,381,178,0
1242,49.68,407,266,76,24,15,0
1242,49.68,408,314,56,20,12,0
1242,49.68,410,279,32,20,33,0
1242,49.68,417,353,9,27,23,0
1242,49.68,418,448,348,15,12,0
1242,49.68,422,241,148,28,53,0
1242,49.68,423,432,109,15,17,0
1242,49.68,424,250,238,8,19,0
1242,49.68,425,460,122,14,11,0
1242,49.68,427,540,647,20,11,0
1242,49.68,428,378,331,22,22,0
1242,49.68,429,536,249,24,31,0
1242,49.68,430,510,258,37,18,0
1243,49.72,315,281,161,19,18,0
1243,49.72,320,268,150,20,24,0
1243,49.72,323,235,108,16,20,0
1243,49.72,333,241,97,85,58,0
1243,49.72,351,292,32,36,35,0
1243,49.72,354,403,26,59,101,0
1243,49.72,404,248,199,381,178,0
1243,49.72,407,266,76,24,15,0
1243,49.72,408,314,56,19,12,0
1243,49.72,410,279,32,20,33,0
1243,49.72,413,441,263,23,17,0
1243,49.72,417,353,9,27,23,0
1243,49.72,418,448,348,15,12,0
1243,49.72,422,241,148,28,53,0
1243,49.72,424,250,238,8,19,0
1243,49.72,425,464,122,14,10,0
1243,49.72,427,540,647,20,11,0
1243,49.72,428,378,331,22,22,0
1243,49.72,429,536,249,24,31,0
1243,49.72,430,510,258,31,18,0
1244,49.76,315,281,161,19,18,0
1244,49.76,320,268,150,20,24,0
1244,49.76,323,235,108,16,20,0
1244,49.76,333,241,97,85,58,0
1244,49.76,351,292,32,36,35,0
1244,49.76,354,405,26,61,104,0
1244,49.76,404,248,199,381,178,0
1244,49.76,407,266,76,24,15,0
1244,49.76,408,314,56,19,12,0
1244,49.76,410,279,32,20,33,0
1244,49.76,413,441,263,23,17,0
1244,49.76,417,353,9,27,23,0
1244,49.76,418,448,348,15,12,0
1244,49.76,424,250,238,8,19,0
1244,49.76,425,466,120,14,14,0
1244,49.76,427,540,647,20,11,0
1244,49.76,428,378,331,22,22,0
1244,49.76,429,536,249,24,31,0
1244,49.76,430,510,258,31,18,0
1245,49.8,315,281,161,19,18,0
1245,49.8,320,268,150,20,24,0
1245,49.8,323,235,108,16,20,0
1245,49.8,333,241,97,85,58,0
1245,49.8,351,292,32,36,35,0
1245,49.8,354,406,27,61,103,0
1245,49.8,404,248,199,381,178,0
1245,49.8,407,266,76,24,15,0
1245,49.8,408,314,56,19,12,0
1245,49.8,410,279,32,20,33,0
1245,49.8,413,441,263,23,17,0
1245,49.8,417,353,9,27,23,0
1245,49.8,418,448,348,15,12,0
1245,49.8,424,250,238,8,19,0
1245,49.8,425,467,119,15,14,0
1245,49.8,427,540,647,20,11,0
1245,49.8,428,378,331,22,22,0
1245,49.8,429,536,250,20,24,0
1245,49.8,430,510,258,30,18,0
1246,49.84,315,281,161,19,18,0
1246,49.84,320,268,150,20,24,0
1246,49.84,323,235,108,16,20,0
1246,49.84,333,241,97,85,58,0
1246,49.84,351,292,32,36,35,0
1246,49.84,354,408,57,79,74,0
1246,49.84,404,248,199,381,178,0
1246,49.84,407,266,76,24,15,0
1246,49.84,408,314,56,19,12,0
1246,49.84,410,279,32,20,33,0
1246,49.84,413,441,266,23,13,0
1246,49.84,417,353,9,27,23,0
1246,49.84,418,448,348,15,12,0
1246,49.84,424,250,238,8,19,0
1246,49.84,426,411,28,32,35,0
1246,49.84,427,540,647,20,11,0
1246,49.84,428,378,331,22,22,0
1246,49.84,429,536,250,20,24,0
1246,49.84,430,510,258,30,18,0
1247,49.88,315,282,167,18,11,0
1247,49.88,320,259,137,29,38,0
1247,49.88,323,236,108,15,20,0
1247,49.88,333,241,98,85,56,0
1247,49.88,351,294,43,35,23,0
1247,49.88,354,434,116,16,9,0
1247,49.88,402,238,144,37,34,0
1247,49.88,404,245,197,393,191,0
1247,49.88,407,266,76,24,15,0
1247,49.88,408,314,51,21,17,0
1247,49.88,410,279,32,20,33,0
1247,49.88,417,353,9,27,23,0
1247,49.88,418,448,368,14,15,0
1247,49.88,420,665,204,15,20,0
1247,49.88,423,411,48,61,78,0
1247,49.88,424,250,231,10,26,0
1247,49.88,425,472,118,16,14,0
1247,49.88,426,413,29,23,29,0
1247,49.88,427,540,648,20,9,0
1247,49.88,428,367,343,12,17,0
1247,49.88,429,536,250,20,24,0
1247,49.88,431,477,366,17,17,0
1248,49.92,315,282,167,18,11,0
1248,49.92,320,259,137,29,38,0
1248,49.92,323,236,108,15,20,0
1248,49.92,333,241,98,85,56,0
1248,49.92,351,294,43,35,23,0
1248,49.92,354,435,116,15,10,0
1248,49.92,402,238,144,37,34,0
1248,49.92,404,245,197,393,191,0
1248,49.92,407,266,76,24,15,0
1248,49.92,408,314,51,21,17,0
1248,49.92,410,279,32,20,33,0
1248,49.92,417,353,9,27,23,0
1248,49.92,418,448,368,14,15,0
1248,49.92,420,665,204,15,20,0
1248,49.92,423,413,58,79,75,0
1248,49.92,424,250,231,10,26,0
1248,49.92,426,415,30,22,34,0
1248,49.92,427,540,648,20,9,0
1248,49.92,428,367,343,12,17,0
1248,49.92,429,536,250,20,24,0
1248,49.92,431,477,366,17,17,0
1249,49.96,315,282,167,18,11,0
1249,49.96,320,259,137,29,38,0
1249,49.96,323,236,108,15,20,0
1249,49.96,333,241,98,85,56,0
1249,49.96,351,294,43,35,23,0
1249,49.96,404,245,197,393,191,0
1249,49.96,407,266,76,24,15,0
1249,49.96,408,314,51,21,17,0
1249,49.96,410,279,32,20,33,0
1249,49.96,417,353,9,27,23,0
1249,49.96,418,448,368,14,15,0
1249,49.96,420,665,204,15,20,0
1249,49.96,422,238,144,37,57,0
1249,49.96,423,415,50,59,78,0
1249,49.96,424,250,231,10,26,0
1249,49.96,425,471,120,21,13,0
1249,49.96,426,417,30,18,28,0
1249,49.96,427,540,648,20,9,0
1249,49.96,428,367,343,12,17,0
1249,49.96,429,536,250,20,24,0
1249,49.96,431,477,366,17,17,0
1250,50.0,315,282,167,18,11,0
1250,50.0,320,259,137,35,38,0
1250,50.0,333,237,96,89,58,0
1250,50.0,351,295,35,34,31,0
1250,50.0,404,245,196,392,192,0
1250,50.0,407,266,76,26,15,0
1250,50.0,408,314,51,21,16,0
1250,50.0,410,279,31,21,34,0
1250,50.0,413,448,336,28,32,0
1250,50.0,417,353,10,27,22,0
1250,50.0,418,448,368,14,16,0
1250,50.0,420,668,204,12,13,0
1250,50.0,422,238,144,36,57,0
1250,50.0,423,417,31,55,96,0
1250,50.0,424,248,231,12,26,0
1250,50.0,425,472,120,20,14,0
1250,50.0,427,540,647,20,10,0
1250,50.0,428,367,343,12,17,0
1250,50.0,429,536,250,20,18,0
1250,50.0,431,477,366,17,17,0
1251,50.04,315,282,167,18,11,0
1251,50.04,320,259,137,35,38,0
1251,50.04,333,237,96,89,58,0
1251,50.04,351,295,35,34,31,0
1251,50.04,354,436,114,16,12,0
1251,50.04,404,245,196,392,192,0
1251,50.04,407,266,76,26,15,0
1251,50.04,408,314,51,21,16,0
1251,50.04,410,279,31,21,34,0
1251,50.04,413,448,336,28,32,0
1251,50.04,417,353,10,27,22,0
1251,50.04,418,448,368,14,16,0
1251,50.04,420,668,204,12,13,0
1251,50.04,422,238,144,36,57,0
1251,50.04,423,419,54,54,73,0
1251,50.04,424,248,231,12,26,0
1251,50.04,425,473,120,19,13,0
1251,50.04,426,419,30,20,24,0
1251,50.04,427,540,647,20,10,0
1251,50.04,428,367,343,12,17,0
1251,50.04,429,540,250,16,18,0
1251,50.04,431,477,366,17,17,0
1252,50.08,315,282,167,18,11,0
1252,50.08,320,259,137,35,38,0
1252,50.08,333,237,96,89,58,0
1252,50.08,351,295,35,34,31,0
1252,50.08,386,616,260,21,16,0
1252,50.08,404,245,196,378,192,0
1252,50.08,407,266,76,26,15,0
1252,50.08,408,314,51,21,16,0
1252,50.08,410,279,31,21,34,0
1252,50.08,413,448,336,28,32,0
1252,50.08,417,353,10,27,22,0
1252,50.08,418,448,368,14,16,0
1252,50.08,420,668,204,12,13,0
1252,50.08,422,238,144,36,57,0
1252,50.08,423,421,53,52,74,0
1252,50.08,424,248,231,12,26,0
1252,50.08,425,474,120,18,13,0
1252,50.08,426,421,29,17,23,0
1252,50.08,427,540,647,20,10,0
1252,50.08,428,367,343,12,17,0
1252,50.08,431,477,366,17,17,0
1253,50.12,315,282,167,18,11,0
1253,50.12,320,259,137,35,38,0
1253,50.12,333,237,96,89,58,0
1253,50.12,351,295,35,34,31,0
1253,50.12,386,616,260,21,16,0
1253,50.12,404,245,196,376,192,0
1253,50.12,407,266,76,26,15,0
1253,50.12,408,314,51,21,16,0
1253,50.12,410,279,31,21,34,0
1253,50.12,413,448,336,28,32,0
1253,50.12,417,353,10,27,22,0
1253,50.12,418,448,368,14,16,0
1253,50.12,420,668,204,12,13,0
1253,50.12,422,238,144,36,57,0
1253,50.12,423,423,53,51,74,0
1253,50.12,424,248,231,12,26,0
1253,50.12,425,474,120,18,13,0
1253,50.12,426,428,29,19,25,0
1253,50.12,427,540,647,20,10,0
1253,50.12,428,367,343,12,17,0
1253,50.12,431,477,366,17,17,0
1254,50.16,315,282,167,18,11,0
1254,50.16,320,259,137,35,38,0
1254,50.16,333,237,96,89,58,0
1254,50.16,351,295,35,34,31,0
1254,50.16,354,440,107,14,16,0
1254,50.16,386,616,260,21,16,0
1254,50.16,404,245,196,376,192,0
1254,50.16,407,266,76,26,15,0
1254,50.16,408,314,51,21,16,0
1254,50.16,410,279,31,21,34,0
1254,50.16,413,448,336,28,32,0
1254,50.16,417,353,10,27,22,0
1254,50.16,418,448,368,14,16,0
1254,50.16,420,668,204,12,13,0
1254,50.16,422,238,144,36,57,0
1254,50.16,423,424,49,68,84,0
1254,50.16,424,248,231,12,26,0
1254,50.16,426,426,32,17,20,0
1254,50.16,427,540,647,20,10,0
1254,50.16,428,367,343,12,17,0
1254,50.16,431,477,366,17,17,0
1255,50.2,315,282,167,18,11,0
1255,50.2,320,259,137,35,38,0
1255,50.2,333,237,96,89,58,0
1255,50.2,351,295,35,34,31,0
1255,50.2,354,441,109,17,13,0
1255,50.2,386,616,260,21,16,0
1255,50.2,404,245,196,376,192,0
1255,50.2,407,266,76,26,15,0
1255,50.2,408,314,51,21,16,0
1255,50.2,410,279,31,21,34,0
1255,50.2,413,448,336,28,32,0
1255,50.2,417,353,10,27,22,0
1255,50.2,418,448,368,14,16,0
1255,50.2,422,238,144,36,57,0
1255,50.2,423,426,51,66,82,0
1255,50.2,424,248,231,12,26,0
1255,50.2,426,430,32,21,22,0
1255,50.2,427,540,647,20,10,0
1255,50.2,428,367,343,12,17,0
1255,50.2,431,477,366,17,17,0
1256,50.24,315,282,167,18,11,0
1256,50.24,320,259,137,35,38,0
1256,50.24,333,237,96,89,58,0
1256,50.24,351,295,35,34,31,0
1256,50.24,386,616,260,21,16,0
1256,50.24,404,245,196,376,192,0
1256,50.24,407,266,76,26,15,0
1256,50.24,408,314,51,21,16,0
1256,50.24,410,279,31,21,34,0
1256,50.24,413,448,336,28,32,0
1256,50.24,417,353,10,27,22,0
1256,50.24,418,448,368,14,16,0
1256,50.24,422,238,150,31,51,0
1256,50.24,423,428,55,47,71,0
1256,50.24,424,248,231,12,26,0
1256,50.24,425,472,120,20,13,0
1256,50.24,426,430,32,22,19,0
1256,50.24,427,540,647,20,10,0
1256,50.24,428,367,343,12,17,0
1257,50.28,315,282,167,18,11,0
1257,50.28,320,259,137,35,38,0
1257,50.28,333,237,96,89,58,0
1257,50.28,351,296,35,33,30,0
1257,50.28,386,616,260,21,16,0
1257,50.28,404,245,196,376,204,0
1257,50.28,407,266,76,26,15,0
1257,50.28,408,314,51,21,16,0
1257,50.28,410,279,31,21,34,0
1257,50.28,413,448,336,28,32,0
1257,50.28,414,430,30,46,72,0
1257,50.28,417,353,10,27,22,0
1257,50.28,418,448,368,14,16,0
1257,50.28,422,238,150,31,51,0
1257,50.28,424,248,231,12,26,0
1257,50.28,425,456,105,36,28,0
1257,50.28,427,540,647,20,10,0
1257,50.28,428,367,343,12,17,0
1257,50.28,431,448,384,27,12,0
1257,50.28,432,342,359,18,19,0
1258,50.32,315,282,167,18,11,0
1258,50.32,320,259,137,35,38,0
1258,50.32,333,237,96,89,58,0
1258,50.32,351,296,35,33,30,0
1258,50.32,386,616,260,21,16,0
1258,50.32,404,245,196,376,204,0
1258,50.32,407,266,76,26,15,0
1258,50.32,408,314,51,21,16,0
1258,50.32,410,279,31,21,34,0
1258,50.32,413,448,336,28,32,0
1258,50.32,414,431,31,61,102,0
1258,50.32,417,353,10,27,22,0
1258,50.32,418,448,368,14,16,0
1258,50.32,422,238,150,31,51,0
1258,50.32,424,248,231,12,26,0
1258,50.32,427,540,647,20,10,0
1258,50.32,428,367,343,12,17,0
1258,50.32,431,448,384,27,15,0
1258,50.32,432,342,359,18,19,0
1258,50.32,433,315,240,18,21,0
1259,50.36,315,282,167,18,11,0
1259,50.36,320,259,137,35,38,0
1259,50.36,333,237,96,89,58,0
1259,50.36,351,296,35,33,30,0
1259,50.36,386,616,260,21,16,0
1259,50.36,404,245,196,376,204,0
1259,50.36,407,266,76,26,15,0
1259,50.36,408,314,51,21,16,0
1259,50.36,410,279,31,21,34,0
1259,50.36,413,448,336,28,32,0
1259,50.36,414,433,49,59,84,0
1259,50.36,417,353,10,27,22,0
1259,50.36,418,448,368,14,16,0
1259,50.36,422,238,150,31,51,0
1259,50.36,424,248,231,12,26,0
1259,50.36,426,434,32,22,18,0
1259,50.36,427,540,647,20,10,0
1259,50.36,428,367,343,12,17,0
1259,50.36,431,448,384,27,15,0
1259,50.36,433,315,240,18,21,0
1260,50.4,315,282,167,18,11,0
1260,50.4,320,259,137,35,38,0
1260,50.4,333,237,96,89,58,0
1260,50.4,351,296,35,33,30,0
1260,50.4,386,616,260,21,16,0
1260,50.4,404,245,196,376,204,0
1260,50.4,407,266,76,26,15,0
1260,50.4,408,314,51,21,16,0
1260,50.4,410,279,31,21,34,0
1260,50.4,413,448,336,28,32,0
1260,50.4,414,433,49,60,84,0
1260,50.4,417,353,10,27,22,0
1260,50.4,418,448,368,14,16,0
1260,50.4,422,238,150,31,51,0
1260,50.4,424,248,231,12,26,0
1260,50.4,426,438,29,19,22,0
1260,50.4,427,540,647,20,10,0
1260,50.4,428,367,343,12,17,0
1260,50.4,431,448,384,27,15,0
1260,50.4,433,315,240,18,21,0
1261,50.44,315,282,167,18,11,0
1261,50.44,320,259,137,35,38,0
1261,50.44,333,237,96,89,58,0
1261,50.44,351,296,35,33,30,0
1261,50.44,386,616,260,21,16,0
1261,50.44,404,245,196,376,204,0
1261,50.44,407,266,76,26,15,0
1261,50.44,408,314,51,21,16,0
1261,50.44,410,279,31,21,34,0
1261,50.44,413,448,336,28,32,0
1261,50.44,414,434,49,66,84,0
1261,50.44,417,353,10,27,22,0
1261,50.44,418,448,368,14,16,0
1261,50.44,422,238,150,31,51,0
1261,50.44,424,248,231,12,26,0
1261,50.44,426,439,28,19,21,0
1261,50.44,427,540,647,20,10,0
1261,50.44,428,367,343,12,17,0
1261,50.44,431,448,384,27,15,0
1261,50.44,433,315,240,18,21,0
1262,50.48,315,282,167,18,11,0
1262,50.48,320,259,137,35,38,0
1262,50.48,333,237,96,89,58,0
1262,50.48,351,296,35,33,30,0
1262,50.48,354,471,114,39,19,0
1262,50.48,386,616,261,21,15,0
1262,50.48,404,245,196,376,213,0
1262,50.48,407,266,76,26,15,0
1262,50.48,408,314,51,21,16,0
1262,50.48,410,279,31,21,34,0
1262,50.48,413,448,336,28,32,0
1262,50.48,414,433,49,58,76,0
1262,50.48,417,353,10,27,22,0
1262,50.48,418,448,368,14,16,0
1262,50.48,422,238,150,31,51,0
1262,50.48,424,248,231,12,26,0
1262,50.48,426,438,26,24,29,0
1262,50.48,427,540,647,20,10,0
1262,50.48,428,367,343,12,17,0
1262,50.48,431,448,384,27,15,0
1262,50.48,433,315,240,18,21,0
1263,50.52,315,282,167,18,11,0
1263,50.52,320,259,137,35,38,0
1263,50.52,333,237,96,89,58,0
1263,50.52,351,296,35,33,30,0
1263,50.52,354,476,120,16,13,0
1263,50.52,386,618,261,19,15,0
1263,50.52,404,245,196,376,213,0
1263,50.52,407,266,76,26,15,0
1263,50.52,408,314,51,21,16,0
1263,50.52,410,279,31,21,34,0
1263,50.52,413,448,336,28,32,0
1263,50.52,414,435,26,62,98,0
1263,50.52,417,353,10,27,22,0
1263,50.52,418,448,368,14,16,0
1263,50.52,422,238,150,31,51,0
1263,50.52,424,248,231,12,26,0
1263,50.52,425,450,82,27,43,0
1263,50.52,427,540,647,20,10,0
1263,50.52,428,367,343,12,17,0
1263,50.52,431,448,384,27,15,0
1263,50.52,433,315,240,18,21,0
1263,50.52,434,498,114,18,8,0
1264,50.56,315,282,167,18,11,0
1264,50.56,320,259,137,35,38,0
1264,50.56,333,237,96,89,58,0
1264,50.56,351,296,35,33,30,0
1264,50.56,354,476,120,16,13,0
1264,50.56,404,245,196,376,213,0
1264,50.56,407,266,76,26,15,0
1264,50.56,408,314,51,21,16,0
1264,50.56,410,279,31,21,34,0
1264,50.56,413,448,336,28,32,0
1264,50.56,414,476,61,12,15,0
1264,50.56,417,353,10,27,22,0
1264,50.56,418,448,368,14,16,0
1264,50.56,422,238,150,31,51,0
1264,50.56,424,248,231,12,26,0
1264,50.56,425,468,90,16,13,0
1264,50.56,426,437,26,41,99,0
1264,50.56,427,540,647,20,10,0
1264,50.56,428,367,343,12,17,0
1264,50.56,431,448,384,27,15,0
1264,50.56,434,506,114,16,10,0
1264,50.56,435,477,80,27,44,0
1265,50.6,315,282,167,18,11,0
1265,50.6,320,259,137,35,38,0
1265,50.6,333,237,96,89,58,0
1265,50.6,351,296,35,33,30,0
1265,50.6,354,471,120,21,13,0
1265,50.6,404,245,196,376,213,0
1265,50.6,407,266,76,26,15,0
1265,50.6,408,314,51,21,16,0
1265,50.6,410,279,31,21,34,0
1265,50.6,413,448,336,28,32,0
1265,50.6,417,353,10,27,22,0
1265,50.6,418,448,368,14,16,0
1265,50.6,422,238,150,18,36,0
1265,50.6,424,249,231,11,26,0
1265,50.6,426,439,26,41,99,0
1265,50.6,427,540,647,20,10,0
1265,50.6,428,367,343,12,17,0
1265,50.6,431,448,384,27,15,0
1265,50.6,434,510,110,18,13,0
1265,50.6,435,470,80,38,38,0
1266,50.64,315,282,167,18,11,0
1266,50.64,320,259,137,35,38,0
1266,50.64,333,237,96,89,58,0
1266,50.64,351,296,35,33,30,0
1266,50.64,354,471,120,21,13,0
1266,50.64,404,245,196,376,213,0
1266,50.64,407,266,76,26,15,0
1266,50.64,408,314,51,21,16,0
1266,50.64,410,279,31,21,34,0
1266,50.64,413,448,336,28,32,0
1266,50.64,417,353,10,27,22,0
1266,50.64,418,448,368,14,16,0
1266,50.64,424,249,231,11,26,0
1266,50.64,425,444,26,87,99,0
1266,50.64,427,540,647,20,10,0
1266,50.64,428,367,343,12,17,0
1266,50.64,431,448,384,27,15,0
1267,50.68,315,282,167,18,11,0
1267,50.68,320,259,137,35,38,0
1267,50.68,333,238,96,88,58,0
1267,50.68,351,296,35,33,30,0
1267,50.68,354,471,120,21,13,0
1267,50.68,404,245,196,376,214,0
1267,50.68,407,266,76,26,15,0
1267,50.68,408,314,51,21,16,0
1267,50.68,410,279,31,21,34,0
1267,50.68,413,448,336,28,32,0
1267,50.68,417,353,10,27,22,0
1267,50.68,418,448,368,14,16,0
1267,50.68,424,249,231,11,26,0
1267,50.68,426,444,26,70,99,0
1267,50.68,427,540,647,20,10,0
1267,50.68,428,424,368,23,32,0
1267,50.68,431,447,383,28,20,0
1267,50.68,434,516,111,16,13,0
1268,50.72,315,282,167,18,11,0
1268,50.72,320,259,137,35,38,0
1268,50.72,333,238,96,88,58,0
1268,50.72,351,296,35,33,30,0
1268,50.72,354,471,120,21,13,0
1268,50.72,404,245,196,376,214,0
1268,50.72,407,266,76,26,15,0
1268,50.72,408,314,51,21,16,0
1268,50.72,410,279,31,21,34,0
1268,50.72,413,448,336,28,32,0
1268,50.72,417,353,10,27,22,0
1268,50.72,418,448,368,14,16,0
1268,50.72,424,249,231,11,26,0
1268,50.72,426,446,26,42,98,0
1268,50.72,427,540,647,20,10,0
1268,50.72,428,424,368,23,32,0
1268,50.72,431,447,383,28,20,0
1268,50.72,434,516,112,17,12,0
1268,50.72,435,484,81,31,39,0
1269,50.76,315,282,167,18,11,0
1269,50.76,320,259,137,35,38,0
1269,50.76,333,240,96,86,58,0
1269,50.76,351,296,35,33,30,0
1269,50.76,354,473,120,19,13,0
1269,50.76,404,245,196,376,214,0
1269,50.76,407,266,76,26,15,0
1269,50.76,408,314,51,21,16,0
1269,50.76,410,279,31,21,34,0
1269,50.76,413,448,336,28,32,0
1269,50.76,417,353,10,27,22,0
1269,50.76,418,448,368,14,16,0
1269,50.76,424,249,231,11,26,0
1269,50.76,426,446,28,43,96,0
1269,50.76,427,540,647,20,10,0
1269,50.76,428,424,368,23,32,0
1269,50.76,431,447,383,28,20,0
1269,50.76,434,518,114,16,10,0
1269,50.76,435,486,81,30,40,0
1270,50.8,315,282,167,18,11,0
1270,50.8,320,259,137,35,38,0
1270,50.8,333,240,98,86,56,0
1270,50.8,351,296,35,33,30,0
1270,50.8,354,476,119,16,14,0
1270,50.8,404,245,196,376,214,0
1270,50.8,407,266,76,26,15,0
1270,50.8,408,314,51,21,16,0
1270,50.8,410,279,31,21,34,0
1270,50.8,413,448,336,28,32,0
1270,50.8,417,353,10,27,22,0
1270,50.8,418,448,368,14,16,0
1270,50.8,424,249,231,11,26,0
1270,50.8,426,450,26,87,101,0
1270,50.8,427,540,647,20,10,0
1270,50.8,428,424,384,23,16,0
1270,50.8,431,447,383,28,16,0
1271,50.84,315,282,167,18,11,0
1271,50.84,320,259,137,35,38,0
1271,50.84,333,240,98,86,56,0
1271,50.84,351,296,35,33,30,0
1271,50.84,404,245,196,376,214,0
1271,50.84,407,266,76,26,15,0
1271,50.84,408,314,51,21,16,0
1271,50.84,410,279,31,21,34,0
1271,50.84,413,448,336,28,32,0
1271,50.84,417,353,10,27,22,0
1271,50.84,418,448,368,14,16,0
1271,50.84,424,249,231,11,26,0
1271,50.84,427,540,647,20,10,0
1271,50.84,428,424,368,23,32,0
1271,50.84,431,447,383,28,20,0
1271,50.84,435,452,26,87,108,0
1272,50.88,315,282,167,18,11,0
1272,50.88,320,259,137,35,38,0
1272,50.88,333,240,98,86,56,0
1272,50.88,351,296,35,33,30,0
1272,50.88,404,245,196,376,214,0
1272,50.88,407,266,76,26,15,0
1272,50.88,408,314,51,21,16,0
1272,50.88,410,279,31,21,34,0
1272,50.88,413,448,336,28,32,0
1272,50.88,417,353,10,27,22,0
1272,50.88,418,448,368,14,16,0
1272,50.88,424,249,231,11,26,0
1272,50.88,427,540,647,20,10,0
1272,50.88,428,424,368,23,32,0
1272,50.88,431,447,383,28,20,0
1272,50.88,434,514,116,23,11,0
1272,50.88,435,458,26,60,107,0
1273,50.92,315,282,167,18,11,0
1273,50.92,320,259,137,35,38,0
1273,50.92,333,240,98,86,56,0
1273,50.92,351,296,35,33,30,0
1273,50.92,354,475,122,17,11,0
1273,50.92,404,245,196,376,214,0
1273,50.92,407,266,76,26,15,0
1273,50.92,408,314,51,21,16,0
1273,50.92,410,279,31,21,34,0
1273,50.92,413,448,336,28,32,0
1273,50.92,417,353,10,27,22,0
1273,50.92,418,448,368,14,16,0
1273,50.92,424,249,231,11,26,0
1273,50.92,425,467,28,14,17,0
1273,50.92,427,540,647,20,10,0
1273,50.92,428,424,368,23,32,0
1273,50.92,431,447,383,28,20,0
1273,50.92,435,455,38,82,89,0
1274,50.96,315,282,167,18,11,0
1274,50.96,320,259,137,35,38,0
1274,50.96,333,240,98,86,56,0
1274,50.96,351,296,35,33,30,0
1274,50.96,404,245,196,376,214,0
1274,50.96,407,266,76,26,15,0
1274,50.96,408,314,51,21,16,0
1274,50.96,410,279,31,21,34,0
1274,50.96,413,448,336,28,32,0
1274,50.96,417,353,10,27,22,0
1274,50.96,418,448,368,14,16,0
1274,50.96,424,249,231,11,26,0
1274,50.96,427,540,647,20,10,0
1274,50.96,428,424,368,23,32,0
1274,50.96,431,447,383,28,16,0
1274,50.96,435,461,24,76,110,0
1275,51.0,315,282,167,18,11,0
1275,51.0,320,259,137,35,38,0
1275,51.0,333,240,98,86,56,0
1275,51.0,351,296,35,33,30,0
1275,51.0,404,245,196,376,214,0
1275,51.0,407,266,76,26,15,0
1275,51.0,408,314,51,21,16,0
1275,51.0,410,279,31,21,34,0
1275,51.0,413,448,336,28,32,0
1275,51.0,417,353,10,27,22,0
1275,51.0,418,448,368,14,16,0
1275,51.0,424,249,231,11,26,0
1275,51.0,427,540,647,20,10,0
1275,51.0,428,424,368,23,32,0
1275,51.0,431,447,383,28,20,0
1275,51.0,435,462,24,75,109,0
1276,51.04,315,282,167,18,11,0
1276,51.04,320,259,137,35,38,0
1276,51.04,333,240,98,86,56,0
1276,51.04,351,296,35,33,30,0
1276,51.04,354,505,79,15,42,0
1276,51.04,404,245,196,376,214,0
1276,51.04,407,266,76,26,15,0
1276,51.04,408,314,51,21,16,0
1276,51.04,410,279,31,21,34,0
1276,51.04,413,448,336,28,32,0
1276,51.04,417,353,10,27,22,0
1276,51.04,418,448,368,14,16,0
1276,51.04,424,249,231,11,26,0
1276,51.04,427,540,647,20,10,0
1276,51.04,428,424,368,23,32,0
1276,51.04,431,447,383,28,20,0
1276,51.04,434,518,116,19,11,0
1276,51.04,435,466,23,41,98,0
1277,51.08,315,282,167,18,11,0
1277,51.08,320,259,137,35,38,0
1277,51.08,333,250,99,76,55,0
1277,51.08,351,296,35,33,30,0
1277,51.08,354,509,99,11,22,0
1277,51.08,404,245,196,376,214,0
1277,51.08,407,266,76,26,15,0
1277,51.08,408,314,51,21,16,0
1277,51.08,410,279,31,21,34,0
1277,51.08,413,448,336,28,32,0
1277,51.08,417,353,10,27,22,0
1277,51.08,418,448,368,14,16,0
1277,51.08,424,249,231,11,26,0
1277,51.08,427,540,647,20,10,0
1277,51.08,428,424,368,23,32,0
1277,51.08,431,447,383,28,20,0
1277,51.08,434,519,115,18,12,0
1277,51.08,435,468,22,42,110,0
1278,51.12,315,282,167,18,11,0
1278,51.12,320,259,137,35,38,0
1278,51.12,333,250,99,76,55,0
1278,51.12,351,296,35,33,30,0
1278,51.12,404,245,196,376,214,0
1278,51.12,407,266,76,26,15,0
1278,51.12,408,314,51,21,16,0
1278,51.12,410,279,31,21,34,0
1278,51.12,413,448,336,28,32,0
1278,51.12,417,353,10,27,22,0
1278,51.12,418,448,368,14,16,0
1278,51.12,424,249,231,11,26,0
1278,51.12,427,540,647,20,10,0
1278,51.12,428,424,368,23,32,0
1278,51.12,431,447,383,28,16,0
1278,51.12,434,519,115,18,13,0
1278,51.12,435,470,22,50,99,0
1279,51.16,315,282,168,18,10,0
1279,51.16,320,268,150,19,24,0
1279,51.16,323,235,109,16,19,0
1279,51.16,333,250,99,76,55,0
1279,51.16,351,296,32,33,33,0
1279,51.16,354,494,120,14,12,0
1279,51.16,402,238,150,32,53,0
1279,51.16,404,241,197,380,231,0
1279,51.16,407,265,76,27,15,0
1279,51.16,408,314,56,24,11,0
1279,51.16,410,279,31,21,34,0
1279,51.16,417,359,11,21,21,0
1279,51.16,424,249,230,11,27,0
1279,51.16,427,540,648,26,17,0
1279,51.16,428,392,361,26,30,0
1279,51.16,434,519,116,20,11,0
1279,51.16,435,472,20,47,101,0
1279,51.16,436,259,134,36,25,0
1280,51.2,315,282,168,18,10,0
1280,51.2,320,268,150,19,24,0
1280,51.2,323,235,109,16,19,0
1280,51.2,333,250,99,76,55,0
1280,51.2,351,296,38,33,27,0
1280,51.2,402,238,150,32,53,0
1280,51.2,404,241,197,380,231,0
1280,51.2,407,265,76,27,15,0
1280,51.2,408,314,56,24,11,0
1280,51.2,410,279,31,21,34,0
1280,51.2,417,353,11,21,20,0
1280,51.2,424,249,230,11,27,0
1280,51.2,427,540,648,26,17,0
1280,51.2,428,392,361,26,30,0
1280,51.2,434,518,116,21,12,0
1280,51.2,435,474,20,47,114,0
1280,51.2,436,259,134,36,25,0
1281,51.24,315,282,168,18,10,0
1281,51.24,320,268,150,19,24,0
1281,51.24,323,235,109,16,19,0
1281,51.24,333,250,99,76,55,0
1281,51.24,351,296,38,33,27,0
1281,51.24,402,238,150,32,53,0
1281,51.24,404,241,226,380,202,0
1281,51.24,407,265,76,27,15,0
1281,51.24,408,314,56,24,11,0
1281,51.24,410,279,31,21,34,0
1281,51.24,417,353,11,21,20,0
1281,51.24,424,249,230,11,27,0
1281,51.24,427,540,648,26,17,0
1281,51.24,428,392,361,26,30,0
1281,51.24,433,297,197,27,31,0
1281,51.24,435,480,22,59,110,0
1281,51.24,436,259,134,36,25,0
1282,51.28,315,282,168,18,10,0
1282,51.28,320,268,150,19,24,0
1282,51.28,323,235,109,16,19,0
1282,51.28,333,250,99,76,55,0
1282,51.28,351,296,38,33,27,0
1282,51.28,402,238,150,32,53,0
1282,51.28,404,241,226,375,202,0
1282,51.28,407,265,76,27,15,0
1282,51.28,408,314,56,24,11,0
1282,51.28,410,279,31,21,34,0
1282,51.28,417,353,11,21,20,0
1282,51.28,424,249,230,11,27,0
1282,51.28,427,540,648,26,17,0
1282,51.28,428,392,361,26,30,0
1282,51.28,433,297,197,27,31,0
1282,51.28,435,480,22,59,110,0
1282,51.28,436,259,134,36,25,0
1283,51.32,315,282,168,18,10,0
1283,51.32,320,268,150,19,24,0
1283,51.32,323,235,109,16,19,0
1283,51.32,333,250,99,76,55,0
1283,51.32,351,296,38,33,27,0
1283,51.32,386,590,278,31,26,0
1283,51.32,402,238,150,32,53,0
1283,51.32,404,241,226,364,202,0
1283,51.32,407,265,76,27,15,0
1283,51.32,408,314,56,24,11,0
1283,51.32,410,279,31,21,34,0
1283,51.32,417,353,11,21,20,0
1283,51.32,424,249,230,11,27,0
1283,51.32,425,480,18,21,25,0
1283,51.32,427,540,648,26,17,0
1283,51.32,428,392,361,26,30,0
1283,51.32,433,297,197,27,31,0
1283,51.32,434,509,88,33,48,0
1283,51.32,435,481,35,40,63,0
1283,51.32,436,259,134,36,25,0
1284,51.36,315,282,168,18,10,0
1284,51.36,320,268,150,19,24,0
1284,51.36,323,235,109,16,19,0
1284,51.36,333,250,99,76,55,0
1284,51.36,351,296,38,33,27,0
1284,51.36,386,590,278,31,26,0
1284,51.36,402,238,150,32,53,0
1284,51.36,404,241,226,364,202,0
1284,51.36,407,265,76,27,15,0
1284,51.36,408,314,56,24,11,0
1284,51.36,410,279,31,21,34,0
1284,51.36,413,464,274,16,14,0
1284,51.36,417,353,11,21,20,0
1284,51.36,424,249,230,11,27,0
1284,51.36,425,482,19,21,23,0
1284,51.36,427,540,648,26,17,0
1284,51.36,428,392,361,26,30,0
1284,51.36,433,297,198,27,30,0
1284,51.36,434,510,96,20,32,0
1284,51.36,435,485,35,38,61,0
1284,51.36,436,259,134,36,25,0
1284,51.36,437,520,87,14,31,0
1284,51.36,438,538,122,14,10,0
1285,51.4,315,282,168,18,10,0
1285,51.4,320,268,150,19,24,0
1285,51.4,323,235,109,16,19,0
1285,51.4,333,250,99,76,55,0
1285,51.4,351,296,38,33,27,0
1285,51.4,386,590,278,31,27,0
1285,51.4,402,238,150,32,53,0
1285,51.4,404,241,226,364,202,0
1285,51.4,407,265,76,27,15,0
1285,51.4,408,314,56,24,11,0
1285,51.4,410,279,31,21,34,0
1285,51.4,417,353,11,21,20,0
1285,51.4,424,249,230,11,27,0
1285,51.4,425,483,20,24,22,0
1285,51.4,427,540,648,26,17,0
1285,51.4,428,392,361,26,30,0
1285,51.4,433,297,200,21,28,0
1285,51.4,434,521,46,23,14,0
1285,51.4,435,486,35,38,61,0
1285,51.4,436,259,134,36,25,0
1285,51.4,437,510,93,50,39,0
1286,51.44,315,282,168,18,10,0
1286,51.44,320,268,150,19,24,0
1286,51.44,323,235,109,16,19,0
1286,51.44,333,250,99,76,55,0
1286,51.44,351,296,38,33,27,0
1286,51.44,386,590,278,31,26,0
1286,51.44,402,238,150,32,53,0
1286,51.44,404,241,226,364,202,0
1286,51.44,407,265,76,27,15,0
1286,51.44,408,314,56,24,11,0
1286,51.44,410,279,31,21,34,0
1286,51.44,417,353,11,21,20,0
1286,51.44,424,249,230,11,27,0
1286,51.44,425,483,21,25,20,0
1286,51.44,427,540,648,26,17,0
1286,51.44,428,392,361,26,30,0
1286,51.44,433,297,200,21,28,0
1286,51.44,434,522,46,32,22,0
1286,51.44,435,490,33,38,63,0
1286,51.44,436,259,134,36,25,0
1286,51.44,437,510,92,58,37,0
1287,51.48,315,282,168,18,10,0
1287,51.48,320,268,150,19,24,0
1287,51.48,323,235,109,16,19,0
1287,51.48,333,250,99,76,55,0
1287,51.48,351,296,42,33,23,0
1287,51.48,386,590,278,31,27,0
1287,51.48,402,238,150,32,53,0
1287,51.48,404,241,226,364,202,0
1287,51.48,407,265,76,27,15,0
1287,51.48,408,314,56,24,11,0
1287,51.48,410,279,31,21,34,0
1287,51.48,417,353,11,21,20,0
1287,51.48,424,249,230,11,27,0
1287,51.48,425,488,21,22,20,0
1287,51.48,427,540,648,26,17,0
1287,51.48,428,392,361,26,30,0
1287,51.48,433,297,198,25,30,0
1287,51.48,434,524,46,32,22,0
1287,51.48,435,492,34,45,94,0
1287,51.48,436,259,134,36,25,0
1287,51.48,437,528,95,28,29,0
1287,51.48,438,558,118,16,9,0
1288,51.52,315,282,168,18,10,0
1288,51.52,320,268,150,19,24,0
1288,51.52,323,235,109,16,19,0
1288,51.52,333,250,99,76,55,0
1288,51.52,351,296,42,33,23,0
1288,51.52,386,596,280,20,25,0
1288,51.52,402,238,150,32,53,0
1288,51.52,404,241,226,364,202,0
1288,51.52,407,265,76,27,15,0
1288,51.52,408,314,56,24,11,0
1288,51.52,410,279,31,21,34,0
1288,51.52,417,353,11,21,20,0
1288,51.52,424,249,230,11,27,0
1288,51.52,425,492,22,40,99,0
1288,51.52,427,540,648,26,17,0
1288,51.52,428,392,361,26,30,0
1288,51.52,433,297,198,25,30,0
1288,51.52,434,526,46,24,14,0
1288,51.52,435,519,116,19,11,0
1288,51.52,436,259,134,36,25,0
1288,51.52,437,530,95,48,35,0
1289,51.56,315,282,168,18,10,0
1289,51.56,320,268,150,19,24,0
1289,51.56,323,235,109,16,19,0
1289,51.56,333,251,99,75,55,0
1289,51.56,351,296,42,33,23,0
1289,51.56,386,596,282,20,23,0
1289,51.56,402,238,150,32,53,0
1289,51.56,404,241,226,364,214,0
1289,51.56,407,265,76,27,15,0
1289,51.56,408,314,56,24,11,0
1289,51.56,410,279,31,21,34,0
1289,51.56,417,353,11,21,20,0
1289,51.56,424,249,230,11,27,0
1289,51.56,425,522,116,16,10,0
1289,51.56,427,540,648,26,17,0
1289,51.56,428,392,361,26,30,0
1289,51.56,433,297,198,25,30,0
1289,51.56,434,494,22,40,98,0
1289,51.56,436,259,134,36,25,0
1289,51.56,437,533,95,29,27,0
1289,51.56,438,564,116,20,13,0
1290,51.6,315,282,168,18,10,0
1290,51.6,320,268,150,19,24,0
1290,51.6,323,235,109,16,19,0
1290,51.6,333,251,99,75,55,0
1290,51.6,351,296,42,33,23,0
1290,51.6,386,596,282,20,23,0
1290,51.6,402,238,150,29,49,0
1290,51.6,404,241,228,364,212,0
1290,51.6,407,265,76,27,15,0
1290,51.6,408,314,56,24,11,0
1290,51.6,410,279,31,21,34,0
1290,51.6,417,360,12,14,19,0
1290,51.6,424,249,230,11,27,0
1290,51.6,425,522,116,16,10,0
1290,51.6,427,540,648,26,17,0
1290,51.6,428,392,361,26,30,0
1290,51.6,433,297,198,25,30,0
1290,51.6,434,500,38,37,82,0
1290,51.6,436,259,134,36,25,0
1290,51.6,437,534,89,29,31,0
1290,51.6,438,563,116,19,12,0
1290,51.6,439,496,22,40,31,0
1291,51.64,315,282,168,18,10,0
1291,51.64,320,268,150,19,24,0
1291,51.64,323,235,109,16,19,0
1291,51.64,333,251,99,75,55,0
1291,51.64,351,296,42,33,23,0
1291,51.64,386,596,282,20,23,0
1291,51.64,402,238,150,29,49,0
1291,51.64,404,241,228,364,212,0
1291,51.64,407,265,76,27,15,0
1291,51.64,408,314,56,24,11,0
1291,51.64,410,279,31,21,34,0
1291,51.64,417,360,12,14,19,0
1291,51.64,424,249,230,11,27,0
1291,51.64,425,522,116,16,10,0
1291,51.64,427,540,648,26,17,0
1291,51.64,428,392,361,26,30,0
1291,51.64,433,297,198,25,30,0
1291,51.64,434,504,34,60,86,0
1291,51.64,436,259,134,36,25,0
1291,51.64,438,566,116,16,11,0
1291,51.64,439,500,23,20,23,0
1292,51.68,315,282,168,18,10,0
1292,51.68,320,268,150,19,24,0
1292,51.68,323,235,109,16,19,0
1292,51.68,333,251,99,75,55,0
1292,51.68,351,296,42,33,23,0
1292,51.68,386,601,285,15,20,0
1292,51.68,402,238,150,29,49,0
1292,51.68,404,241,228,364,212,0
1292,51.68,407,265,76,27,15,0
1292,51.68,408,314,56,24,11,0
1292,51.68,410,279,31,21,34,0
1292,51.68,417,360,12,12,19,0
1292,51.68,424,249,230,11,27,0
1292,51.68,425,522,114,16,12,0
1292,51.68,427,540,648,26,17,0
1292,51.68,428,392,361,26,30,0
1292,51.68,433,297,198,25,30,0
1292,51.68,434,544,55,16,17,0
1292,51.68,436,259,134,36,25,0
1292,51.68,437,536,87,30,34,0
1292,51.68,438,568,116,16,12,0
1292,51.68,439,502,24,43,95,0
1293,51.72,315,282,168,18,10,0
1293,51.72,320,268,150,19,24,0
1293,51.72,323,235,109,16,19,0
1293,51.72,333,251,99,75,55,0
1293,51.72,351,296,42,33,23,0
1293,51.72,386,601,285,15,20,0
1293,51.72,402,238,150,29,49,0
1293,51.72,404,241,228,364,212,0
1293,51.72,407,265,76,27,15,0
1293,51.72,408,314,56,24,11,0
1293,51.72,410,279,31,21,34,0
1293,51.72,417,360,12,12,19,0
1293,51.72,424,249,230,11,27,0
1293,51.72,425,522,116,16,10,0
1293,51.72,427,540,648,26,17,0
1293,51.72,428,392,361,26,30,0
1293,51.72,433,297,198,25,30,0
1293,51.72,434,544,55,16,17,0
1293,51.72,436,259,134,36,25,0
1293,51.72,437,538,86,30,34,0
1293,51.72,438,568,114,18,15,0
1293,51.72,439,518,92,13,26,0
1293,51.72,440,510,26,17,18,0
1293,51.72,441,510,40,38,63,0
1294,51.76,315,282,168,18,10,0
1294,51.76,320,268,150,19,24,0
1294,51.76,323,235,109,16,19,0
1294,51.76,333,251,99,75,55,0
1294,51.76,351,296,42,33,23,0
1294,51.76,402,238,150,29,49,0
1294,51.76,404,241,228,364,212,0
1294,51.76,407,265,76,27,15,0
1294,51.76,408,314,56,24,11,0
1294,51.76,410,279,31,21,34,0
1294,51.76,417,360,12,12,19,0
1294,51.76,424,249,230,11,27,0
1294,51.76,427,540,648,26,17,0
1294,51.76,428,392,361,26,30,0
1294,51.76,433,297,198,25,30,0
1294,51.76,436,259,134,36,25,0
1294,51.76,437,539,87,47,42,0
1294,51.76,440,513,26,15,18,0
1294,51.76,441,512,40,37,85,0
1295,51.8,315,282,168,18,10,0
1295,51.8,320,268,150,19,24,0
1295,51.8,333,251,99,75,55,0
1295,51.8,351,296,42,33,23,0
1295,51.8,402,238,150,29,49,0
1295,51.8,404,241,228,364,212,0
1295,51.8,407,265,76,27,15,0
1295,51.8,408,314,56,24,11,0
1295,51.8,410,279,31,21,34,0
1295,51.8,417,360,12,12,19,0
1295,51.8,424,249,230,11,27,0
1295,51.8,425,522,94,16,30,0
1295,51.8,427,540,648,26,17,0
1295,51.8,428,392,361,26,30,0
1295,51.8,433,297,198,25,30,0
1295,51.8,436,259,134,35,24,0
1295,51.8,438,568,116,18,13,0
1295,51.8,440,511,24,22,20,0
1295,51.8,441,515,42,55,78,0
1296,51.84,315,282,168,18,10,0
1296,51.84,320,268,150,19,24,0
1296,51.84,333,251,99,75,55,0
1296,51.84,351,296,42,33,23,0
1296,51.84,354,241,228,196,174,0
1296,51.84,402,238,150,29,49,0
1296,51.84,407,265,76,27,15,0
1296,51.84,408,314,56,24,11,0
1296,51.84,410,279,31,21,34,0
1296,51.84,417,360,12,12,19,0
1296,51.84,424,249,230,11,27,0
1296,51.84,425,522,94,17,28,0
1296,51.84,427,540,648,26,17,0
1296,51.84,428,392,361,26,30,0
1296,51.84,431,415,272,190,168,0
1296,51.84,433,297,198,25,30,0
1296,51.84,436,259,134,35,24,0
1296,51.84,438,568,116,18,13,0
1296,51.84,439,497,261,29,25,0
1296,51.84,440,518,28,20,16,0
1296,51.84,441,518,41,52,79,0
1296,51.84,442,510,275,20,19,0
1297,51.88,315,282,168,18,10,0
1297,51.88,320,268,150,19,24,0
1297,51.88,333,251,99,75,55,0
1297,51.88,351,296,42,33,23,0
1297,51.88,354,241,228,196,174,0
1297,51.88,402,238,150,29,49,0
1297,51.88,407,265,76,27,15,0
1297,51.88,408,314,56,24,11,0
1297,51.88,410,279,31,21,34,0
1297,51.88,417,360,12,12,19,0
1297,51.88,424,249,230,11,27,0
1297,51.88,427,540,648,26,17,0
1297,51.88,428,392,361,26,30,0
1297,51.88,431,415,272,190,173,0
1297,51.88,433,297,198,25,30,0
1297,51.88,436,259,134,35,24,0
1297,51.88,438,568,116,18,14,0
1297,51.88,439,497,261,29,25,0
1297,51.88,441,519,28,51,93,0
1297,51.88,442,510,275,20,19,0
1298,51.92,315,282,168,18,10,0
1298,51.92,320,268,150,19,24,0
1298,51.92,333,251,99,75,55,0
1298,51.92,351,296,42,33,23,0
1298,51.92,402,238,150,29,49,0
1298,51.92,404,241,228,364,217,0
1298,51.92,407,265,76,27,15,0
1298,51.92,408,314,56,24,11,0
1298,51.92,410,279,31,21,34,0
1298,51.92,417,360,12,12,19,0
1298,51.92,418,390,396,26,20,0
1298,51.92,424,249,230,11,27,0
1298,51.92,427,540,648,26,17,0
1298,51.92,428,392,361,26,30,0
1298,51.92,433,297,198,25,30,0
1298,51.92,436,259,134,35,24,0
1298,51.92,438,568,116,18,13,0
1298,51.92,439,497,261,29,25,0
1298,51.92,440,518,24,31,27,0
1298,51.92,441,524,40,46,80,0
1298,51.92,442,510,275,20,19,0
1299,51.96,315,282,168,18,10,0
1299,51.96,320,268,150,19,24,0
1299,51.96,333,251,99,75,55,0
1299,51.96,351,296,42,33,23,0
1299,51.96,402,238,150,29,49,0
1299,51.96,404,241,227,364,221,0
1299,51.96,407,265,76,27,15,0
1299,51.96,408,314,56,24,11,0
1299,51.96,410,279,31,21,34,0
1299,51.96,417,360,12,12,19,0
1299,51.96,418,390,396,26,20,0
1299,51.96,424,249,230,11,27,0
1299,51.96,427,540,648,26,17,0
1299,51.96,433,297,198,25,30,0
1299,51.96,434,522,24,39,94,0
1299,51.96,436,259,134,35,24,0
1299,51.96,438,568,116,18,13,0
1299,51.96,439,497,264,29,22,0
1299,51.96,441,552,77,18,43,0
1299,51.96,442,513,275,17,19,0
1299,51.96,443,442,285,18,17,0
1300,52.0,315,282,168,18,10,0
1300,52.0,320,268,150,19,24,0
1300,52.0,333,251,99,75,55,0
1300,52.0,351,296,42,33,23,0
1300,52.0,404,241,227,364,221,0
1300,52.0,407,265,76,27,15,0
1300,52.0,408,314,56,24,11,0
1300,52.0,410,279,31,21,34,0
1300,52.0,417,360,12,12,19,0
1300,52.0,418,390,396,26,20,0
1300,52.0,424,249,230,11,27,0
1300,52.0,427,540,648,26,17,0
1300,52.0,433,297,198,25,30,0
1300,52.0,434,527,39,41,87,0
1300,52.0,436,259,134,35,24,0
1300,52.0,438,570,116,16,13,0
1300,52.0,439,497,264,29,22,0
1300,52.0,440,524,23,18,21,0
1300,52.0,442,514,275,16,18,0
1300,52.0,443,442,288,15,14,0
1301,52.04,315,282,168,18,10,0
1301,52.04,320,268,150,19,24,0
1301,52.04,333,251,99,75,55,0
1301,52.04,404,241,227,364,221,0
1301,52.04,407,265,76,27,15,0
1301,52.04,408,314,56,24,11,0
1301,52.04,410,279,38,14,27,0
1301,52.04,417,360,12,12,19,0
1301,52.04,418,390,396,26,20,0
1301,52.04,424,249,230,11,27,0
1301,52.04,425,529,40,46,60,0
1301,52.04,427,540,648,26,17,0
1301,52.04,433,297,200,21,28,0
1301,52.04,434,546,94,25,26,0
1301,52.04,436,259,134,35,24,0
1301,52.04,438,570,116,16,13,0
1301,52.04,439,497,264,29,22,0
1301,52.04,440,527,24,21,16,0
1301,52.04,442,514,275,16,18,0
1301,52.04,443,442,288,15,14,0
1302,52.08,315,282,168,18,10,0
1302,52.08,320,268,150,19,24,0
1302,52.08,333,251,99,75,55,0
1302,52.08,404,241,228,358,220,0
1302,52.08,407,265,76,27,15,0
1302,52.08,408,314,56,24,11,0
1302,52.08,410,279,41,14,24,0
1302,52.08,417,360,12,12,19,0
1302,52.08,418,390,396,26,20,0
1302,52.08,424,249,230,11,27,0
1302,52.08,425,531,40,47,82,0
1302,52.08,427,540,648,26,17,0
1302,52.08,433,297,200,21,28,0
1302,52.08,436,259,134,35,24,0
1302,52.08,438,568,116,18,13,0
1302,52.08,439,497,264,29,12,0
1302,52.08,440,529,24,20,16,0
1302,52.08,442,514,275,16,17,0
1302,52.08,443,442,287,15,15,0
1303,52.12,315,282,168,18,10,0
1303,52.12,320,268,150,19,24,0
1303,52.12,333,251,99,75,55,0
1303,52.12,404,241,228,358,220,0
1303,52.12,407,265,76,27,15,0
1303,52.12,408,314,56,24,11,0
1303,52.12,410,279,41,14,24,0
1303,52.12,417,360,12,12,19,0
1303,52.12,418,390,396,26,20,0
1303,52.12,424,249,230,11,27,0
1303,52.12,425,532,40,54,89,0
1303,52.12,427,540,648,26,17,0
1303,52.12,433,297,200,21,28,0
1303,52.12,436,259,134,35,24,0
1303,52.12,439,497,264,29,12,0
1303,52.12,440,531,24,19,16,0
1303,52.12,442,514,275,16,17,0
1303,52.12,443,442,287,15,15,0
1304,52.16,315,282,168,18,10,0
1304,52.16,320,268,150,19,24,0
1304,52.16,333,251,99,75,55,0
1304,52.16,404,241,228,358,220,0
1304,52.16,407,265,76,27,15,0
1304,52.16,408,314,56,24,11,0
1304,52.16,410,279,41,14,24,0
1304,52.16,417,360,12,12,19,0
1304,52.16,418,390,396,26,28,0
1304,52.16,424,249,230,11,27,0
1304,52.16,425,534,40,60,90,0
1304,52.16,427,540,648,26,17,0
1304,52.16,433,297,200,21,28,0
1304,52.16,436,259,134,35,24,0
1304,52.16,440,532,24,21,16,0
1304,52.16,443,438,279,19,23,0
1305,52.2,315,282,168,18,9,0
1305,52.2,320,268,150,19,24,0
1305,52.2,333,251,99,75,55,0
1305,52.2,404,241,228,358,220,0
1305,52.2,407,265,76,27,15,0
1305,52.2,408,314,56,24,11,0
1305,52.2,410,279,41,14,24,0
1305,52.2,417,360,12,12,19,0
1305,52.2,418,390,396,26,28,0
1305,52.2,424,249,230,11,27,0
1305,52.2,425,535,24,50,73,0
1305,52.2,427,540,648,26,17,0
1305,52.2,433,297,200,21,28,0
1305,52.2,436,259,134,35,24,0
1305,52.2,438,556,91,32,40,0
1305,52.2,439,481,275,18,17,0
1305,52.2,444,586,108,17,10,0
1306,52.24,315,282,168,18,9,0
1306,52.24,320,268,150,19,24,0
1306,52.24,333,251,99,75,55,0
1306,52.24,404,241,228,358,220,0
1306,52.24,407,265,76,27,15,0
1306,52.24,408,314,56,24,11,0
1306,52.24,410,279,41,14,24,0
1306,52.24,417,360,12,12,19,0
1306,52.24,418,390,396,26,28,0
1306,52.24,424,249,230,11,27,0
1306,52.24,425,538,29,54,93,0
1306,52.24,427,540,648,26,17,0
1306,52.24,433,297,200,21,28,0
1306,52.24,436,259,134,35,24,0
1306,52.24,438,558,91,29,40,0
1306,52.24,444,592,108,16,12,0
1307,52.28,315,284,168,16,9,0
1307,52.28,320,268,150,19,21,0
1307,52.28,333,251,99,75,55,0
1307,52.28,404,241,228,358,220,0
1307,52.28,407,265,76,27,15,0
1307,52.28,408,314,56,24,11,0
1307,52.28,410,279,41,14,24,0
1307,52.28,417,360,12,12,19,0
1307,52.28,418,390,396,26,28,0
1307,52.28,424,249,230,11,27,0
1307,52.28,425,540,30,58,86,0
1307,52.28,427,540,648,26,17,0
1307,52.28,433,297,200,21,28,0
1307,52.28,436,259,134,35,24,0
1307,52.28,438,554,89,17,31,0
1307,52.28,444,598,110,16,13,0
1307,52.28,445,568,116,18,15,0
1308,52.32,315,284,168,16,9,0
1308,52.32,320,268,150,19,21,0
1308,52.32,333,251,99,75,55,0
1308,52.32,404,241,228,358,220,0
1308,52.32,407,265,76,27,15,0
1308,52.32,408,314,56,24,11,0
1308,52.32,410,279,43,14,22,0
1308,52.32,417,360,12,12,19,0
1308,52.32,418,390,396,26,28,0
1308,52.32,424,249,230,11,27,0
1308,52.32,425,539,39,49,55,0
1308,52.32,427,540,648,26,17,0
1308,52.32,433,297,200,21,28,0
1308,52.32,436,259,139,35,19,0
1308,52.32,438,556,87,17,33,0
1308,52.32,440,541,29,18,15,0
1308,52.32,444,602,112,16,14,0
1308,52.32,445,568,116,18,15,0
1308,52.32,446,582,95,22,23,0
1309,52.36,315,284,168,16,9,0
1309,52.36,320,268,150,19,21,0
1309,52.36,333,251,99,75,55,0
1309,52.36,404,241,228,358,220,0
1309,52.36,407,265,76,27,15,0
1309,52.36,408,314,56,24,11,0
1309,52.36,410,279,43,14,22,0
1309,52.36,418,390,396,46,36,0
1309,52.36,424,249,230,11,27,0
1309,52.36,425,541,30,49,90,0
1309,52.36,427,540,648,26,17,0
1309,52.36,433,297,200,21,28,0
1309,52.36,436,259,139,35,19,0
1309,52.36,445,569,116,17,15,0
1309,52.36,446,582,95,40,33,0
1310,52.4,315,284,168,16,9,0
1310,52.4,320,268,150,19,21,0
1310,52.4,333,251,99,75,55,0
1310,52.4,404,241,228,358,220,0
1310,52.4,407,265,76,27,15,0
1310,52.4,408,314,56,24,11,0
1310,52.4,410,279,43,14,22,0
1310,52.4,418,390,396,46,36,0
1310,52.4,424,249,230,11,27,0
1310,52.4,425,546,40,78,91,0
1310,52.4,427,540,648,26,17,0
1310,52.4,433,297,200,21,28,0
1310,52.4,436,259,139,35,19,0
1311,52.44,315,284,168,16,9,0
1311,52.44,320,268,150,19,21,0
1311,52.44,323,252,99,31,26,0
1311,52.44,333,277,122,49,32,0
1311,52.44,402,200,200,21,37,0
1311,52.44,404,240,227,359,223,0
1311,52.44,407,266,76,26,15,0
1311,52.44,410,280,35,18,30,0
1311,52.44,424,249,230,12,27,0
1311,52.44,427,538,648,28,16,0
1311,52.44,433,298,208,14,17,0
1311,52.44,436,259,139,35,18,0
1311,52.44,438,547,41,46,79,0
1311,52.44,445,568,116,18,15,0
1311,52.44,446,586,97,42,36,0
1312,52.48,315,284,168,16,10,0
1312,52.48,323,252,99,31,26,0
1312,52.48,333,277,122,49,32,0
1312,52.48,402,200,200,21,37,0
1312,52.48,404,240,227,359,223,0
1312,52.48,407,266,76,26,15,0
1312,52.48,410,280,35,18,30,0
1312,52.48,424,249,230,12,27,0
1312,52.48,427,538,648,28,16,0
1312,52.48,433,298,208,14,17,0
1312,52.48,436,259,139,35,18,0
1312,52.48,438,550,42,60,85,0
1312,52.48,440,551,29,17,17,0
1312,52.48,444,610,120,18,14,0
1312,52.48,445,569,116,17,15,0
1313,52.52,315,284,168,16,10,0
1313,52.52,323,252,99,31,26,0
1313,52.52,333,277,122,49,32,0
1313,52.52,402,200,200,21,37,0
1313,52.52,404,240,227,359,223,0
1313,52.52,407,266,76,26,15,0
1313,52.52,410,280,37,16,28,0
1313,52.52,424,249,230,12,27,0
1313,52.52,427,538,648,28,16,0
1313,52.52,433,298,208,14,17,0
1313,52.52,436,259,137,35,20,0
1313,52.52,438,552,42,57,88,0
1313,52.52,440,559,32,15,15,0
1313,52.52,444,610,121,18,14,0
1313,52.52,445,569,116,17,15,0
1314,52.56,315,284,168,16,10,0
1314,52.56,323,252,100,31,25,0
1314,52.56,333,277,122,49,32,0
1314,52.56,402,200,200,21,37,0
1314,52.56,404,240,227,359,223,0
1314,52.56,407,266,76,26,15,0
1314,52.56,410,280,37,16,28,0
1314,52.56,424,249,230,12,27,0
1314,52.56,427,538,648,28,16,0
1314,52.56,436,259,137,35,20,0
1314,52.56,438,553,42,42,78,0
1314,52.56,440,556,30,18,16,0
1314,52.56,445,569,116,17,15,0
1314,52.56,446,586,100,40,38,0
1315,52.6,315,284,168,16,10,0
1315,52.6,323,252,100,31,25,0
1315,52.6,333,277,122,49,32,0
1315,52.6,402,200,200,21,37,0
1315,52.6,404,240,227,359,223,0
1315,52.6,407,266,76,26,15,0
1315,52.6,410,280,37,16,28,0
1315,52.6,424,249,230,12,27,0
1315,52.6,427,538,648,28,16,0
1315,52.6,436,259,137,35,20,0
1315,52.6,438,556,42,54,85,0
1315,52.6,440,559,30,19,18,0
1315,52.6,444,610,123,18,15,0
1315,52.6,445,569,118,17,12,0
1316,52.64,315,284,168,16,10,0
1316,52.64,323,252,100,31,25,0
1316,52.64,333,277,122,49,32,0
1316,52.64,402,200,200,21,37,0
1316,52.64,404,240,227,359,223,0
1316,52.64,407,266,76,26,15,0
1316,52.64,410,280,37,16,28,0
1316,52.64,424,249,230,12,27,0
1316,52.64,427,538,648,28,16,0
1316,52.64,436,259,137,35,20,0
1316,52.64,438,560,42,50,88,0
1316,52.64,440,567,33,13,15,0
1316,52.64,444,610,124,22,14,0
1317,52.68,315,284,168,16,10,0
1317,52.68,323,252,100,31,25,0
1317,52.68,333,277,122,49,32,0
1317,52.68,402,200,200,21,37,0
1317,52.68,404,240,227,359,223,0
1317,52.68,407,266,76,26,15,0
1317,52.68,410,280,37,16,28,0
1317,52.68,424,249,230,12,27,0
1317,52.68,427,538,648,28,17,0
1317,52.68,436,259,137,35,20,0
1317,52.68,438,561,29,51,101,0
1317,52.68,443,370,281,46,13,0
1317,52.68,444,610,125,22,13,0
1318,52.72,323,252,100,31,25,0
1318,52.72,333,277,122,49,32,0
1318,52.72,402,200,200,21,37,0
1318,52.72,404,240,227,359,223,0
1318,52.72,407,266,76,26,15,0
1318,52.72,410,280,37,16,28,0
1318,52.72,424,249,230,12,27,0
1318,52.72,427,538,648,28,16,0
1318,52.72,436,259,137,35,20,0
1318,52.72,438,562,28,70,110,0
1318,52.72,443,375,281,41,13,0
1319,52.76,323,252,100,31,25,0
1319,52.76,333,277,122,49,32,0
1319,52.76,402,200,200,21,37,0
1319,52.76,404,240,227,359,223,0
1319,52.76,407,266,76,26,15,0
1319,52.76,410,280,37,16,28,0
1319,52.76,424,249,230,12,27,0
1319,52.76,427,538,648,28,16,0
1319,52.76,436,259,137,35,20,0
1319,52.76,440,565,26,35,82,0
1319,52.76,443,375,281,41,12,0
1319,52.76,445,570,101,16,29,0
1319,52.76,446,594,87,38,51,0
1320,52.8,315,315,129,11,13,0
1320,52.8,323,252,100,31,25,0
1320,52.8,333,277,122,41,32,0
1320,52.8,402,200,200,21,37,0
1320,52.8,404,240,227,359,234,0
1320,52.8,407,266,76,26,15,0
1320,52.8,410,280,37,16,28,0
1320,52.8,424,249,230,12,27,0
1320,52.8,427,538,648,28,16,0
1320,52.8,436,259,137,35,20,0
1320,52.8,440,566,28,46,103,0
1320,52.8,443,375,281,33,12,0
1320,52.8,444,610,125,22,13,0
1320,52.8,445,573,108,19,13,0
1321,52.84,315,315,129,11,13,0
1321,52.84,323,252,100,31,25,0
1321,52.84,333,277,122,41,32,0
1321,52.84,402,200,200,21,37,0
1321,52.84,404,240,227,359,234,0
1321,52.84,407,266,76,26,15,0
1321,52.84,410,280,37,16,28,0
1321,52.84,424,249,230,12,27,0
1321,52.84,427,538,648,28,16,0
1321,52.84,436,259,137,35,20,0
1321,52.84,440,568,25,47,106,0
1321,52.84,443,375,281,33,12,0
1321,52.84,444,610,125,22,13,0
1321,52.84,445,576,110,19,11,0
1322,52.88,315,315,129,11,13,0
1322,52.88,323,252,100,31,25,0
1322,52.88,333,277,122,41,32,0
1322,52.88,402,200,200,21,37,0
1322,52.88,404,240,227,359,234,0
1322,52.88,407,266,76,26,15,0
1322,52.88,410,280,37,16,28,0
1322,52.88,424,249,230,12,27,0
1322,52.88,427,538,648,28,16,0
1322,52.88,436,259,137,35,20,0
1322,52.88,440,569,28,46,103,0
1322,52.88,443,375,281,33,12,0
1322,52.88,444,610,125,22,13,0
1323,52.92,315,315,129,11,13,0
1323,52.92,323,252,100,31,25,0
1323,52.92,333,277,122,41,28,0
1323,52.92,402,200,200,21,37,0
1323,52.92,404,240,227,359,234,0
1323,52.92,407,266,76,26,15,0
1323,52.92,410,280,37,16,28,0
1323,52.92,424,249,230,12,27,0
1323,52.92,427,538,648,28,16,0
1323,52.92,436,259,137,35,20,0
1323,52.92,440,571,30,44,102,0
1323,52.92,443,382,281,26,11,0
1323,52.92,444,610,125,22,13,0
1324,52.96,315,315,129,11,13,0
1324,52.96,323,252,100,31,25,0
1324,52.96,333,277,122,41,28,0
1324,52.96,402,200,200,21,37,0
1324,52.96,404,240,227,359,234,0
1324,52.96,407,266,76,26,15,0
1324,52.96,424,249,230,12,27,0
1324,52.96,427,538,648,28,16,0
1324,52.96,436,259,137,35,20,0
1324,52.96,440,573,25,59,115,0
1324,52.96,443,382,281,26,11,0
1324,52.96,446,600,38,12,15,0
1325,53.0,323,252,100,31,25,0
1325,53.0,333,277,122,41,28,0
1325,53.0,402,200,200,21,37,0
1325,53.0,404,240,227,359,234,0
1325,53.0,407,266,76,26,15,0
1325,53.0,424,249,230,12,27,0
1325,53.0,427,538,648,28,16,0
1325,53.0,436,259,137,35,20,0
1325,53.0,440,575,25,57,116,0
1325,53.0,443,382,281,26,11,0
1326,53.04,323,252,100,31,25,0
1326,53.04,333,277,122,41,28,0
1326,53.04,354,308,276,27,15,0
1326,53.04,402,200,200,21,37,0
1326,53.04,404,240,227,359,236,0
1326,53.04,407,267,76,24,15,0
1326,53.04,424,249,230,12,27,0
1326,53.04,427,538,648,28,16,0
1326,53.04,436,259,137,35,20,0
1326,53.04,440,576,40,56,104,0
1326,53.04,446,587,28,29,26,0
1327,53.08,323,252,100,31,25,0
1327,53.08,333,277,122,41,28,0
1327,53.08,354,308,276,27,15,0
1327,53.08,402,200,200,21,37,0
1327,53.08,404,240,227,359,236,0
1327,53.08,407,267,76,24,15,0
1327,53.08,424,249,230,12,27,0
1327,53.08,427,538,648,28,16,0
1327,53.08,436,259,137,35,20,0
1327,53.08,440,578,24,54,124,0
1328,53.12,323,252,100,31,25,0
1328,53.12,333,277,122,41,28,0
1328,53.12,402,200,200,21,37,0
1328,53.12,404,240,227,359,236,0
1328,53.12,407,267,76,22,15,0
1328,53.12,424,249,230,12,27,0
1328,53.12,427,538,648,27,16,0
1328,53.12,436,259,137,35,20,0
1328,53.12,440,580,32,52,119,0
1329,53.16,323,252,100,31,25,0
1329,53.16,333,277,122,41,28,0
1329,53.16,402,200,200,21,37,0
1329,53.16,404,240,227,359,235,0
1329,53.16,407,267,76,22,15,0
1329,53.16,424,249,230,12,27,0
1329,53.16,427,538,648,27,16,0
1329,53.16,436,259,137,35,20,0
1329,53.16,440,582,31,41,102,0
1329,53.16,444,617,135,21,21,0
1330,53.2,323,252,100,31,25,0
1330,53.2,333,277,122,41,28,0
1330,53.2,402,200,200,21,37,0
1330,53.2,404,240,240,359,223,0
1330,53.2,407,267,78,22,13,0
1330,53.2,418,401,432,11,16,0
1330,53.2,424,249,230,12,27,0
1330,53.2,427,538,648,27,16,0
1330,53.2,433,259,227,35,26,0
1330,53.2,436,259,137,35,20,0
1330,53.2,440,584,30,46,113,0
1330,53.2,444,630,140,17,17,0
1330,53.2,445,592,99,11,13,0
1331,53.24,323,256,100,24,24,0
1331,53.24,333,277,122,41,28,0
1331,53.24,402,200,200,21,37,0
1331,53.24,404,240,240,359,224,0
1331,53.24,407,267,78,22,13,0
1331,53.24,418,401,432,11,16,0
1331,53.24,424,249,230,12,27,0
1331,53.24,427,538,648,27,16,0
1331,53.24,433,259,227,35,26,0
1331,53.24,436,259,137,35,20,0
1331,53.24,440,586,34,66,121,0
1332,53.28,323,256,100,24,24,0
1332,53.28,333,277,122,41,28,0
1332,53.28,402,200,200,21,37,0
1332,53.28,404,240,240,359,224,0
1332,53.28,407,267,78,22,13,0
1332,53.28,418,401,432,11,16,0
1332,53.28,424,249,230,12,27,0
1332,53.28,427,538,648,27,16,0
1332,53.28,433,259,227,35,26,0
1332,53.28,436,259,137,35,20,0
1332,53.28,440,588,29,68,127,0
1333,53.32,323,256,100,24,24,0
1333,53.32,333,277,122,41,28,0
1333,53.32,402,200,200,21,37,0
1333,53.32,404,240,240,359,224,0
1333,53.32,407,267,78,22,13,0
1333,53.32,418,401,432,11,16,0
1333,53.32,424,249,230,12,27,0
1333,53.32,427,538,648,27,16,0
1333,53.32,433,259,227,35,26,0
1333,53.32,436,259,137,35,20,0
1333,53.32,440,590,32,51,116,0
1333,53.32,443,419,290,41,18,0
1333,53.32,444,642,144,16,14,0
1333,53.32,445,606,111,20,27,0
1334,53.36,323,256,100,24,24,0
1334,53.36,333,277,122,41,28,0
1334,53.36,354,277,227,17,24,0
1334,53.36,402,200,200,21,37,0
1334,53.36,404,240,240,359,224,0
1334,53.36,407,267,78,22,13,0
1334,53.36,418,401,432,11,16,0
1334,53.36,424,249,230,12,27,0
1334,53.36,427,538,648,27,16,0
1334,53.36,433,259,230,18,23,0
1334,53.36,436,259,137,35,20,0
1334,53.36,440,592,35,68,124,0
1334,53.36,443,423,290,37,13,0
1334,53.36,447,416,277,17,19,0
1335,53.4,323,256,100,24,24,0
1335,53.4,333,277,122,41,28,0
1335,53.4,354,277,227,17,24,0
1335,53.4,402,200,200,21,37,0
1335,53.4,404,240,240,359,224,0
1335,53.4,418,401,432,11,16,0
1335,53.4,424,249,230,12,27,0
1335,53.4,427,538,648,27,16,0
1335,53.4,433,259,230,18,23,0
1335,53.4,436,259,137,35,20,0
1335,53.4,440,594,35,66,123,0
1335,53.4,443,423,290,37,13,0
1335,53.4,445,608,118,20,20,0
1335,53.4,447,416,277,17,19,0
1336,53.44,323,256,100,24,24,0
1336,53.44,333,277,122,41,28,0
1336,53.44,354,277,227,17,24,0
1336,53.44,402,200,200,21,37,0
1336,53.44,404,240,240,359,224,0
1336,53.44,418,401,432,11,16,0
1336,53.44,424,250,230,11,27,0
1336,53.44,427,538,648,27,16,0
1336,53.44,433,259,230,18,23,0
1336,53.44,436,259,137,35,20,0
1336,53.44,440,596,36,66,122,0
1336,53.44,443,423,290,37,13,0
1336,53.44,445,609,117,20,21,0
1337,53.48,323,256,100,24,24,0
1337,53.48,333,277,124,41,26,0
1337,53.48,354,277,227,17,24,0
1337,53.48,402,200,200,21,37,0
1337,53.48,404,240,240,359,224,0
1337,53.48,418,401,432,11,16,0
1337,53.48,424,250,230,11,27,0
1337,53.48,427,538,648,27,16,0
1337,53.48,433,259,230,18,23,0
1337,53.48,436,259,137,35,20,0
1337,53.48,440,598,36,64,122,0
1337,53.48,443,423,290,37,13,0
1337,53.48,445,611,118,19,20,0
1337,53.48,447,431,311,26,10,0
1338,53.52,323,256,100,24,24,0
1338,53.52,333,277,124,41,26,0
1338,53.52,354,277,227,17,24,0
1338,53.52,402,200,200,21,37,0
1338,53.52,404,240,271,359,193,0
1338,53.52,418,401,432,11,16,0
1338,53.52,424,250,230,11,27,0
1338,53.52,427,538,648,27,13,0
1338,53.52,433,259,230,18,23,0
1338,53.52,436,259,137,35,20,0
1338,53.52,440,600,36,62,122,0
1338,53.52,443,423,290,37,13,0
1338,53.52,447,431,311,26,10,0
1338,53.52,448,267,240,16,32,0
1339,53.56,323,256,100,24,24,0
1339,53.56,333,277,124,41,26,0
1339,53.56,354,277,227,17,24,0
1339,53.56,402,200,200,21,37,0
1339,53.56,404,240,272,357,192,0
1339,53.56,418,401,432,11,16,0
1339,53.56,424,250,230,11,27,0
1339,53.56,427,538,648,27,13,0
1339,53.56,433,259,230,18,23,0
1339,53.56,436,259,137,35,20,0
1339,53.56,440,602,38,60,120,0
1339,53.56,443,503,287,17,19,0
1339,53.56,447,431,311,26,10,0
1340,53.6,323,256,100,24,24,0
1340,53.6,333,277,124,41,26,0
1340,53.6,354,277,227,17,24,0
1340,53.6,402,200,200,21,37,0
1340,53.6,404,240,277,357,187,0
1340,53.6,418,401,432,11,16,0
1340,53.6,424,250,230,11,27,0
1340,53.6,427,538,648,27,13,0
1340,53.6,433,259,230,18,23,0
1340,53.6,436,259,137,35,20,0
1340,53.6,440,604,40,58,118,0
1340,53.6,443,503,287,17,19,0
1340,53.6,447,431,311,26,10,0
1341,53.64,323,256,100,24,24,0
1341,53.64,333,277,124,41,26,0
1341,53.64,354,277,227,17,24,0
1341,53.64,402,200,200,21,37,0
1341,53.64,404,240,280,357,184,0
1341,53.64,418,401,432,11,16,0
1341,53.64,424,250,230,11,27,0
1341,53.64,427,538,648,27,13,0
1341,53.64,433,259,230,18,23,0
1341,53.64,436,259,137,35,20,0
1341,53.64,440,607,40,55,118,0
1341,53.64,443,503,287,17,24,0
1341,53.64,447,431,311,26,10,0
1342,53.68,323,256,100,24,24,0
1342,53.68,333,277,124,41,26,0
1342,53.68,354,277,227,17,24,0
1342,53.68,402,200,200,21,37,0
1342,53.68,404,240,280,357,184,0
1342,53.68,418,401,432,11,16,0
1342,53.68,424,250,236,11,21,0
1342,53.68,427,538,648,27,13,0
1342,53.68,433,259,230,18,23,0
1342,53.68,436,259,137,35,20,0
1342,53.68,440,608,40,54,118,0
1342,53.68,443,503,287,17,24,0
1342,53.68,447,431,311,26,10,0
1343,53.72,323,256,108,15,16,0
1343,53.72,333,277,124,41,26,0
1343,53.72,354,277,228,16,23,0
1343,53.72,402,201,213,19,29,0
1343,53.72,404,229,280,368,199,0
1343,53.72,418,317,438,62,20,0
1343,53.72,427,539,648,43,26,0
1343,53.72,433,250,230,27,27,0
1343,53.72,436,235,108,16,20,0
1343,53.72,440,610,42,45,82,0
1343,53.72,443,447,300,46,14,0
1343,53.72,445,625,120,37,38,0
1343,53.72,447,432,311,25,10,0
1344,53.76,323,256,108,15,16,0
1344,53.76,333,277,122,41,28,0
1344,53.76,354,277,228,16,19,0
1344,53.76,402,201,213,19,29,0
1344,53.76,404,229,280,361,199,0
1344,53.76,418,317,438,62,20,0
1344,53.76,427,539,648,43,26,0
1344,53.76,433,250,230,27,27,0
1344,53.76,436,235,108,16,20,0
1344,53.76,440,612,41,48,83,0
1344,53.76,443,447,300,46,14,0
1344,53.76,444,624,121,10,11,0
1344,53.76,445,636,128,26,30,0
1344,53.76,447,432,311,25,10,0
1345,53.8,323,256,108,14,16,0
1345,53.8,333,277,122,41,28,0
1345,53.8,354,278,228,15,19,0
1345,53.8,402,201,213,19,29,0
1345,53.8,404,229,282,361,197,0
1345,53.8,418,317,438,62,20,0
1345,53.8,427,539,648,43,26,0
1345,53.8,433,250,230,27,27,0
1345,53.8,436,235,108,16,20,0
1345,53.8,440,612,41,51,83,0
1345,53.8,445,640,138,22,20,0
1345,53.8,447,432,311,25,10,0
1346,53.84,323,256,108,14,16,0
1346,53.84,333,277,122,41,28,0
1346,53.84,354,278,228,15,19,0
1346,53.84,402,201,213,19,29,0
1346,53.84,404,229,284,352,195,0
1346,53.84,418,317,438,62,20,0
1346,53.84,427,539,648,43,26,0
1346,53.84,433,250,230,27,27,0
1346,53.84,436,235,108,16,20,0
1346,53.84,440,615,41,51,85,0
1346,53.84,443,503,287,25,24,0
1346,53.84,445,640,125,22,33,0
1346,53.84,447,432,311,25,10,0
1346,53.84,449,553,315,38,13,0
1347,53.88,323,256,108,14,16,0
1347,53.88,333,277,122,41,28,0
1347,53.88,354,278,228,15,19,0
1347,53.88,402,201,213,19,29,0
1347,53.88,404,229,284,352,195,0
1347,53.88,418,317,438,62,20,0
1347,53.88,427,539,648,43,26,0
1347,53.88,433,250,230,27,27,0
1347,53.88,436,235,108,16,20,0
1347,53.88,440,616,42,52,84,0
1347,53.88,444,637,122,9,16,0
1347,53.88,445,648,128,14,14,0
1347,53.88,447,432,311,25,10,0
1347,53.88,449,553,315,38,13,0
1347,53.88,450,639,138,25,20,0
1348,53.92,323,256,108,14,16,0
1348,53.92,333,277,122,41,28,0
1348,53.92,354,278,228,15,19,0
1348,53.92,402,201,213,19,29,0
1348,53.92,404,229,284,343,195,0
1348,53.92,418,317,438,62,20,0
1348,53.92,427,539,648,43,26,0
1348,53.92,433,250,230,27,27,0
1348,53.92,440,618,42,50,85,0
1348,53.92,443,568,326,13,15,0
1348,53.92,444,638,120,24,38,0
1348,53.92,445,650,134,18,8,0
1348,53.92,447,432,311,25,10,0
1348,53.92,449,555,315,42,13,0
1349,53.96,323,256,108,14,16,0
1349,53.96,333,277,123,41,27,0
1349,53.96,354,278,228,15,19,0
1349,53.96,402,201,213,19,29,0
1349,53.96,404,229,284,343,195,0
1349,53.96,418,317,438,62,20,0
1349,53.96,427,539,648,43,26,0
1349,53.96,433,250,230,27,27,0
1349,53.96,440,618,44,51,114,0
1349,53.96,445,661,136,15,11,0
1349,53.96,447,432,311,25,10,0
1349,53.96,449,555,315,35,13,0
1350,54.0,323,256,108,14,16,0
1350,54.0,333,277,123,41,27,0
1350,54.0,354,278,228,15,18,0
1350,54.0,402,201,213,19,29,0
1350,54.0,404,229,284,343,195,0
1350,54.0,418,317,438,62,20,0
1350,54.0,427,539,648,43,26,0
1350,54.0,433,250,230,27,27,0
1350,54.0,440,620,42,51,95,0
1350,54.0,445,668,136,12,12,0
1350,54.0,447,432,311,25,10,0
1350,54.0,450,639,128,23,32,0
1351,54.04,323,256,108,14,16,0
1351,54.04,333,277,124,41,26,0
1351,54.04,354,278,228,12,18,0
1351,54.04,404,229,284,343,195,0
1351,54.04,418,317,438,62,20,0
1351,54.04,427,539,648,43,26,0
1351,54.04,433,250,230,27,27,0
1351,54.04,440,621,44,54,94,0
1351,54.04,445,672,138,12,15,0
1351,54.04,447,432,312,25,9,0
1351,54.04,450,639,128,25,31,0
1352,54.08,323,256,108,14,16,0
1352,54.08,333,277,124,41,26,0
1352,54.08,354,278,228,12,18,0
1352,54.08,404,229,284,343,195,0
1352,54.08,418,317,438,62,20,0
1352,54.08,427,539,648,43,26,0
1352,54.08,433,250,230,27,27,0
1352,54.08,440,622,44,65,114,0
1352,54.08,449,503,288,24,23,0
1352,54.08,450,640,128,23,31,0
1353,54.12,323,256,108,14,16,0
1353,54.12,333,277,124,41,26,0
1353,54.12,354,278,228,12,18,0
1353,54.12,404,229,284,343,195,0
1353,54.12,418,317,438,62,20,0
1353,54.12,427,539,648,43,26,0
1353,54.12,433,250,230,27,27,0
1353,54.12,440,623,42,64,116,0
1353,54.12,449,503,288,24,23,0
1353,54.12,450,639,122,24,37,0
1354,54.16,323,256,108,14,16,0
1354,54.16,333,277,124,41,26,0
1354,54.16,354,278,228,12,18,0
1354,54.16,404,229,284,343,195,0
1354,54.16,418,317,438,62,20,0
1354,54.16,427,539,648,43,26,0
1354,54.16,433,250,230,27,27,0
1354,54.16,440,624,40,63,118,0
1354,54.16,449,503,288,24,23,0
1354,54.16,450,640,122,23,37,0
1355,54.2,323,256,108,14,16,0
1355,54.2,333,277,124,41,26,0
1355,54.2,354,278,228,12,18,0
1355,54.2,404,229,284,343,195,0
1355,54.2,418,317,438,62,20,0
1355,54.2,427,539,648,43,26,0
1355,54.2,433,250,230,27,27,0
1355,54.2,440,626,42,61,116,0
1355,54.2,445,640,122,10,20,0
1355,54.2,449,503,288,24,23,0
1355,54.2,450,641,139,23,20,0
1356,54.24,323,256,108,14,16,0
1356,54.24,333,277,124,41,26,0
1356,54.24,354,278,228,12,18,0
1356,54.24,404,229,284,342,195,0
1356,54.24,418,317,438,62,20,0
1356,54.24,427,539,648,43,26,0
1356,54.24,433,250,230,27,27,0
1356,54.24,440,627,42,60,116,0
1356,54.24,449,503,288,24,23,0
1356,54.24,450,641,139,22,20,0
1357,54.28,323,256,100,24,24,0
1357,54.28,333,277,124,41,26,0
1357,54.28,354,278,228,12,18,0
1357,54.28,404,229,284,342,195,0
1357,54.28,418,317,438,62,20,0
1357,54.28,427,539,648,43,26,0
1357,54.28,433,250,230,27,27,0
1357,54.28,440,629,41,58,117,0
1357,54.28,449,503,288,24,23,0
1357,54.28,450,642,128,21,31,0
1358,54.32,323,256,108,14,16,0
1358,54.32,333,277,124,41,26,0
1358,54.32,354,278,228,12,18,0
1358,54.32,404,229,284,342,195,0
1358,54.32,418,317,438,62,20,0
1358,54.32,427,539,648,43,26,0
1358,54.32,433,250,230,27,27,0
1358,54.32,440,629,40,58,118,0
1358,54.32,445,643,139,20,20,0
1358,54.32,449,503,290,17,14,0
1358,54.32,450,645,120,11,20,0
1359,54.36,323,256,108,14,16,0
1359,54.36,333,277,124,41,26,0
1359,54.36,354,278,228,12,18,0
1359,54.36,404,229,284,342,195,0
1359,54.36,418,317,438,62,20,0
1359,54.36,427,539,648,43,26,0
1359,54.36,433,250,230,27,27,0
1359,54.36,440,631,40,56,116,0
1359,54.36,445,644,138,19,22,0
1359,54.36,447,487,306,52,20,0
1359,54.36,449,503,290,17,14,0
1359,54.36,450,672,74,16,27,0
1360,54.4,323,256,108,14,16,0
1360,54.4,333,277,124,41,26,0
1360,54.4,354,278,228,12,18,0
1360,54.4,404,229,284,342,195,0
1360,54.4,418,317,438,62,20,0
1360,54.4,427,539,648,43,26,0
1360,54.4,433,250,230,27,27,0
1360,54.4,440,632,40,55,116,0
1360,54.4,445,644,129,18,29,0
1360,54.4,447,487,306,54,20,0
1360,54.4,449,503,290,17,14,0
1360,54.4,450,675,74,17,32,0
1361,54.44,323,256,108,14,16,0
1361,54.44,333,277,124,41,26,0
1361,54.44,354,278,228,12,18,0
1361,54.44,404,229,284,341,195,0
1361,54.44,418,317,438,62,20,0
1361,54.44,427,539,648,43,26,0
1361,54.44,433,250,230,27,27,0
1361,54.44,440,631,40,56,118,0
1361,54.44,447,487,306,39,15,0
1361,54.44,449,503,290,17,14,0
1362,54.48,323,256,108,14,16,0
1362,54.48,333,277,124,36,26,0
1362,54.48,354,278,228,12,18,0
1362,54.48,404,229,284,341,195,0
1362,54.48,418,317,438,62,20,0
1362,54.48,427,539,648,43,26,0
1362,54.48,433,250,231,24,26,0
1362,54.48,440,631,40,56,121,0
1362,54.48,447,487,306,39,15,0
1362,54.48,449,503,290,17,14,0
1362,54.48,450,678,75,17,30,0
1362,54.48,451,496,320,31,19,0
1363,54.52,323,256,108,14,16,0
1363,54.52,333,277,124,36,26,0
1363,54.52,404,229,285,341,194,0
1363,54.52,418,317,438,62,20,0
1363,54.52,427,539,648,43,26,0
1363,54.52,433,250,231,24,26,0
1363,54.52,440,631,39,56,122,0
1363,54.52,447,487,306,39,15,0
1363,54.52,449,503,290,17,14,0
1363,54.52,450,678,77,16,28,0
1363,54.52,452,448,482,16,6,0
1364,54.56,323,256,108,14,16,0
1364,54.56,333,277,124,34,26,0
1364,54.56,404,229,285,341,194,0
1364,54.56,418,317,438,62,20,0
1364,54.56,427,539,648,43,26,0
1364,54.56,433,250,231,24,26,0
1364,54.56,440,631,39,56,117,0
1364,54.56,445,644,142,9,20,0
1364,54.56,447,487,306,39,15,0
1364,54.56,449,503,290,17,14,0
1364,54.56,450,678,77,16,29,0
1364,54.56,452,448,482,16,6,0
1365,54.6,323,256,108,14,16,0
1365,54.6,333,277,124,34,26,0
1365,54.6,404,229,285,341,194,0
1365,54.6,418,317,438,62,20,0
1365,54.6,427,539,648,43,26,0
1365,54.6,433,250,231,24,26,0
1365,54.6,440,630,40,57,117,0
1365,54.6,447,487,306,39,15,0
1365,54.6,449,503,290,17,14,0
1365,54.6,452,448,482,16,6,0
1366,54.64,323,256,108,14,16,0
1366,54.64,333,277,124,34,26,0
1366,54.64,404,229,287,341,192,0
1366,54.64,418,317,438,62,20,0
1366,54.64,427,539,648,43,26,0
1366,54.64,433,250,231,24,26,0
1366,54.64,440,630,40,57,116,0
1366,54.64,447,487,306,39,15,0
1366,54.64,449,503,290,17,14,0
1366,54.64,452,448,482,16,6,0
1367,54.68,323,256,108,14,16,0
1367,54.68,333,277,124,34,26,0
1367,54.68,404,229,288,341,191,0
1367,54.68,418,317,438,62,20,0
1367,54.68,427,539,648,43,26,0
1367,54.68,433,250,231,24,26,0
1367,54.68,440,630,39,57,117,0
1367,54.68,447,487,306,33,15,0
1367,54.68,449,503,290,17,14,0
1367,54.68,452,448,482,16,6,0
1368,54.72,323,256,108,14,16,0
1368,54.72,333,277,124,34,26,0
1368,54.72,404,229,288,341,191,0
1368,54.72,418,317,438,62,20,0
1368,54.72,427,539,648,43,26,0
1368,54.72,433,250,231,24,26,0
1368,54.72,440,628,39,62,117,0
1368,54.72,447,487,306,33,15,0
1368,54.72,449,503,290,17,14,0
1368,54.72,452,448,482,16,6,0
1369,54.76,323,256,108,14,16,0
1369,54.76,333,277,124,34,26,0
1369,54.76,404,229,288,341,191,0
1369,54.76,418,317,438,62,20,0
1369,54.76,427,539,648,46,26,0
1369,54.76,433,250,231,24,26,0
1369,54.76,440,626,40,61,116,0
1369,54.76,449,503,290,17,14,0
1369,54.76,451,513,337,18,15,0
1369,54.76,452,448,482,16,6,0
1370,54.8,323,256,108,14,16,0
1370,54.8,333,277,124,34,26,0
1370,54.8,404,229,288,341,191,0
1370,54.8,418,317,438,62,20,0
1370,54.8,427,539,648,47,26,0
1370,54.8,433,250,231,24,26,0
1370,54.8,440,626,40,61,116,0
1370,54.8,449,503,290,17,14,0
1370,54.8,450,625,91,10,22,0
1370,54.8,451,513,340,17,12,0
1370,54.8,452,448,482,16,6,0
1371,54.84,323,256,108,14,16,0
1371,54.84,333,277,124,34,26,0
1371,54.84,404,229,288,341,191,0
1371,54.84,418,317,438,62,20,0
1371,54.84,427,539,648,47,26,0
1371,54.84,433,250,231,24,26,0
1371,54.84,440,626,40,61,116,0
1371,54.84,445,625,138,15,12,0
1371,54.84,447,496,324,16,10,0
1371,54.84,449,503,291,17,13,0
1371,54.84,451,513,342,14,10,0
1371,54.84,452,448,482,16,6,0
1372,54.88,323,256,108,14,16,0
1372,54.88,333,277,124,34,26,0
1372,54.88,404,229,288,341,191,0
1372,54.88,418,317,438,62,20,0
1372,54.88,427,539,648,47,26,0
1372,54.88,433,250,231,24,26,0
1372,54.88,440,624,40,63,116,0
1372,54.88,447,496,324,15,10,0
1372,54.88,449,503,293,17,11,0
1372,54.88,451,513,342,13,10,0
1372,54.88,452,448,482,16,6,0
1373,54.92,323,256,108,14,16,0
1373,54.92,333,277,124,28,26,0
1373,54.92,404,229,288,341,191,0
1373,54.92,418,317,438,62,20,0
1373,54.92,427,539,648,47,26,0
1373,54.92,433,250,231,24,26,0
1373,54.92,440,624,39,63,117,0
1373,54.92,445,667,93,11,22,0
1373,54.92,447,496,324,15,10,0
1373,54.92,449,503,295,17,9,0
1373,54.92,452,448,482,16,6,0
1374,54.96,333,277,124,28,26,0
1374,54.96,404,229,288,315,191,0
1374,54.96,418,317,438,62,20,0
1374,54.96,427,539,648,47,26,0
1374,54.96,433,250,231,24,26,0
1374,54.96,440,622,40,65,116,0
1374,54.96,445,662,81,10,30,0
1374,54.96,447,496,324,15,10,0
1374,54.96,451,541,339,29,38,0
1374,54.96,452,448,482,16,6,0
1375,55.0,333,277,124,28,26,0
1375,55.0,404,227,290,317,206,0
1375,55.0,418,316,437,76,33,0
1375,55.0,427,539,648,47,26,0
1375,55.0,440,620,40,67,116,0
1375,55.0,447,496,324,15,10,0
1375,55.0,449,515,344,21,8,0
1375,55.0,451,541,339,30,45,0
1376,55.04,333,277,124,28,26,0
1376,55.04,404,227,290,317,206,0
1376,55.04,418,316,437,76,33,0
1376,55.04,427,539,648,47,26,0
1376,55.04,440,619,40,52,108,0
1376,55.04,445,654,119,23,16,0
1376,55.04,447,496,324,15,10,0
1376,55.04,449,515,344,21,9,0
1376,55.04,451,542,339,29,45,0
1376,55.04,453,671,135,16,21,0
1377,55.08,333,277,124,28,26,0
1377,55.08,404,227,290,317,206,0
1377,55.08,418,316,437,76,33,0
1377,55.08,427,539,648,47,26,0
1377,55.08,440,617,38,47,110,0
1377,55.08,445,658,120,28,36,0
1377,55.08,449,515,344,21,9,0
1377,55.08,451,542,339,29,45,0
1378,55.12,333,277,124,28,26,0
1378,55.12,404,227,290,317,206,0
1378,55.12,418,316,437,76,33,0
1378,55.12,427,539,648,47,26,0
1378,55.12,440,615,38,69,118,0
1378,55.12,449,515,343,21,10,0
1378,55.12,451,542,339,29,45,0
1379,55.16,333,277,124,28,26,0
1379,55.16,404,227,290,317,206,0
1379,55.16,418,316,437,76,33,0
1379,55.16,427,539,648,47,26,0
1379,55.16,440,613,38,41,86,0
1379,55.16,445,624,105,19,43,0
1379,55.16,449,519,343,17,10,0
1379,55.16,451,542,339,29,45,0
1379,55.16,453,649,118,35,38,0
1380,55.2,333,277,124,28,26,0
1380,55.2,404,227,290,317,206,0
1380,55.2,418,316,437,76,33,0
1380,55.2,427,539,648,47,26,0
1380,55.2,445,624,109,20,39,0
1380,55.2,449,519,343,14,12,0
1380,55.2,451,542,339,22,45,0
1380,55.2,453,612,38,68,118,0
1381,55.24,333,277,124,28,26,0
1381,55.24,404,227,291,317,205,0
1381,55.24,418,316,437,76,33,0
1381,55.24,427,539,648,47,26,0
1381,55.24,445,624,113,50,45,0
1381,55.24,451,542,339,22,45,0
1381,55.24,453,611,38,39,84,0
1382,55.28,333,277,124,28,26,0
1382,55.28,404,227,291,317,205,0
1382,55.28,418,316,437,76,33,0
1382,55.28,427,539,648,47,26,0
1382,55.28,445,656,136,12,24,0
1382,55.28,451,542,342,22,42,0
1382,55.28,453,609,38,53,110,0
1383,55.32,333,277,124,28,26,0
1383,55.32,404,227,291,317,205,0
1383,55.32,418,316,437,76,33,0
1383,55.32,427,539,648,47,26,0
1383,55.32,445,649,138,13,24,0
1383,55.32,451,542,342,22,42,0
1383,55.32,453,637,130,19,10,0
1383,55.32,454,605,37,37,84,0
1383,55.32,455,624,136,18,12,0
1384,55.36,333,277,124,28,26,0
1384,55.36,404,227,291,317,205,0
1384,55.36,418,316,437,76,33,0
1384,55.36,427,539,648,47,26,0
1384,55.36,445,641,140,15,23,0
1384,55.36,451,542,342,22,42,0
1384,55.36,453,624,123,25,19,0
1384,55.36,454,603,38,37,84,0
1384,55.36,455,623,138,18,10,0
1385,55.4,333,277,124,28,26,0
1385,55.4,404,227,291,317,205,0
1385,55.4,418,316,437,76,33,0
1385,55.4,427,539,648,47,26,0
1385,55.4,451,542,344,22,40,0
1385,55.4,453,633,115,11,19,0
1385,55.4,454,601,40,39,82,0
1385,55.4,455,623,124,26,43,0
1386,55.44,333,277,124,28,26,0
1386,55.44,404,227,291,317,205,0
1386,55.44,418,316,437,76,33,0
1386,55.44,427,539,648,47,26,0
1386,55.44,445,624,146,16,21,0
1386,55.44,451,543,344,21,40,0
1386,55.44,454,600,40,45,105,0
1387,55.48,333,277,124,28,26,0
1387,55.48,404,227,291,317,205,0
1387,55.48,418,316,437,76,33,0
1387,55.48,427,539,648,47,26,0
1387,55.48,445,614,152,16,21,0
1387,55.48,451,543,344,21,40,0
1387,55.48,454,598,42,44,104,0
1387,55.48,455,628,138,16,12,0
1387,55.48,456,384,312,41,29,0
1388,55.52,333,277,124,28,26,0
1388,55.52,404,227,291,317,205,0
1388,55.52,418,316,437,76,33,0
1388,55.52,427,539,648,47,26,0
1388,55.52,445,604,154,18,16,0
1388,55.52,451,543,344,21,40,0
1388,55.52,454,597,41,45,112,0
1388,55.52,455,623,135,21,13,0
1388,55.52,456,384,312,41,29,0
1389,55.56,333,277,124,28,26,0
1389,55.56,404,227,291,317,205,0
1389,55.56,418,316,437,76,33,0
1389,55.56,427,539,648,47,26,0
1389,55.56,445,596,156,16,12,0
1389,55.56,451,543,344,21,40,0
1389,55.56,454,595,40,33,115,0
1389,55.56,455,621,110,23,38,0
1389,55.56,456,384,312,41,29,0
1390,55.6,333,277,124,28,26,0
1390,55.6,404,227,291,317,205,0
1390,55.6,418,316,437,76,33,0
1390,55.6,427,539,648,47,26,0
1390,55.6,449,543,367,9,17,0
1390,55.6,451,547,344,17,24,0
1390,55.6,454,586,43,58,125,0
1390,55.6,456,384,312,41,29,0
1391,55.64,333,277,124,28,26,0
1391,55.64,404,227,291,317,205,0
1391,55.64,418,316,437,76,33,0
1391,55.64,427,539,648,47,26,0
1391,55.64,447,445,317,43,21,0
1391,55.64,449,544,367,8,17,0
1391,55.64,451,547,347,17,21,0
1391,55.64,454,577,47,50,121,0
1391,55.64,455,623,111,21,37,0
1391,55.64,456,384,313,40,21,0
1392,55.68,333,277,124,28,26,0
1392,55.68,404,227,291,317,205,0
1392,55.68,418,316,437,76,33,0
1392,55.68,427,539,648,47,26,0
1392,55.68,447,445,317,43,21,0
1392,55.68,449,544,367,8,17,0
1392,55.68,451,547,347,17,21,0
1392,55.68,454,573,49,68,120,0
1392,55.68,455,623,138,21,10,0
1392,55.68,456,384,313,40,21,0
1393,55.72,333,277,124,28,26,0
1393,55.72,404,227,291,317,205,0
1393,55.72,418,316,437,76,33,0
1393,55.72,427,539,648,47,26,0
1393,55.72,447,445,317,43,21,0
1393,55.72,449,544,367,8,17,0
1393,55.72,451,551,348,13,20,0
1393,55.72,454,569,50,75,120,0
1393,55.72,456,385,313,39,21,0
1394,55.76,333,277,124,28,26,0
1394,55.76,404,227,296,317,200,0
1394,55.76,418,316,437,76,33,0
1394,55.76,427,539,648,47,26,0
1394,55.76,447,445,317,43,21,0
1394,55.76,449,544,367,8,17,0
1394,55.76,451,551,348,13,19,0
1394,55.76,454,572,50,72,119,0
1394,55.76,456,385,313,39,21,0
1395,55.8,333,277,124,28,26,0
1395,55.8,404,227,298,317,198,0
1395,55.8,418,316,437,76,33,0
1395,55.8,427,539,648,47,26,0
1395,55.8,447,445,318,38,20,0
1395,55.8,449,544,367,8,17,0
1395,55.8,451,551,348,13,19,0
1395,55.8,454,572,52,67,118,0
1395,55.8,455,623,137,21,11,0
1395,55.8,456,385,313,39,21,0
1396,55.84,333,277,124,28,26,0
1396,55.84,404,227,298,317,198,0
1396,55.84,418,316,437,76,33,0
1396,55.84,427,539,648,47,26,0
1396,55.84,447,445,317,38,21,0
1396,55.84,449,544,367,8,17,0
1396,55.84,454,571,56,75,116,0
1396,55.84,456,401,313,23,21,0
1397,55.88,333,277,124,28,26,0
1397,55.88,404,227,298,317,198,0
1397,55.88,418,316,437,76,33,0
1397,55.88,427,539,648,47,26,0
1397,55.88,447,445,317,34,21,0
1397,55.88,449,544,367,8,17,0
1397,55.88,454,572,57,69,116,0
1397,55.88,456,401,314,23,20,0
1398,55.92,333,277,124,28,26,0
1398,55.92,404,227,298,317,198,0
1398,55.92,418,316,437,76,33,0
1398,55.92,427,539,648,47,26,0
1398,55.92,447,445,318,34,20,0
1398,55.92,449,544,367,8,17,0
1398,55.92,454,572,56,62,117,0
1398,55.92,455,623,134,21,14,0
1398,55.92,456,401,314,23,20,0
1399,55.96,333,277,124,28,26,0
1399,55.96,404,227,298,317,198,0
1399,55.96,418,316,437,76,33,0
1399,55.96,427,539,648,47,26,0
1399,55.96,445,572,130,24,43,0
1399,55.96,447,445,318,34,20,0
1399,55.96,454,569,57,63,80,0
1399,55.96,455,623,134,19,14,0
1399,55.96,456,401,314,23,20,0
1400,56.0,333,277,124,28,26,0
1400,56.0,404,227,298,317,198,0
1400,56.0,418,316,437,76,33,0
1400,56.0,427,539,648,47,26,0
1400,56.0,445,572,138,23,35,0
1400,56.0,447,445,318,34,20,0
1400,56.0,454,567,58,34,76,0
1400,56.0,455,625,132,15,15,0
1400,56.0,456,401,314,23,20,0
1400,56.0,457,597,112,31,25,0
1401,56.04,333,277,124,28,26,0
1401,56.04,404,227,298,317,198,0
1401,56.04,418,316,437,76,33,0
1401,56.04,427,539,648,47,26,0
1401,56.04,447,445,318,34,20,0
1401,56.04,455,622,129,15,15,0
1401,56.04,456,401,317,23,17,0
1401,56.04,457,564,60,58,113,0
1402,56.08,333,277,124,28,26,0
1402,56.08,404,227,298,317,198,0
1402,56.08,418,316,437,76,33,0
1402,56.08,427,539,648,47,26,0
1402,56.08,447,445,318,29,20,0
1402,56.08,455,620,129,11,15,0
1402,56.08,457,562,62,56,111,0
1403,56.12,333,277,124,28,26,0
1403,56.12,404,227,310,317,186,0
1403,56.12,418,316,437,76,33,0
1403,56.12,427,539,648,47,26,0
1403,56.12,433,273,304,28,18,0
1403,56.12,447,445,320,27,18,0
1403,56.12,455,614,131,10,13,0
1403,56.12,457,559,62,53,111,0
1404,56.16,333,278,124,27,26,0
1404,56.16,404,227,310,317,186,0
1404,56.16,418,316,437,76,33,0
1404,56.16,427,539,648,47,26,0
1404,56.16,433,273,304,28,18,0
1404,56.16,445,591,128,15,20,0
1404,56.16,455,610,134,10,12,0
1404,56.16,457,558,62,35,111,0
1405,56.2,333,278,124,27,26,0
1405,56.2,404,227,312,317,184,0
1405,56.2,418,316,437,76,33,0
1405,56.2,427,539,648,47,26,0
1405,56.2,433,273,309,18,13,0
1405,56.2,445,591,131,10,32,0
1405,56.2,455,602,136,13,12,0
1405,56.2,457,555,63,37,110,0
1406,56.24,333,278,124,27,26,0
1406,56.24,404,227,312,317,184,0
1406,56.24,418,316,437,76,33,0
1406,56.24,427,539,648,47,26,0
1406,56.24,445,569,127,23,46,0
1406,56.24,457,552,62,35,66,0
1407,56.28,404,230,312,314,192,0
1407,56.28,427,538,648,52,30,0
1407,56.28,445,550,65,41,108,0
1408,56.32,404,230,312,314,192,0
1408,56.32,427,538,648,52,30,0
1408,56.32,455,549,66,45,108,0
1409,56.36,404,230,312,314,192,0
1409,56.36,427,538,648,52,30,0
1409,56.36,455,546,64,48,109,0
1410,56.4,404,230,314,314,190,0
1410,56.4,427,538,648,52,30,0
1410,56.4,449,499,360,16,17,0
1410,56.4,455,544,66,50,107,0
1411,56.44,404,230,314,314,190,0
1411,56.44,427,538,648,52,30,0
1411,56.44,449,499,360,16,17,0
1411,56.44,455,541,67,53,106,0
1412,56.48,404,230,314,314,190,0
1412,56.48,427,538,648,52,30,0
1412,56.48,449,499,360,16,17,0
1412,56.48,455,533,67,61,106,0
1413,56.52,404,230,315,314,189,0
1413,56.52,427,538,648,52,30,0
1413,56.52,449,499,360,16,17,0
1413,56.52,455,538,67,50,89,0
1413,56.52,458,527,148,25,14,0
1413,56.52,459,570,157,24,16,0
1414,56.56,404,230,315,314,189,0
1414,56.56,427,538,648,52,30,0
1414,56.56,449,499,360,16,17,0
1414,56.56,455,534,68,60,105,0
1414,56.56,458,520,146,30,20,0
1415,56.6,404,230,315,314,189,0
1415,56.6,427,538,648,52,30,0
1415,56.6,449,499,360,13,17,0
1415,56.6,455,532,68,62,105,0
1415,56.6,458,521,142,26,22,0
1416,56.64,404,230,315,314,189,0
1416,56.64,427,538,648,52,30,0
1416,56.64,455,518,68,76,105,0
1417,56.68,404,230,315,314,189,0
1417,56.68,427,538,648,52,30,0
1417,56.68,455,517,68,77,105,0
1418,56.72,404,230,315,314,189,0
1418,56.72,427,538,648,52,30,0
1418,56.72,455,516,69,78,104,0
1419,56.76,404,230,316,314,188,0
1419,56.76,427,538,648,52,30,0
1419,56.76,455,519,69,75,104,0
1420,56.8,404,230,316,314,188,0
1420,56.8,427,538,648,52,30,0
1420,56.8,455,517,69,75,104,0
1421,56.84,404,230,316,314,188,0
1421,56.84,427,538,648,52,30,0
1421,56.84,455,514,69,70,91,0
1421,56.84,458,520,131,26,38,0
1421,56.84,459,570,160,20,13,0
1422,56.88,404,230,316,314,188,0
1422,56.88,427,538,648,52,30,0
1422,56.88,455,512,69,43,75,0
1422,56.88,458,520,131,23,38,0
1422,56.88,459,553,143,40,30,0
1423,56.92,404,230,326,314,178,0
1423,56.92,427,538,648,52,30,0
1423,56.92,455,508,68,47,74,0
1423,56.92,458,519,132,24,37,0
1423,56.92,459,548,145,31,16,0
1423,56.92,460,567,154,23,19,0
1424,56.96,404,230,326,314,178,0
1424,56.96,427,538,648,52,30,0
1424,56.96,455,502,68,84,106,0
1424,56.96,456,397,343,14,17,0
1425,57.0,404,230,326,314,178,0
1425,57.0,427,538,648,52,30,0
1425,57.0,455,500,68,82,104,0
1425,57.0,456,397,343,14,17,0
1426,57.04,404,230,326,314,178,0
1426,57.04,427,538,648,52,30,0
1426,57.04,455,500,66,68,103,0
1426,57.04,460,566,152,11,20,0
1427,57.08,404,230,326,314,178,0
1427,57.08,427,538,648,52,30,0
1427,57.08,455,498,68,62,101,0
1427,57.08,460,562,152,10,22,0
1428,57.12,404,230,326,314,178,0
1428,57.12,427,538,648,52,30,0
1428,57.12,455,496,68,58,101,0
1428,57.12,460,554,153,13,20,0
1429,57.16,404,230,326,314,178,0
1429,57.16,427,538,648,52,30,0
1429,57.16,455,494,66,46,86,0
1429,57.16,458,512,135,36,36,0
1429,57.16,460,548,154,12,20,0
1430,57.2,404,230,326,314,178,0
1430,57.2,427,538,648,52,30,0
1430,57.2,455,492,67,36,77,0
1430,57.2,458,508,130,48,44,0
1431,57.24,404,230,326,314,178,0
1431,57.24,427,538,648,52,30,0
1431,57.24,455,487,67,35,73,0
1431,57.24,458,505,128,43,50,0
1432,57.28,404,230,326,314,178,0
1432,57.28,427,538,648,52,30,0
1432,57.28,455,486,67,39,77,0
1432,57.28,458,501,128,43,53,0
1433,57.32,404,230,326,314,178,0
1433,57.32,427,538,648,52,30,0
1433,57.32,455,484,68,39,68,0
1433,57.32,458,499,128,44,43,0
1433,57.32,460,508,170,21,13,0
1434,57.36,404,230,326,314,178,0
1434,57.36,427,538,648,52,30,0
1434,57.36,458,482,68,61,113,0
1435,57.4,404,230,326,314,178,0
1435,57.4,427,538,648,52,30,0
1435,57.4,458,480,70,63,111,0
1436,57.44,404,230,326,314,178,0
1436,57.44,427,538,648,52,30,0
1436,57.44,458,478,70,40,109,0
1436,57.44,460,510,127,33,43,0
1437,57.48,404,230,326,314,178,0
1437,57.48,427,538,648,52,30,0
1437,57.48,458,474,70,41,108,0
1437,57.48,460,509,128,34,42,0
1438,57.52,404,230,326,314,178,0
1438,57.52,427,538,648,52,30,0
1438,57.52,458,469,70,74,108,0
1439,57.56,404,232,326,314,173,0
1439,57.56,427,538,648,52,30,0
1439,57.56,449,428,352,24,17,0
1439,57.56,458,470,73,72,98,0
1439,57.56,460,465,161,25,19,0
1440,57.6,404,232,326,314,173,0
1440,57.6,427,538,648,52,30,0
1440,57.6,449,428,352,24,17,0
1440,57.6,458,467,68,75,108,0
1441,57.64,404,232,326,314,173,0
1441,57.64,427,538,648,52,30,0
1441,57.64,449,428,352,26,16,0
1441,57.64,456,362,344,20,16,0
1441,57.64,458,465,73,41,105,0
1441,57.64,461,495,129,47,41,0
1442,57.68,404,232,330,314,169,0
1442,57.68,427,538,648,52,30,0
1442,57.68,449,428,350,20,15,0
1442,57.68,456,362,342,22,18,0
1442,57.68,458,461,74,40,110,0
1442,57.68,461,496,131,44,38,0
1443,57.72,404,232,330,314,169,0
1443,57.72,427,538,648,52,30,0
1443,57.72,449,428,350,20,15,0
1443,57.72,458,459,75,81,106,0
1444,57.76,404,232,330,314,169,0
1444,57.76,427,538,648,52,30,0
1444,57.76,449,428,350,20,12,0
1444,57.76,458,456,76,83,105,0
1445,57.8,404,232,330,314,169,0
1445,57.8,427,538,648,52,30,0
1445,57.8,449,428,350,20,12,0
1445,57.8,458,452,77,84,104,0
1446,57.84,404,232,330,314,169,0
1446,57.84,427,538,648,52,30,0
1446,57.84,449,430,350,17,11,0
1446,57.84,458,451,77,81,104,0
1447,57.88,404,232,330,314,169,0
1447,57.88,427,538,648,52,30,0
1447,57.88,449,430,350,17,11,0
1447,57.88,458,448,78,68,103,0
1447,57.88,461,516,148,11,15,0
1448,57.92,404,232,330,314,169,0
1448,57.92,427,538,648,52,30,0
1448,57.92,455,466,92,16,30,0
1448,57.92,458,446,79,64,103,0
1448,57.92,461,510,146,13,18,0
1449,57.96,404,232,331,314,168,0
1449,57.96,427,538,648,52,30,0
1449,57.96,455,464,93,14,31,0
1449,57.96,458,443,80,64,102,0
1449,57.96,461,506,147,11,16,0
1450,58.0,404,232,331,314,168,0
1450,58.0,427,538,648,52,30,0
1450,58.0,455,461,93,17,30,0
1450,58.0,458,440,80,72,102,0
1451,58.04,404,232,331,314,168,0
1451,58.04,427,538,648,52,30,0
1451,58.04,455,459,94,14,29,0
1451,58.04,458,443,92,53,90,0
1451,58.04,461,496,148,11,16,0
1451,58.04,462,438,81,17,13,0
1452,58.08,404,232,331,314,168,0
1452,58.08,427,538,648,52,30,0
1452,58.08,458,436,81,64,101,0
1453,58.12,404,232,334,314,165,0
1453,58.12,427,538,648,52,30,0
1453,58.12,458,440,93,52,89,0
1453,58.12,462,434,82,17,14,0
1454,58.16,404,232,335,314,164,0
1454,58.16,427,538,648,52,30,0
1454,58.16,458,439,94,53,89,0
1454,58.16,462,432,82,17,14,0
1455,58.2,404,232,338,312,161,0
1455,58.2,427,538,648,52,30,0
1455,58.2,458,432,83,60,100,0
1456,58.24,404,232,338,312,161,0
1456,58.24,427,538,648,52,30,0
1456,58.24,458,430,84,62,99,0
1457,58.28,404,232,338,310,161,0
1457,58.28,427,538,648,52,30,0
1457,58.28,458,429,85,63,98,0
1458,58.32,404,232,338,310,161,0
1458,58.32,427,538,648,52,30,0
1458,58.32,458,428,86,64,102,0
1459,58.36,404,232,338,310,161,0
1459,58.36,427,538,648,52,30,0
1459,58.36,458,424,86,68,105,0
1460,58.4,404,234,338,308,161,0
1460,58.4,427,538,648,52,30,0
1460,58.4,458,422,86,71,107,0
1461,58.44,404,234,338,308,161,0
1461,58.44,427,538,648,52,30,0
1461,58.44,458,419,87,75,109,0
1462,58.48,404,234,339,308,160,0
1462,58.48,427,538,648,52,30,0
1462,58.48,458,417,88,77,108,0
1463,58.52,404,234,339,308,160,0
1463,58.52,427,538,648,55,30,0
1463,58.52,458,416,88,78,120,0
1464,58.56,404,234,339,308,160,0
1464,58.56,427,538,648,55,30,0
1464,58.56,458,414,90,80,116,0
1465,58.6,404,234,339,308,160,0
1465,58.6,427,538,648,55,30,0
1465,58.6,458,412,90,81,118,0
1466,58.64,404,234,339,308,160,0
1466,58.64,427,538,648,55,30,0
1466,58.64,458,408,92,85,116,0
1467,58.68,404,234,347,308,152,0
1467,58.68,427,538,648,55,30,0
1467,58.68,458,406,93,86,115,0
1468,58.72,404,234,347,308,152,0
1468,58.72,427,538,648,55,30,0
1468,58.72,458,400,94,90,114,0
1469,58.76,404,234,347,308,152,0
1469,58.76,427,538,648,55,30,0
1469,58.76,458,398,94,88,114,0
1470,58.8,404,234,347,308,152,0
1470,58.8,427,538,648,55,30,0
1470,58.8,458,396,94,87,114,0
1471,58.84,404,365,364,177,138,0
1471,58.84,427,538,648,55,30,0
1471,58.84,449,455,370,27,18,0
1471,58.84,458,394,94,86,114,0
1471,58.84,463,234,347,155,117,0
1471,58.84,464,480,344,8,20,0
1472,58.88,404,365,364,177,138,0
1472,58.88,427,538,648,55,30,0
1472,58.88,449,455,370,27,16,0
1472,58.88,458,392,97,86,112,0
1472,58.88,463,234,347,155,117,0
1472,58.88,464,480,344,8,20,0
1473,58.92,404,365,364,177,138,0
1473,58.92,427,538,648,55,30,0
1473,58.92,449,455,370,27,16,0
1473,58.92,456,371,362,18,7,0
1473,58.92,458,389,96,92,113,0
1473,58.92,463,234,351,148,113,0
1473,58.92,464,480,344,8,20,0
1474,58.96,404,365,364,177,138,0
1474,58.96,427,538,648,55,30,0
1474,58.96,449,455,370,27,16,0
1474,58.96,458,387,96,94,113,0
1474,58.96,463,234,351,145,113,0
1474,58.96,464,480,344,8,20,0
1475,59.0,404,365,368,177,134,0
1475,59.0,427,538,648,55,30,0
1475,59.0,458,386,95,94,115,0
1475,59.0,463,234,351,145,114,0
1475,59.0,464,480,344,12,22,0
1476,59.04,404,365,368,177,134,0
1476,59.04,427,538,648,55,30,0
1476,59.04,458,386,95,96,115,0
1476,59.04,463,236,351,143,114,0
1476,59.04,464,480,344,12,22,0
1477,59.08,404,365,368,177,134,0
1477,59.08,427,538,648,55,30,0
1477,59.08,458,386,94,98,115,0
1477,59.08,463,236,351,143,114,0
1477,59.08,464,480,347,12,19,0
1478,59.12,404,365,369,177,133,0
1478,59.12,427,538,648,55,30,0
1478,59.12,458,388,107,98,101,0
1478,59.12,462,397,93,19,21,0
1478,59.12,463,234,351,145,113,0
1478,59.12,464,480,347,12,19,0
1479,59.16,404,365,369,177,133,0
1479,59.16,427,538,648,55,30,0
1479,59.16,458,392,92,77,117,0
1479,59.16,463,234,351,145,113,0
1479,59.16,464,480,347,12,19,0
1479,59.16,465,469,170,19,12,0
1480,59.2,404,365,369,177,133,0
1480,59.2,427,538,648,55,30,0
1480,59.2,458,394,105,76,104,0
1480,59.2,462,401,91,17,19,0
1480,59.2,463,236,351,143,113,0
1480,59.2,464,480,348,12,18,0
1480,59.2,465,467,170,21,12,0
1480,59.2,466,439,118,14,19,0
1481,59.24,404,363,369,179,133,0
1481,59.24,427,538,648,55,30,0
1481,59.24,458,400,104,68,105,0
1481,59.24,462,408,90,12,20,0
1481,59.24,463,234,351,145,113,0
1481,59.24,464,480,348,12,18,0
1481,59.24,465,467,169,21,13,0
1481,59.24,466,440,116,13,19,0
1482,59.28,404,363,369,179,133,0
1482,59.28,427,538,648,55,30,0
1482,59.28,458,400,88,88,121,0
1482,59.28,463,234,351,145,113,0
1482,59.28,464,480,348,12,18,0
1482,59.28,466,442,116,12,20,0
1483,59.32,404,363,369,179,133,0
1483,59.32,427,538,648,55,30,0
1483,59.32,458,404,86,84,122,0
1483,59.32,462,435,101,11,13,0
1483,59.32,463,234,351,145,113,0
1483,59.32,464,480,348,12,18,0
1484,59.36,404,363,379,179,123,0
1484,59.36,427,538,648,55,30,0
1484,59.36,458,407,86,81,122,0
1484,59.36,463,234,351,145,113,0
1484,59.36,464,480,348,12,18,0
1485,59.4,404,363,379,179,123,0
1485,59.4,427,538,648,55,30,0
1485,59.4,458,409,84,79,124,0
1485,59.4,463,234,351,145,113,0
1485,59.4,464,480,348,12,18,0
1486,59.44,404,363,379,179,123,0
1486,59.44,427,538,648,55,30,0
1486,59.44,456,338,376,41,28,0
1486,59.44,458,411,83,77,123,0
1486,59.44,463,234,351,122,113,0
1486,59.44,464,480,348,12,18,0
1486,59.44,466,449,110,17,28,0
1487,59.48,404,364,379,170,123,0
1487,59.48,427,538,648,55,30,0
1487,59.48,456,339,376,23,28,0
1487,59.48,458,413,100,75,106,0
1487,59.48,462,416,82,22,25,0
1487,59.48,463,236,368,120,96,0
1487,59.48,464,480,348,12,18,0
1487,59.48,466,450,109,19,34,0
1487,59.48,467,362,380,17,18,0
1488,59.52,404,364,379,170,123,0
1488,59.52,427,538,648,55,30,0
1488,59.52,456,340,384,22,20,0
1488,59.52,458,414,96,74,110,0
1488,59.52,462,418,81,18,21,0
1488,59.52,463,236,368,120,96,0
1488,59.52,464,480,348,12,18,0
1488,59.52,467,364,382,15,16,0
1489,59.56,404,364,379,157,123,0
1489,59.56,427,538,648,55,30,0
1489,59.56,458,417,80,71,121,0
1489,59.56,463,236,363,120,101,0
1489,59.56,464,480,348,12,18,0
1489,59.56,467,364,382,15,16,0
1490,59.6,404,364,379,157,123,0
1490,59.6,427,538,648,55,30,0
1490,59.6,458,418,80,70,128,0
1490,59.6,463,236,368,120,96,0
1490,59.6,464,480,348,12,18,0
1490,59.6,467,364,382,15,16,0
1491,59.64,404,364,379,157,123,0
1491,59.64,427,545,648,48,30,0
1491,59.64,456,340,382,22,22,0
1491,59.64,458,422,78,66,126,0
1491,59.64,463,236,368,120,96,0
1491,59.64,466,460,105,16,17,0
1491,59.64,467,364,382,15,16,0
1492,59.68,404,364,379,157,123,0
1492,59.68,427,545,648,48,30,0
1492,59.68,456,340,382,22,22,0
1492,59.68,458,424,78,64,124,0
1492,59.68,463,236,368,120,96,0
1492,59.68,466,462,103,21,19,0
1492,59.68,467,364,382,15,16,0
1493,59.72,404,364,379,157,123,0
1493,59.72,427,545,648,48,30,0
1493,59.72,458,426,78,62,123,0
1493,59.72,463,236,368,120,96,0
1493,59.72,466,459,103,19,15,0
1494,59.76,404,364,379,157,123,0
1494,59.76,427,545,648,48,30,0
1494,59.76,458,428,78,68,122,0
1494,59.76,463,236,369,120,95,0
1494,59.76,466,466,102,14,16,0
1495,59.8,404,364,378,157,124,0
1495,59.8,427,545,648,48,30,0
1495,59.8,458,428,78,74,120,0
1495,59.8,463,236,369,120,95,0
1495,59.8,466,465,102,17,16,0
1496,59.84,404,364,378,157,124,0
1496,59.84,427,545,648,48,30,0
1496,59.84,458,432,78,64,113,0
1496,59.84,463,236,369,130,95,0
1496,59.84,465,494,176,17,16,0
1496,59.84,466,467,103,25,25,0
1497,59.88,404,364,381,157,121,0
1497,59.88,427,545,648,48,30,0
1497,59.88,458,434,78,69,106,0
1497,59.88,463,236,369,130,95,0
1497,59.88,465,502,174,18,18,0
1497,59.88,466,469,103,25,24,0
1498,59.92,404,364,384,157,118,0
1498,59.92,427,545,648,48,30,0
1498,59.92,458,434,78,74,106,0
1498,59.92,463,236,369,120,95,0
1498,59.92,465,508,174,20,13,0
1499,59.96,404,365,384,156,118,0
1499,59.96,427,545,648,48,30,0
1499,59.96,449,440,407,18,21,0
1499,59.96,458,440,76,90,109,0
1499,59.96,463,236,369,119,95,0
1499,59.96,466,472,102,16,16,0
