frame,time_s,track_id,x,y,w,h,target_found
0,0.0,,,,,,0
1,0.04,,,,,,0
2,0.08,,,,,,0
3,0.12,,,,,,0
4,0.16,,,,,,0
5,0.2,,,,,,0
6,0.24,,,,,,0
7,0.28,,,,,,0
8,0.32,,,,,,0
9,0.36,,,,,,0
10,0.4,,,,,,0
11,0.44,,,,,,0
12,0.48,,,,,,0
13,0.52,,,,,,0
14,0.56,,,,,,0
15,0.6,,,,,,0
16,0.64,,,,,,0
17,0.68,,,,,,0
18,0.72,,,,,,0
19,0.76,,,,,,0
20,0.8,,,,,,0
21,0.84,,,,,,0
22,0.88,,,,,,0
23,0.92,,,,,,0
24,0.96,,,,,,0
25,1.0,1,237,6,11,18,0
26,1.04,1,237,6,11,18,0
26,1.04,2,276,5,13,19,0
27,1.08,1,237,6,11,18,0
27,1.08,2,264,6,25,18,0
28,1.12,1,237,6,11,18,0
28,1.12,2,276,5,13,19,0
29,1.16,1,237,6,11,18,0
29,1.16,2,276,6,13,18,0
30,1.2,1,237,6,11,18,0
30,1.2,2,264,6,12,18,0
31,1.24,1,237,7,11,17,0
31,1.24,2,264,6,24,18,0
32,1.28,1,237,7,11,17,0
32,1.28,2,264,6,24,18,0
33,1.32,1,237,7,11,17,0
33,1.32,2,264,5,25,19,0
34,1.36,1,237,7,11,17,0
34,1.36,2,264,6,25,18,0
35,1.4,1,237,7,11,17,0
35,1.4,2,264,5,16,19,0
36,1.44,1,237,7,11,17,0
36,1.44,2,264,5,25,19,0
37,1.48,1,237,7,11,17,0
37,1.48,2,264,5,25,19,0
38,1.52,1,237,7,11,17,0
38,1.52,2,264,5,25,19,0
39,1.56,1,237,7,11,17,0
39,1.56,2,264,5,25,19,0
40,1.6,1,237,7,11,17,0
41,1.64,1,237,7,11,17,0
41,1.64,2,275,6,14,18,0
42,1.68,1,237,7,11,17,0
42,1.68,2,264,6,25,18,0
43,1.72,1,237,7,11,17,0
43,1.72,2,264,6,25,18,0
44,1.76,1,237,7,11,17,0
44,1.76,2,275,6,13,18,0
44,1.76,3,264,6,11,18,0
45,1.8,1,237,7,11,17,0
45,1.8,3,264,6,10,18,0
46,1.84,1,237,7,11,17,0
46,1.84,3,264,6,25,18,0
47,1.88,1,237,7,13,17,0
47,1.88,2,264,6,11,18,0
47,1.88,3,275,6,14,18,0
48,1.92,1,237,7,13,17,0
48,1.92,2,264,6,10,18,0
48,1.92,3,276,6,13,18,0
49,1.96,1,237,7,13,17,0
49,1.96,2,264,6,10,18,0
49,1.96,3,276,6,13,18,0
50,2.0,1,237,7,13,17,0
51,2.04,1,237,7,13,17,0
51,2.04,3,275,6,14,18,0
52,2.08,1,237,7,13,17,0
52,2.08,3,275,6,14,18,0
53,2.12,1,237,7,13,17,0
53,2.12,3,264,6,25,18,0
54,2.16,1,237,7,13,17,0
54,2.16,3,264,6,25,18,0
55,2.2,1,237,7,13,17,0
55,2.2,2,264,5,13,19,0
56,2.24,1,237,7,13,17,0
56,2.24,2,264,5,11,19,0
56,2.24,3,276,6,12,18,0
57,2.28,1,237,7,13,17,0
57,2.28,2,264,4,25,20,0
58,2.32,1,237,7,13,17,0
58,2.32,2,264,4,25,20,0
59,2.36,1,237,7,13,17,0
59,2.36,2,264,4,25,20,0
60,2.4,1,237,7,13,17,0
60,2.4,2,264,5,12,19,0
61,2.44,1,237,7,13,17,0
61,2.44,2,264,5,11,19,0
61,2.44,3,275,6,14,18,0
62,2.48,1,237,7,13,17,0
62,2.48,2,264,5,11,19,0
62,2.48,3,273,6,16,18,0
63,2.52,1,237,7,13,17,0
63,2.52,3,264,6,25,18,0
64,2.56,1,237,7,13,17,0
64,2.56,2,264,5,11,19,0
64,2.56,3,275,6,14,18,0
65,2.6,1,237,7,13,17,0
65,2.6,2,264,6,11,18,0
66,2.64,1,237,7,13,17,0
66,2.64,2,264,5,11,19,0
66,2.64,3,275,6,14,18,0
67,2.68,1,237,7,13,17,0
67,2.68,3,264,6,25,18,0
68,2.72,1,237,7,13,17,0
68,2.72,3,264,6,25,18,0
69,2.76,1,237,7,13,17,0
69,2.76,2,264,7,12,17,0
69,2.76,3,276,6,13,18,0
70,2.8,1,237,7,13,17,0
70,2.8,2,264,7,12,17,0
71,2.84,1,237,7,13,17,0
71,2.84,2,264,7,11,17,0
71,2.84,3,275,6,14,17,0
72,2.88,1,237,7,11,17,0
72,2.88,2,264,7,11,17,0
72,2.88,3,275,6,14,17,0
73,2.92,2,264,7,11,17,0
73,2.92,3,275,6,14,18,0
74,2.96,1,237,8,11,16,0
74,2.96,2,264,7,11,17,0
74,2.96,3,275,6,14,18,0
75,3.0,1,237,8,11,16,0
76,3.04,1,237,8,11,16,0
76,3.04,3,275,6,14,17,0
77,3.08,1,237,8,11,16,0
77,3.08,3,264,6,25,18,0
78,3.12,1,237,8,11,16,0
78,3.12,2,264,6,11,18,0
78,3.12,3,276,6,13,18,0
79,3.16,1,237,8,11,16,0
79,3.16,2,264,6,11,18,0
79,3.16,3,276,6,13,17,0
80,3.2,1,237,8,11,16,0
80,3.2,2,264,7,11,17,0
81,3.24,1,237,8,11,16,0
81,3.24,2,264,7,12,17,0
81,3.24,3,275,6,12,18,0
82,3.28,1,237,8,11,16,0
82,3.28,3,264,6,25,18,0
83,3.32,1,237,8,11,16,0
83,3.32,3,264,6,25,18,0
84,3.36,1,237,8,11,16,0
84,3.36,3,264,6,24,18,0
85,3.4,1,237,8,11,16,0
85,3.4,2,264,6,19,18,0
86,3.44,1,237,8,11,16,0
86,3.44,3,264,6,25,18,0
87,3.48,1,237,8,11,16,0
87,3.48,3,264,6,25,18,0
88,3.52,1,237,8,11,16,0
88,3.52,3,264,6,25,18,0
89,3.56,1,237,8,11,16,0
89,3.56,3,264,6,25,18,0
90,3.6,1,237,8,11,16,0
90,3.6,3,264,6,11,18,0
91,3.64,1,237,8,11,16,0
91,3.64,2,276,6,13,18,0
91,3.64,3,264,6,11,18,0
92,3.68,1,237,8,11,16,0
92,3.68,2,274,6,14,18,0
92,3.68,3,264,7,11,17,0
93,3.72,1,237,8,11,16,0
93,3.72,2,276,6,13,18,0
93,3.72,3,264,7,11,17,0
94,3.76,1,237,8,11,16,0
94,3.76,2,276,6,12,18,0
94,3.76,3,264,7,11,17,0
95,3.8,1,237,8,11,16,0
95,3.8,3,263,7,15,17,0
96,3.84,1,237,8,11,16,0
96,3.84,3,263,6,25,18,0
97,3.88,1,237,7,13,17,0
97,3.88,2,264,7,24,17,0
98,3.92,1,237,7,13,17,0
98,3.92,2,264,7,11,17,0
98,3.92,3,276,6,13,18,0
99,3.96,1,237,7,13,17,0
99,3.96,2,264,7,11,17,0
99,3.96,3,275,6,14,18,0
100,4.0,1,237,7,13,17,0
101,4.04,1,237,7,13,17,0
101,4.04,3,276,6,13,18,0
102,4.08,1,237,7,13,17,0
102,4.08,3,264,6,25,18,0
103,4.12,1,237,7,13,17,0
103,4.12,3,276,6,13,18,0
104,4.16,1,237,7,13,17,0
104,4.16,3,275,6,13,18,0
105,4.2,1,237,7,13,17,0
105,4.2,2,264,6,12,18,0
106,4.24,1,237,7,13,17,0
106,4.24,2,264,6,11,18,0
106,4.24,3,275,6,14,18,0
107,4.28,1,237,7,13,17,0
107,4.28,3,264,5,25,19,0
108,4.32,1,237,7,13,17,0
108,4.32,3,264,5,25,19,0
109,4.36,1,237,7,13,17,0
109,4.36,3,264,6,24,18,0
110,4.4,1,237,7,13,17,0
110,4.4,2,265,7,12,17,0
111,4.44,1,237,7,13,17,0
111,4.44,3,265,6,23,18,0
112,4.48,1,237,7,13,17,0
112,4.48,3,264,5,25,19,0
113,4.52,1,237,7,13,17,0
113,4.52,3,264,5,25,19,0
114,4.56,1,237,7,13,17,0
114,4.56,3,264,4,25,20,0
115,4.6,1,237,7,13,17,0
115,4.6,2,264,5,14,19,0
116,4.64,1,237,7,13,17,0
116,4.64,3,264,5,25,19,0
117,4.68,1,237,7,13,17,0
117,4.68,3,264,7,25,17,0
118,4.72,1,237,7,13,17,0
118,4.72,3,264,6,25,18,0
119,4.76,1,237,7,13,17,0
119,4.76,3,264,6,25,18,0
120,4.8,1,237,7,13,17,0
120,4.8,2,264,7,12,17,0
121,4.84,1,237,7,13,17,0
121,4.84,2,264,7,11,17,0
121,4.84,3,275,7,14,17,0
122,4.88,1,237,7,11,17,0
122,4.88,2,264,6,25,18,0
123,4.92,1,237,7,11,17,0
123,4.92,2,275,5,14,19,0
123,4.92,3,264,7,11,17,0
124,4.96,1,237,7,11,17,0
124,4.96,2,275,6,14,17,0
124,4.96,3,264,7,11,17,0
125,5.0,1,238,7,10,17,0
126,5.04,1,238,7,10,17,0
126,5.04,2,276,6,13,18,0
127,5.08,1,238,6,10,18,0
127,5.08,2,276,5,13,19,0
128,5.12,1,238,5,10,19,0
128,5.12,2,276,6,14,18,0
129,5.16,1,238,5,10,19,0
129,5.16,2,276,6,13,18,0
130,5.2,1,238,5,10,19,0
130,5.2,3,264,6,13,18,0
131,5.24,1,238,5,10,19,0
131,5.24,2,275,5,13,18,0
131,5.24,3,264,6,11,18,0
132,5.28,1,238,5,10,19,0
132,5.28,2,264,4,25,20,0
133,5.32,1,238,5,10,19,0
133,5.32,2,264,5,25,19,0
134,5.36,1,238,5,10,19,0
134,5.36,2,264,4,25,20,0
135,5.4,1,238,5,10,19,0
135,5.4,3,264,6,13,18,0
136,5.44,1,238,5,10,19,0
136,5.44,2,275,6,14,18,0
136,5.44,3,264,7,11,17,0
137,5.48,1,238,5,10,19,0
137,5.48,2,274,7,15,16,0
137,5.48,3,264,4,11,20,0
138,5.52,1,238,5,10,19,0
138,5.52,2,264,4,25,20,0
139,5.56,1,238,5,10,19,0
139,5.56,2,264,4,25,20,0
140,5.6,1,238,5,10,19,0
141,5.64,1,238,5,10,19,0
141,5.64,2,276,7,13,17,0
142,5.68,1,238,5,10,19,0
142,5.68,2,275,6,14,17,0
142,5.68,3,264,7,11,17,0
143,5.72,1,238,5,10,19,0
143,5.72,2,276,6,13,18,0
143,5.72,3,264,7,11,17,0
144,5.76,1,238,5,10,19,0
144,5.76,2,275,6,14,18,0
144,5.76,3,264,7,10,17,0
145,5.8,1,238,5,10,19,0
145,5.8,3,264,7,11,17,0
146,5.84,1,238,5,10,19,0
146,5.84,2,264,6,25,18,0
147,5.88,2,264,6,25,18,0
148,5.92,2,276,6,13,18,0
148,5.92,3,264,7,10,17,0
149,5.96,2,276,6,13,17,0
149,5.96,3,264,7,10,17,0
150,6.0,,,,,,0
151,6.04,2,274,7,15,17,0
152,6.08,2,264,6,25,18,0
153,6.12,2,264,6,25,18,0
154,6.16,2,276,6,13,18,0
155,6.2,3,264,5,12,19,0
156,6.24,2,276,6,13,18,0
156,6.24,3,264,5,11,19,0
157,6.28,2,276,7,12,17,0
157,6.28,3,264,6,12,18,0
158,6.32,2,264,6,25,18,0
159,6.36,2,264,6,24,18,0
160,6.4,3,264,6,11,18,0
161,6.44,2,275,7,13,17,0
161,6.44,3,264,6,11,18,0
162,6.48,3,264,7,25,17,0
163,6.52,2,264,4,12,20,0
163,6.52,3,276,6,13,18,0
164,6.56,2,264,7,13,17,0
164,6.56,3,276,6,13,17,0
165,6.6,2,264,6,14,18,0
166,6.64,2,264,6,25,18,0
167,6.68,2,264,7,24,17,0
168,6.72,2,264,7,13,17,0
168,6.72,3,276,6,13,18,0
169,6.76,3,264,7,25,17,0
170,6.8,3,264,7,12,17,0
171,6.84,2,274,7,15,17,0
171,6.84,3,264,7,11,17,0
172,6.88,1,237,7,11,17,0
172,6.88,3,264,7,24,17,0
173,6.92,1,237,7,11,17,0
173,6.92,2,264,7,11,17,0
173,6.92,3,276,6,13,18,0
174,6.96,1,237,7,11,17,0
174,6.96,3,264,7,25,17,0
175,7.0,1,237,7,11,17,0
176,7.04,1,237,7,11,17,0
176,7.04,3,276,6,13,17,0
177,7.08,1,237,7,11,17,0
177,7.08,2,265,5,11,12,0
177,7.08,3,264,7,25,17,0
178,7.12,1,237,7,11,17,0
178,7.12,3,265,5,24,19,0
179,7.16,1,237,7,11,17,0
179,7.16,2,265,5,11,12,0
179,7.16,3,264,7,25,17,0
180,7.2,1,237,7,11,17,0
180,7.2,2,264,7,13,17,0
181,7.24,1,237,7,11,17,0
181,7.24,3,264,6,25,18,0
182,7.28,1,237,7,11,17,0
182,7.28,3,264,7,25,17,0
183,7.32,1,237,7,11,17,0
183,7.32,3,264,6,25,18,0
184,7.36,1,237,7,11,17,0
184,7.36,3,264,7,25,17,0
185,7.4,1,237,7,11,17,0
185,7.4,3,264,7,15,17,0
186,7.44,1,237,7,11,17,0
186,7.44,2,274,6,15,18,0
186,7.44,3,264,7,11,17,0
187,7.48,1,237,7,11,17,0
187,7.48,2,274,7,15,16,0
187,7.48,3,264,5,11,19,0
188,7.52,1,237,7,11,17,0
188,7.52,2,276,6,13,18,0
188,7.52,3,264,5,13,18,0
189,7.56,1,237,7,11,17,0
189,7.56,3,264,5,24,19,0
190,7.6,1,237,7,11,17,0
191,7.64,1,237,7,11,17,0
191,7.64,2,276,6,13,18,0
192,7.68,1,237,7,11,17,0
192,7.68,2,264,7,24,17,0
193,7.72,1,237,7,11,17,0
193,7.72,2,264,7,12,17,0
193,7.72,3,275,6,14,18,0
194,7.76,1,237,7,11,17,0
194,7.76,3,264,7,25,17,0
195,7.8,1,237,7,11,17,0
195,7.8,3,264,7,12,17,0
196,7.84,1,237,7,11,17,0
196,7.84,2,276,6,13,17,0
196,7.84,3,264,7,12,17,0
197,7.88,1,237,9,11,15,0
197,7.88,3,264,7,25,17,0
198,7.92,1,237,9,11,15,0
198,7.92,2,264,7,13,17,0
198,7.92,3,276,6,13,18,0
199,7.96,1,237,9,11,15,0
199,7.96,2,264,7,11,17,0
199,7.96,3,276,6,12,18,0
200,8.0,1,237,9,11,15,0
201,8.04,1,237,9,11,15,0
201,8.04,3,276,6,13,18,0
202,8.08,1,237,9,11,15,0
202,8.08,2,264,7,12,17,0
202,8.08,3,276,6,13,18,0
203,8.12,1,237,9,11,15,0
203,8.12,3,276,6,13,18,0
204,8.16,1,237,9,11,15,0
204,8.16,3,264,6,25,18,0
205,8.2,1,237,9,11,15,0
205,8.2,2,264,7,12,17,0
206,8.24,1,237,9,11,15,0
206,8.24,2,264,6,24,18,0
207,8.28,1,237,9,11,15,0
207,8.28,2,264,6,25,18,0
208,8.32,1,237,9,11,15,0
208,8.32,2,264,4,25,20,0
209,8.36,1,237,9,11,15,0
209,8.36,2,264,6,25,18,0
210,8.4,1,237,9,11,15,0
210,8.4,2,264,4,11,20,0
211,8.44,1,237,9,11,15,0
211,8.44,2,264,4,24,20,0
212,8.48,1,237,9,11,15,0
212,8.48,2,264,6,25,18,0
213,8.52,1,237,9,11,15,0
213,8.52,2,276,6,13,18,0
213,8.52,3,264,4,11,20,0
214,8.56,1,237,9,11,15,0
214,8.56,2,276,6,13,17,0
214,8.56,3,264,7,11,17,0
215,8.6,1,237,9,11,15,0
215,8.6,3,264,6,11,18,0
216,8.64,1,237,9,11,15,0
216,8.64,2,275,7,14,17,0
216,8.64,3,264,6,11,18,0
217,8.68,1,237,9,11,15,0
217,8.68,2,275,6,14,18,0
217,8.68,3,264,7,11,17,0
218,8.72,1,237,9,11,15,0
218,8.72,2,264,6,25,18,0
219,8.76,1,237,9,11,15,0
219,8.76,2,264,7,25,17,0
220,8.8,1,237,9,11,15,0
220,8.8,3,264,7,10,17,0
221,8.84,1,237,9,11,15,0
221,8.84,2,276,7,13,17,0
221,8.84,3,264,7,11,17,0
222,8.88,2,275,7,14,17,0
222,8.88,3,264,7,10,17,0
223,8.92,2,276,6,13,18,0
223,8.92,3,264,7,11,17,0
224,8.96,2,264,6,25,18,0
225,9.0,,,,,,0
226,9.04,3,276,6,13,18,0
227,9.08,3,265,6,24,17,0
228,9.12,3,264,5,25,19,0
229,9.16,3,264,6,25,18,0
230,9.2,3,264,6,11,18,0
231,9.24,3,264,6,25,18,0
232,9.28,3,264,5,25,19,0
233,9.32,3,264,4,25,20,0
234,9.36,1,264,5,12,19,0
234,9.36,3,276,6,13,18,0
235,9.4,1,264,7,13,17,0
236,9.44,1,264,7,12,17,0
236,9.44,3,276,6,13,18,0
237,9.48,3,264,7,25,17,0
238,9.52,3,264,4,25,20,0
239,9.56,3,264,4,25,20,0
240,9.6,,,,,,0
241,9.64,3,276,6,13,18,0
242,9.68,1,264,7,11,17,0
242,9.68,3,275,7,14,16,0
243,9.72,1,264,7,11,17,0
243,9.72,3,275,6,14,18,0
244,9.76,1,264,7,10,17,0
244,9.76,3,276,7,13,17,0
245,9.8,1,264,7,11,17,0
246,9.84,1,264,5,25,19,0
247,9.88,1,275,7,14,16,0
247,9.88,3,264,7,11,17,0
247,9.88,4,224,6,13,18,0
248,9.92,1,276,6,14,18,0
248,9.92,3,264,7,12,17,0
248,9.92,4,224,6,13,18,0
249,9.96,1,276,7,14,17,0
249,9.96,3,264,7,12,17,0
249,9.96,4,224,6,13,18,0
250,10.0,4,224,6,13,18,0
251,10.04,1,276,6,12,18,0
251,10.04,4,224,6,13,18,0
252,10.08,1,265,6,24,18,0
252,10.08,4,224,6,13,18,0
253,10.12,1,276,6,13,18,0
253,10.12,4,224,6,13,18,0
254,10.16,3,265,6,24,18,0
254,10.16,4,224,6,13,18,0
255,10.2,3,264,4,11,19,0
255,10.2,4,224,6,14,18,0
256,10.24,3,264,4,25,20,0
256,10.24,4,224,6,14,18,0
257,10.28,3,264,6,25,18,0
257,10.28,4,224,6,14,18,0
258,10.32,3,264,5,26,19,0
258,10.32,4,224,6,14,18,0
259,10.36,3,264,5,26,19,0
259,10.36,4,224,6,14,18,0
260,10.4,3,264,4,14,20,0
260,10.4,4,224,6,14,18,0
261,10.44,1,276,6,13,18,0
261,10.44,3,264,4,11,20,0
261,10.44,4,224,6,14,18,0
262,10.48,1,276,7,13,17,0
262,10.48,3,264,5,11,18,0
262,10.48,4,224,6,14,18,0
263,10.52,1,277,6,12,18,0
263,10.52,3,264,5,11,18,0
263,10.52,4,224,6,14,18,0
264,10.56,1,276,7,13,17,0
264,10.56,3,264,5,11,18,0
264,10.56,4,224,6,14,18,0
265,10.6,3,264,4,11,20,0
265,10.6,4,224,6,14,18,0
266,10.64,1,276,6,13,18,0
266,10.64,3,264,4,12,20,0
266,10.64,4,224,6,14,18,0
267,10.68,1,264,5,25,19,0
267,10.68,4,224,6,14,18,0
268,10.72,1,264,5,13,19,0
268,10.72,3,276,6,13,18,0
268,10.72,4,224,6,14,18,0
269,10.76,1,264,5,25,19,0
269,10.76,4,224,6,14,18,0
270,10.8,1,264,5,12,19,0
270,10.8,4,224,6,14,18,0
271,10.84,1,264,5,12,19,0
271,10.84,3,276,7,13,17,0
271,10.84,4,224,6,14,18,0
272,10.88,1,264,7,11,17,0
272,10.88,3,276,7,13,16,0
272,10.88,4,224,5,24,19,0
273,10.92,1,264,7,12,17,0
273,10.92,3,276,6,13,18,0
273,10.92,4,224,5,24,19,0
274,10.96,1,264,7,12,17,0
274,10.96,3,276,6,13,18,0
274,10.96,4,224,5,24,19,0
275,11.0,4,224,5,24,19,0
276,11.04,3,276,6,13,18,0
276,11.04,4,224,5,24,19,0
277,11.08,1,264,6,12,18,0
277,11.08,3,276,7,12,17,0
277,11.08,4,224,5,24,19,0
278,11.12,3,264,4,26,20,0
278,11.12,4,224,5,24,19,0
279,11.16,3,264,6,25,18,0
279,11.16,4,224,5,24,19,0
280,11.2,1,264,6,11,17,0
280,11.2,4,224,5,24,19,0
281,11.24,1,264,6,11,17,0
281,11.24,3,276,5,13,19,0
281,11.24,4,224,5,24,19,0
282,11.28,1,264,7,12,17,0
282,11.28,3,276,6,13,18,0
282,11.28,4,224,5,24,19,0
283,11.32,3,264,6,25,18,0
283,11.32,4,224,5,24,19,0
284,11.36,3,264,6,25,18,0
284,11.36,4,224,5,24,19,0
285,11.4,1,264,7,14,17,0
285,11.4,4,224,5,24,19,0
286,11.44,1,264,7,12,16,0
286,11.44,3,277,7,12,16,0
286,11.44,4,224,5,24,19,0
287,11.48,1,264,7,25,17,0
287,11.48,4,224,6,24,18,0
288,11.52,1,277,6,11,18,0
288,11.52,3,264,7,12,17,0
288,11.52,4,224,6,24,18,0
289,11.56,1,277,7,12,17,0
289,11.56,3,264,7,12,17,0
289,11.56,4,224,6,24,18,0
290,11.6,4,224,6,24,18,0
291,11.64,3,264,6,25,18,0
291,11.64,4,224,6,24,18,0
292,11.68,1,264,7,11,17,0
292,11.68,3,275,6,13,18,0
292,11.68,4,224,6,24,18,0
293,11.72,1,264,7,11,17,0
293,11.72,3,275,6,13,18,0
293,11.72,4,224,6,24,18,0
294,11.76,1,264,7,11,17,0
294,11.76,3,277,6,11,18,0
294,11.76,4,224,6,24,18,0
295,11.8,1,264,7,11,17,0
295,11.8,4,224,6,24,18,0
296,11.84,1,264,7,10,17,0
296,11.84,3,275,5,13,19,0
296,11.84,4,224,6,24,18,0
297,11.88,1,264,7,12,16,0
297,11.88,3,276,6,12,17,0
297,11.88,4,224,6,26,18,0
298,11.92,1,264,7,11,16,0
298,11.92,3,276,5,12,19,0
298,11.92,4,224,6,26,18,0
299,11.96,1,264,7,11,16,0
299,11.96,3,276,7,12,17,0
299,11.96,4,224,6,26,18,0
300,12.0,4,224,6,26,18,0
301,12.04,3,274,5,14,19,0
301,12.04,4,224,6,26,18,0
302,12.08,1,264,6,13,18,0
302,12.08,3,277,6,11,18,0
302,12.08,4,224,6,26,18,0
303,12.12,1,264,6,12,18,0
303,12.12,3,277,6,11,18,0
303,12.12,4,224,6,26,18,0
304,12.16,1,264,6,24,18,0
304,12.16,4,224,6,26,18,0
305,12.2,1,264,6,12,17,0
305,12.2,4,224,6,26,18,0
306,12.24,1,264,5,12,18,0
306,12.24,3,275,5,13,18,0
306,12.24,4,224,6,26,18,0
307,12.28,3,264,6,24,18,0
307,12.28,4,224,6,26,18,0
308,12.32,3,264,4,24,20,0
308,12.32,4,224,6,26,18,0
309,12.36,1,264,4,12,20,0
309,12.36,3,277,6,11,18,0
309,12.36,4,224,6,26,18,0
310,12.4,1,265,7,15,17,0
310,12.4,4,224,6,26,18,0
311,12.44,1,265,6,23,18,0
311,12.44,4,224,6,26,18,0
312,12.48,1,264,5,24,19,0
312,12.48,4,224,6,26,18,0
313,12.52,1,264,5,12,19,0
313,12.52,3,277,6,11,18,0
313,12.52,4,224,6,26,18,0
314,12.56,3,264,5,24,19,0
314,12.56,4,224,6,26,18,0
315,12.6,3,264,7,11,17,0
315,12.6,4,224,6,26,18,0
316,12.64,1,277,7,11,17,0
316,12.64,3,264,7,13,17,0
316,12.64,4,224,6,26,18,0
317,12.68,3,264,6,24,18,0
317,12.68,4,224,6,26,18,0
318,12.72,1,264,7,12,17,0
318,12.72,3,277,5,12,19,0
318,12.72,4,224,6,26,18,0
319,12.76,1,264,6,25,18,0
319,12.76,4,224,6,26,18,0
320,12.8,1,264,7,12,17,0
320,12.8,4,224,6,26,18,0
321,12.84,1,264,7,11,17,0
321,12.84,3,277,6,11,18,0
321,12.84,4,224,6,26,18,0
322,12.88,1,264,7,11,17,0
322,12.88,3,276,6,12,18,0
322,12.88,4,224,6,14,18,0
323,12.92,1,264,7,11,17,0
323,12.92,3,277,6,11,18,0
323,12.92,4,224,6,14,18,0
324,12.96,1,264,7,11,17,0
324,12.96,3,276,6,12,18,0
324,12.96,4,224,6,14,18,0
325,13.0,4,224,6,14,18,0
326,13.04,3,276,7,12,16,0
326,13.04,4,225,6,13,18,0
327,13.08,3,265,6,22,18,0
327,13.08,4,225,6,13,18,0
328,13.12,3,265,6,23,18,0
328,13.12,4,225,6,13,18,0
329,13.16,3,265,6,23,18,0
329,13.16,4,225,6,13,18,0
330,13.2,1,264,7,12,17,0
330,13.2,4,225,6,13,18,0
331,13.24,1,264,7,12,17,0
331,13.24,3,275,6,13,17,0
331,13.24,4,225,6,13,18,0
332,13.28,1,264,7,24,17,0
332,13.28,4,225,6,13,18,0
333,13.32,1,264,6,24,18,0
333,13.32,4,225,6,13,18,0
334,13.36,1,264,7,24,17,0
334,13.36,4,225,6,13,18,0
335,13.4,1,264,7,11,17,0
335,13.4,4,225,6,13,18,0
336,13.44,1,264,7,11,17,0
336,13.44,3,276,6,14,18,0
336,13.44,4,225,6,13,18,0
337,13.48,1,264,7,11,16,0
337,13.48,3,275,7,15,17,0
337,13.48,4,225,6,13,18,0
338,13.52,3,264,6,26,18,0
338,13.52,4,225,6,13,18,0
339,13.56,3,264,7,25,17,0
339,13.56,4,225,6,12,18,0
340,13.6,4,225,6,12,18,0
341,13.64,3,276,6,12,18,0
341,13.64,4,225,6,12,18,0
342,13.68,1,264,7,11,16,0
342,13.68,4,225,6,12,18,0
343,13.72,1,264,7,13,16,0
343,13.72,3,276,6,12,18,0
343,13.72,4,225,6,12,18,0
344,13.76,1,264,7,11,16,0
344,13.76,4,225,6,12,18,0
345,13.8,1,264,7,11,17,0
345,13.8,4,225,6,12,18,0
346,13.84,1,264,7,11,17,0
346,13.84,3,274,6,13,18,0
346,13.84,4,225,6,12,18,0
347,13.88,1,264,7,11,17,0
347,13.88,3,275,6,14,18,0
347,13.88,4,225,5,23,19,0
348,13.92,1,264,7,12,17,0
348,13.92,3,276,6,13,18,0
348,13.92,4,225,5,23,19,0
349,13.96,1,264,7,11,17,0
349,13.96,4,225,5,23,19,0
350,14.0,4,225,5,23,19,0
351,14.04,3,274,7,14,17,0
351,14.04,4,225,5,23,19,0
352,14.08,3,264,6,24,18,0
352,14.08,4,225,5,23,19,0
353,14.12,3,276,6,11,18,0
353,14.12,4,225,5,23,19,0
354,14.16,1,264,6,23,18,0
354,14.16,4,225,5,23,19,0
355,14.2,4,225,5,23,19,0
356,14.24,1,276,7,12,16,0
356,14.24,4,225,5,23,19,0
357,14.28,1,264,7,24,17,0
357,14.28,4,225,5,23,19,0
358,14.32,1,264,4,24,20,0
358,14.32,4,225,5,23,19,0
359,14.36,1,264,6,24,18,0
359,14.36,4,225,5,23,19,0
360,14.4,4,225,5,23,19,0
361,14.44,4,225,5,23,19,0
362,14.48,1,274,6,14,17,0
362,14.48,3,264,7,11,17,0
362,14.48,4,225,5,23,19,0
363,14.52,1,276,6,12,18,0
363,14.52,3,264,7,11,17,0
363,14.52,4,225,5,23,19,0
364,14.56,3,264,7,23,17,0
364,14.56,4,225,5,23,19,0
365,14.6,4,225,5,23,19,0
366,14.64,1,276,7,12,16,0
366,14.64,4,225,5,23,19,0
367,14.68,1,276,6,12,18,0
367,14.68,3,264,6,11,17,0
367,14.68,4,225,5,23,19,0
368,14.72,1,277,7,11,16,0
368,14.72,3,264,6,12,17,0
368,14.72,4,225,5,23,19,0
369,14.76,1,276,7,11,15,0
369,14.76,3,264,6,12,17,0
369,14.76,4,225,5,23,19,0
370,14.8,3,264,6,12,17,0
370,14.8,4,225,5,23,19,0
371,14.84,3,264,6,11,17,0
371,14.84,4,225,5,23,19,0
372,14.88,1,276,6,12,17,0
372,14.88,4,225,6,13,18,0
373,14.92,1,268,5,20,18,0
373,14.92,4,225,6,13,18,0
374,14.96,1,276,6,12,18,0
374,14.96,4,225,6,13,18,0
375,15.0,4,225,6,13,18,0
376,15.04,1,276,7,13,16,0
376,15.04,4,225,6,13,18,0
377,15.08,1,265,5,24,18,0
377,15.08,4,225,6,13,18,0
378,15.12,1,264,5,23,19,0
378,15.12,4,225,6,13,18,0
379,15.16,1,264,7,24,17,0
379,15.16,4,225,6,13,18,0
380,15.2,3,264,5,13,18,0
380,15.2,4,225,6,13,18,0
381,15.24,3,264,5,11,18,0
381,15.24,4,225,6,13,18,0
382,15.28,1,276,7,12,18,0
382,15.28,3,264,7,12,17,0
382,15.28,4,225,6,13,18,0
383,15.32,3,264,5,24,19,0
383,15.32,4,225,6,13,18,0
384,15.36,3,264,5,24,19,0
384,15.36,4,225,6,13,18,0
385,15.4,4,225,6,13,18,0
386,15.44,4,225,6,13,18,0
387,15.48,4,225,6,13,18,0
388,15.52,3,269,4,19,20,0
388,15.52,4,225,6,13,18,0
389,15.56,3,276,7,11,15,0
389,15.56,4,225,6,13,18,0
390,15.6,4,225,6,13,18,0
391,15.64,4,225,6,13,18,0
392,15.68,3,264,7,24,17,0
392,15.68,4,225,6,13,18,0
393,15.72,1,276,6,10,18,0
393,15.72,3,264,7,12,17,0
393,15.72,4,225,6,13,18,0
394,15.76,1,275,7,11,17,0
394,15.76,3,264,7,11,17,0
394,15.76,4,225,6,13,18,0
395,15.8,3,264,7,10,16,0
395,15.8,4,225,6,13,18,0
396,15.84,1,275,6,12,18,0
396,15.84,3,264,7,11,16,0
396,15.84,4,225,6,13,18,0
397,15.88,3,264,7,18,17,0
397,15.88,4,225,6,12,18,0
398,15.92,1,277,5,11,19,0
398,15.92,3,264,7,10,17,0
398,15.92,4,225,6,12,18,0
399,15.96,3,264,7,11,17,0
399,15.96,4,225,6,12,18,0
400,16.0,4,225,6,12,18,0
401,16.04,4,225,6,12,18,0
402,16.08,4,225,6,12,18,0
403,16.12,3,264,6,23,18,0
403,16.12,4,225,6,12,18,0
404,16.16,4,225,6,12,18,0
405,16.2,3,264,6,12,18,0
405,16.2,4,225,6,12,18,0
406,16.24,3,264,6,12,18,0
406,16.24,4,225,6,12,18,0
407,16.28,3,264,7,17,17,0
407,16.28,4,225,6,12,18,0
408,16.32,3,264,4,24,20,0
408,16.32,4,225,6,12,18,0
409,16.36,3,264,4,24,20,0
409,16.36,4,225,6,12,18,0
410,16.4,4,225,6,12,18,0
411,16.44,3,277,7,11,16,0
411,16.44,4,225,6,12,18,0
412,16.48,3,264,6,10,18,0
412,16.48,4,225,6,12,18,0
413,16.52,1,276,6,12,18,0
413,16.52,3,264,6,10,18,0
413,16.52,4,225,6,12,18,0
414,16.56,3,264,6,10,18,0
414,16.56,4,225,6,12,18,0
415,16.6,4,225,6,12,18,0
416,16.64,1,275,5,11,19,0
416,16.64,4,225,6,12,18,0
417,16.68,1,275,7,12,17,0
417,16.68,3,264,6,11,18,0
417,16.68,4,225,6,12,18,0
418,16.72,1,276,6,12,17,0
418,16.72,3,264,6,11,18,0
418,16.72,4,225,6,12,18,0
419,16.76,3,264,6,11,18,0
419,16.76,4,225,6,12,18,0
420,16.8,3,264,6,11,18,0
420,16.8,4,225,6,12,18,0
421,16.84,3,264,6,24,18,0
421,16.84,4,225,6,12,18,0
422,16.88,1,264,6,12,18,0
422,16.88,3,275,7,13,16,0
422,16.88,4,225,6,12,18,0
423,16.92,1,264,6,24,18,0
423,16.92,4,225,6,12,18,0
424,16.96,1,275,7,12,11,0
424,16.96,3,264,6,12,18,0
424,16.96,4,225,6,12,18,0
425,17.0,4,225,6,12,18,0
426,17.04,1,275,7,12,17,0
426,17.04,4,225,6,12,18,0
427,17.08,1,265,7,22,17,0
427,17.08,4,225,6,12,18,0
428,17.12,1,276,4,12,20,0
428,17.12,4,225,6,12,18,0
429,17.16,4,225,6,10,18,0
430,17.2,4,225,6,10,18,0
431,17.24,1,264,6,24,18,0
431,17.24,4,225,6,10,18,0
432,17.28,1,264,7,14,16,0
432,17.28,4,225,6,10,18,0
433,17.32,1,264,7,24,17,0
433,17.32,4,225,6,10,18,0
434,17.36,1,264,7,12,16,0
434,17.36,4,225,6,10,18,0
435,17.4,4,225,6,10,18,0
436,17.44,1,276,6,11,18,0
436,17.44,4,225,6,10,18,0
437,17.48,4,225,6,10,18,0
438,17.52,1,264,6,23,18,0
438,17.52,4,225,6,10,18,0
439,17.56,1,264,6,22,17,0
439,17.56,4,225,6,10,18,0
440,17.6,4,225,6,10,18,0
441,17.64,4,225,6,10,18,0
442,17.68,1,264,6,11,17,0
442,17.68,4,225,6,10,18,0
443,17.72,1,264,6,11,17,0
443,17.72,4,225,6,10,18,0
443,17.72,5,276,5,11,19,0
444,17.76,1,264,6,11,17,0
444,17.76,4,225,6,10,18,0
444,17.76,5,276,6,10,13,0
445,17.8,4,225,6,10,18,0
446,17.84,4,225,6,10,18,0
446,17.84,5,276,6,11,17,0
447,17.88,1,264,6,11,18,0
447,17.88,4,225,6,10,18,0
448,17.92,1,264,6,12,18,0
448,17.92,4,225,6,10,18,0
448,17.92,5,276,4,12,20,0
449,17.96,1,264,6,11,18,0
449,17.96,4,225,6,10,18,0
450,18.0,4,225,6,10,18,0
451,18.04,4,225,6,10,18,0
452,18.08,4,225,6,10,18,0
453,18.12,4,225,6,10,18,0
453,18.12,5,270,5,18,18,0
454,18.16,4,225,6,10,18,0
455,18.2,1,264,6,12,18,0
455,18.2,4,225,6,10,18,0
456,18.24,4,225,6,10,18,0
456,18.24,5,264,4,24,20,0
457,18.28,1,264,5,14,20,0
457,18.28,4,225,6,10,18,0
458,18.32,4,225,6,10,18,0
458,18.32,5,264,4,34,20,0
459,18.36,1,264,6,23,18,0
459,18.36,4,225,6,10,18,0
460,18.4,4,225,6,10,18,0
461,18.44,1,276,6,12,15,0
461,18.44,4,225,6,10,18,0
462,18.48,4,225,6,10,18,0
463,18.52,1,277,5,11,19,0
463,18.52,4,225,6,10,18,0
464,18.56,4,225,6,10,18,0
465,18.6,4,225,6,10,18,0
466,18.64,4,225,6,10,18,0
467,18.68,1,264,7,11,17,0
468,18.72,1,264,7,12,17,0
468,18.72,5,276,6,12,18,0
469,18.76,1,264,7,14,17,0
470,18.8,,,,,,0
471,18.84,,,,,,0
472,18.88,,,,,,0
473,18.92,,,,,,0
474,18.96,,,,,,0
475,19.0,,,,,,0
476,19.04,5,275,6,13,17,0
477,19.08,,,,,,0
478,19.12,5,276,6,11,17,0
479,19.16,,,,,,0
480,19.2,,,,,,0
481,19.24,,,,,,0
482,19.28,5,264,7,19,17,0
483,19.32,5,264,4,23,20,0
484,19.36,5,264,5,23,19,0
485,19.4,,,,,,0
486,19.44,,,,,,0
487,19.48,,,,,,0
488,19.52,5,277,6,11,18,0
489,19.56,,,,,,0
490,19.6,,,,,,0
491,19.64,,,,,,0
492,19.68,,,,,,0
493,19.72,5,264,7,22,17,0
494,19.76,5,264,7,23,17,0
495,19.8,5,264,7,12,16,0
496,19.84,5,264,6,24,17,0
497,19.88,5,269,7,19,17,0
498,19.92,,,,,,0
499,19.96,,,,,,0
500,20.0,,,,,,0
501,20.04,5,276,5,12,17,0
502,20.08,,,,,,0
503,20.12,,,,,,0
504,20.16,,,,,,0
505,20.2,,,,,,0
506,20.24,,,,,,0
507,20.28,5,264,7,14,17,0
508,20.32,5,264,7,10,17,0
509,20.36,5,264,7,15,17,0
510,20.4,,,,,,0
511,20.44,,,,,,0
512,20.48,,,,,,0
513,20.52,,,,,,0
514,20.56,,,,,,0
515,20.6,,,,,,0
516,20.64,,,,,,0
517,20.68,,,,,,0
518,20.72,,,,,,0
519,20.76,,,,,,0
520,20.8,,,,,,0
521,20.84,5,264,6,24,17,0
522,20.88,5,264,6,10,18,0
522,20.88,6,238,6,10,18,0
523,20.92,5,264,6,12,18,0
523,20.92,6,238,6,10,18,0
524,20.96,5,264,6,11,18,0
524,20.96,6,238,6,10,18,0
525,21.0,6,238,6,10,18,0
526,21.04,6,238,6,10,18,0
527,21.08,6,238,6,10,18,0
528,21.12,6,238,6,10,18,0
529,21.16,6,238,6,10,18,0
530,21.2,6,238,6,10,18,0
531,21.24,6,238,6,10,18,0
532,21.28,6,238,6,10,18,0
533,21.32,6,238,6,10,18,0
534,21.36,6,238,6,10,18,0
535,21.4,6,238,6,10,18,0
536,21.44,6,238,6,10,18,0
537,21.48,6,238,6,10,18,0
538,21.52,6,238,6,10,18,0
539,21.56,6,238,6,10,18,0
540,21.6,6,238,6,10,18,0
541,21.64,6,238,6,10,18,0
542,21.68,6,238,6,10,18,0
543,21.72,6,238,7,10,17,0
544,21.76,6,238,6,10,18,0
545,21.8,6,238,6,10,18,0
546,21.84,5,264,6,24,18,0
546,21.84,6,238,6,10,18,0
547,21.88,,,,,,0
548,21.92,,,,,,0
549,21.96,,,,,,0
550,22.0,,,,,,0
551,22.04,,,,,,0
552,22.08,,,,,,0
553,22.12,,,,,,0
554,22.16,,,,,,0
555,22.2,,,,,,0
556,22.24,,,,,,0
557,22.28,,,,,,0
558,22.32,,,,,,0
559,22.36,,,,,,0
560,22.4,,,,,,0
561,22.44,,,,,,0
562,22.48,,,,,,0
563,22.52,,,,,,0
564,22.56,,,,,,0
565,22.6,,,,,,0
566,22.64,,,,,,0
567,22.68,5,264,6,17,18,0
568,22.72,,,,,,0
569,22.76,,,,,,0
570,22.8,,,,,,0
571,22.84,5,276,6,12,13,0
572,22.88,,,,,,0
573,22.92,,,,,,0
574,22.96,,,,,,0
575,23.0,,,,,,0
576,23.04,,,,,,0
577,23.08,,,,,,0
578,23.12,,,,,,0
579,23.16,,,,,,0
580,23.2,,,,,,0
581,23.24,,,,,,0
582,23.28,5,264,5,16,19,0
583,23.32,5,264,4,12,20,0
584,23.36,5,264,7,12,17,0
585,23.4,,,,,,0
586,23.44,,,,,,0
587,23.48,,,,,,0
588,23.52,,,,,,0
589,23.56,,,,,,0
590,23.6,,,,,,0
591,23.64,,,,,,0
592,23.68,,,,,,0
593,23.72,,,,,,0
594,23.76,,,,,,0
595,23.8,5,264,7,11,17,0
596,23.84,,,,,,0
597,23.88,5,264,7,12,16,0
598,23.92,5,264,7,11,17,0
599,23.96,5,264,7,11,16,0
600,24.0,,,,,,0
601,24.04,,,,,,0
602,24.08,,,,,,0
603,24.12,,,,,,0
604,24.16,,,,,,0
605,24.2,,,,,,0
606,24.24,,,,,,0
607,24.28,,,,,,0
608,24.32,,,,,,0
609,24.36,,,,,,0
610,24.4,,,,,,0
611,24.44,,,,,,0
612,24.48,,,,,,0
613,24.52,,,,,,0
614,24.56,,,,,,0
615,24.6,,,,,,0
616,24.64,,,,,,0
617,24.68,,,,,,0
618,24.72,,,,,,0
619,24.76,,,,,,0
620,24.8,,,,,,0
621,24.84,,,,,,0
622,24.88,,,,,,0
623,24.92,,,,,,0
624,24.96,,,,,,0
625,25.0,,,,,,0
626,25.04,,,,,,0
627,25.08,,,,,,0
628,25.12,,,,,,0
629,25.16,,,,,,0
630,25.2,,,,,,0
631,25.24,,,,,,0
632,25.28,,,,,,0
633,25.32,,,,,,0
634,25.36,,,,,,0
635,25.4,,,,,,0
636,25.44,,,,,,0
637,25.48,,,,,,0
638,25.52,,,,,,0
639,25.56,,,,,,0
640,25.6,,,,,,0
641,25.64,,,,,,0
642,25.68,,,,,,0
643,25.72,7,264,7,12,17,0
644,25.76,,,,,,0
645,25.8,,,,,,0
646,25.84,,,,,,0
647,25.88,,,,,,0
648,25.92,,,,,,0
649,25.96,,,,,,0
650,26.0,,,,,,0
651,26.04,,,,,,0
652,26.08,,,,,,0
653,26.12,,,,,,0
654,26.16,,,,,,0
655,26.2,,,,,,0
656,26.24,,,,,,0
657,26.28,,,,,,0
658,26.32,,,,,,0
659,26.36,,,,,,0
660,26.4,8,438,0,20,8,0
661,26.44,8,446,0,28,11,0
662,26.48,8,458,0,30,14,0
663,26.52,8,470,0,29,13,0
664,26.56,8,476,0,28,15,0
665,26.6,8,477,0,27,17,0
666,26.64,8,477,0,29,22,0
667,26.68,8,477,0,29,23,0
668,26.72,8,477,0,29,24,0
669,26.76,8,477,0,29,24,0
670,26.8,8,477,0,29,24,0
671,26.84,8,477,0,28,23,0
672,26.88,8,477,0,28,23,0
673,26.92,7,276,7,10,17,0
673,26.92,8,477,0,28,23,0
674,26.96,8,478,0,27,23,0
674,26.96,9,499,0,22,16,0
675,27.0,8,477,0,28,23,0
675,27.0,9,506,0,33,20,0
676,27.04,8,478,0,27,23,0
676,27.04,9,527,0,13,10,0
676,27.04,10,522,11,36,13,0
677,27.08,8,478,0,27,23,0
677,27.08,9,539,0,11,13,0
677,27.08,10,537,13,31,11,0
678,27.12,8,478,0,27,23,0
678,27.12,10,544,0,32,29,0
679,27.16,8,480,0,25,23,0
679,27.16,9,545,0,31,32,0
680,27.2,8,484,0,44,23,0
680,27.2,9,545,0,29,36,0
681,27.24,8,492,0,78,34,0
682,27.28,8,502,0,73,34,0
683,27.32,8,513,0,63,26,0
683,27.32,9,545,13,23,21,0
684,27.36,9,525,0,65,34,0
685,27.4,9,537,0,61,34,0
686,27.44,9,545,0,63,34,0
687,27.48,8,546,0,36,36,0
687,27.48,9,573,0,41,37,0
688,27.52,8,546,0,37,35,0
688,27.52,9,590,0,26,34,0
688,27.52,11,593,40,14,18,0
689,27.56,8,547,0,37,35,0
689,27.56,9,592,0,30,42,0
690,27.6,8,548,0,76,35,0
691,27.64,8,549,0,84,36,0
692,27.68,8,552,0,88,40,0
693,27.72,8,560,0,88,40,0
694,27.76,8,566,0,90,44,0
695,27.8,8,580,0,84,45,0
696,27.84,8,607,0,61,45,0
696,27.84,11,592,17,16,17,0
697,27.88,8,616,0,58,46,0
698,27.92,8,624,0,61,46,0
699,27.96,8,632,0,64,47,0
700,28.0,8,632,0,72,48,0
701,28.04,8,632,0,85,50,0
702,28.08,8,638,0,88,60,0
703,28.12,8,639,0,96,64,0
704,28.16,8,642,0,98,64,0
705,28.2,8,658,0,88,66,0
706,28.24,8,682,0,68,70,0
707,28.28,8,685,0,63,72,0
708,28.32,8,685,0,68,72,0
709,28.36,8,699,0,61,80,0
710,28.4,8,700,0,68,82,0
711,28.44,8,702,0,74,97,0
711,28.44,9,700,93,12,22,0
712,28.48,8,702,0,88,102,0
712,28.48,9,712,104,15,22,0
713,28.52,8,703,0,89,133,0
713,28.52,12,787,39,12,13,0
714,28.56,8,705,0,101,144,0
715,28.6,8,707,0,99,145,0
715,28.6,12,800,47,16,15,0
716,28.64,8,707,0,108,149,0
716,28.64,12,801,48,21,20,0
717,28.68,8,711,0,115,156,0
718,28.72,8,712,6,116,156,0
718,28.72,13,703,87,12,14,0
719,28.76,8,714,8,115,153,0
720,28.8,8,711,16,119,145,0
721,28.84,8,720,18,115,143,0
722,28.88,8,730,16,110,145,0
723,28.92,8,742,19,106,142,0
724,28.96,8,745,24,105,137,0
725,29.0,8,746,28,110,133,0
726,29.04,8,744,31,116,132,0
726,29.04,14,768,139,15,22,0
727,29.08,8,745,32,112,130,0
727,29.08,14,780,154,16,21,0
728,29.12,8,746,37,128,151,0
729,29.16,8,746,46,126,144,0
730,29.2,8,748,47,132,148,0
731,29.24,8,747,54,133,147,0
732,29.28,8,752,76,117,134,0
732,29.28,12,844,57,36,27,0
733,29.32,8,757,60,127,151,0
734,29.36,8,761,65,133,146,0
735,29.4,8,769,67,135,145,0
736,29.44,8,786,68,124,144,0
737,29.48,8,796,71,120,141,0
738,29.52,8,801,71,120,141,0
739,29.56,8,810,75,116,137,0
739,29.56,12,890,143,8,13,0
740,29.6,8,806,80,124,154,0
741,29.64,8,806,86,129,160,0
742,29.68,8,806,90,134,163,0
742,29.68,12,902,142,24,30,0
743,29.72,8,806,96,138,158,0
744,29.76,8,808,97,138,160,0
744,29.76,12,914,152,25,26,0
745,29.8,8,809,105,142,155,0
746,29.84,8,810,107,149,157,0
747,29.88,8,820,114,144,152,0
748,29.92,8,826,118,142,148,0
749,29.96,8,848,120,125,146,0
750,30.0,8,851,122,128,145,0
751,30.04,8,859,124,126,143,0
752,30.08,8,866,129,123,138,0
753,30.12,8,866,130,126,137,0
754,30.16,8,865,134,135,133,0
755,30.2,8,865,136,137,131,0
755,30.2,15,896,250,16,16,0
756,30.24,8,864,138,141,128,0
756,30.24,15,908,260,20,13,0
757,30.28,8,864,143,143,134,0
758,30.32,8,865,146,148,134,0
759,30.36,8,866,151,149,131,0
760,30.4,8,869,153,152,132,0
761,30.44,8,877,154,147,133,0
762,30.48,8,883,157,145,132,0
763,30.52,8,904,159,129,129,0
764,30.56,8,908,160,130,128,0
765,30.6,8,917,162,127,126,0
766,30.64,8,924,164,123,124,0
767,30.68,8,932,166,118,122,0
768,30.72,8,927,168,127,127,0
769,30.76,8,927,170,129,132,0
770,30.8,8,929,172,131,140,0
771,30.84,8,929,174,133,135,0
772,30.88,8,928,178,136,130,0
772,30.88,16,238,6,10,18,0
773,30.92,8,931,180,137,127,0
774,30.96,8,931,182,140,123,0
775,31.0,8,937,184,138,122,0
776,31.04,8,945,185,134,121,0
777,31.08,8,956,186,127,120,0
778,31.12,8,964,186,122,120,0
779,31.16,8,967,186,121,120,0
780,31.2,8,972,186,121,120,0
781,31.24,8,978,185,117,121,0
782,31.28,8,985,184,112,122,0
783,31.32,8,983,184,114,122,0
784,31.36,8,983,182,116,124,0
785,31.4,8,983,182,117,124,0
786,31.44,8,984,180,117,126,0
787,31.48,8,984,179,117,128,0
788,31.52,8,987,179,114,127,0
789,31.56,8,994,177,108,128,0
790,31.6,8,1004,175,99,115,0
791,31.64,8,1006,172,98,118,0
792,31.68,8,1007,170,96,116,0
793,31.72,8,1007,167,97,117,0
794,31.76,8,1008,166,97,114,0
795,31.8,8,1006,165,100,112,0
796,31.84,8,1006,163,100,109,0
797,31.88,8,1006,162,100,109,0
798,31.92,8,1006,160,100,111,0
799,31.96,8,1006,159,100,113,0
800,32.0,8,1007,157,100,114,0
801,32.04,8,1006,155,101,117,0
802,32.08,8,1007,154,100,117,0
803,32.12,8,1018,151,90,107,0
804,32.16,8,1015,149,95,110,0
805,32.2,8,1018,147,92,103,0
806,32.24,8,1018,145,92,98,0
807,32.28,8,1020,141,91,101,0
808,32.32,8,1021,138,91,103,0
809,32.36,8,1019,136,91,105,0
810,32.4,8,1021,133,89,108,0
811,32.44,8,1018,130,91,111,0
812,32.48,8,1008,128,100,112,0
813,32.52,8,1013,125,90,116,0
814,32.56,8,1003,123,98,111,0
815,32.6,8,1014,120,85,120,0
815,32.6,17,1002,169,10,22,0
816,32.64,8,1012,117,85,113,0
817,32.68,8,1002,114,94,110,0
818,32.72,8,1002,110,93,115,0
819,32.76,8,1000,106,91,115,0
820,32.8,8,1000,102,93,111,0
821,32.84,8,1000,98,90,104,0
822,32.88,8,1000,94,90,101,0
823,32.92,8,1000,89,90,104,0
824,32.96,8,1007,88,82,96,0
825,33.0,8,1000,86,86,103,0
826,33.04,8,1000,84,84,105,0
827,33.08,8,1000,82,82,107,0
828,33.12,8,1000,78,80,111,0
829,33.16,8,995,76,83,115,0
830,33.2,8,1002,73,78,107,0
831,33.24,8,989,72,85,114,0
832,33.28,8,990,70,82,109,0
833,33.32,8,990,66,82,104,0
834,33.36,8,996,63,76,100,0
835,33.4,8,990,60,82,96,0
836,33.44,8,990,58,81,92,0
837,33.48,8,995,54,73,94,0
838,33.52,8,988,51,79,97,0
839,33.56,8,989,52,75,95,0
840,33.6,8,986,50,76,97,0
841,33.64,8,980,47,80,100,0
842,33.68,8,978,45,79,102,0
843,33.72,8,974,42,81,104,0
844,33.76,8,976,40,78,97,0
845,33.8,8,976,37,75,100,0
846,33.84,8,967,34,82,99,0
847,33.88,8,974,28,74,99,0
848,33.92,8,974,28,71,97,0
849,33.96,8,973,22,72,98,0
850,34.0,8,973,18,69,94,0
851,34.04,8,973,18,67,82,0
852,34.08,8,973,16,67,86,0
853,34.12,8,970,14,71,83,0
854,34.16,8,970,10,70,88,0
855,34.2,8,966,8,70,88,0
856,34.24,8,959,6,74,90,0
857,34.28,8,956,6,79,90,0
858,34.32,8,960,0,74,94,0
859,34.36,8,960,0,70,104,0
860,34.4,8,955,0,73,90,0
861,34.44,8,951,0,75,86,0
862,34.48,8,956,0,71,80,0
863,34.52,8,960,0,63,74,0
864,34.56,8,956,0,67,68,0
865,34.6,8,951,0,70,68,0
866,34.64,8,951,0,69,65,0
867,34.68,8,945,0,72,69,0
868,34.72,8,946,0,73,62,0
869,34.76,8,944,0,74,62,0
870,34.8,8,942,0,70,62,0
871,34.84,8,938,0,76,60,0
872,34.88,8,939,0,69,60,0
873,34.92,8,938,0,68,62,0
874,34.96,8,929,0,77,64,0
875,35.0,8,935,0,67,59,0
876,35.04,8,935,0,59,54,0
877,35.08,8,935,0,56,48,0
878,35.12,8,935,0,53,41,0
879,35.16,8,935,0,52,40,0
880,35.2,8,936,0,50,38,0
881,35.24,8,929,0,56,36,0
882,35.28,8,929,0,55,36,0
883,35.32,8,929,0,60,36,0
884,35.36,8,929,0,59,36,0
885,35.4,8,929,0,56,35,0
886,35.44,8,929,0,55,35,0
887,35.48,8,929,0,53,36,0
888,35.52,8,933,0,48,26,0
889,35.56,8,933,0,48,23,0
890,35.6,8,933,0,34,19,0
891,35.64,8,933,0,33,18,0
892,35.68,8,936,0,31,14,0
893,35.72,8,936,0,31,11,0
894,35.76,8,933,0,32,17,0
895,35.8,8,933,0,27,17,0
896,35.84,8,928,0,32,16,0
897,35.88,8,930,0,30,15,0
898,35.92,8,933,0,27,16,0
899,35.96,8,933,0,25,16,0
900,36.0,8,933,0,27,17,0
901,36.04,8,932,0,26,16,0
902,36.08,8,933,0,27,16,0
903,36.12,8,935,0,25,16,0
904,36.16,8,944,0,18,10,0
905,36.2,8,948,0,18,10,0
906,36.24,8,947,0,21,10,0
907,36.28,8,950,0,22,10,0
908,36.32,8,951,0,23,10,0
909,36.36,8,954,0,22,5,0
910,36.4,8,947,0,31,10,0
911,36.44,8,970,0,18,10,0
912,36.48,8,974,0,12,10,0
913,36.52,8,976,0,12,15,0
914,36.56,8,978,0,12,14,0
915,36.6,8,980,0,13,16,0
916,36.64,8,979,0,16,20,0
917,36.68,8,979,0,19,21,0
918,36.72,8,984,0,21,19,0
919,36.76,8,985,0,21,20,0
920,36.8,8,983,0,28,29,0
921,36.84,8,983,0,27,29,0
922,36.88,8,975,0,41,29,0
923,36.92,8,980,0,37,16,0
924,36.96,8,980,0,39,22,0
925,37.0,8,986,0,34,18,0
926,37.04,8,986,0,40,18,0
927,37.08,8,988,0,41,23,0
928,37.12,8,988,0,42,28,0
929,37.16,8,990,0,41,32,0
930,37.2,8,993,0,40,34,0
931,37.24,8,993,0,42,35,0
931,37.24,18,1031,0,9,16,0
932,37.28,8,994,0,48,36,0
933,37.32,8,984,0,61,36,0
934,37.36,8,997,0,51,39,0
935,37.4,8,1002,0,50,37,0
936,37.44,8,1007,0,47,40,0
937,37.48,8,1008,0,48,40,0
938,37.52,8,1012,0,48,48,0
939,37.56,8,1014,0,46,42,0
940,37.6,8,1008,0,54,50,0
941,37.64,8,1008,0,58,53,0
942,37.68,8,1008,0,58,71,0
943,37.72,8,1018,0,64,74,0
944,37.76,8,1018,0,66,76,0
944,37.76,18,1061,18,11,18,0
945,37.8,8,1019,0,69,65,0
946,37.84,8,1021,0,67,64,0
947,37.88,8,1022,4,71,60,0
948,37.92,8,1018,5,76,59,0
949,37.96,8,1023,7,73,57,0
950,38.0,8,1030,8,68,58,0
951,38.04,8,1040,11,62,55,0
952,38.08,8,1041,12,63,54,0
953,38.12,8,1045,13,59,53,0
954,38.16,8,1048,16,60,58,0
955,38.2,8,1048,19,60,53,0
956,38.24,8,1048,18,62,62,0
957,38.28,8,1049,34,44,55,0
957,38.28,18,1082,22,30,19,0
958,38.32,8,1049,36,46,46,0
958,38.32,18,1086,22,28,18,0
959,38.36,8,1052,26,64,69,0
960,38.4,8,1052,40,46,57,0
960,38.4,18,1091,28,28,25,0
961,38.44,8,1054,47,42,47,0
961,38.44,18,1095,28,25,33,0
962,38.48,8,1054,48,45,46,0
962,38.48,18,1095,28,26,34,0
963,38.52,8,1049,51,51,45,0
963,38.52,18,1101,34,26,25,0
964,38.56,8,1052,52,50,44,0
964,38.56,18,1093,37,33,23,0
965,38.6,18,1069,39,59,57,0
966,38.64,8,1072,39,58,57,0
967,38.68,8,1074,43,58,55,0
968,38.72,8,1073,44,60,58,0
969,38.76,8,1073,48,61,62,0
970,38.8,8,1074,50,61,62,0
971,38.84,8,1075,51,61,61,0
972,38.88,8,1075,51,53,63,0
972,38.88,19,1123,54,13,16,0
973,38.92,8,1076,56,62,64,0
974,38.96,8,1078,57,62,72,0
975,39.0,8,1078,56,62,71,0
976,39.04,8,1080,61,62,67,0
977,39.08,8,1084,57,60,73,0
978,39.12,8,1082,57,66,73,0
979,39.16,8,1090,61,60,69,0
980,39.2,8,1086,71,66,59,0
981,39.24,8,1090,68,63,65,0
982,39.28,8,1090,71,63,66,0
983,39.32,8,1090,77,66,61,0
984,39.36,8,1090,71,67,74,0
985,39.4,8,1091,82,67,70,0
986,39.44,8,1085,83,75,77,0
987,39.48,8,1092,89,70,74,0
988,39.52,8,1092,89,71,71,0
989,39.56,8,1085,89,79,73,0
990,39.6,8,1102,98,64,65,0
991,39.64,8,1100,101,68,64,0
992,39.68,8,1108,103,62,62,0
993,39.72,8,1106,105,66,61,0
994,39.76,8,1108,106,66,62,0
995,39.8,8,1112,110,64,57,0
996,39.84,8,1107,112,69,68,0
997,39.88,8,1108,114,70,78,0
998,39.92,8,1108,117,72,65,0
999,39.96,8,1108,120,72,68,0
1000,40.0,8,1111,122,71,84,0
1001,40.04,8,1108,125,74,85,0
1002,40.08,8,1112,128,72,74,0
1003,40.12,8,1118,132,68,83,0
1004,40.16,8,1118,134,70,71,0
1005,40.2,8,1122,134,68,70,0
1006,40.24,8,1120,138,72,78,0
1007,40.28,8,1125,140,69,64,0
1008,40.32,8,1123,142,73,62,0
1009,40.36,8,1125,146,72,60,0
1010,40.4,8,1120,148,78,68,0
1011,40.44,8,1120,150,78,66,0
1012,40.48,8,1120,153,80,72,0
1013,40.52,8,1126,156,76,72,0
1014,40.56,8,1126,159,78,86,0
1015,40.6,8,1120,162,85,76,0
1016,40.64,8,1126,166,80,88,0
1017,40.68,8,1121,170,88,70,0
1018,40.72,8,1137,172,75,68,0
1019,40.76,8,1134,180,67,61,0
1019,40.76,20,1200,174,14,18,0
1020,40.8,8,1138,182,65,75,0
1020,40.8,20,1202,177,13,21,0
1021,40.84,8,1146,180,72,65,0
1022,40.88,8,1145,188,62,59,0
1022,40.88,20,1206,183,14,19,0
1023,40.92,8,1150,190,59,54,0
1023,40.92,20,1209,185,13,19,0
1024,40.96,8,1150,188,74,60,0
1025,41.0,8,1151,192,75,66,0
1026,41.04,8,1152,194,76,62,0
1027,41.08,8,1151,198,78,72,0
1028,41.12,8,1143,206,74,70,0
1028,41.12,20,1217,201,13,20,0
1029,41.16,8,1142,204,88,74,0
1030,41.2,8,1145,208,89,72,0
1031,41.24,8,1148,210,88,85,0
1032,41.28,8,1150,214,88,82,0
1033,41.32,8,1160,216,78,80,0
1034,41.36,8,1161,222,68,74,0
1034,41.36,20,1228,219,14,18,0
1035,41.4,8,1166,224,65,72,0
1035,41.4,20,1231,221,14,19,0
1036,41.44,8,1168,226,65,70,0
1036,41.44,20,1234,224,12,18,0
1037,41.48,8,1174,228,61,60,0
1037,41.48,20,1233,226,15,18,0
1038,41.52,8,1174,230,63,57,0
1038,41.52,20,1234,228,16,18,0
1039,41.56,8,1169,232,70,65,0
1039,41.56,20,1236,230,16,18,0
1040,41.6,8,1174,234,78,65,0
1041,41.64,8,1169,234,85,66,0
1042,41.68,8,1170,240,74,56,0
1042,41.68,20,1244,239,12,18,0
1043,41.72,8,1168,242,77,55,0
1043,41.72,20,1242,241,15,16,0
1044,41.76,8,1168,244,90,58,0
1045,41.8,8,1177,244,83,60,0
1046,41.84,8,1184,246,78,61,0
1047,41.88,8,1185,247,77,61,0
1048,41.92,8,1193,250,71,60,0
1049,41.96,8,1197,255,60,55,0
1049,41.96,20,1256,254,10,19,0
1050,42.0,8,1196,253,72,62,0
1051,42.04,8,1200,256,70,60,0
1052,42.08,8,1202,258,70,62,0
1053,42.12,8,1202,259,70,67,0
1054,42.16,8,1202,264,72,64,0
1055,42.2,8,1201,266,73,64,0
1056,42.24,8,1202,269,74,61,0
1057,42.28,8,1204,271,64,61,0
1057,42.28,20,1263,271,14,18,0
1058,42.32,8,1202,273,68,60,0
1058,42.32,20,1267,274,11,16,0
1059,42.36,8,1201,275,79,59,0
1060,42.4,8,1203,277,77,59,0
1061,42.44,8,1209,272,71,65,0
1062,42.48,8,1216,279,64,59,0
1063,42.52,8,1215,280,65,57,0
1064,42.56,8,1218,282,62,56,0
1065,42.6,8,1220,282,60,56,0
1066,42.64,8,1227,284,53,52,0
1067,42.68,8,1222,285,58,53,0
1068,42.72,8,1228,287,52,53,0
1069,42.76,8,1229,288,51,53,0
1070,42.8,8,1228,290,52,51,0
1071,42.84,8,1226,291,54,48,0
1072,42.88,8,1225,292,55,53,0
1073,42.92,8,1228,293,52,54,0
1074,42.96,8,1232,294,48,53,0
1075,43.0,8,1232,295,48,53,0
1076,43.04,8,1234,296,46,52,0
1077,43.08,8,1236,298,44,50,0
1078,43.12,8,1238,303,42,45,0
1079,43.16,8,1234,306,46,43,0
1080,43.2,8,1234,308,46,42,0
1081,43.24,8,1234,309,46,42,0
1082,43.28,8,1234,311,46,41,0
1083,43.32,8,1235,314,45,38,0
1084,43.36,8,1235,316,45,38,0
1085,43.4,8,1234,318,46,36,0
1086,43.44,8,1234,320,46,38,0
1087,43.48,8,1240,322,40,40,0
1088,43.52,8,1242,324,38,38,0
1089,43.56,8,1244,325,36,37,0
1090,43.6,8,1248,329,32,33,0
1091,43.64,8,1250,330,30,32,0
1092,43.68,8,1252,334,28,28,0
1093,43.72,8,1252,338,28,24,0
1094,43.76,8,1252,342,28,20,0
1095,43.8,8,1252,344,28,22,0
1096,43.84,8,1252,344,28,24,0
1097,43.88,8,1252,346,28,17,0
1098,43.92,8,1253,347,27,17,0
1099,43.96,8,1254,352,26,17,0
1100,44.0,8,1256,353,24,17,0
1101,44.04,8,1259,356,21,16,0
1102,44.08,8,1262,358,18,22,0
1103,44.12,8,1269,360,11,20,0
1104,44.16,8,1269,362,11,18,0
1105,44.2,,,,,,0
1106,44.24,,,,,,0
1107,44.28,8,1268,368,12,15,0
1108,44.32,,,,,,0
1109,44.36,,,,,,0
1110,44.4,,,,,,0
1111,44.44,,,,,,0
1112,44.48,,,,,,0
1113,44.52,,,,,,0
1114,44.56,,,,,,0
1115,44.6,,,,,,0
1116,44.64,,,,,,0
1117,44.68,,,,,,0
1118,44.72,,,,,,0
1119,44.76,,,,,,0
1120,44.8,,,,,,0
1121,44.84,,,,,,0
1122,44.88,,,,,,0
1123,44.92,,,,,,0
1124,44.96,,,,,,0
1125,45.0,,,,,,0
1126,45.04,,,,,,0
1127,45.08,,,,,,0
1128,45.12,,,,,,0
1129,45.16,,,,,,0
1130,45.2,,,,,,0
1131,45.24,,,,,,0
1132,45.28,,,,,,0
1133,45.32,,,,,,0
1134,45.36,,,,,,0
1135,45.4,,,,,,0
1136,45.44,,,,,,0
1137,45.48,,,,,,0
1138,45.52,,,,,,0
1139,45.56,,,,,,0
1140,45.6,,,,,,0
1141,45.64,,,,,,0
1142,45.68,,,,,,0
1143,45.72,,,,,,0
1144,45.76,,,,,,0
1145,45.8,,,,,,0
1146,45.84,,,,,,0
1147,45.88,,,,,,0
1148,45.92,,,,,,0
1149,45.96,,,,,,0
1150,46.0,,,,,,0
1151,46.04,,,,,,0
1152,46.08,,,,,,0
1153,46.12,,,,,,0
1154,46.16,,,,,,0
1155,46.2,,,,,,0
1156,46.24,,,,,,0
1157,46.28,,,,,,0
1158,46.32,,,,,,0
1159,46.36,,,,,,0
1160,46.4,,,,,,0
1161,46.44,,,,,,0
1162,46.48,,,,,,0
1163,46.52,,,,,,0
1164,46.56,,,,,,0
1165,46.6,,,,,,0
1166,46.64,,,,,,0
1167,46.68,,,,,,0
1168,46.72,,,,,,0
1169,46.76,,,,,,0
1170,46.8,,,,,,0
1171,46.84,,,,,,0
1172,46.88,,,,,,0
1173,46.92,,,,,,0
1174,46.96,,,,,,0
1175,47.0,,,,,,0
1176,47.04,,,,,,0
1177,47.08,,,,,,0
1178,47.12,,,,,,0
1179,47.16,,,,,,0
1180,47.2,,,,,,0
1181,47.24,,,,,,0
1182,47.28,,,,,,0
1183,47.32,,,,,,0
1184,47.36,,,,,,0
1185,47.4,,,,,,0
1186,47.44,,,,,,0
1187,47.48,,,,,,0
1188,47.52,,,,,,0
1189,47.56,,,,,,0
1190,47.6,,,,,,0
1191,47.64,,,,,,0
1192,47.68,,,,,,0
1193,47.72,,,,,,0
1194,47.76,,,,,,0
1195,47.8,,,,,,0
1196,47.84,,,,,,0
1197,47.88,,,,,,0
1198,47.92,,,,,,0
1199,47.96,,,,,,0
1200,48.0,,,,,,0
1201,48.04,,,,,,0
1202,48.08,,,,,,0
1203,48.12,,,,,,0
1204,48.16,,,,,,0
1205,48.2,,,,,,0
1206,48.24,,,,,,0
1207,48.28,,,,,,0
1208,48.32,,,,,,0
1209,48.36,,,,,,0
1210,48.4,,,,,,0
1211,48.44,,,,,,0
1212,48.48,,,,,,0
1213,48.52,,,,,,0
1214,48.56,,,,,,0
1215,48.6,,,,,,0
1216,48.64,,,,,,0
1217,48.68,,,,,,0
1218,48.72,,,,,,0
1219,48.76,,,,,,0
1220,48.8,,,,,,0
1221,48.84,,,,,,0
1222,48.88,,,,,,0
1223,48.92,,,,,,0
1224,48.96,,,,,,0
1225,49.0,,,,,,0
1226,49.04,,,,,,0
1227,49.08,,,,,,0
1228,49.12,,,,,,0
1229,49.16,,,,,,0
1230,49.2,,,,,,0
1231,49.24,,,,,,0
1232,49.28,,,,,,0
1233,49.32,,,,,,0
1234,49.36,,,,,,0
1235,49.4,,,,,,0
1236,49.44,,,,,,0
1237,49.48,,,,,,0
1238,49.52,,,,,,0
1239,49.56,,,,,,0
1240,49.6,,,,,,0
1241,49.64,,,,,,0
1242,49.68,,,,,,0
1243,49.72,,,,,,0
1244,49.76,,,,,,0
1245,49.8,,,,,,0
1246,49.84,,,,,,0
1247,49.88,,,,,,0
1248,49.92,,,,,,0
1249,49.96,,,,,,0
1250,50.0,,,,,,0
1251,50.04,,,,,,0
1252,50.08,,,,,,0
1253,50.12,,,,,,0
1254,50.16,,,,,,0
1255,50.2,,,,,,0
1256,50.24,,,,,,0
1257,50.28,,,,,,0
1258,50.32,,,,,,0
1259,50.36,,,,,,0
1260,50.4,,,,,,0
1261,50.44,,,,,,0
1262,50.48,,,,,,0
1263,50.52,,,,,,0
1264,50.56,,,,,,0
1265,50.6,,,,,,0
1266,50.64,,,,,,0
1267,50.68,,,,,,0
1268,50.72,,,,,,0
1269,50.76,,,,,,0
1270,50.8,,,,,,0
1271,50.84,,,,,,0
1272,50.88,,,,,,0
1273,50.92,,,,,,0
1274,50.96,,,,,,0
1275,51.0,,,,,,0
1276,51.04,,,,,,0
1277,51.08,,,,,,0
1278,51.12,,,,,,0
1279,51.16,,,,,,0
1280,51.2,,,,,,0
1281,51.24,,,,,,0
1282,51.28,,,,,,0
1283,51.32,,,,,,0
1284,51.36,,,,,,0
1285,51.4,,,,,,0
1286,51.44,,,,,,0
1287,51.48,,,,,,0
1288,51.52,,,,,,0
1289,51.56,,,,,,0
1290,51.6,,,,,,0
1291,51.64,,,,,,0
1292,51.68,,,,,,0
1293,51.72,,,,,,0
1294,51.76,,,,,,0
1295,51.8,,,,,,0
1296,51.84,,,,,,0
1297,51.88,,,,,,0
1298,51.92,,,,,,0
1299,51.96,,,,,,0
1300,52.0,,,,,,0
1301,52.04,,,,,,0
1302,52.08,,,,,,0
1303,52.12,,,,,,0
1304,52.16,,,,,,0
1305,52.2,,,,,,0
1306,52.24,,,,,,0
1307,52.28,,,,,,0
1308,52.32,,,,,,0
1309,52.36,,,,,,0
1310,52.4,,,,,,0
1311,52.44,,,,,,0
1312,52.48,,,,,,0
1313,52.52,,,,,,0
1314,52.56,,,,,,0
1315,52.6,,,,,,0
1316,52.64,,,,,,0
1317,52.68,,,,,,0
1318,52.72,,,,,,0
1319,52.76,,,,,,0
1320,52.8,,,,,,0
1321,52.84,,,,,,0
1322,52.88,,,,,,0
1323,52.92,,,,,,0
1324,52.96,,,,,,0
1325,53.0,,,,,,0
1326,53.04,,,,,,0
1327,53.08,21,1272,253,8,21,0
1328,53.12,21,1271,250,9,15,0
1329,53.16,21,1268,249,12,15,0
1330,53.2,21,1266,248,14,15,0
1331,53.24,21,1259,246,21,30,0
1332,53.28,21,1258,245,22,33,0
1333,53.32,21,1264,243,16,27,0
1334,53.36,21,1256,242,24,33,0
1335,53.4,21,1256,239,24,31,0
1336,53.44,21,1260,237,20,31,0
1337,53.48,21,1260,235,20,31,0
1338,53.52,21,1258,233,22,32,0
1339,53.56,21,1258,232,22,28,0
1340,53.6,21,1258,231,22,28,0
1341,53.64,21,1257,224,23,32,0
1342,53.68,21,1257,226,23,30,0
1343,53.72,21,1256,225,24,29,0
1344,53.76,21,1249,224,31,33,0
1345,53.8,21,1247,223,33,31,0
1346,53.84,21,1244,216,36,38,0
1347,53.88,21,1241,216,39,36,0
1348,53.92,21,1243,220,37,32,0
1349,53.96,21,1247,214,33,36,0
1350,54.0,21,1248,212,32,42,0
1351,54.04,21,1247,211,33,40,0
1352,54.08,21,1248,210,32,36,0
1353,54.12,21,1247,209,33,37,0
1354,54.16,21,1244,208,36,38,0
1355,54.2,21,1243,208,37,36,0
1356,54.24,21,1240,207,40,37,0
1357,54.28,21,1240,206,40,37,0
1358,54.32,21,1232,206,48,38,0
1359,54.36,21,1231,205,49,39,0
1360,54.4,21,1230,204,50,38,0
1361,54.44,21,1229,204,51,40,0
1362,54.48,21,1234,200,46,45,0
1363,54.52,21,1232,200,48,44,0
1364,54.56,21,1231,200,49,47,0
1365,54.6,21,1232,199,44,47,0
1366,54.64,21,1231,196,49,50,0
1367,54.68,21,1230,195,47,51,0
1367,54.68,22,1271,197,9,11,0
1368,54.72,21,1227,197,51,49,0
1368,54.72,22,1267,192,13,16,0
1369,54.76,21,1230,196,50,46,0
1370,54.8,21,1230,196,46,43,0
1370,54.8,22,1270,196,10,15,0
1371,54.84,21,1220,196,60,47,0
1372,54.88,21,1222,195,58,45,0
1373,54.92,21,1222,193,53,47,0
1374,54.96,21,1221,193,54,47,0
1375,55.0,21,1221,196,54,43,0
1376,55.04,21,1220,195,55,45,0
1377,55.08,21,1218,196,57,44,0
1378,55.12,21,1218,194,62,46,0
1379,55.16,21,1217,196,58,42,0
1380,55.2,21,1215,193,60,45,0
1381,55.24,21,1220,195,54,45,0
1382,55.28,21,1218,195,55,45,0
1383,55.32,21,1218,193,55,46,0
1384,55.36,21,1206,195,62,45,0
1385,55.4,21,1207,195,62,45,0
1386,55.44,21,1204,193,64,46,0
1387,55.48,21,1208,195,60,43,0
1388,55.52,21,1199,193,69,47,0
1389,55.56,21,1210,194,58,44,0
1390,55.6,21,1208,192,60,46,0
1391,55.64,21,1208,194,54,44,0
1391,55.64,22,1256,193,12,11,0
1392,55.68,21,1208,192,60,52,0
1393,55.72,21,1208,192,60,53,0
1394,55.76,21,1208,192,60,48,0
1395,55.8,21,1204,192,64,56,0
1396,55.84,21,1208,193,60,50,0
1397,55.88,21,1208,192,60,52,0
1398,55.92,21,1204,193,64,55,0
1399,55.96,21,1200,193,62,55,0
1400,56.0,21,1197,196,63,54,0
1401,56.04,21,1199,196,61,51,0
1402,56.08,21,1194,197,67,55,0
1403,56.12,21,1199,195,61,53,0
1404,56.16,21,1198,196,61,52,0
1405,56.2,21,1197,196,62,50,0
1406,56.24,21,1194,197,62,50,0
1407,56.28,21,1191,197,65,55,0
1408,56.32,21,1188,193,69,59,0
1409,56.36,21,1192,195,64,57,0
1410,56.4,21,1196,195,60,53,0
1411,56.44,21,1192,195,63,57,0
1412,56.48,21,1186,195,68,57,0
1413,56.52,21,1188,200,64,52,0
1414,56.56,21,1187,197,63,55,0
1415,56.6,21,1188,197,62,56,0
1416,56.64,21,1188,197,64,56,0
1417,56.68,21,1186,196,63,57,0
1418,56.72,21,1184,197,64,57,0
1419,56.76,21,1186,197,63,59,0
1420,56.8,21,1186,197,62,61,0
1421,56.84,21,1186,197,62,57,0
1422,56.88,21,1186,197,62,57,0
1423,56.92,21,1186,197,61,59,0
1424,56.96,21,1177,197,69,63,0
1425,57.0,21,1177,200,69,62,0
1426,57.04,21,1176,200,70,66,0
1427,57.08,21,1178,200,67,60,0
1428,57.12,21,1177,202,66,58,0
1429,57.16,21,1176,202,67,60,0
1430,57.2,21,1176,202,68,60,0
1431,57.24,21,1176,202,68,60,0
1432,57.28,21,1173,202,70,60,0
1433,57.32,21,1170,202,73,61,0
1434,57.36,21,1166,202,74,61,0
1435,57.4,21,1162,201,78,62,0
1436,57.44,21,1168,201,71,66,0
1437,57.48,21,1168,202,70,60,0
1438,57.52,21,1155,204,84,63,0
1439,57.56,21,1154,204,80,64,0
1440,57.6,21,1158,205,74,63,0
1441,57.64,21,1157,204,74,64,0
1442,57.68,21,1160,203,72,65,0
1443,57.72,21,1158,203,74,64,0
1444,57.76,21,1157,202,74,67,0
1445,57.8,21,1157,202,74,67,0
1446,57.84,21,1157,202,74,70,0
1447,57.88,21,1146,203,84,71,0
1448,57.92,21,1146,203,85,72,0
1449,57.96,21,1146,203,84,74,0
1450,58.0,21,1146,204,83,65,0
1451,58.04,21,1147,202,78,73,0
1452,58.08,21,1147,206,76,68,0
1453,58.12,21,1147,206,75,68,0
1454,58.16,21,1147,208,75,65,0
1455,58.2,21,1147,206,73,68,0
1456,58.24,21,1145,206,76,72,0
1457,58.28,21,1145,206,76,72,0
1458,58.32,21,1143,208,76,70,0
1459,58.36,21,1137,208,81,70,0
1460,58.4,21,1134,210,84,72,0
1461,58.44,21,1129,211,87,71,0
1462,58.48,21,1134,209,81,73,0
1463,58.52,21,1122,209,92,73,0
1464,58.56,21,1119,213,93,69,0
1465,58.6,21,1121,215,90,67,0
1466,58.64,21,1120,216,88,66,0
1467,58.68,21,1116,216,91,68,0
1468,58.72,21,1109,216,97,72,0
1469,58.76,21,1120,217,85,67,0
1470,58.8,21,1122,216,82,68,0
1471,58.84,21,1117,215,90,70,0
1472,58.88,21,1108,215,99,73,0
1473,58.92,21,1117,215,90,77,0
1474,58.96,21,1108,216,98,80,0
1475,59.0,21,1108,217,97,83,0
1476,59.04,21,1108,218,94,79,0
1477,59.08,21,1111,219,89,82,0
1478,59.12,21,1111,220,88,82,0
1479,59.16,21,1111,221,87,83,0
1480,59.2,21,1110,221,87,83,0
1481,59.24,21,1108,223,88,82,0
1482,59.28,21,1094,225,102,89,0
1483,59.32,21,1094,222,101,91,0
1484,59.36,21,1094,227,100,86,0
1485,59.4,21,1094,228,100,85,0
1486,59.44,21,1094,228,100,85,0
1487,59.48,21,1091,229,101,85,0
1488,59.52,21,1086,230,105,87,0
1489,59.56,21,1094,230,96,83,0
1490,59.6,21,1086,232,102,81,0
1491,59.64,21,1079,230,107,84,0
1492,59.68,21,1082,232,102,81,0
1493,59.72,21,1081,235,102,78,0
1494,59.76,21,1078,236,103,78,0
1494,59.76,23,1064,311,15,12,0
1495,59.8,21,1078,236,100,77,0
1495,59.8,23,1064,313,15,10,0
1496,59.84,21,1076,236,103,82,0
1496,59.84,23,1064,313,15,10,0
1497,59.88,21,1077,236,100,80,0
1497,59.88,23,1064,314,15,9,0
1498,59.92,21,1078,236,98,83,0
1498,59.92,23,1064,314,14,9,0
1499,59.96,21,1078,236,98,88,0
1499,59.96,23,1064,314,14,9,0
1500,60.0,21,1064,237,112,92,0
1501,60.04,21,1063,237,112,97,0
1502,60.08,21,1063,237,111,102,0
1503,60.12,21,1062,241,111,103,0
1504,60.16,21,1063,242,108,94,0
1505,60.2,21,1054,244,117,101,0
1506,60.24,21,1059,245,108,91,0
1507,60.28,21,1056,247,110,91,0
1508,60.32,21,1041,249,126,102,0
1509,60.36,21,1056,249,104,93,0
1509,60.36,23,1039,337,16,13,0
1510,60.4,21,1039,249,121,101,0
1511,60.44,21,1039,251,119,99,0
1512,60.48,21,1039,251,119,99,0
1513,60.52,21,1038,253,118,97,0
1514,60.56,21,1035,253,119,97,0
1515,60.6,21,1025,253,127,94,0
1515,60.6,23,1039,338,15,12,0
1516,60.64,21,1030,254,121,93,0
1516,60.64,23,1039,338,15,12,0
1516,60.64,24,1018,335,14,7,0
1517,60.68,21,1009,254,141,93,0
1517,60.68,23,1038,335,16,15,0
1518,60.72,21,1018,255,126,92,0
1518,60.72,23,1038,335,16,15,0
1519,60.76,21,1007,255,136,95,0
1520,60.8,21,1002,257,138,93,0
1521,60.84,21,1012,256,123,94,0
1521,60.84,24,992,338,21,14,0
1522,60.88,21,992,255,143,96,0
1523,60.92,21,992,255,142,97,0
1524,60.96,21,992,254,137,98,0
1525,61.0,21,992,255,137,100,0
1526,61.04,21,992,255,136,102,0
1527,61.08,21,992,255,134,106,0
1528,61.12,21,992,255,132,110,0
1529,61.16,21,992,256,129,113,0
1530,61.2,21,984,257,136,116,0
1531,61.24,21,990,258,128,110,0
1531,61.24,24,974,363,16,14,0
1532,61.28,21,969,259,144,116,0
1533,61.32,21,980,262,132,105,0
1533,61.32,24,964,362,15,13,0
1534,61.36,21,962,264,146,111,0
1535,61.4,21,957,265,146,112,0
1536,61.44,21,971,267,132,101,0
1536,61.44,24,952,362,21,15,0
1537,61.48,21,971,267,128,101,0
1537,61.48,24,952,362,24,15,0
1538,61.52,21,971,268,127,100,0
1538,61.52,24,952,362,24,15,0
1539,61.56,21,952,268,144,109,0
1540,61.6,21,951,268,143,109,0
1541,61.64,21,951,268,141,100,0
1541,61.64,24,952,363,21,14,0
1542,61.68,21,939,269,150,101,0
1542,61.68,24,951,363,22,14,0
1543,61.72,21,926,270,159,107,0
1544,61.76,21,917,270,166,107,0
1545,61.8,21,906,272,168,105,0
1546,61.84,21,907,273,164,104,0
1547,61.88,21,897,275,173,102,0
1548,61.92,21,893,274,170,103,0
1549,61.96,21,890,274,171,104,0
1550,62.0,21,889,273,171,106,0
1551,62.04,21,889,273,171,106,0
1552,62.08,21,889,274,171,104,0
1553,62.12,21,889,275,164,107,0
1554,62.16,21,889,276,159,112,0
1555,62.2,21,888,279,160,115,0
1556,62.24,21,888,281,157,121,0
1557,62.28,21,888,284,154,126,0
1558,62.32,21,879,287,161,133,0
1559,62.36,21,869,292,167,139,0
1560,62.4,21,866,294,164,143,0
1561,62.44,21,861,300,169,139,0
1562,62.48,21,855,304,175,138,0
1563,62.52,21,853,307,171,137,0
1564,62.56,21,852,313,170,131,0
1565,62.6,21,852,316,172,128,0
1566,62.64,21,852,321,172,123,0
1567,62.68,21,852,324,169,120,0
1568,62.72,21,852,327,169,117,0
1568,62.72,25,852,399,21,14,0
1569,62.76,21,852,330,167,114,0
1569,62.76,25,838,413,23,17,0
1570,62.8,21,826,335,190,111,0
1571,62.84,21,839,340,174,110,0
1571,62.84,25,817,444,25,16,0
1572,62.88,21,817,346,191,127,0
1573,62.92,21,811,351,192,135,0
1574,62.96,21,814,356,186,136,0
1575,63.0,21,810,362,184,141,0
1576,63.04,21,807,367,188,142,0
1577,63.08,21,806,373,187,138,0
1578,63.12,21,806,378,186,133,0
1579,63.16,21,805,382,181,129,0
1580,63.2,21,805,386,180,125,0
1581,63.24,21,805,394,184,116,0
1582,63.28,21,805,398,185,112,0
1583,63.32,21,805,405,183,115,0
1584,63.36,21,805,410,181,131,0
1585,63.4,21,805,418,177,144,0
1586,63.44,21,805,421,174,158,0
1587,63.48,21,805,434,177,161,0
1588,63.52,21,805,442,171,157,0
1589,63.56,21,802,451,172,151,0
1590,63.6,21,800,460,174,145,0
1591,63.64,21,798,468,176,136,0
1592,63.68,21,798,475,176,129,0
1593,63.72,21,798,482,176,122,0
1594,63.76,21,797,488,178,116,0
1594,63.76,26,810,510,24,14,0
1595,63.8,21,790,494,185,110,0
1595,63.8,26,806,526,21,14,0
1595,63.8,27,970,496,11,33,0
1596,63.84,21,798,501,182,103,0
1596,63.84,26,785,557,21,19,0
1597,63.88,21,796,508,178,104,0
1597,63.88,26,775,570,23,32,0
1598,63.92,21,790,515,185,109,0
1598,63.92,26,768,596,22,27,0
1599,63.96,21,783,523,191,107,0
1599,63.96,26,765,618,19,30,0
1600,64.0,21,765,531,207,134,0
1601,64.04,21,767,540,204,138,0
1602,64.08,21,766,546,200,137,0
1603,64.12,21,767,553,195,133,0
1604,64.16,21,765,561,196,127,0
1605,64.2,21,765,568,195,120,0
1606,64.24,21,765,577,195,111,0
1607,64.28,21,765,582,195,111,0
1607,64.28,28,882,648,14,8,0
1608,64.32,21,765,587,195,117,0
1609,64.36,21,765,591,197,113,0
1610,64.4,21,765,595,197,125,0
1611,64.44,21,765,599,197,121,0
1612,64.48,21,765,603,198,117,0
1613,64.52,21,765,607,199,113,0
1614,64.56,21,765,611,199,109,0
1615,64.6,21,765,615,199,105,0
1616,64.64,21,765,620,199,100,0
1617,64.68,21,765,624,203,96,0
1618,64.72,21,765,630,203,90,0
1619,64.76,21,766,634,202,86,0
1620,64.8,21,769,638,200,82,0
1621,64.84,21,767,642,205,78,0
1622,64.88,21,767,646,207,74,0
1623,64.92,21,767,650,208,70,0
1624,64.96,21,764,652,212,68,0
1625,65.0,21,787,652,189,68,0
1626,65.04,21,787,657,190,63,0
1627,65.08,21,787,658,188,62,0
1628,65.12,21,787,661,187,59,0
1629,65.16,21,787,662,186,58,0
1630,65.2,21,787,664,186,56,0
1631,65.24,21,787,666,185,54,0
1632,65.28,21,787,667,185,53,0
1633,65.32,21,787,668,184,52,0
1634,65.36,21,787,669,183,51,0
1635,65.4,21,787,670,183,50,0
1636,65.44,21,788,670,181,50,0
1636,65.44,29,245,672,12,44,0
1636,65.44,30,266,654,46,57,0
1636,65.44,31,320,674,12,46,0
1637,65.48,21,788,671,181,49,0
1637,65.48,29,245,672,12,44,0
1637,65.48,30,266,654,46,57,0
1637,65.48,31,320,674,12,46,0
1637,65.48,32,936,477,16,11,0
1638,65.52,21,788,671,181,49,0
1638,65.52,29,245,672,12,44,0
1638,65.52,30,266,654,46,57,0
1638,65.52,31,320,674,12,46,0
1638,65.52,32,936,477,16,11,0
1639,65.56,21,787,672,181,48,0
1639,65.56,29,246,680,11,36,0
1640,65.6,21,787,669,181,51,0
1640,65.6,29,246,702,13,13,0
1640,65.6,31,384,698,16,14,0
1640,65.6,33,0,61,25,33,0
1640,65.6,34,9,145,15,31,0
1640,65.6,35,30,123,11,18,0
1640,65.6,36,54,511,11,26,0
1640,65.6,37,58,492,15,18,0
1640,65.6,38,60,58,20,24,0
1640,65.6,39,65,592,33,34,0
1640,65.6,40,70,497,34,79,0
1640,65.6,41,75,312,67,145,0
1640,65.6,42,76,571,20,33,0
1640,65.6,43,80,461,27,40,0
1640,65.6,44,83,216,493,70,0
1640,65.6,45,94,636,20,10,0
1640,65.6,46,120,580,13,23,0
1640,65.6,47,133,564,26,20,0
1640,65.6,48,134,380,17,44,0
1640,65.6,49,136,316,10,13,0
1640,65.6,50,143,265,23,21,0
1640,65.6,51,154,529,10,21,0
1640,65.6,52,175,480,8,16,0
1640,65.6,53,376,596,11,12,0
1640,65.6,54,589,226,67,20,0
1640,65.6,55,650,235,29,16,0
1640,65.6,56,670,209,14,21,0
1640,65.6,57,693,200,19,28,0
1640,65.6,58,1120,307,8,13,0
1640,65.6,59,1120,702,56,9,0
1640,65.6,60,1171,82,23,42,0
1640,65.6,61,1184,698,24,7,0
1640,65.6,62,1188,676,92,20,0
1640,65.6,63,1207,151,73,215,0
1640,65.6,64,1242,696,28,24,0
1640,65.6,65,1255,667,25,8,0
1641,65.64,30,252,680,46,40,0
1641,65.64,31,424,634,13,23,0
1641,65.64,32,933,480,18,16,0
1641,65.64,33,32,31,31,25,0
1641,65.64,34,0,190,39,12,0
1641,65.64,35,0,31,115,151,0
1641,65.64,38,63,34,9,14,0
1641,65.64,39,0,637,35,16,0
1641,65.64,44,83,212,493,75,0
1641,65.64,53,414,571,18,22,0
1641,65.64,54,586,213,94,39,0
1641,65.64,55,599,182,76,40,0
1641,65.64,56,664,200,21,33,0
1641,65.64,57,689,76,121,196,0
1641,65.64,58,1120,312,16,8,0
1641,65.64,59,1125,660,15,13,0
1641,65.64,60,1190,41,18,20,0
1641,65.64,61,1073,648,207,72,0
1641,65.64,62,1209,638,7,20,0
1641,65.64,63,1144,67,136,333,0
1641,65.64,65,1216,633,64,22,0
1641,65.64,66,0,216,33,21,0
1641,65.64,67,0,236,32,17,0
1641,65.64,68,0,237,584,483,0
1641,65.64,69,0,381,23,59,0
1641,65.64,70,0,700,16,17,0
1641,65.64,71,116,31,215,51,0
1641,65.64,72,266,606,55,68,0
1641,65.64,73,308,30,44,47,0
1641,65.64,74,312,311,22,9,0
1641,65.64,75,327,448,9,16,0
1641,65.64,76,333,662,34,58,0
1641,65.64,77,352,416,8,16,0
1641,65.64,78,383,126,16,10,0
1641,65.64,79,386,523,40,30,0
1641,65.64,80,410,329,35,40,0
1641,65.64,81,432,562,12,14,0
1641,65.64,82,450,572,24,19,0
1641,65.64,83,461,445,19,19,0
1641,65.64,84,488,584,16,26,0
1641,65.64,85,544,322,28,8,0
1641,65.64,86,568,472,16,8,0
1641,65.64,87,581,296,27,19,0
1641,65.64,88,588,159,10,57,0
1641,65.64,89,592,92,7,49,0
1641,65.64,90,598,683,15,37,0
1641,65.64,91,608,439,40,33,0
1641,65.64,92,616,263,228,315,0
1641,65.64,93,624,54,48,17,0
1641,65.64,94,631,641,31,46,0
1641,65.64,95,632,459,12,20,0
1641,65.64,96,645,512,19,8,0
1641,65.64,97,648,524,16,12,0
1641,65.64,98,655,586,21,23,0
1641,65.64,99,656,92,15,12,0
1641,65.64,100,656,376,8,16,0
1641,65.64,101,672,172,526,548,0
1641,65.64,102,672,573,31,22,0
1641,65.64,103,689,33,94,61,0
1641,65.64,104,689,124,10,22,0
1641,65.64,105,709,0,11,25,0
1641,65.64,106,724,685,15,11,0
1641,65.64,107,781,46,23,25,0
1641,65.64,108,785,71,25,28,0
1641,65.64,109,803,5,25,12,0
1641,65.64,110,809,67,19,14,0
1641,65.64,111,811,40,22,31,0
1641,65.64,112,816,104,32,16,0
1641,65.64,113,818,586,22,18,0
1641,65.64,114,824,160,57,40,0
1641,65.64,115,826,376,6,24,0
1641,65.64,116,833,557,14,13,0
1641,65.64,117,847,155,22,18,0
1641,65.64,118,866,558,14,10,0
1641,65.64,119,873,320,17,15,0
1641,65.64,120,888,78,80,112,0
1641,65.64,121,888,176,14,16,0
1641,65.64,122,894,105,11,14,0
1641,65.64,123,903,240,9,16,0
1641,65.64,124,926,49,13,14,0
1641,65.64,125,936,0,39,24,0
1641,65.64,126,938,74,22,14,0
1641,65.64,127,944,62,16,8,0
1641,65.64,128,944,544,16,23,0
1641,65.64,129,953,198,11,15,0
1641,65.64,130,956,132,44,36,0
1641,65.64,131,964,104,12,15,0
1641,65.64,132,972,5,18,22,0
1641,65.64,133,975,0,9,14,0
1641,65.64,134,984,155,6,19,0
1641,65.64,135,984,534,19,33,0
1641,65.64,136,989,0,28,14,0
1641,65.64,137,990,45,24,35,0
1641,65.64,138,1037,0,14,11,0
1641,65.64,139,1054,681,26,15,0
1641,65.64,140,1055,5,14,12,0
1641,65.64,141,1111,612,31,29,0
1641,65.64,142,1112,408,75,106,0
1641,65.64,143,1118,200,10,9,0
1641,65.64,144,1132,208,22,18,0
1641,65.64,145,1136,337,20,20,0
1641,65.64,146,1136,652,31,22,0
1641,65.64,147,1152,200,16,16,0
1641,65.64,148,1158,314,67,55,0
1641,65.64,149,1177,369,15,22,0
1641,65.64,150,1184,0,96,58,0
1641,65.64,151,1195,304,8,24,0
1641,65.64,152,1203,481,29,68,0
1641,65.64,153,1209,585,17,42,0
1641,65.64,154,1210,562,8,26,0
1641,65.64,155,1212,376,17,17,0
1641,65.64,156,1215,351,12,23,0
1641,65.64,157,1224,404,15,12,0
1641,65.64,158,1231,145,11,15,0
1641,65.64,159,1232,368,16,12,0
1641,65.64,160,1248,176,16,25,0
1641,65.64,161,1254,81,15,25,0
1641,65.64,162,1259,62,21,50,0
1641,65.64,163,1259,152,21,29,0
1641,65.64,164,1262,46,18,19,0
1641,65.64,165,1269,171,11,24,0
1642,65.68,32,935,477,19,20,0
1642,65.68,34,62,208,14,16,0
1642,65.68,44,280,214,56,19,0
1642,65.68,66,0,30,120,308,0
1642,65.68,67,40,304,19,21,0
1642,65.68,69,0,372,30,122,0
1642,65.68,70,0,697,59,23,0
1642,65.68,71,209,83,31,7,0
1642,65.68,73,93,22,476,98,0
1642,65.68,76,319,671,12,49,0
1642,65.68,78,335,100,25,10,0
1642,65.68,85,540,290,26,10,0
1642,65.68,89,560,87,23,21,0
1642,65.68,105,697,0,26,35,0
1642,65.68,109,799,0,49,29,0
1642,65.68,111,861,24,19,15,0
1642,65.68,118,856,524,24,14,0
1642,65.68,121,880,240,16,16,0
1642,65.68,123,892,246,19,18,0
1642,65.68,124,887,60,20,23,0
1642,65.68,125,882,10,25,21,0
1642,65.68,133,975,0,9,14,0
1642,65.68,137,1014,43,15,19,0
1642,65.68,138,988,0,101,94,0
1642,65.68,140,1045,15,18,17,0
1642,65.68,152,1232,460,13,24,0
1642,65.68,166,55,160,16,18,0
1642,65.68,167,247,131,13,15,0
1642,65.68,168,256,206,32,20,0
1642,65.68,169,355,0,145,22,0
1642,65.68,170,375,17,21,13,0
1642,65.68,171,398,222,20,14,0
1642,65.68,172,450,109,31,17,0
1642,65.68,173,487,120,16,12,0
1642,65.68,174,873,0,27,19,0
1642,65.68,175,1072,14,27,20,0
1642,65.68,176,1097,63,38,34,0
1642,65.68,177,1128,28,21,12,0
1642,65.68,178,1264,479,16,29,0
1643,65.72,32,935,477,19,20,0
1643,65.72,34,62,206,14,18,0
1643,65.72,55,560,87,23,21,0
1643,65.72,66,122,107,32,28,0
1643,65.72,67,40,302,18,23,0
1643,65.72,69,0,372,27,122,0
1643,65.72,70,0,697,59,23,0
1643,65.72,71,209,83,31,7,0
1643,65.72,73,93,22,476,98,0
1643,65.72,76,319,671,12,49,0
1643,65.72,78,335,100,25,10,0
1643,65.72,85,537,291,29,9,0
1643,65.72,105,697,0,33,35,0
1643,65.72,109,799,0,49,29,0
1643,65.72,111,882,10,25,26,0
1643,65.72,118,856,524,24,14,0
1643,65.72,121,880,240,16,16,0
1643,65.72,123,892,246,19,15,0
1643,65.72,124,887,60,20,23,0
1643,65.72,133,975,0,9,14,0
1643,65.72,140,1045,15,18,17,0
1643,65.72,152,1233,420,25,21,0
1643,65.72,157,1230,460,15,24,0
1643,65.72,166,55,160,16,18,0
1643,65.72,169,355,0,145,22,0
1643,65.72,170,375,17,21,13,0
1643,65.72,172,450,109,31,17,0
1643,65.72,174,873,0,27,19,0
1643,65.72,175,1071,14,28,20,0
1643,65.72,176,1097,60,38,37,0
1643,65.72,177,1128,28,21,12,0
1643,65.72,178,1264,479,16,22,0
1643,65.72,179,0,30,120,306,0
1643,65.72,180,5,336,11,24,0
1644,65.76,30,246,658,5,28,0
1644,65.76,32,935,477,19,20,0
1644,65.76,34,64,206,12,18,0
1644,65.76,44,256,180,23,29,0
1644,65.76,57,864,24,16,15,0
1644,65.76,67,40,302,17,21,0
1644,65.76,69,0,372,27,122,0
1644,65.76,70,20,712,26,8,0
1644,65.76,73,93,22,476,98,0
1644,65.76,76,319,672,10,46,0
1644,65.76,78,335,100,25,10,0
1644,65.76,80,446,274,15,8,0
1644,65.76,85,455,278,52,13,0
1644,65.76,88,587,134,30,83,0
1644,65.76,90,581,681,51,39,0
1644,65.76,94,610,643,25,20,0
1644,65.76,98,590,637,33,27,0
1644,65.76,99,592,80,14,72,0
1644,65.76,105,697,0,25,33,0
1644,65.76,106,695,653,25,15,0
1644,65.76,109,799,0,49,28,0
1644,65.76,111,882,10,25,26,0
1644,65.76,116,851,543,29,27,0
1644,65.76,118,856,524,24,14,0
1644,65.76,121,880,240,16,16,0
1644,65.76,123,892,246,20,18,0
1644,65.76,125,760,0,17,23,0
1644,65.76,128,926,496,19,18,0
1644,65.76,133,975,0,9,14,0
1644,65.76,136,988,0,96,93,0
1644,65.76,137,1054,0,21,17,0
1644,65.76,140,1045,15,18,17,0
1644,65.76,153,1206,562,74,100,0
1644,65.76,155,1198,387,16,29,0
1644,65.76,157,1200,481,53,77,0
1644,65.76,163,1258,132,22,32,0
1644,65.76,166,74,164,38,24,0
1644,65.76,167,247,131,13,15,0
1644,65.76,168,256,209,32,17,0
1644,65.76,169,355,0,118,16,0
1644,65.76,170,375,17,21,13,0
1644,65.76,171,399,222,19,14,0
1644,65.76,172,450,109,31,15,0
1644,65.76,174,874,0,26,18,0
1644,65.76,175,1071,14,26,20,0
1644,65.76,176,1097,63,38,34,0
1644,65.76,178,1264,479,16,22,0
1644,65.76,179,0,30,120,306,0
1644,65.76,180,5,336,11,24,0
1644,65.76,181,0,697,39,23,0
1644,65.76,182,79,98,37,37,0
1644,65.76,183,90,124,24,22,0
1644,65.76,184,122,107,32,28,0
1644,65.76,185,126,165,16,25,0
1644,65.76,186,279,214,57,19,0
1644,65.76,187,1230,460,15,24,0
1645,65.8,31,541,382,35,35,0
1645,65.8,32,935,477,19,20,0
1645,65.8,34,65,206,11,18,0
1645,65.8,44,232,156,43,37,0
1645,65.8,53,570,495,46,36,0
1645,65.8,55,509,0,30,15,0
1645,65.8,63,1067,95,42,70,0
1645,65.8,66,112,22,286,77,0
1645,65.8,67,39,304,20,19,0
1645,65.8,69,0,372,29,122,0
1645,65.8,70,20,712,26,8,0
1645,65.8,71,191,82,49,8,0
1645,65.8,73,305,89,29,12,0
1645,65.8,76,319,676,10,42,0
1645,65.8,78,335,100,25,10,0
1645,65.8,80,446,274,15,8,0
1645,65.8,82,496,521,32,26,0
1645,65.8,83,461,445,19,19,0
1645,65.8,84,509,560,20,12,0
1645,65.8,85,382,225,16,10,0
1645,65.8,86,565,472,19,16,0
1645,65.8,87,581,249,15,45,0
1645,65.8,88,587,135,19,82,0
1645,65.8,89,482,40,42,38,0
1645,65.8,90,584,687,42,33,0
1645,65.8,91,562,428,10,22,0
1645,65.8,94,600,640,22,16,0
1645,65.8,97,584,544,36,23,0
1645,65.8,99,592,80,12,72,0
1645,65.8,103,752,24,38,34,0
1645,65.8,105,700,0,23,33,0
1645,65.8,106,628,628,63,60,0
1645,65.8,107,800,29,15,17,0
1645,65.8,109,799,0,49,28,0
1645,65.8,111,882,10,25,26,0
1645,65.8,112,839,90,15,14,0
1645,65.8,123,880,240,31,31,0
1645,65.8,125,760,0,17,23,0
1645,65.8,128,926,496,19,18,0
1645,65.8,133,975,0,9,14,0
1645,65.8,136,989,0,95,87,0
1645,65.8,140,1045,15,13,17,0
1645,65.8,143,1118,136,22,41,0
1645,65.8,153,1208,562,72,100,0
1645,65.8,155,1198,392,12,23,0
1645,65.8,161,1230,46,50,89,0
1645,65.8,162,1216,83,17,25,0
1645,65.8,164,1265,36,15,17,0
1645,65.8,165,1246,150,34,48,0
1645,65.8,166,78,164,19,20,0
1645,65.8,167,230,119,25,17,0
1645,65.8,168,257,209,31,17,0
1645,65.8,169,385,0,88,9,0
1645,65.8,170,355,0,31,8,0
1645,65.8,171,398,222,20,14,0
1645,65.8,172,391,63,74,41,0
1645,65.8,173,467,71,91,49,0
1645,65.8,174,874,0,26,18,0
1645,65.8,175,1054,0,18,17,0
1645,65.8,176,1097,62,37,28,0
1645,65.8,178,1264,486,16,15,0
1645,65.8,179,0,30,120,306,0
1645,65.8,180,5,336,11,24,0
1645,65.8,181,0,697,39,22,0
1645,65.8,182,81,102,27,36,0
1645,65.8,184,143,79,33,7,0
1645,65.8,185,162,128,40,33,0
1645,65.8,186,279,216,33,8,0
1645,65.8,187,1230,460,15,24,0
1645,65.8,188,40,272,8,12,0
1645,65.8,189,44,199,13,20,0
1645,65.8,190,99,86,199,22,0
1645,65.8,191,185,110,19,12,0
1645,65.8,192,265,150,20,24,0
1645,65.8,193,269,112,34,41,0
1645,65.8,194,278,111,278,124,0
1645,65.8,195,397,29,37,36,0
1645,65.8,196,423,43,26,22,0
1645,65.8,197,437,34,54,24,0
1645,65.8,198,455,278,52,13,0
1645,65.8,199,512,344,33,16,0
1645,65.8,200,521,368,27,15,0
1645,65.8,201,529,476,31,38,0
1645,65.8,202,537,0,50,21,0
1646,65.84,32,935,480,14,16,0
1646,65.84,34,62,208,14,16,0
1646,65.84,44,244,172,13,21,0
1646,65.84,55,509,0,30,12,0
1646,65.84,56,596,144,10,29,0
1646,65.84,63,1069,106,24,59,0
1646,65.84,69,0,372,29,122,0
1646,65.84,70,20,712,26,8,0
1646,65.84,71,110,23,288,76,0
1646,65.84,72,246,591,75,129,0
1646,65.84,73,253,98,35,9,0
1646,65.84,75,0,178,646,542,0
1646,65.84,77,370,436,8,13,0
1646,65.84,78,335,100,16,10,0
1646,65.84,79,385,462,16,22,0
1646,65.84,80,446,274,15,8,0
1646,65.84,82,496,521,32,26,0
1646,65.84,83,461,445,22,19,0
1646,65.84,84,509,560,20,12,0
1646,65.84,86,565,472,19,16,0
1646,65.84,87,581,255,16,39,0
1646,65.84,88,587,159,19,58,0
1646,65.84,89,482,44,42,34,0
1646,65.84,90,584,687,42,33,0
1646,65.84,91,562,428,10,22,0
1646,65.84,93,658,40,29,14,0
1646,65.84,94,628,628,60,60,0
1646,65.84,95,600,472,24,16,0
1646,65.84,97,584,552,36,15,0
1646,65.84,99,592,80,12,62,0
1646,65.84,103,752,24,20,34,0
1646,65.84,105,700,0,24,35,0
1646,65.84,106,600,640,22,16,0
1646,65.84,107,800,29,15,17,0
1646,65.84,109,799,0,47,28,0
1646,65.84,111,882,10,25,26,0
1646,65.84,112,839,90,15,14,0
1646,65.84,114,820,247,18,11,0
1646,65.84,116,851,543,29,27,0
1646,65.84,119,584,0,696,720,0
1646,65.84,121,822,254,35,30,0
1646,65.84,123,880,240,31,31,0
1646,65.84,125,760,0,17,23,0
1646,65.84,133,975,0,9,14,0
1646,65.84,135,985,514,13,16,0
1646,65.84,136,989,0,95,87,0
1646,65.84,140,1054,0,18,17,0
1646,65.84,143,1116,136,24,41,0
1646,65.84,144,1098,192,14,8,0
1646,65.84,147,1152,188,18,20,0
1646,65.84,151,1172,287,18,20,0
1646,65.84,153,1208,562,72,100,0
1646,65.84,154,1239,537,9,15,0
1646,65.84,155,1198,392,12,23,0
1646,65.84,156,1213,375,14,17,0
1646,65.84,157,1178,592,29,51,0
1646,65.84,159,1216,396,24,21,0
1646,65.84,160,1247,174,17,22,0
1646,65.84,161,1234,46,46,89,0
1646,65.84,162,1216,83,17,25,0
1646,65.84,164,1265,36,15,17,0
1646,65.84,165,1246,152,34,46,0
1646,65.84,166,78,164,19,20,0
1646,65.84,167,230,119,25,17,0
1646,65.84,168,256,209,32,17,0
1646,65.84,169,385,0,88,9,0
1646,65.84,170,355,0,31,8,0
1646,65.84,171,382,225,16,10,0
1646,65.84,172,355,74,37,19,0
1646,65.84,173,490,71,68,49,0
1646,65.84,174,874,3,18,15,0
1646,65.84,176,1097,63,37,27,0
1646,65.84,178,1264,486,16,15,0
1646,65.84,179,0,30,120,302,0
1646,65.84,180,5,336,11,24,0
1646,65.84,181,16,699,23,15,0
1646,65.84,182,81,102,27,31,0
1646,65.84,183,134,150,21,23,0
1646,65.84,184,143,79,33,7,0
1646,65.84,185,162,132,25,29,0
1646,65.84,186,279,216,33,8,0
1646,65.84,187,1200,481,37,69,0
1646,65.84,189,44,199,13,20,0
1646,65.84,190,96,86,168,19,0
1646,65.84,191,185,110,19,12,0
1646,65.84,192,251,156,22,22,0
1646,65.84,193,269,112,34,41,0
1646,65.84,194,280,111,276,114,0
1646,65.84,195,397,32,37,33,0
1646,65.84,196,391,63,45,38,0
1646,65.84,197,437,34,54,24,0
1646,65.84,198,482,280,25,11,0
1646,65.84,199,512,344,16,16,0
1646,65.84,200,521,368,27,15,0
1646,65.84,201,570,496,38,35,0
1646,65.84,202,537,0,50,21,0
1646,65.84,203,0,697,17,20,0
1646,65.84,204,436,79,29,25,0
1646,65.84,205,470,240,51,16,0
1646,65.84,206,479,440,9,11,0
1646,65.84,207,508,571,35,25,0
1646,65.84,208,509,220,28,10,0
1646,65.84,209,545,401,14,15,0
1646,65.84,210,552,560,37,18,0
1646,65.84,211,587,0,60,30,0
1646,65.84,212,633,21,25,21,0
1646,65.84,213,710,704,26,7,0
1646,65.84,214,1101,106,27,38,0
1646,65.84,215,1233,514,20,22,0
1647,65.88,32,935,480,14,16,0
1647,65.88,34,62,206,14,18,0
1647,65.88,44,244,172,13,21,0
1647,65.88,55,509,0,30,12,0
1647,65.88,56,596,144,10,29,0
1647,65.88,63,1069,106,24,59,0
1647,65.88,69,0,372,29,122,0
1647,65.88,70,20,712,26,8,0
1647,65.88,71,110,23,288,76,0
1647,65.88,72,248,591,73,129,0
1647,65.88,73,253,98,35,9,0
1647,65.88,75,0,178,646,542,0
1647,65.88,77,370,436,8,13,0
1647,65.88,78,391,63,45,40,0
1647,65.88,79,385,462,16,22,0
1647,65.88,80,446,274,15,8,0
1647,65.88,83,461,445,22,19,0
1647,65.88,84,509,560,20,12,0
1647,65.88,86,565,472,19,16,0
1647,65.88,87,581,254,16,40,0
1647,65.88,88,587,159,19,58,0
1647,65.88,89,482,44,42,34,0
1647,65.88,90,584,687,42,33,0
1647,65.88,91,561,428,11,22,0
1647,65.88,93,658,40,29,14,0
1647,65.88,94,628,628,60,60,0
1647,65.88,95,590,472,34,16,0
1647,65.88,97,581,544,39,23,0
1647,65.88,99,592,81,12,61,0
1647,65.88,103,752,24,20,34,0
1647,65.88,105,700,0,23,33,0
1647,65.88,106,600,640,22,16,0
1647,65.88,107,800,29,15,17,0
1647,65.88,109,799,0,47,28,0
1647,65.88,111,882,10,25,26,0
1647,65.88,112,839,90,15,14,0
1647,65.88,114,822,254,27,30,0
1647,65.88,116,851,543,29,27,0
1647,65.88,117,831,120,16,17,0
1647,65.88,119,584,0,696,720,0
1647,65.88,121,820,247,18,13,0
1647,65.88,123,885,246,26,18,0
1647,65.88,125,760,0,17,23,0
1647,65.88,128,937,547,7,13,0
1647,65.88,130,1024,94,31,18,0
1647,65.88,131,1012,80,8,14,0
1647,65.88,133,975,0,9,14,0
1647,65.88,134,1040,128,16,16,0
1647,65.88,135,985,514,13,16,0
1647,65.88,136,989,0,95,87,0
1647,65.88,140,1054,0,18,17,0
1647,65.88,143,1120,136,20,41,0
1647,65.88,144,1098,192,14,8,0
1647,65.88,145,1122,336,27,16,0
1647,65.88,147,1152,188,18,20,0
1647,65.88,151,1172,287,18,20,0
1647,65.88,153,1208,562,72,100,0
1647,65.88,154,1239,537,9,15,0
1647,65.88,155,1198,392,12,23,0
1647,65.88,157,1178,592,29,51,0
1647,65.88,160,1247,174,17,22,0
1647,65.88,161,1234,46,46,89,0
1647,65.88,162,1216,83,17,25,0
1647,65.88,164,1265,36,15,17,0
1647,65.88,165,1246,152,34,46,0
1647,65.88,166,78,164,19,20,0
1647,65.88,167,230,119,25,17,0
1647,65.88,168,256,209,32,17,0
1647,65.88,169,385,0,88,9,0
1647,65.88,170,355,0,31,8,0
1647,65.88,171,382,225,16,10,0
1647,65.88,173,490,71,68,49,0
1647,65.88,174,874,3,18,15,0
1647,65.88,176,1097,61,37,29,0
1647,65.88,178,1264,486,16,15,0
1647,65.88,179,0,30,120,302,0
1647,65.88,180,5,336,11,24,0
1647,65.88,181,16,699,23,15,0
1647,65.88,182,81,102,27,31,0
1647,65.88,183,134,150,21,23,0
1647,65.88,184,143,79,33,7,0
1647,65.88,185,162,132,25,29,0
1647,65.88,186,279,216,33,8,0
1647,65.88,187,1200,481,37,69,0
1647,65.88,189,44,199,13,20,0
1647,65.88,190,100,86,164,19,0
1647,65.88,191,185,110,19,12,0
1647,65.88,192,251,156,22,22,0
1647,65.88,193,269,112,34,41,0
1647,65.88,194,280,111,276,114,0
1647,65.88,195,397,32,37,33,0
1647,65.88,196,355,74,31,19,0
1647,65.88,197,437,34,54,24,0
1647,65.88,198,482,280,25,9,0
1647,65.88,199,504,304,72,38,0
1647,65.88,200,521,368,29,15,0
1647,65.88,201,570,495,38,17,0
1647,65.88,202,537,0,50,21,0
1647,65.88,203,0,697,17,20,0
1647,65.88,204,436,79,29,25,0
1647,65.88,205,475,240,45,16,0
1647,65.88,206,479,440,9,11,0
1647,65.88,207,509,571,34,25,0
1647,65.88,208,509,220,28,10,0
1647,65.88,209,545,401,14,15,0
1647,65.88,210,552,560,37,18,0
1647,65.88,211,587,0,60,33,0
1647,65.88,212,633,21,27,21,0
1647,65.88,213,710,704,26,7,0
1647,65.88,214,1101,106,27,38,0
1647,65.88,215,1233,514,20,22,0
1647,65.88,216,827,296,21,24,0
1647,65.88,217,880,240,12,25,0
1647,65.88,218,1001,496,7,16,0
1648,65.92,32,935,480,14,16,0
1648,65.92,34,62,206,14,18,0
1648,65.92,44,244,172,13,21,0
1648,65.92,55,509,0,30,12,0
1648,65.92,56,596,144,10,29,0
1648,65.92,63,1074,106,19,25,0
1648,65.92,69,0,372,29,120,0
1648,65.92,70,20,712,26,8,0
1648,65.92,71,112,23,286,73,0
1648,65.92,72,248,591,73,129,0
1648,65.92,73,253,98,35,9,0
1648,65.92,75,0,190,646,530,0
1648,65.92,77,370,436,8,13,0
1648,65.92,78,391,63,45,38,0
1648,65.92,79,385,462,16,22,0
1648,65.92,80,446,274,15,8,0
1648,65.92,83,461,445,22,19,0
1648,65.92,84,509,560,20,12,0
1648,65.92,86,565,472,19,16,0
1648,65.92,87,581,254,16,40,0
1648,65.92,88,587,159,19,58,0
1648,65.92,89,482,44,42,34,0
1648,65.92,90,584,687,42,33,0
1648,65.92,91,561,428,11,22,0
1648,65.92,93,658,40,29,14,0
1648,65.92,94,628,628,60,60,0
1648,65.92,95,590,472,34,16,0
1648,65.92,96,645,511,26,9,0
1648,65.92,97,581,544,11,17,0
1648,65.92,99,592,81,12,61,0
1648,65.92,100,584,328,74,76,0
1648,65.92,102,648,521,23,15,0
1648,65.92,103,752,24,20,34,0
1648,65.92,104,584,32,246,248,0
1648,65.92,105,700,0,23,33,0
1648,65.92,106,600,640,22,16,0
1648,65.92,107,823,30,13,47,0
1648,65.92,109,799,0,47,28,0
1648,65.92,110,810,62,38,54,0
1648,65.92,111,882,10,25,25,0
1648,65.92,112,839,90,15,14,0
1648,65.92,114,822,254,26,30,0
1648,65.92,116,851,544,11,26,0
1648,65.92,117,831,118,17,20,0
1648,65.92,119,592,0,688,720,0
1648,65.92,121,820,247,18,13,0
1648,65.92,123,885,240,27,24,0
1648,65.92,125,760,0,17,23,0
1648,65.92,126,963,93,29,29,0
1648,65.92,127,904,0,96,70,0
1648,65.92,128,949,546,11,22,0
1648,65.92,130,1036,95,19,17,0
1648,65.92,131,1012,80,8,14,0
1648,65.92,132,990,40,36,42,0
1648,65.92,133,975,0,9,14,0
1648,65.92,134,1040,128,16,16,0
1648,65.92,135,968,536,36,37,0
1648,65.92,136,989,0,95,87,0
1648,65.92,140,1054,0,18,17,0
1648,65.92,143,1127,136,13,31,0
1648,65.92,144,1098,192,14,8,0
1648,65.92,147,1152,188,18,20,0
1648,65.92,151,1163,257,15,24,0
1648,65.92,153,1208,562,72,100,0
1648,65.92,154,1239,537,9,15,0
1648,65.92,155,1198,392,12,23,0
1648,65.92,156,1213,375,26,42,0
1648,65.92,157,1178,617,22,26,0
1648,65.92,160,1247,174,17,22,0
1648,65.92,161,1234,46,46,89,0
1648,65.92,162,1216,83,17,25,0
1648,65.92,164,1265,36,15,17,0
1648,65.92,165,1246,152,34,46,0
1648,65.92,166,78,164,19,20,0
1648,65.92,168,256,209,32,17,0
1648,65.92,169,385,0,88,9,0
1648,65.92,170,355,0,31,8,0
1648,65.92,171,382,225,16,10,0
1648,65.92,173,490,71,68,49,0
1648,65.92,174,874,3,18,15,0
1648,65.92,176,1097,62,37,28,0
1648,65.92,177,1127,0,37,20,0
1648,65.92,178,1264,486,16,15,0
1648,65.92,179,0,30,120,302,0
1648,65.92,180,5,336,11,24,0
1648,65.92,181,16,699,23,15,0
1648,65.92,182,81,102,27,31,0
1648,65.92,183,134,150,21,23,0
1648,65.92,184,96,87,87,13,0
1648,65.92,185,162,132,25,29,0
1648,65.92,186,279,216,33,8,0
1648,65.92,187,1201,481,36,69,0
1648,65.92,189,44,199,13,20,0
1648,65.92,190,173,88,91,17,0
1648,65.92,191,185,110,19,12,0
1648,65.92,192,251,156,22,22,0
1648,65.92,193,269,112,34,41,0
1648,65.92,194,280,111,276,114,0
1648,65.92,195,397,32,37,33,0
1648,65.92,196,355,74,31,19,0
1648,65.92,197,437,34,54,24,0
1648,65.92,198,482,280,25,9,0
1648,65.92,199,504,304,72,38,0
1648,65.92,201,570,496,38,16,0
1648,65.92,202,537,0,50,21,0
1648,65.92,203,0,697,17,20,0
1648,65.92,204,436,79,29,25,0
1648,65.92,205,475,240,45,16,0
1648,65.92,206,479,440,9,18,0
1648,65.92,207,512,571,31,21,0
1648,65.92,208,509,220,28,10,0
1648,65.92,209,545,401,14,14,0
1648,65.92,210,552,560,37,18,0
1648,65.92,211,587,0,60,30,0
1648,65.92,212,633,23,27,19,0
1648,65.92,214,1069,143,20,22,0
1648,65.92,215,1233,514,20,22,0
1648,65.92,216,827,296,21,24,0
1648,65.92,217,880,240,12,25,0
1648,65.92,218,1025,480,14,15,0
1648,65.92,219,139,178,33,18,0
1648,65.92,220,584,287,47,35,0
1648,65.92,221,591,560,29,7,0
1648,65.92,222,987,66,24,30,0
1648,65.92,223,1012,128,12,17,0
1648,65.92,224,1024,94,13,14,0
1649,65.96,31,688,119,11,28,0
1649,65.96,32,936,480,13,16,0
1649,65.96,34,64,208,12,16,0
1649,65.96,44,244,172,13,21,0
1649,65.96,52,232,472,19,16,0
1649,65.96,54,685,242,15,18,0
1649,65.96,55,509,0,30,12,0
1649,65.96,68,0,198,608,522,0
1649,65.96,69,0,380,29,114,0
1649,65.96,70,20,712,26,8,0
1649,65.96,71,110,27,273,63,0
1649,65.96,72,252,591,69,83,0
1649,65.96,73,253,99,35,5,0
1649,65.96,74,336,368,8,16,0
1649,65.96,75,320,447,33,35,0
1649,65.96,76,333,661,32,59,0
1649,65.96,77,370,436,8,13,0
1649,65.96,78,397,79,39,19,0
1649,65.96,79,385,462,16,22,0
1649,65.96,80,451,224,33,23,0
1649,65.96,83,461,445,22,19,0
1649,65.96,84,509,560,20,12,0
1649,65.96,85,0,30,16,20,0
1649,65.96,86,565,472,19,16,0
1649,65.96,87,581,267,11,27,0
1649,65.96,88,588,159,18,57,0
1649,65.96,89,482,44,42,34,0
1649,65.96,90,584,687,41,33,0
1649,65.96,91,561,428,11,22,0
1649,65.96,93,658,40,29,14,0
1649,65.96,94,630,638,58,50,0
1649,65.96,95,590,472,18,10,0
1649,65.96,99,592,81,12,61,0
1649,65.96,100,584,328,33,46,0
1649,65.96,101,894,432,10,17,0
1649,65.96,102,632,586,49,29,0
1649,65.96,103,724,44,87,56,0
1649,65.96,104,693,78,18,19,0
1649,65.96,105,700,0,20,29,0
1649,65.96,106,604,645,18,11,0
1649,65.96,107,823,30,12,37,0
1649,65.96,109,799,0,47,28,0
1649,65.96,110,812,72,17,23,0
1649,65.96,111,936,0,40,17,0
1649,65.96,112,800,112,30,58,0
1649,65.96,114,822,255,26,29,0
1649,65.96,115,836,351,17,34,0
1649,65.96,116,851,544,11,26,0
1649,65.96,117,830,119,18,19,0
1649,65.96,118,852,496,12,16,0
1649,65.96,119,586,33,694,687,0
1649,65.96,121,820,247,18,13,0
1649,65.96,123,885,237,27,27,0
1649,65.96,124,926,64,29,20,0
1649,65.96,126,963,93,18,29,0
1649,65.96,127,930,22,49,48,0
1649,65.96,128,968,536,36,37,0
1649,65.96,131,1012,80,8,14,0
1649,65.96,132,990,40,36,42,0
1649,65.96,133,974,0,10,14,0
1649,65.96,136,989,0,85,80,0
1649,65.96,140,1054,0,18,17,0
1649,65.96,142,1152,424,28,37,0
1649,65.96,144,1098,192,14,8,0
1649,65.96,145,1120,306,16,14,0
1649,65.96,147,1152,188,18,20,0
1649,65.96,148,1200,314,27,43,0
1649,65.96,149,1210,361,70,57,0
1649,65.96,150,1161,0,119,64,0
1649,65.96,151,1129,67,151,297,0
1649,65.96,152,1261,204,18,32,0
1649,65.96,153,1208,562,72,97,0
1649,65.96,154,1239,537,9,15,0
1649,65.96,155,1198,392,12,23,0
1649,65.96,156,1220,399,19,17,0
1649,65.96,157,1178,617,22,25,0
1649,65.96,158,1231,145,11,15,0
1649,65.96,159,1177,418,37,49,0
1649,65.96,160,1248,174,16,22,0
1649,65.96,161,1243,51,37,77,0
1649,65.96,162,1198,53,37,30,0
1649,65.96,163,1234,112,18,23,0
1649,65.96,165,1246,152,34,42,0
1649,65.96,166,34,188,23,11,0
1649,65.96,168,256,209,32,17,0
1649,65.96,169,385,0,88,9,0
1649,65.96,170,355,0,31,8,0
1649,65.96,171,382,225,16,10,0
1649,65.96,173,490,71,65,49,0
1649,65.96,174,874,3,18,15,0
1649,65.96,175,977,17,23,17,0
1649,65.96,176,1106,76,28,14,0
1649,65.96,177,1128,0,36,20,0
1649,65.96,178,1264,486,16,15,0
1649,65.96,179,0,30,120,302,0
1649,65.96,180,5,336,11,24,0
1649,65.96,181,16,703,23,11,0
1649,65.96,183,135,150,20,22,0
1649,65.96,184,97,88,86,12,0
1649,65.96,185,162,132,16,29,0
1649,65.96,186,279,216,33,8,0
1649,65.96,187,1203,481,31,69,0
1649,65.96,189,44,199,13,20,0
1649,65.96,190,206,92,58,13,0
1649,65.96,191,185,110,19,12,0
1649,65.96,192,251,156,22,22,0
1649,65.96,193,269,112,34,31,0
1649,65.96,194,280,111,276,114,0
1649,65.96,195,404,37,30,28,0
1649,65.96,196,355,74,31,19,0
1649,65.96,197,437,34,45,24,0
1649,65.96,199,527,312,49,30,0
1649,65.96,202,537,0,50,18,0
1649,65.96,203,0,697,16,20,0
1649,65.96,205,479,240,41,16,0
1649,65.96,206,479,440,9,18,0
1649,65.96,208,509,220,28,10,0
1649,65.96,210,608,578,38,25,0
1649,65.96,211,587,0,60,17,0
1649,65.96,212,686,45,16,9,0
1649,65.96,213,731,685,21,10,0
1649,65.96,215,1234,517,18,19,0
1649,65.96,216,827,296,21,24,0
1649,65.96,217,880,240,12,25,0
1649,65.96,218,1004,448,13,22,0
1649,65.96,220,584,287,47,35,0
1649,65.96,221,591,560,29,7,0
1649,65.96,222,987,66,23,30,0
1649,65.96,223,1012,128,12,17,0
1649,65.96,224,1024,94,15,14,0
1649,65.96,225,248,657,56,63,0
1649,65.96,226,304,408,40,32,0
1649,65.96,227,306,510,21,12,0
1649,65.96,228,311,521,13,13,0
1649,65.96,229,349,415,22,25,0
1649,65.96,230,351,366,27,19,0
1649,65.96,231,364,30,34,16,0
1649,65.96,232,383,386,11,51,0
1649,65.96,233,639,384,9,16,0
1649,65.96,234,640,659,98,61,0
1649,65.96,235,1166,13,20,19,0
1650,66.0,31,701,33,25,42,0
1650,66.0,32,936,480,13,16,0
1650,66.0,44,177,200,76,23,0
1650,66.0,52,232,472,19,16,0
1650,66.0,54,685,242,13,18,0
1650,66.0,55,512,0,21,7,0
1650,66.0,56,606,39,86,158,0
1650,66.0,58,1160,307,34,102,0
1650,66.0,61,970,539,9,13,0
1650,66.0,64,1262,648,18,11,0
1650,66.0,68,0,210,577,510,0
1650,66.0,69,0,458,10,20,0
1650,66.0,71,110,30,273,60,0
1650,66.0,72,252,591,69,83,0
1650,66.0,74,336,368,8,16,0
1650,66.0,75,320,447,33,35,0
1650,66.0,76,333,661,32,59,0
1650,66.0,77,370,436,8,12,0
1650,66.0,79,385,462,16,22,0
1650,66.0,80,428,224,56,26,0
1650,66.0,81,324,485,277,235,0
1650,66.0,83,461,445,22,19,0
1650,66.0,84,509,560,19,12,0
1650,66.0,88,588,159,11,57,0
1650,66.0,90,584,690,40,30,0
1650,66.0,93,658,40,29,14,0
1650,66.0,94,631,640,56,43,0
1650,66.0,95,592,432,52,24,0
1650,66.0,96,640,441,56,45,0
1650,66.0,99,592,80,12,62,0
1650,66.0,100,584,338,33,36,0
1650,66.0,101,894,430,20,18,0
1650,66.0,102,640,694,17,26,0
1650,66.0,103,837,77,17,11,0
1650,66.0,104,693,78,18,19,0
1650,66.0,105,702,0,17,29,0
1650,66.0,107,823,31,12,36,0
1650,66.0,108,785,77,26,23,0
1650,66.0,109,799,0,42,23,0
1650,66.0,110,780,45,23,34,0
1650,66.0,111,998,0,32,7,0
1650,66.0,112,684,77,136,203,0
1650,66.0,116,851,544,11,26,0
1650,66.0,117,800,112,30,58,0
1650,66.0,118,852,496,12,16,0
1650,66.0,119,627,79,573,641,0
1650,66.0,120,863,80,16,14,0
1650,66.0,121,820,247,17,11,0
1650,66.0,122,859,91,47,28,0
1650,66.0,124,926,64,29,20,0
1650,66.0,126,963,93,18,29,0
1650,66.0,127,943,61,19,9,0
1650,66.0,128,975,536,29,37,0
1650,66.0,132,999,48,26,24,0
1650,66.0,133,974,0,10,14,0
1650,66.0,135,968,552,8,10,0
1650,66.0,136,1008,0,46,22,0
1650,66.0,141,1039,657,241,63,0
1650,66.0,142,1152,424,28,37,0
1650,66.0,144,1098,192,14,8,0
1650,66.0,145,1120,307,16,13,0
1650,66.0,146,1145,632,26,42,0
1650,66.0,147,1116,200,43,32,0
1650,66.0,148,1200,314,27,42,0
1650,66.0,149,1263,383,17,35,0
1650,66.0,150,1184,0,96,60,0
1650,66.0,151,1146,67,134,297,0
1650,66.0,152,1261,204,18,32,0
1650,66.0,153,1210,566,24,61,0
1650,66.0,154,1239,537,9,15,0
1650,66.0,155,1198,392,12,23,0
1650,66.0,156,1220,401,19,15,0
1650,66.0,157,1161,604,8,25,0
1650,66.0,158,1231,145,11,15,0
1650,66.0,159,1180,426,34,53,0
1650,66.0,160,1248,174,16,22,0
1650,66.0,161,1243,62,37,62,0
1650,66.0,164,1262,51,18,14,0
1650,66.0,165,1246,152,34,42,0
1650,66.0,168,268,209,20,12,0
1650,66.0,169,385,0,50,9,0
1650,66.0,170,355,0,31,8,0
1650,66.0,171,382,225,16,10,0
1650,66.0,174,930,22,29,20,0
1650,66.0,175,961,0,15,17,0
1650,66.0,176,1106,76,26,13,0
1650,66.0,179,0,30,120,237,0
1650,66.0,180,5,336,10,24,0
1650,66.0,181,0,633,30,19,0
1650,66.0,182,63,36,12,12,0
1650,66.0,183,135,150,20,22,0
1650,66.0,184,120,90,63,10,0
1650,66.0,186,279,216,33,8,0
1650,66.0,187,1203,481,31,69,0
1650,66.0,188,0,262,29,70,0
1650,66.0,189,44,200,13,19,0
1650,66.0,190,222,94,42,11,0
1650,66.0,191,185,112,13,10,0
1650,66.0,194,284,112,272,113,0
1650,66.0,196,355,74,32,19,0
1650,66.0,198,479,332,12,16,0
1650,66.0,203,0,697,16,20,0
1650,66.0,205,479,240,42,16,0
1650,66.0,208,509,220,28,10,0
1650,66.0,210,623,588,23,15,0
1650,66.0,211,600,0,47,12,0
1650,66.0,212,724,51,57,29,0
1650,66.0,213,731,685,21,10,0
1650,66.0,215,1234,514,18,13,0
1650,66.0,217,880,240,18,31,0
1650,66.0,218,1004,448,13,22,0
1650,66.0,220,626,329,30,12,0
1650,66.0,221,591,560,29,7,0
1650,66.0,222,987,66,39,30,0
1650,66.0,223,1012,128,12,17,0
1650,66.0,224,1024,94,15,14,0
1650,66.0,225,258,657,46,63,0
1650,66.0,226,320,408,24,24,0
1650,66.0,227,317,566,24,25,0
1650,66.0,228,303,541,17,23,0
1650,66.0,229,304,429,19,11,0
1650,66.0,230,368,366,8,19,0
1650,66.0,231,319,32,42,29,0
1650,66.0,232,383,386,11,51,0
1650,66.0,233,626,416,14,16,0
1650,66.0,234,656,664,72,34,0
1650,66.0,235,1177,0,36,15,0
1650,66.0,236,0,380,29,55,0
1650,66.0,237,272,380,33,20,0
1650,66.0,238,274,659,14,19,0
1650,66.0,239,301,320,19,16,0
1650,66.0,240,352,295,24,17,0
1650,66.0,241,352,320,24,41,0
1650,66.0,242,376,286,123,144,0
1650,66.0,243,412,272,20,9,0
1650,66.0,244,586,181,100,71,0
1650,66.0,245,688,119,11,28,0
1650,66.0,246,1120,464,19,15,0
1650,66.0,247,1145,452,16,20,0
1650,66.0,248,1151,380,17,20,0
1650,66.0,249,1166,461,10,25,0
1650,66.0,250,1208,620,72,39,0
1650,66.0,251,1210,361,30,16,0
1650,66.0,252,1213,375,19,19,0
1651,66.04,32,921,496,24,17,0
1651,66.04,34,24,211,9,14,0
1651,66.04,41,35,401,16,41,0
1651,66.04,48,192,416,22,12,0
1651,66.04,51,192,496,9,17,0
1651,66.04,52,230,472,21,16,0
1651,66.04,53,825,432,14,33,0
1651,66.04,54,586,212,94,40,0
1651,66.04,56,606,42,86,155,0
1651,66.04,58,1163,333,20,27,0
1651,66.04,62,904,192,224,247,0
1651,66.04,64,1262,648,18,11,0
1651,66.04,65,1038,335,85,113,0
1651,66.04,68,288,480,17,8,0
1651,66.04,71,110,30,221,57,0
1651,66.04,72,269,604,51,70,0
1651,66.04,75,352,496,8,16,0
1651,66.04,76,334,661,31,59,0
1651,66.04,79,362,494,27,52,0
1651,66.04,80,428,241,32,9,0
1651,66.04,81,360,554,123,137,0
1651,66.04,83,456,440,27,24,0
1651,66.04,84,509,561,19,11,0
1651,66.04,88,588,159,10,57,0
1651,66.04,90,586,689,27,27,0
1651,66.04,92,641,263,189,315,0
1651,66.04,94,631,640,32,43,0
1651,66.04,96,672,462,32,10,0
1651,66.04,98,408,698,33,22,0
1651,66.04,99,592,81,9,60,0
1651,66.04,103,889,94,76,103,0
1651,66.04,104,701,33,25,42,0
1651,66.04,105,702,0,16,29,0
1651,66.04,107,827,41,7,26,0
1651,66.04,108,785,77,26,23,0
1651,66.04,110,724,57,57,23,0
1651,66.04,112,665,200,21,33,0
1651,66.04,113,718,579,110,80,0
1651,66.04,115,879,331,21,45,0
1651,66.04,116,800,512,16,49,0
1651,66.04,117,809,152,14,18,0
1651,66.04,121,808,172,8,27,0
1651,66.04,122,814,124,16,20,0
1651,66.04,123,881,237,31,27,0
1651,66.04,126,963,93,18,29,0
1651,66.04,128,1009,576,11,19,0
1651,66.04,135,759,521,439,199,0
1651,66.04,138,1006,390,10,10,0
1651,66.04,139,984,686,22,9,0
1651,66.04,140,1035,0,19,11,0
1651,66.04,141,1058,658,222,62,0
1651,66.04,144,1136,218,22,14,0
1651,66.04,145,1120,306,16,14,0
1651,66.04,146,1118,640,18,14,0
1651,66.04,147,1097,221,9,13,0
1651,66.04,149,1263,383,17,17,0
1651,66.04,150,1230,0,45,52,0
1651,66.04,151,1147,67,133,279,0
1651,66.04,152,1264,206,15,30,0
1651,66.04,153,1210,566,15,50,0
1651,66.04,154,1221,519,11,30,0
1651,66.04,156,1220,399,19,17,0
1651,66.04,158,1269,171,11,23,0
1651,66.04,160,1248,174,14,19,0
1651,66.04,161,1243,81,26,24,0
1651,66.04,162,1184,22,41,22,0
1651,66.04,163,1259,62,21,50,0
1651,66.04,164,1263,51,17,14,0
1651,66.04,165,1259,155,21,26,0
1651,66.04,166,0,219,31,16,0
1651,66.04,168,268,209,19,12,0
1651,66.04,170,327,27,37,23,0
1651,66.04,173,512,139,35,16,0
1651,66.04,179,0,30,120,152,0
1651,66.04,181,9,637,21,15,0
1651,66.04,184,139,90,25,7,0
1651,66.04,186,311,193,20,11,0
1651,66.04,187,1203,481,19,54,0
1651,66.04,188,13,263,14,29,0
1651,66.04,189,38,189,19,9,0
1651,66.04,192,300,150,30,31,0
1651,66.04,193,309,112,22,18,0
1651,66.04,194,327,117,187,102,0
1651,66.04,196,332,68,23,23,0
1651,66.04,198,475,303,13,9,0
1651,66.04,203,0,697,16,20,0
1651,66.04,204,477,135,36,19,0
1651,66.04,205,463,210,27,14,0
1651,66.04,207,524,620,23,24,0
1651,66.04,208,509,220,21,10,0
1651,66.04,211,600,0,33,7,0
1651,66.04,212,780,45,23,34,0
1651,66.04,213,747,648,29,28,0
1651,66.04,215,1234,514,18,13,0
1651,66.04,220,659,384,13,16,0
1651,66.04,223,1004,175,23,20,0
1651,66.04,225,258,671,46,49,0
1651,66.04,227,336,621,20,52,0
1651,66.04,228,259,592,29,14,0
1651,66.04,229,202,488,74,36,0
1651,66.04,230,414,376,16,18,0
1651,66.04,231,289,39,20,17,0
1651,66.04,232,383,386,11,13,0
1651,66.04,234,688,667,40,26,0
1651,66.04,236,0,381,21,29,0
1651,66.04,237,264,305,24,33,0
1651,66.04,238,274,659,14,19,0
1651,66.04,239,301,320,19,16,0
1651,66.04,240,83,216,494,71,0
1651,66.04,242,398,297,95,79,0
1651,66.04,244,599,182,75,40,0
1651,66.04,245,688,119,10,26,0
1651,66.04,246,1096,466,7,17,0
1651,66.04,247,1112,418,9,14,0
1651,66.04,248,1114,393,26,19,0
1651,66.04,250,1209,623,65,36,0
1651,66.04,253,0,184,39,24,0
1651,66.04,254,0,236,32,16,0
1651,66.04,255,0,239,381,481,0
1651,66.04,256,182,463,25,10,0
1651,66.04,257,300,609,21,37,0
1651,66.04,258,352,649,58,71,0
1651,66.04,259,389,513,61,44,0
1651,66.04,260,464,620,131,100,0
1651,66.04,261,509,152,41,28,0
1651,66.04,262,685,510,35,45,0
1651,66.04,263,688,77,121,196,0
1651,66.04,264,1001,361,9,23,0
1651,66.04,265,1136,254,16,10,0
1652,66.08,21,837,646,19,45,0
1652,66.08,34,0,219,31,16,0
1652,66.08,41,35,401,16,41,0
1652,66.08,48,192,416,22,12,0
1652,66.08,51,192,496,9,17,0
1652,66.08,52,230,472,21,16,0
1652,66.08,53,825,432,14,33,0
1652,66.08,56,606,42,86,155,0
1652,66.08,58,1163,333,20,27,0
1652,66.08,61,921,496,24,17,0
1652,66.08,62,904,175,224,264,0
1652,66.08,64,1262,648,18,11,0
1652,66.08,68,289,480,16,8,0
1652,66.08,71,112,30,219,57,0
1652,66.08,72,269,606,51,68,0
1652,66.08,75,362,494,27,52,0
1652,66.08,76,334,661,31,59,0
1652,66.08,79,352,496,8,16,0
1652,66.08,80,428,241,32,9,0
1652,66.08,81,336,621,20,52,0
1652,66.08,83,456,440,27,24,0
1652,66.08,84,509,561,19,11,0
1652,66.08,88,588,159,10,57,0
1652,66.08,90,586,689,27,27,0
1652,66.08,92,641,263,189,315,0
1652,66.08,94,631,640,32,43,0
1652,66.08,95,659,384,13,16,0
1652,66.08,98,408,698,33,22,0
1652,66.08,99,592,81,9,60,0
1652,66.08,104,724,57,57,23,0
1652,66.08,105,702,0,16,29,0
1652,66.08,107,780,45,23,34,0
1652,66.08,108,785,77,26,23,0
1652,66.08,110,701,33,25,42,0
1652,66.08,112,586,212,94,40,0
1652,66.08,113,718,579,110,80,0
1652,66.08,115,879,331,21,45,0
1652,66.08,116,800,512,16,49,0
1652,66.08,117,808,172,8,27,0
1652,66.08,121,814,124,16,20,0
1652,66.08,122,809,152,14,18,0
1652,66.08,123,881,237,31,27,0
1652,66.08,126,963,93,18,29,0
1652,66.08,127,889,94,76,103,0
1652,66.08,128,1009,576,11,19,0
1652,66.08,135,759,521,439,199,0
1652,66.08,138,1006,390,10,10,0
1652,66.08,139,984,686,19,9,0
1652,66.08,140,1035,0,19,11,0
1652,66.08,141,1058,658,222,62,0
1652,66.08,142,1114,393,26,19,0
1652,66.08,144,1136,218,22,14,0
1652,66.08,145,1120,306,16,14,0
1652,66.08,146,1118,640,18,14,0
1652,66.08,147,1097,221,9,13,0
1652,66.08,149,1263,383,17,17,0
1652,66.08,150,1230,0,45,52,0
1652,66.08,151,1147,67,133,279,0
1652,66.08,152,1264,206,15,30,0
1652,66.08,153,1210,566,15,50,0
1652,66.08,154,1221,519,11,30,0
1652,66.08,156,1220,399,19,17,0
1652,66.08,157,1117,611,22,30,0
1652,66.08,158,1269,171,11,23,0
1652,66.08,160,1248,174,14,19,0
1652,66.08,161,1243,81,26,24,0
1652,66.08,162,1184,22,41,22,0
1652,66.08,163,1259,62,21,50,0
1652,66.08,164,1263,51,17,14,0
1652,66.08,165,1259,155,21,26,0
1652,66.08,166,24,211,9,14,0
1652,66.08,168,268,209,19,12,0
1652,66.08,169,327,27,37,23,0
1652,66.08,170,329,62,16,26,0
1652,66.08,171,83,216,494,71,0
1652,66.08,172,0,30,120,152,0
1652,66.08,173,512,139,35,16,0
1652,66.08,181,9,637,21,15,0
1652,66.08,184,139,90,25,7,0
1652,66.08,187,1203,481,19,54,0
1652,66.08,188,13,263,14,29,0
1652,66.08,189,38,189,19,9,0
1652,66.08,192,300,150,30,31,0
1652,66.08,193,311,112,20,17,0
1652,66.08,194,327,117,187,102,0
1652,66.08,198,475,303,13,9,0
1652,66.08,203,0,697,16,20,0
1652,66.08,204,477,135,36,19,0
1652,66.08,205,463,210,27,14,0
1652,66.08,207,524,620,23,23,0
1652,66.08,208,509,220,21,10,0
1652,66.08,211,600,0,33,7,0
1652,66.08,212,827,41,7,26,0
1652,66.08,213,747,648,29,28,0
1652,66.08,215,1234,514,18,13,0
1652,66.08,220,672,462,32,10,0
1652,66.08,225,258,671,45,49,0
1652,66.08,230,414,376,16,18,0
1652,66.08,232,383,386,11,13,0
1652,66.08,234,688,667,40,26,0
1652,66.08,236,0,381,21,29,0
1652,66.08,237,264,305,24,33,0
1652,66.08,239,301,320,19,16,0
1652,66.08,240,311,193,20,11,0
1652,66.08,242,398,297,95,79,0
1652,66.08,244,599,182,75,40,0
1652,66.08,245,688,119,10,26,0
1652,66.08,246,1096,466,7,17,0
1652,66.08,247,1038,335,85,113,0
1652,66.08,248,1112,418,9,14,0
1652,66.08,250,1209,623,65,36,0
1652,66.08,253,0,184,39,24,0
1652,66.08,254,0,236,32,16,0
1652,66.08,255,0,239,381,481,0
1652,66.08,256,182,463,25,10,0
1652,66.08,257,300,609,21,37,0
1652,66.08,258,352,649,58,71,0
1652,66.08,259,389,513,61,44,0
1652,66.08,260,464,620,131,100,0
1652,66.08,261,509,152,41,28,0
1652,66.08,262,685,510,35,45,0
1652,66.08,263,688,77,121,196,0
1652,66.08,264,1001,361,9,23,0
1652,66.08,265,1135,254,17,10,0
1652,66.08,266,202,488,74,36,0
1652,66.08,267,360,554,123,137,0
1652,66.08,268,665,200,21,33,0
1653,66.12,21,837,646,19,45,0
1653,66.12,32,921,496,24,17,0
1653,66.12,34,0,219,31,16,0
1653,66.12,41,35,401,16,41,0
1653,66.12,48,192,416,22,12,0
1653,66.12,51,192,496,9,17,0
1653,66.12,52,230,472,21,16,0
1653,66.12,53,825,432,14,33,0
1653,66.12,56,606,42,84,155,0
1653,66.12,58,1163,333,20,27,0
1653,66.12,61,931,480,14,11,0
1653,66.12,62,904,192,224,247,0
1653,66.12,64,1262,648,18,11,0
1653,66.12,68,288,480,17,8,0
1653,66.12,71,112,30,219,57,0
1653,66.12,72,269,606,51,68,0
1653,66.12,75,362,494,27,52,0
1653,66.12,76,334,661,31,59,0
1653,66.12,79,352,496,8,16,0
1653,66.12,81,287,672,17,16,0
1653,66.12,83,456,440,27,24,0
1653,66.12,84,509,561,18,11,0
1653,66.12,88,588,159,10,57,0
1653,66.12,90,586,689,27,27,0
1653,66.12,92,641,263,189,315,0
1653,66.12,93,701,33,25,42,0
1653,66.12,94,631,640,32,43,0
1653,66.12,95,659,384,13,16,0
1653,66.12,96,672,462,32,10,0
1653,66.12,98,408,698,33,22,0
1653,66.12,99,592,81,9,60,0
1653,66.12,104,780,46,23,34,0
1653,66.12,105,702,0,16,29,0
1653,66.12,107,724,57,57,23,0
1653,66.12,108,785,77,26,23,0
1653,66.12,112,586,212,94,40,0
1653,66.12,113,718,579,110,80,0
1653,66.12,115,879,331,21,45,0
1653,66.12,116,800,512,16,49,0
1653,66.12,117,809,152,14,18,0
1653,66.12,120,827,41,7,26,0
1653,66.12,121,814,124,16,20,0
1653,66.12,122,808,172,8,27,0
1653,66.12,123,881,237,31,27,0
1653,66.12,126,963,93,17,29,0
1653,66.12,127,889,94,76,103,0
1653,66.12,134,1004,175,23,20,0
1653,66.12,135,757,521,441,199,0
1653,66.12,138,1006,390,10,10,0
1653,66.12,139,984,686,19,9,0
1653,66.12,140,1035,0,19,11,0
1653,66.12,141,1058,658,222,62,0
1653,66.12,142,1040,335,83,113,0
1653,66.12,144,1136,216,22,16,0
1653,66.12,145,1120,306,16,14,0
1653,66.12,146,1118,640,18,13,0
1653,66.12,147,1097,221,9,13,0
1653,66.12,149,1263,383,17,17,0
1653,66.12,150,1231,0,44,52,0
1653,66.12,151,1147,67,133,279,0
1653,66.12,152,1264,206,15,30,0
1653,66.12,153,1210,566,15,50,0
1653,66.12,154,1221,519,11,30,0
1653,66.12,155,1114,393,26,19,0
1653,66.12,156,1220,401,19,15,0
1653,66.12,158,1269,171,11,23,0
1653,66.12,160,1248,174,14,19,0
1653,66.12,161,1243,88,26,17,0
1653,66.12,162,1184,22,41,22,0
1653,66.12,163,1259,62,21,50,0
1653,66.12,164,1263,51,17,14,0
1653,66.12,165,1259,155,21,26,0
1653,66.12,166,24,211,9,14,0
1653,66.12,168,268,209,19,12,0
1653,66.12,169,327,27,37,23,0
1653,66.12,171,83,216,494,71,0
1653,66.12,172,0,33,77,149,0
1653,66.12,173,512,139,35,16,0
1653,66.12,179,35,30,85,70,0
1653,66.12,181,9,637,21,15,0
1653,66.12,184,139,90,25,7,0
1653,66.12,187,1203,481,19,54,0
1653,66.12,188,13,263,14,29,0
1653,66.12,189,38,189,19,9,0
1653,66.12,192,300,150,30,31,0
1653,66.12,193,311,112,20,18,0
1653,66.12,194,329,117,185,102,0
1653,66.12,198,475,303,13,9,0
1653,66.12,203,0,697,16,20,0
1653,66.12,204,477,135,36,19,0
1653,66.12,205,463,210,27,14,0
1653,66.12,207,527,620,20,22,0
1653,66.12,208,509,220,21,10,0
1653,66.12,211,600,0,33,7,0
1653,66.12,213,747,648,29,28,0
1653,66.12,214,922,239,63,76,0
1653,66.12,215,1234,514,18,13,0
1653,66.12,225,258,671,45,49,0
1653,66.12,230,414,376,16,18,0
1653,66.12,232,383,386,11,13,0
1653,66.12,234,688,667,32,26,0
1653,66.12,236,0,381,21,29,0
1653,66.12,237,271,305,17,16,0
1653,66.12,238,274,659,14,19,0
1653,66.12,239,301,320,19,17,0
1653,66.12,240,311,193,20,11,0
1653,66.12,242,398,297,95,79,0
1653,66.12,244,599,182,75,40,0
1653,66.12,245,688,119,10,26,0
1653,66.12,246,1096,466,7,17,0
1653,66.12,248,1112,418,9,14,0
1653,66.12,250,1240,636,34,17,0
1653,66.12,253,0,184,39,24,0
1653,66.12,254,0,236,32,16,0
1653,66.12,255,0,240,360,480,0
1653,66.12,256,182,463,25,10,0
1653,66.12,257,300,609,21,37,0
1653,66.12,258,352,649,58,71,0
1653,66.12,259,389,513,61,44,0
1653,66.12,260,464,620,131,100,0
1653,66.12,261,509,152,41,25,0
1653,66.12,262,685,510,35,46,0
1653,66.12,263,688,77,121,196,0
1653,66.12,264,1001,361,9,23,0
1653,66.12,266,202,488,74,36,0
1653,66.12,267,360,554,123,137,0
1653,66.12,268,665,200,21,33,0
1653,66.12,269,248,331,13,23,0
1653,66.12,270,336,621,20,52,0
1653,66.12,271,1209,636,25,23,0
1654,66.16,21,837,646,19,45,0
1654,66.16,32,921,496,24,17,0
1654,66.16,34,0,219,31,16,0
1654,66.16,41,35,401,16,41,0
1654,66.16,48,192,416,22,12,0
1654,66.16,51,192,496,9,17,0
1654,66.16,52,230,472,21,16,0
1654,66.16,53,825,432,13,33,0
1654,66.16,56,606,42,84,155,0
1654,66.16,58,1163,333,20,27,0
1654,66.16,61,931,480,14,11,0
1654,66.16,64,1262,648,18,11,0
1654,66.16,65,904,175,224,261,0
1654,66.16,71,112,30,219,57,0
1654,66.16,72,272,606,47,68,0
1654,66.16,75,362,494,27,52,0
1654,66.16,76,334,661,31,59,0
1654,66.16,79,352,496,8,16,0
1654,66.16,83,456,440,27,24,0
1654,66.16,84,509,561,19,11,0
1654,66.16,88,588,159,10,57,0
1654,66.16,90,586,689,27,27,0
1654,66.16,92,641,263,186,315,0
1654,66.16,93,701,33,25,42,0
1654,66.16,94,631,640,32,43,0
1654,66.16,95,659,384,13,16,0
1654,66.16,96,672,462,32,10,0
1654,66.16,98,408,698,33,22,0
1654,66.16,99,592,81,9,60,0
1654,66.16,105,702,0,16,29,0
1654,66.16,106,559,678,36,23,0
1654,66.16,107,724,57,57,23,0
1654,66.16,108,785,77,26,23,0
1654,66.16,112,586,212,94,40,0
1654,66.16,113,718,579,110,70,0
1654,66.16,115,879,331,21,45,0
1654,66.16,116,800,512,16,49,0
1654,66.16,117,809,152,14,18,0
1654,66.16,119,796,398,34,35,0
1654,66.16,120,780,46,23,33,0
1654,66.16,121,810,124,20,20,0
1654,66.16,122,808,172,8,27,0
1654,66.16,123,881,237,31,27,0
1654,66.16,126,965,95,15,27,0
1654,66.16,127,889,94,76,103,0
1654,66.16,135,766,521,432,199,0
1654,66.16,139,984,686,19,9,0
1654,66.16,140,1035,0,19,11,0
1654,66.16,141,1058,658,222,62,0
1654,66.16,145,1120,306,16,14,0
1654,66.16,146,1118,640,18,13,0
1654,66.16,147,1097,221,9,13,0
1654,66.16,149,1263,383,17,17,0
1654,66.16,150,1230,0,45,50,0
1654,66.16,151,1147,67,133,279,0
1654,66.16,152,1264,206,15,30,0
1654,66.16,153,1210,566,15,50,0
1654,66.16,154,1221,519,11,30,0
1654,66.16,155,1040,335,83,113,0
1654,66.16,156,1220,401,19,15,0
1654,66.16,157,1065,682,26,13,0
1654,66.16,158,1269,171,11,23,0
1654,66.16,160,1248,174,14,19,0
1654,66.16,161,1243,88,26,17,0
1654,66.16,162,1189,24,27,20,0
1654,66.16,163,1259,62,21,50,0
1654,66.16,164,1263,51,17,14,0
1654,66.16,165,1259,155,21,26,0
1654,66.16,166,24,211,9,14,0
1654,66.16,168,268,209,19,12,0
1654,66.16,171,83,216,494,71,0
1654,66.16,172,0,30,120,152,0
1654,66.16,173,512,139,35,16,0
1654,66.16,181,9,637,21,15,0
1654,66.16,184,139,90,25,7,0
1654,66.16,187,1203,481,19,54,0
1654,66.16,188,13,263,14,29,0
1654,66.16,189,38,189,19,9,0
1654,66.16,192,313,163,17,15,0
1654,66.16,193,311,112,20,18,0
1654,66.16,194,329,117,185,102,0
1654,66.16,198,475,303,13,9,0
1654,66.16,203,0,697,16,20,0
1654,66.16,204,477,135,36,19,0
1654,66.16,205,463,210,27,14,0
1654,66.16,207,529,620,17,20,0
1654,66.16,208,509,220,21,10,0
1654,66.16,211,600,0,33,7,0
1654,66.16,213,747,648,29,28,0
1654,66.16,214,922,239,63,76,0
1654,66.16,215,1234,514,18,13,0
1654,66.16,220,774,637,14,22,0
1654,66.16,225,258,671,45,49,0
1654,66.16,230,414,376,16,18,0
1654,66.16,232,383,386,11,13,0
1654,66.16,234,688,667,32,26,0
1654,66.16,236,0,381,21,29,0
1654,66.16,237,271,305,17,16,0
1654,66.16,238,274,659,14,19,0
1654,66.16,239,302,320,18,17,0
1654,66.16,240,311,193,20,11,0
1654,66.16,241,401,332,37,44,0
1654,66.16,242,398,297,95,50,0
1654,66.16,244,599,182,75,40,0
1654,66.16,245,688,119,10,26,0
1654,66.16,246,1096,466,7,17,0
1654,66.16,250,1240,636,34,17,0
1654,66.16,253,0,184,39,24,0
1654,66.16,254,0,236,32,16,0
1654,66.16,255,0,240,360,480,0
1654,66.16,256,182,463,25,10,0
1654,66.16,257,300,609,18,23,0
1654,66.16,258,352,649,58,71,0
1654,66.16,259,389,513,61,44,0
1654,66.16,260,499,620,87,100,0
1654,66.16,261,509,152,41,28,0
1654,66.16,262,685,510,34,30,0
1654,66.16,263,688,77,121,196,0
1654,66.16,266,202,488,74,36,0
1654,66.16,267,360,554,123,137,0
1654,66.16,268,665,200,21,33,0
1654,66.16,270,336,621,20,52,0
1654,66.16,271,1209,636,25,23,0
1654,66.16,272,464,698,40,22,0
1654,66.16,273,472,664,27,32,0
1655,66.2,21,837,646,19,40,0
1655,66.2,32,920,501,25,19,0
1655,66.2,34,0,219,31,16,0
1655,66.2,41,35,401,16,41,0
1655,66.2,45,99,695,96,25,0
1655,66.2,48,192,416,22,12,0
1655,66.2,51,187,496,14,17,0
1655,66.2,52,230,472,21,16,0
1655,66.2,53,825,432,13,33,0
1655,66.2,54,333,117,139,39,0
1655,66.2,56,606,42,83,153,0
1655,66.2,58,1163,333,20,27,0
1655,66.2,59,907,94,43,27,0
1655,66.2,61,931,480,15,11,0
1655,66.2,62,904,192,224,247,0
1655,66.2,71,116,30,184,55,0
1655,66.2,72,272,606,46,67,0
1655,66.2,75,362,494,27,52,0
1655,66.2,76,334,667,31,53,0
1655,66.2,78,329,151,185,73,0
1655,66.2,79,352,496,8,16,0
1655,66.2,81,228,688,16,32,0
1655,66.2,83,456,440,27,24,0
1655,66.2,84,468,598,9,11,0
1655,66.2,88,588,159,10,57,0
1655,66.2,90,586,689,27,27,0
1655,66.2,92,656,263,171,315,0
1655,66.2,93,711,36,15,14,0
1655,66.2,94,631,640,32,43,0
1655,66.2,95,640,385,8,15,0
1655,66.2,96,672,462,32,10,0
1655,66.2,98,408,698,33,22,0
1655,66.2,99,592,81,9,60,0
1655,66.2,106,559,678,36,23,0
1655,66.2,107,732,58,44,19,0
1655,66.2,108,785,77,26,23,0
1655,66.2,112,586,213,94,39,0
1655,66.2,113,718,579,110,70,0
1655,66.2,115,879,331,21,45,0
1655,66.2,116,800,512,16,58,0
1655,66.2,117,809,152,14,18,0
1655,66.2,119,796,398,34,35,0
1655,66.2,120,781,46,22,34,0
1655,66.2,122,808,172,8,27,0
1655,66.2,123,881,237,31,27,0
1655,66.2,126,965,94,15,28,0
1655,66.2,127,889,121,75,78,0
1655,66.2,134,1004,175,20,19,0
1655,66.2,135,766,521,432,199,0
1655,66.2,138,980,408,19,16,0
1655,66.2,139,984,686,19,9,0
1655,66.2,140,1035,0,19,11,0
1655,66.2,141,1058,658,222,62,0
1655,66.2,145,1120,306,16,14,0
1655,66.2,147,1097,221,9,13,0
1655,66.2,149,1263,383,17,17,0
1655,66.2,150,1230,0,45,50,0
1655,66.2,151,1160,72,120,274,0
1655,66.2,153,1210,566,15,50,0
1655,66.2,154,1221,519,11,30,0
1655,66.2,155,1040,335,83,72,0
1655,66.2,156,1220,401,19,15,0
1655,66.2,158,1269,171,11,23,0
1655,66.2,162,1189,24,27,20,0
1655,66.2,163,1260,74,20,37,0
1655,66.2,165,1259,155,21,24,0
1655,66.2,166,24,211,9,14,0
1655,66.2,168,268,209,19,12,0
1655,66.2,169,297,56,21,17,0
1655,66.2,171,83,213,494,74,0
1655,66.2,172,35,30,85,70,0
1655,66.2,173,512,139,37,16,0
1655,66.2,181,9,637,21,15,0
1655,66.2,184,120,90,44,7,0
1655,66.2,187,1203,481,19,54,0
1655,66.2,188,13,263,14,28,0
1655,66.2,189,38,189,19,9,0
1655,66.2,192,313,163,17,15,0
1655,66.2,193,311,112,20,18,0
1655,66.2,194,422,169,18,20,0
1655,66.2,196,204,64,17,13,0
1655,66.2,198,475,303,13,9,0
1655,66.2,199,645,281,35,25,0
1655,66.2,203,0,703,16,14,0
1655,66.2,204,477,135,34,19,0
1655,66.2,207,529,621,17,19,0
1655,66.2,211,600,0,33,7,0
1655,66.2,213,747,650,29,26,0
1655,66.2,214,922,239,63,76,0
1655,66.2,215,1234,514,18,13,0
1655,66.2,225,258,671,45,49,0
1655,66.2,230,414,376,16,18,0
1655,66.2,232,383,386,11,13,0
1655,66.2,234,688,667,32,26,0
1655,66.2,236,0,381,21,29,0
1655,66.2,238,274,659,14,19,0
1655,66.2,240,311,193,20,11,0
1655,66.2,241,401,332,37,44,0
1655,66.2,242,398,297,95,53,0
1655,66.2,244,599,182,75,40,0
1655,66.2,245,689,124,9,21,0
1655,66.2,246,1096,466,7,17,0
1655,66.2,248,1114,396,14,15,0
1655,66.2,250,1240,636,30,17,0
1655,66.2,253,14,193,24,11,0
1655,66.2,254,0,236,32,16,0
1655,66.2,255,0,240,360,475,0
1655,66.2,256,182,463,25,10,0
1655,66.2,257,300,609,18,23,0
1655,66.2,258,352,649,58,71,0
1655,66.2,259,389,513,61,44,0
1655,66.2,260,499,620,84,100,0
1655,66.2,261,509,152,41,28,0
1655,66.2,262,685,510,34,30,0
1655,66.2,263,688,77,121,196,0
1655,66.2,264,1001,361,7,23,0
1655,66.2,266,234,504,32,19,0
1655,66.2,267,360,554,120,137,0
1655,66.2,268,665,200,21,33,0
1655,66.2,270,336,621,19,52,0
1655,66.2,271,1209,636,25,23,0
1655,66.2,272,464,698,40,22,0
1655,66.2,273,472,664,27,32,0
1655,66.2,274,0,48,77,134,0
1655,66.2,275,202,488,32,35,0
1655,66.2,276,688,241,10,16,0
1655,66.2,277,774,637,14,22,0
1655,66.2,278,859,623,23,45,0
1655,66.2,279,1083,399,23,50,0
1656,66.24,21,837,646,19,40,0
1656,66.24,32,921,501,24,19,0
1656,66.24,34,0,219,31,16,0
1656,66.24,41,35,401,16,41,0
1656,66.24,45,85,695,110,25,0
1656,66.24,48,192,416,22,12,0
1656,66.24,51,187,496,14,17,0
1656,66.24,52,230,472,21,16,0
1656,66.24,53,825,432,13,33,0
1656,66.24,54,333,117,139,39,0
1656,66.24,56,606,42,83,153,0
1656,66.24,58,1163,333,20,27,0
1656,66.24,61,931,480,15,11,0
1656,66.24,62,985,302,34,21,0
1656,66.24,64,1209,639,7,19,0
1656,66.24,65,980,192,140,145,0
1656,66.24,71,116,30,184,55,0
1656,66.24,72,272,606,46,67,0
1656,66.24,75,362,494,24,38,0
1656,66.24,76,334,667,31,53,0
1656,66.24,78,329,151,185,73,0
1656,66.24,79,352,496,8,16,0
1656,66.24,81,228,688,16,32,0
1656,66.24,83,456,440,27,24,0
1656,66.24,84,468,598,9,11,0
1656,66.24,88,588,159,10,57,0
1656,66.24,90,586,689,27,27,0
1656,66.24,92,656,263,171,315,0
1656,66.24,93,711,36,15,14,0
1656,66.24,94,631,640,32,43,0
1656,66.24,96,672,462,32,10,0
1656,66.24,98,408,698,33,22,0
1656,66.24,99,592,81,9,60,0
1656,66.24,107,732,58,44,19,0
1656,66.24,108,785,77,26,23,0
1656,66.24,112,586,213,94,39,0
1656,66.24,113,718,579,110,70,0
1656,66.24,115,879,331,21,45,0
1656,66.24,116,800,512,16,58,0
1656,66.24,117,809,152,14,18,0
1656,66.24,119,796,398,34,35,0
1656,66.24,120,781,46,22,33,0
1656,66.24,121,800,112,6,16,0
1656,66.24,122,808,172,8,27,0
1656,66.24,123,881,237,31,27,0
1656,66.24,124,907,95,43,26,0
1656,66.24,127,897,121,67,78,0
1656,66.24,129,889,156,11,22,0
1656,66.24,134,1004,175,20,19,0
1656,66.24,135,766,521,432,199,0
1656,66.24,139,984,686,19,9,0
1656,66.24,140,1035,0,19,11,0
1656,66.24,141,1058,658,222,62,0
1656,66.24,142,904,308,95,131,0
1656,66.24,145,1120,306,16,14,0
1656,66.24,147,1082,205,13,25,0
1656,66.24,149,1263,383,17,17,0
1656,66.24,150,1230,0,45,50,0
1656,66.24,151,1160,73,120,273,0
1656,66.24,153,1210,566,15,50,0
1656,66.24,154,1221,519,11,30,0
1656,66.24,155,1040,335,83,72,0
1656,66.24,156,1220,401,19,15,0
1656,66.24,158,1269,171,11,23,0
1656,66.24,162,1189,24,27,20,0
1656,66.24,163,1260,74,20,37,0
1656,66.24,165,1259,160,21,19,0
1656,66.24,166,24,211,9,14,0
1656,66.24,168,268,209,19,12,0
1656,66.24,169,297,56,21,17,0
1656,66.24,171,83,213,494,74,0
1656,66.24,173,512,139,37,16,0
1656,66.24,181,9,637,21,15,0
1656,66.24,184,139,90,25,7,0
1656,66.24,187,1203,481,19,54,0
1656,66.24,188,13,263,14,28,0
1656,66.24,189,38,189,19,9,0
1656,66.24,192,313,163,17,15,0
1656,66.24,193,311,112,20,18,0
1656,66.24,194,422,169,18,20,0
1656,66.24,196,204,64,17,13,0
1656,66.24,198,475,303,13,9,0
1656,66.24,199,645,281,35,25,0
1656,66.24,203,0,703,16,14,0
1656,66.24,204,477,135,34,19,0
1656,66.24,207,530,624,15,16,0
1656,66.24,211,600,0,33,7,0
1656,66.24,213,747,650,29,26,0
1656,66.24,214,922,239,63,76,0
1656,66.24,215,1234,514,18,13,0
1656,66.24,225,258,671,45,49,0
1656,66.24,230,414,376,16,18,0
1656,66.24,231,35,30,85,70,0
1656,66.24,232,383,386,11,13,0
1656,66.24,234,688,667,32,26,0
1656,66.24,236,0,381,21,29,0
1656,66.24,238,274,659,13,19,0
1656,66.24,240,311,193,20,11,0
1656,66.24,241,401,332,37,44,0
1656,66.24,242,398,297,95,53,0
1656,66.24,244,605,182,69,39,0
1656,66.24,245,689,124,9,21,0
1656,66.24,246,1096,466,7,17,0
1656,66.24,250,1240,640,18,13,0
1656,66.24,253,14,193,24,11,0
1656,66.24,254,0,236,32,16,0
1656,66.24,255,0,240,360,475,0
1656,66.24,256,182,463,25,10,0
1656,66.24,257,300,609,18,23,0
1656,66.24,258,352,649,58,71,0
1656,66.24,259,389,513,61,44,0
1656,66.24,260,499,620,84,100,0
1656,66.24,261,509,152,41,28,0
1656,66.24,262,688,510,31,30,0
1656,66.24,263,688,77,121,196,0
1656,66.24,266,236,510,28,13,0
1656,66.24,267,360,554,120,137,0
1656,66.24,268,665,200,21,33,0
1656,66.24,270,336,621,19,52,0
1656,66.24,271,1216,636,18,23,0
1656,66.24,272,464,698,40,22,0
1656,66.24,273,472,664,26,32,0
1656,66.24,274,0,48,77,134,0
1656,66.24,275,202,488,32,34,0
1656,66.24,276,688,241,10,16,0
1656,66.24,277,774,637,14,22,0
1656,66.24,278,859,623,23,45,0
1656,66.24,279,1083,417,21,32,0
1656,66.24,280,373,516,16,30,0
1657,66.28,21,837,646,19,40,0
1657,66.28,32,921,501,24,19,0
1657,66.28,34,0,219,31,16,0
1657,66.28,41,35,401,16,41,0
1657,66.28,45,99,695,96,25,0
1657,66.28,48,192,416,22,12,0
1657,66.28,51,187,496,14,17,0
1657,66.28,52,230,472,21,16,0
1657,66.28,53,825,432,13,33,0
1657,66.28,54,333,117,139,39,0
1657,66.28,56,606,42,83,153,0
1657,66.28,58,1163,333,20,27,0
1657,66.28,61,931,480,15,11,0
1657,66.28,62,985,302,34,21,0
1657,66.28,64,1209,639,7,19,0
1657,66.28,65,1007,192,87,144,0
1657,66.28,71,116,30,179,55,0
1657,66.28,72,272,606,46,67,0
1657,66.28,73,289,40,20,16,0
1657,66.28,75,362,494,24,38,0
1657,66.28,76,334,667,31,53,0
1657,66.28,78,329,151,185,73,0
1657,66.28,79,352,496,8,16,0
1657,66.28,81,228,688,16,32,0
1657,66.28,83,456,440,27,24,0
1657,66.28,84,468,598,9,11,0
1657,66.28,88,588,159,10,57,0
1657,66.28,90,586,689,27,27,0
1657,66.28,92,656,263,171,315,0
1657,66.28,93,711,36,15,14,0
1657,66.28,94,631,640,32,43,0
1657,66.28,96,672,462,32,10,0
1657,66.28,98,408,698,33,22,0
1657,66.28,99,592,81,9,60,0
1657,66.28,106,569,620,8,26,0
1657,66.28,107,732,58,44,19,0
1657,66.28,108,785,77,26,23,0
1657,66.28,112,586,213,94,39,0
1657,66.28,113,718,579,110,70,0
1657,66.28,115,879,331,21,45,0
1657,66.28,116,800,512,16,58,0
1657,66.28,117,809,152,14,18,0
1657,66.28,119,796,398,34,35,0
1657,66.28,120,781,46,22,33,0
1657,66.28,121,800,112,6,16,0
1657,66.28,122,808,172,8,21,0
1657,66.28,123,881,240,31,24,0
1657,66.28,124,907,95,43,26,0
1657,66.28,127,898,121,66,78,0
1657,66.28,129,889,156,11,22,0
1657,66.28,134,1004,175,20,19,0
1657,66.28,135,766,521,432,199,0
1657,66.28,138,980,408,19,16,0
1657,66.28,139,984,686,19,9,0
1657,66.28,140,1035,0,19,11,0
1657,66.28,141,1058,658,222,62,0
1657,66.28,142,904,308,95,131,0
1657,66.28,145,1120,306,16,14,0
1657,66.28,147,1082,205,13,25,0
1657,66.28,149,1263,383,17,17,0
1657,66.28,150,1230,0,45,50,0
1657,66.28,151,1160,73,120,273,0
1657,66.28,153,1210,566,15,50,0
1657,66.28,154,1221,519,11,30,0
1657,66.28,155,1040,335,83,72,0
1657,66.28,156,1220,401,19,15,0
1657,66.28,158,1269,171,11,23,0
1657,66.28,162,1189,24,27,20,0
1657,66.28,163,1260,74,20,37,0
1657,66.28,165,1259,160,21,19,0
1657,66.28,166,24,211,9,14,0
1657,66.28,168,268,209,19,12,0
1657,66.28,169,297,56,21,17,0
1657,66.28,171,83,213,494,74,0
1657,66.28,173,512,139,37,16,0
1657,66.28,181,9,637,21,15,0
1657,66.28,184,139,90,25,7,0
1657,66.28,187,1203,481,19,54,0
1657,66.28,188,13,263,14,28,0
1657,66.28,189,38,189,19,9,0
1657,66.28,190,266,31,34,19,0
1657,66.28,192,313,163,17,15,0
1657,66.28,193,311,112,20,18,0
1657,66.28,194,424,177,16,12,0
1657,66.28,196,204,64,17,13,0
1657,66.28,198,475,303,13,9,0
1657,66.28,199,645,281,35,25,0
1657,66.28,203,0,703,16,14,0
1657,66.28,204,477,135,36,19,0
1657,66.28,207,530,624,15,16,0
1657,66.28,211,600,0,33,7,0
1657,66.28,213,747,650,29,26,0
1657,66.28,214,922,239,63,76,0
1657,66.28,215,1234,514,18,13,0
1657,66.28,225,258,671,45,49,0
1657,66.28,230,414,376,16,18,0
1657,66.28,232,383,386,11,13,0
1657,66.28,233,548,648,35,27,0
1657,66.28,234,688,667,32,26,0
1657,66.28,236,0,381,21,29,0
1657,66.28,238,274,659,14,19,0
1657,66.28,240,311,193,20,11,0
1657,66.28,241,401,332,37,44,0
1657,66.28,242,398,297,95,50,0
1657,66.28,244,604,182,70,39,0
1657,66.28,245,689,124,9,21,0
1657,66.28,246,1096,466,7,17,0
1657,66.28,248,1079,314,10,14,0
1657,66.28,253,14,193,24,11,0
1657,66.28,254,0,236,32,16,0
1657,66.28,255,0,240,360,475,0
1657,66.28,256,182,463,25,10,0
1657,66.28,257,300,609,18,23,0
1657,66.28,258,352,649,58,71,0
1657,66.28,259,389,513,61,44,0
1657,66.28,260,499,665,62,55,0
1657,66.28,261,509,152,41,28,0
1657,66.28,262,688,510,31,30,0
1657,66.28,263,688,77,121,196,0
1657,66.28,266,236,510,28,13,0
1657,66.28,267,360,554,120,137,0
1657,66.28,268,665,200,21,33,0
1657,66.28,270,336,621,19,52,0
1657,66.28,271,1216,636,18,22,0
1657,66.28,272,464,698,40,22,0
1657,66.28,273,472,664,26,32,0
1657,66.28,274,0,30,120,152,0
1657,66.28,275,202,488,32,34,0
1657,66.28,276,688,241,10,16,0
1657,66.28,277,774,637,14,22,0
1657,66.28,278,859,623,23,45,0
1657,66.28,279,1083,417,21,32,0
1657,66.28,280,373,516,16,30,0
1657,66.28,281,980,252,28,28,0
1658,66.32,21,837,646,19,40,0
1658,66.32,32,920,501,25,19,0
1658,66.32,34,0,219,31,16,0
1658,66.32,41,35,401,16,41,0
1658,66.32,48,192,416,22,12,0
1658,66.32,51,192,496,9,17,0
1658,66.32,52,230,472,21,16,0
1658,66.32,53,825,432,13,33,0
1658,66.32,54,333,117,139,39,0
1658,66.32,56,606,42,83,153,0
1658,66.32,58,1163,333,20,27,0
1658,66.32,61,931,480,14,11,0
1658,66.32,62,985,302,34,21,0
1658,66.32,64,1209,639,7,19,0
1658,66.32,65,1007,192,87,144,0
1658,66.32,71,116,30,176,55,0
1658,66.32,72,272,606,46,67,0
1658,66.32,75,362,495,16,33,0
1658,66.32,76,334,667,31,53,0
1658,66.32,77,378,494,8,18,0
1658,66.32,78,329,151,185,73,0
1658,66.32,79,352,496,8,16,0
1658,66.32,81,228,688,16,32,0
1658,66.32,83,456,440,27,24,0
1658,66.32,84,468,598,9,11,0
1658,66.32,88,588,159,10,57,0
1658,66.32,90,586,689,27,27,0
1658,66.32,92,656,263,171,315,0
1658,66.32,93,711,36,15,14,0
1658,66.32,94,631,640,32,43,0
1658,66.32,96,672,462,32,10,0
1658,66.32,98,408,698,33,22,0
1658,66.32,99,592,81,9,60,0
1658,66.32,106,569,620,8,26,0
1658,66.32,107,732,58,44,19,0
1658,66.32,108,785,77,26,23,0
1658,66.32,112,586,213,94,39,0
1658,66.32,113,718,579,110,70,0
1658,66.32,115,879,331,21,45,0
1658,66.32,116,800,512,16,58,0
1658,66.32,117,809,152,14,18,0
1658,66.32,119,796,398,34,35,0
1658,66.32,120,781,46,22,33,0
1658,66.32,121,800,112,6,16,0
1658,66.32,122,808,172,8,27,0
1658,66.32,123,881,237,31,27,0
1658,66.32,124,907,94,43,27,0
1658,66.32,127,897,121,67,78,0
1658,66.32,129,889,160,6,18,0
1658,66.32,134,1004,175,20,17,0
1658,66.32,135,766,521,432,199,0
1658,66.32,139,984,686,19,9,0
1658,66.32,140,1035,0,19,11,0
1658,66.32,141,1058,658,222,62,0
1658,66.32,142,904,308,95,128,0
1658,66.32,145,1120,306,16,14,0
1658,66.32,147,1082,205,13,25,0
1658,66.32,149,1263,383,17,17,0
1658,66.32,150,1230,0,45,50,0
1658,66.32,151,1160,73,120,273,0
1658,66.32,153,1210,566,15,50,0
1658,66.32,154,1221,519,11,30,0
1658,66.32,155,1040,335,83,72,0
1658,66.32,156,1220,401,19,15,0
1658,66.32,158,1269,171,11,23,0
1658,66.32,162,1189,24,27,20,0
1658,66.32,163,1260,74,20,37,0
1658,66.32,165,1259,160,21,19,0
1658,66.32,166,24,211,9,14,0
1658,66.32,168,268,209,19,12,0
1658,66.32,169,297,56,21,17,0
1658,66.32,171,83,213,494,74,0
1658,66.32,173,512,139,37,16,0
1658,66.32,181,9,637,21,15,0
1658,66.32,184,141,90,23,7,0
1658,66.32,187,1203,481,19,54,0
1658,66.32,188,13,263,14,28,0
1658,66.32,189,40,189,17,9,0
1658,66.32,190,278,31,22,18,0
1658,66.32,192,313,163,17,15,0
1658,66.32,193,311,112,20,18,0
1658,66.32,194,422,169,18,20,0
1658,66.32,196,204,64,17,13,0
1658,66.32,198,475,303,13,9,0
1658,66.32,199,645,281,35,25,0
1658,66.32,203,0,703,16,14,0
1658,66.32,204,477,135,36,19,0
1658,66.32,207,530,624,15,16,0
1658,66.32,213,747,650,29,26,0
1658,66.32,214,922,239,63,76,0
1658,66.32,215,1234,514,18,13,0
1658,66.32,225,258,671,45,49,0
1658,66.32,230,414,376,16,18,0
1658,66.32,231,0,48,83,134,0
1658,66.32,232,383,386,11,13,0
1658,66.32,233,548,648,35,27,0
1658,66.32,234,688,667,32,26,0
1658,66.32,236,0,381,21,29,0
1658,66.32,240,311,193,20,11,0
1658,66.32,241,401,332,37,44,0
1658,66.32,242,398,297,95,50,0
1658,66.32,244,605,182,69,39,0
1658,66.32,245,689,124,9,21,0
1658,66.32,246,1096,466,7,17,0
1658,66.32,248,1081,314,8,14,0
1658,66.32,253,14,193,24,11,0
1658,66.32,254,0,236,32,16,0
1658,66.32,255,0,240,360,480,0
1658,66.32,256,182,456,25,17,0
1658,66.32,257,300,609,18,23,0
1658,66.32,258,352,649,58,71,0
1658,66.32,259,389,513,61,44,0
1658,66.32,260,499,665,62,55,0
1658,66.32,261,509,152,40,28,0
1658,66.32,262,688,510,31,30,0
1658,66.32,263,688,77,121,196,0
1658,66.32,266,234,510,22,13,0
1658,66.32,267,360,554,120,137,0
1658,66.32,268,665,200,21,33,0
1658,66.32,270,336,621,19,52,0
1658,66.32,271,1216,636,18,23,0
1658,66.32,272,464,698,40,22,0
1658,66.32,273,472,664,27,26,0
1658,66.32,274,35,30,85,61,0
1658,66.32,275,202,488,32,34,0
1658,66.32,276,688,241,10,16,0
1658,66.32,277,774,637,14,22,0
1658,66.32,278,859,623,23,45,0
1658,66.32,279,1083,417,21,31,0
1658,66.32,280,380,527,9,19,0
1658,66.32,281,980,252,28,28,0
1659,66.36,21,837,646,19,40,0
1659,66.36,32,920,501,25,19,0
1659,66.36,34,0,221,31,14,0
1659,66.36,37,28,443,14,37,0
1659,66.36,41,35,401,15,41,0
1659,66.36,45,175,708,20,12,0
1659,66.36,48,192,416,22,12,0
1659,66.36,50,158,275,85,58,0
1659,66.36,51,187,496,14,17,0
1659,66.36,52,230,472,21,16,0
1659,66.36,53,825,432,13,33,0
1659,66.36,54,333,117,139,39,0
1659,66.36,56,606,42,83,153,0
1659,66.36,58,1165,333,17,27,0
1659,66.36,61,931,480,14,11,0
1659,66.36,62,985,302,34,21,0
1659,66.36,64,1209,639,7,19,0
1659,66.36,65,1007,192,87,144,0
1659,66.36,71,116,30,95,47,0
1659,66.36,72,272,606,46,67,0
1659,66.36,73,266,31,34,19,0
1659,66.36,75,362,494,24,38,0
1659,66.36,78,329,151,185,73,0
1659,66.36,79,352,497,8,15,0
1659,66.36,81,228,688,16,32,0
1659,66.36,83,456,440,27,24,0
1659,66.36,84,468,598,9,11,0
1659,66.36,88,588,159,10,57,0
1659,66.36,92,656,263,171,315,0
1659,66.36,93,711,36,9,13,0
1659,66.36,94,631,649,29,34,0
1659,66.36,96,672,462,32,10,0
1659,66.36,98,408,698,33,22,0
1659,66.36,99,592,82,7,59,0
1659,66.36,101,949,400,32,39,0
1659,66.36,106,569,620,8,26,0
1659,66.36,107,750,65,26,11,0
1659,66.36,108,785,79,26,19,0
1659,66.36,112,586,213,94,39,0
1659,66.36,113,722,579,106,70,0
1659,66.36,115,879,331,18,24,0
1659,66.36,116,800,512,16,58,0
1659,66.36,117,809,152,14,18,0
1659,66.36,119,796,398,22,35,0
1659,66.36,120,781,46,21,34,0
1659,66.36,122,808,172,8,27,0
1659,66.36,123,880,237,32,27,0
1659,66.36,124,907,95,43,26,0
1659,66.36,127,897,121,67,78,0
1659,66.36,129,889,156,10,22,0
1659,66.36,134,1004,175,20,19,0
1659,66.36,135,767,521,431,199,0
1659,66.36,139,984,686,19,9,0
1659,66.36,141,1058,658,222,62,0
1659,66.36,142,904,308,93,116,0
1659,66.36,145,1120,306,16,14,0
1659,66.36,146,1070,630,18,14,0
1659,66.36,147,1082,205,13,25,0
1659,66.36,149,1263,383,17,17,0
1659,66.36,150,1233,18,42,32,0
1659,66.36,151,1160,74,120,272,0
1659,66.36,153,1211,587,14,29,0
1659,66.36,155,1069,381,14,11,0
1659,66.36,156,1220,401,18,12,0
1659,66.36,158,1269,171,11,22,0
1659,66.36,163,1264,74,16,37,0
1659,66.36,164,1237,0,37,24,0
1659,66.36,167,206,30,91,53,0
1659,66.36,168,268,209,19,12,0
1659,66.36,169,297,56,21,17,0
1659,66.36,171,83,213,494,74,0
1659,66.36,173,512,140,37,15,0
1659,66.36,181,9,637,21,15,0
1659,66.36,184,52,30,68,67,0
1659,66.36,187,1204,498,16,37,0
1659,66.36,190,289,40,20,16,0
1659,66.36,192,313,163,17,15,0
1659,66.36,193,311,112,20,18,0
1659,66.36,194,422,169,18,20,0
1659,66.36,196,204,64,17,13,0
1659,66.36,198,475,303,13,9,0
1659,66.36,199,645,281,35,25,0
1659,66.36,203,0,703,16,14,0
1659,66.36,204,477,135,35,19,0
1659,66.36,207,530,624,15,16,0
1659,66.36,213,747,650,29,26,0
1659,66.36,214,922,239,63,76,0
1659,66.36,215,1234,514,18,13,0
1659,66.36,225,258,682,45,38,0
1659,66.36,230,414,376,16,18,0
1659,66.36,231,0,48,66,134,0
1659,66.36,232,383,386,11,13,0
1659,66.36,233,548,648,35,27,0
1659,66.36,234,689,667,15,20,0
1659,66.36,236,0,381,21,27,0
1659,66.36,238,274,659,14,19,0
1659,66.36,240,311,193,20,11,0
1659,66.36,241,401,332,37,44,0
1659,66.36,242,398,297,95,50,0
1659,66.36,244,605,182,40,36,0
1659,66.36,245,689,124,9,21,0
1659,66.36,246,1096,466,7,17,0
1659,66.36,248,1081,314,8,14,0
1659,66.36,253,14,193,24,11,0
1659,66.36,254,0,236,32,16,0
1659,66.36,255,0,240,360,480,0
1659,66.36,256,182,456,25,17,0
1659,66.36,257,300,609,11,23,0
1659,66.36,258,334,667,76,53,0
1659,66.36,259,389,513,61,44,0
1659,66.36,260,499,665,62,55,0
1659,66.36,261,509,152,40,28,0
1659,66.36,262,688,510,31,20,0
1659,66.36,263,690,80,119,193,0
1659,66.36,264,969,345,30,41,0
1659,66.36,266,236,510,20,12,0
1659,66.36,267,360,554,120,137,0
1659,66.36,268,665,200,20,33,0
1659,66.36,272,464,698,40,22,0
1659,66.36,273,472,664,24,7,0
1659,66.36,274,35,30,45,18,0
1659,66.36,275,202,488,32,34,0
1659,66.36,276,688,241,10,16,0
1659,66.36,277,774,637,14,22,0
1659,66.36,278,859,623,23,45,0
1659,66.36,279,1040,335,56,46,0
1659,66.36,280,380,527,9,19,0
1659,66.36,281,980,252,20,28,0
1659,66.36,282,641,194,31,27,0
1659,66.36,283,926,673,10,15,0
1659,66.36,284,1000,255,8,12,0
1660,66.4,21,837,671,16,15,0
1660,66.4,32,920,501,25,19,0
1660,66.4,34,0,221,31,14,0
1660,66.4,37,28,443,14,37,0
1660,66.4,41,35,401,17,41,0
1660,66.4,42,17,615,24,15,0
1660,66.4,45,175,708,20,12,0
1660,66.4,51,187,496,14,17,0
1660,66.4,52,230,472,21,16,0
1660,66.4,53,825,432,13,33,0
1660,66.4,54,333,117,139,39,0
1660,66.4,56,606,42,83,153,0
1660,66.4,58,1163,333,19,27,0
1660,66.4,61,931,480,14,11,0
1660,66.4,62,985,302,34,21,0
1660,66.4,64,1209,639,7,19,0
1660,66.4,65,1007,192,87,144,0
1660,66.4,71,50,30,70,68,0
1660,66.4,72,272,606,46,67,0
1660,66.4,73,266,31,34,19,0
1660,66.4,75,362,494,24,38,0
1660,66.4,78,336,151,178,73,0
1660,66.4,79,352,497,8,15,0
1660,66.4,81,228,688,16,32,0
1660,66.4,83,456,440,27,24,0
1660,66.4,84,468,598,9,11,0
1660,66.4,88,588,159,10,57,0
1660,66.4,92,656,263,171,315,0
1660,66.4,93,711,36,9,13,0
1660,66.4,94,631,649,29,34,0
1660,66.4,96,672,462,32,10,0
1660,66.4,98,408,698,33,22,0
1660,66.4,99,592,93,7,48,0
1660,66.4,101,949,400,32,39,0
1660,66.4,106,569,620,8,26,0
1660,66.4,107,750,65,26,11,0
1660,66.4,108,785,79,26,19,0
1660,66.4,112,586,213,94,39,0
1660,66.4,113,722,579,106,70,0
1660,66.4,115,879,331,18,24,0
1660,66.4,116,800,512,16,58,0
1660,66.4,117,809,152,14,18,0
1660,66.4,119,796,398,22,35,0
1660,66.4,120,781,46,21,33,0
1660,66.4,123,880,237,32,27,0
1660,66.4,124,907,95,43,26,0
1660,66.4,127,897,121,67,76,0
1660,66.4,129,889,156,10,22,0
1660,66.4,134,1004,175,20,19,0
1660,66.4,135,767,521,431,199,0
1660,66.4,139,984,686,19,9,0
1660,66.4,141,1058,658,222,62,0
1660,66.4,142,904,308,94,116,0
1660,66.4,145,1120,306,16,14,0
1660,66.4,146,1071,630,17,14,0
1660,66.4,147,1082,205,13,25,0
1660,66.4,149,1263,383,17,17,0
1660,66.4,150,1233,14,42,36,0
1660,66.4,151,1160,74,120,272,0
1660,66.4,153,1211,587,14,29,0
1660,66.4,155,1069,381,14,11,0
1660,66.4,156,1220,401,18,12,0
1660,66.4,158,1269,171,11,22,0
1660,66.4,163,1264,74,16,37,0
1660,66.4,164,1241,0,33,24,0
1660,66.4,167,233,30,48,12,0
1660,66.4,168,268,209,19,12,0
1660,66.4,171,83,213,494,74,0
1660,66.4,173,477,135,72,20,0
1660,66.4,181,9,637,21,15,0
1660,66.4,187,1204,498,16,37,0
1660,66.4,192,313,163,17,15,0
1660,66.4,193,311,112,20,18,0
1660,66.4,194,422,169,18,20,0
1660,66.4,196,204,64,17,13,0
1660,66.4,198,475,303,13,9,0
1660,66.4,199,645,281,35,25,0
1660,66.4,203,0,703,16,14,0
1660,66.4,207,530,624,15,16,0
1660,66.4,213,747,650,29,26,0
1660,66.4,214,922,239,63,76,0
1660,66.4,215,1234,517,18,10,0
1660,66.4,225,258,682,41,38,0
1660,66.4,230,414,376,16,18,0
1660,66.4,231,0,49,66,133,0
1660,66.4,232,383,386,11,13,0
1660,66.4,233,548,647,35,28,0
1660,66.4,236,0,381,21,27,0
1660,66.4,240,311,193,20,11,0
1660,66.4,241,401,332,37,44,0
1660,66.4,242,398,297,95,50,0
1660,66.4,245,689,124,9,21,0
1660,66.4,246,1096,466,7,17,0
1660,66.4,248,1081,314,8,14,0
1660,66.4,253,14,193,24,11,0
1660,66.4,254,0,236,32,16,0
1660,66.4,255,0,240,360,480,0
1660,66.4,256,182,456,25,17,0
1660,66.4,257,300,609,11,23,0
1660,66.4,258,334,667,76,53,0
1660,66.4,259,389,513,61,44,0
1660,66.4,260,499,665,62,55,0
1660,66.4,261,509,152,40,28,0
1660,66.4,262,688,510,31,20,0
1660,66.4,263,690,80,119,193,0
1660,66.4,266,236,510,20,12,0
1660,66.4,267,360,554,120,137,0
1660,66.4,268,665,200,20,33,0
1660,66.4,272,464,698,40,22,0
1660,66.4,274,35,30,31,18,0
1660,66.4,275,202,488,32,34,0
1660,66.4,276,688,241,10,16,0
1660,66.4,277,774,637,14,22,0
1660,66.4,278,859,623,23,45,0
1660,66.4,279,1040,335,56,40,0
1660,66.4,280,380,527,9,19,0
1660,66.4,281,980,252,20,28,0
1660,66.4,282,605,182,67,39,0
1660,66.4,284,1000,252,8,15,0
1660,66.4,285,116,30,179,50,0
1660,66.4,286,329,189,18,19,0
1660,66.4,287,846,646,10,12,0
1661,66.44,32,920,501,25,19,0
1661,66.44,34,0,221,31,14,0
1661,66.44,37,28,443,14,37,0
1661,66.44,41,35,401,15,41,0
1661,66.44,45,175,708,20,12,0
1661,66.44,47,192,524,21,21,0
1661,66.44,51,192,496,9,17,0
1661,66.44,52,213,530,45,17,0
1661,66.44,53,825,432,13,33,0
1661,66.44,54,333,117,139,39,0
1661,66.44,56,606,42,83,153,0
1661,66.44,58,1163,333,19,27,0
1661,66.44,61,931,480,14,11,0
1661,66.44,62,985,302,27,21,0
1661,66.44,64,1209,639,7,19,0
1661,66.44,65,1023,192,71,144,0
1661,66.44,72,272,606,46,67,0
1661,66.44,73,266,31,25,19,0
1661,66.44,76,334,667,31,53,0
1661,66.44,78,336,151,178,73,0
1661,66.44,79,352,497,8,15,0
1661,66.44,81,228,688,16,32,0
1661,66.44,83,456,440,27,24,0
1661,66.44,84,468,598,9,11,0
1661,66.44,88,588,161,7,55,0
1661,66.44,92,668,265,159,313,0
1661,66.44,93,711,36,9,13,0
1661,66.44,94,641,649,19,29,0
1661,66.44,96,679,464,25,6,0
1661,66.44,98,408,698,33,22,0
1661,66.44,99,592,96,7,45,0
1661,66.44,106,569,620,8,26,0
1661,66.44,107,752,65,24,11,0
1661,66.44,108,785,79,26,19,0
1661,66.44,112,586,213,94,39,0
1661,66.44,113,738,579,90,70,0
1661,66.44,115,879,331,18,24,0
1661,66.44,118,806,444,10,36,0
1661,66.44,119,796,399,21,34,0
1661,66.44,120,781,49,21,30,0
1661,66.44,123,880,237,32,27,0
1661,66.44,124,907,95,43,26,0
1661,66.44,127,897,121,67,76,0
1661,66.44,128,991,606,13,10,0
1661,66.44,129,889,156,10,22,0
1661,66.44,134,1006,178,18,16,0
1661,66.44,135,767,521,429,199,0
1661,66.44,139,984,686,19,9,0
1661,66.44,141,1058,658,222,62,0
1661,66.44,142,910,308,88,113,0
1661,66.44,145,1120,306,16,14,0
1661,66.44,146,1070,630,18,18,0
1661,66.44,147,1082,205,13,25,0
1661,66.44,149,1271,315,9,36,0
1661,66.44,150,1233,18,42,30,0
1661,66.44,151,1160,74,116,238,0
1661,66.44,153,1211,587,14,29,0
1661,66.44,155,1069,381,14,11,0
1661,66.44,156,1220,401,18,12,0
1661,66.44,158,1269,171,11,22,0
1661,66.44,162,1197,24,19,20,0
1661,66.44,163,1264,74,16,37,0
1661,66.44,164,1249,0,25,24,0
1661,66.44,167,233,30,48,12,0
1661,66.44,168,268,209,19,12,0
1661,66.44,171,83,213,494,74,0
1661,66.44,173,477,135,72,20,0
1661,66.44,181,9,637,21,15,0
1661,66.44,187,1204,498,16,37,0
1661,66.44,191,116,30,95,47,0
1661,66.44,192,313,163,17,15,0
1661,66.44,193,311,112,20,18,0
1661,66.44,194,422,169,18,20,0
1661,66.44,196,204,64,17,13,0
1661,66.44,198,475,303,13,9,0
1661,66.44,199,654,286,26,20,0
1661,66.44,203,0,703,16,14,0
1661,66.44,207,530,625,15,15,0
1661,66.44,210,722,581,27,18,0
1661,66.44,213,747,650,29,26,0
1661,66.44,214,922,239,63,76,0
1661,66.44,215,1234,517,16,10,0
1661,66.44,225,258,682,34,38,0
1661,66.44,230,414,376,16,18,0
1661,66.44,231,0,48,56,134,0
1661,66.44,232,383,386,11,13,0
1661,66.44,233,548,647,35,28,0
1661,66.44,236,0,381,19,27,0
1661,66.44,238,274,656,14,21,0
1661,66.44,240,311,193,20,11,0
1661,66.44,241,401,332,37,44,0
1661,66.44,242,398,297,95,50,0
1661,66.44,245,689,124,9,21,0
1661,66.44,248,1081,314,8,14,0
1661,66.44,253,14,193,24,11,0
1661,66.44,254,0,236,32,16,0
1661,66.44,255,0,240,320,480,0
1661,66.44,256,182,456,25,17,0
1661,66.44,257,300,609,11,23,0
1661,66.44,258,364,671,15,24,0
1661,66.44,259,389,513,61,44,0
1661,66.44,260,499,673,37,47,0
1661,66.44,261,509,152,40,28,0
1661,66.44,262,688,510,31,20,0
1661,66.44,263,690,84,119,189,0
1661,66.44,264,904,360,17,40,0
1661,66.44,266,234,510,28,13,0
1661,66.44,267,360,554,119,112,0
1661,66.44,268,665,200,20,33,0
1661,66.44,270,368,698,12,22,0
1661,66.44,272,464,698,40,22,0
1661,66.44,273,414,668,14,12,0
1661,66.44,274,35,30,45,18,0
1661,66.44,275,202,488,32,34,0
1661,66.44,276,688,241,10,16,0
1661,66.44,277,774,637,14,22,0
1661,66.44,278,859,623,23,45,0
1661,66.44,279,1040,335,56,46,0
1661,66.44,280,380,527,9,19,0
1661,66.44,281,980,252,20,28,0
1661,66.44,282,605,182,67,39,0
1661,66.44,284,1000,255,8,12,0
1661,66.44,285,182,34,110,51,0
1661,66.44,286,329,189,18,17,0
1661,66.44,287,846,646,10,12,0
1661,66.44,288,52,30,68,67,0
1661,66.44,289,253,568,25,15,0
1661,66.44,290,688,263,12,14,0
1661,66.44,291,1046,544,22,19,0
1662,66.48,32,920,501,25,19,0
1662,66.48,34,0,221,31,14,0
1662,66.48,37,28,443,14,37,0
1662,66.48,41,35,401,14,41,0
1662,66.48,45,175,708,20,12,0
1662,66.48,47,192,528,21,17,0
1662,66.48,48,169,479,21,34,0
1662,66.48,51,187,496,14,17,0
1662,66.48,53,825,432,13,33,0
1662,66.48,54,333,117,139,39,0
1662,66.48,56,606,42,83,153,0
1662,66.48,58,1163,333,19,27,0
1662,66.48,61,931,480,14,11,0
1662,66.48,62,985,302,29,21,0
1662,66.48,65,1023,192,71,144,0
1662,66.48,72,272,606,46,51,0
1662,66.48,76,334,667,31,53,0
1662,66.48,78,336,151,178,73,0
1662,66.48,79,352,497,8,15,0
1662,66.48,81,228,688,16,32,0
1662,66.48,83,456,440,27,24,0
1662,66.48,84,468,598,9,11,0
1662,66.48,88,588,159,7,57,0
1662,66.48,92,669,265,158,313,0
1662,66.48,93,711,36,14,14,0
1662,66.48,94,641,649,19,29,0
1662,66.48,96,679,464,25,6,0
1662,66.48,98,408,698,33,22,0
1662,66.48,99,592,96,7,45,0
1662,66.48,101,949,400,32,15,0
1662,66.48,106,569,620,8,26,0
1662,66.48,107,752,65,24,11,0
1662,66.48,108,785,79,26,19,0
1662,66.48,112,586,213,94,39,0
1662,66.48,113,796,606,32,21,0
1662,66.48,115,879,331,21,45,0
1662,66.48,116,796,581,15,12,0
1662,66.48,118,806,444,10,36,0
1662,66.48,119,796,398,22,19,0
1662,66.48,120,781,46,21,33,0
1662,66.48,122,808,172,8,27,0
1662,66.48,123,880,237,32,27,0
1662,66.48,124,907,94,43,27,0
1662,66.48,127,897,121,67,76,0
1662,66.48,128,991,606,13,10,0
1662,66.48,129,889,160,6,18,0
1662,66.48,134,1006,178,18,14,0
1662,66.48,135,768,521,428,199,0
1662,66.48,138,978,366,12,18,0
1662,66.48,139,984,686,19,9,0
1662,66.48,141,1058,658,222,62,0
1662,66.48,142,910,308,87,112,0
1662,66.48,145,1120,306,16,14,0
1662,66.48,147,1082,205,13,25,0
1662,66.48,150,1232,18,43,30,0
1662,66.48,151,1160,74,120,277,0
1662,66.48,153,1211,587,14,29,0
1662,66.48,155,1068,381,15,20,0
1662,66.48,156,1220,401,18,12,0
1662,66.48,158,1269,171,11,22,0
1662,66.48,162,1197,24,19,20,0
1662,66.48,163,1264,74,16,37,0
1662,66.48,164,1249,0,25,22,0
1662,66.48,167,234,30,47,12,0
1662,66.48,168,268,209,19,12,0
1662,66.48,171,83,213,494,74,0
1662,66.48,173,512,140,37,15,0
1662,66.48,181,9,637,21,14,0
1662,66.48,187,1204,498,16,37,0
1662,66.48,191,116,30,95,47,0
1662,66.48,192,313,163,17,15,0
1662,66.48,193,311,112,20,18,0
1662,66.48,194,422,169,18,20,0
1662,66.48,196,204,64,17,13,0
1662,66.48,198,475,303,13,9,0
1662,66.48,199,654,286,26,20,0
1662,66.48,203,0,703,16,14,0
1662,66.48,204,477,135,36,19,0
1662,66.48,210,722,581,27,18,0
1662,66.48,213,747,650,29,26,0
1662,66.48,214,922,239,63,76,0
1662,66.48,215,1234,517,15,10,0
1662,66.48,225,258,682,34,32,0
1662,66.48,230,414,376,16,18,0
1662,66.48,231,0,48,56,134,0
1662,66.48,233,548,648,35,27,0
1662,66.48,236,0,381,19,23,0
1662,66.48,238,274,656,14,21,0
1662,66.48,240,311,193,20,11,0
1662,66.48,241,401,332,37,44,0
1662,66.48,242,398,297,95,50,0
1662,66.48,245,689,124,9,21,0
1662,66.48,248,1081,314,8,14,0
1662,66.48,253,14,193,24,11,0
1662,66.48,254,0,236,32,16,0
1662,66.48,255,0,240,320,480,0
1662,66.48,256,182,456,25,17,0
1662,66.48,257,300,609,11,23,0
1662,66.48,258,365,679,14,16,0
1662,66.48,259,389,513,61,44,0
1662,66.48,260,499,672,53,48,0
1662,66.48,261,509,152,40,28,0
1662,66.48,262,688,510,31,18,0
1662,66.48,263,690,80,119,193,0
1662,66.48,264,904,360,17,40,0
1662,66.48,266,234,510,22,13,0
1662,66.48,267,360,554,114,112,0
1662,66.48,268,665,200,20,33,0
1662,66.48,270,368,698,12,22,0
1662,66.48,272,464,698,40,22,0
1662,66.48,273,414,668,14,12,0
1662,66.48,274,35,30,45,18,0
1662,66.48,275,213,509,21,12,0
1662,66.48,276,688,241,10,16,0
1662,66.48,277,774,637,14,22,0
1662,66.48,278,859,623,22,45,0
1662,66.48,279,1072,348,24,27,0
1662,66.48,280,380,527,9,19,0
1662,66.48,281,980,252,28,28,0
1662,66.48,282,605,182,67,39,0
1662,66.48,283,896,613,20,13,0
1662,66.48,284,1023,240,9,36,0
1662,66.48,285,182,34,110,51,0
1662,66.48,286,329,189,18,19,0
1662,66.48,287,847,646,9,11,0
1662,66.48,288,52,30,68,65,0
1662,66.48,289,213,530,45,17,0
1662,66.48,290,688,263,12,14,0
1662,66.48,292,272,712,16,8,0
1662,66.48,293,302,654,14,19,0
1662,66.48,294,736,579,62,70,0
1662,66.48,295,975,352,16,22,0
1662,66.48,296,1040,335,29,19,0
1663,66.52,21,787,676,168,44,0
1663,66.52,30,101,513,22,32,0
1663,66.52,32,920,496,25,17,0
1663,66.52,36,13,524,8,19,0
1663,66.52,40,76,543,7,20,0
1663,66.52,42,8,544,22,32,0
1663,66.52,43,59,455,25,31,0
1663,66.52,46,121,589,28,19,0
1663,66.52,47,168,578,16,6,0
1663,66.52,48,123,512,8,20,0
1663,66.52,49,167,327,21,31,0
1663,66.52,50,182,295,22,29,0
1663,66.52,52,192,624,40,16,0
1663,66.52,54,384,127,31,9,0
1663,66.52,56,614,48,72,66,0
1663,66.52,61,935,480,10,9,0
1663,66.52,67,61,296,59,157,0
1663,66.52,77,381,581,23,26,0
1663,66.52,88,588,164,7,54,0
1663,66.52,92,770,403,23,45,0
1663,66.52,94,642,653,13,26,0
1663,66.52,96,737,452,13,24,0
1663,66.52,99,592,97,7,44,0
1663,66.52,112,587,225,93,26,0
1663,66.52,116,760,565,40,12,0
1663,66.52,118,746,442,22,31,0
1663,66.52,119,752,353,32,23,0
1663,66.52,120,783,53,19,18,0
1663,66.52,141,1112,692,104,23,0
1663,66.52,142,949,346,19,14,0
1663,66.52,147,1054,208,14,11,0
1663,66.52,148,1270,303,10,24,0
1663,66.52,160,1163,78,103,207,0
1663,66.52,163,1270,69,10,25,0
1663,66.52,167,240,31,32,10,0
1663,66.52,171,84,216,492,70,0
1663,66.52,187,1207,515,12,19,0
1663,66.52,191,144,42,24,25,0
1663,66.52,193,360,120,16,12,0
1663,66.52,199,708,291,13,19,0
1663,66.52,206,472,442,16,14,0
1663,66.52,210,765,553,16,12,0
1663,66.52,219,181,250,20,8,0
1663,66.52,225,290,675,14,20,0
1663,66.52,231,0,96,51,84,0
1663,66.52,242,440,310,24,13,0
1663,66.52,245,624,120,64,72,0
1663,66.52,250,1185,669,95,51,0
1663,66.52,254,0,236,30,12,0
1663,66.52,255,121,488,14,11,0
1663,66.52,262,753,528,15,8,0
1663,66.52,263,714,98,70,167,0
1663,66.52,267,392,599,17,16,0
1663,66.52,268,665,203,20,30,0
1663,66.52,270,368,708,12,12,0
1663,66.52,273,400,613,12,20,0
1663,66.52,274,0,60,26,35,0
1663,66.52,276,695,199,18,33,0
1663,66.52,282,635,196,34,25,0
1663,66.52,285,229,48,43,21,0
1663,66.52,288,56,32,50,58,0
1663,66.52,290,692,288,15,26,0
1663,66.52,294,748,595,20,23,0
1663,66.52,297,26,491,158,173,0
1663,66.52,298,108,248,66,33,0
1663,66.52,299,139,387,12,22,0
1663,66.52,300,154,348,18,23,0
1663,66.52,301,698,400,16,24,0
1663,66.52,302,706,316,66,110,0
1663,66.52,303,722,294,35,21,0
1663,66.52,304,725,270,17,23,0
1663,66.52,305,727,358,23,17,0
1663,66.52,306,739,279,24,14,0
1663,66.52,307,743,320,19,12,0
1664,66.56,21,787,677,166,43,0
1664,66.56,30,101,513,22,32,0
1664,66.56,32,920,496,25,17,0
1664,66.56,36,13,524,8,19,0
1664,66.56,40,76,543,7,20,0
1664,66.56,42,8,544,22,32,0
1664,66.56,43,59,455,25,31,0
1664,66.56,46,121,589,28,19,0
1664,66.56,47,168,578,16,6,0
1664,66.56,49,167,327,21,31,0
1664,66.56,50,182,295,22,29,0
1664,66.56,52,192,624,40,16,0
1664,66.56,54,384,127,31,9,0
1664,66.56,56,614,48,72,66,0
1664,66.56,61,935,480,10,9,0
1664,66.56,67,61,296,59,157,0
1664,66.56,77,392,599,17,16,0
1664,66.56,88,588,164,7,54,0
1664,66.56,92,770,403,23,45,0
1664,66.56,94,642,653,13,26,0
1664,66.56,96,746,442,22,31,0
1664,66.56,99,592,97,7,44,0
1664,66.56,112,587,225,93,26,0
1664,66.56,116,765,553,16,12,0
1664,66.56,118,737,452,13,24,0
1664,66.56,119,708,291,13,19,0
1664,66.56,120,783,53,19,18,0
1664,66.56,141,1112,692,104,23,0
1664,66.56,142,949,346,19,14,0
1664,66.56,147,1054,208,14,11,0
1664,66.56,148,1270,303,10,24,0
1664,66.56,160,1163,78,103,207,0
1664,66.56,163,1270,69,10,25,0
1664,66.56,167,240,31,31,10,0
1664,66.56,171,84,216,492,70,0
1664,66.56,187,1207,515,12,19,0
1664,66.56,190,360,120,16,12,0
1664,66.56,191,144,42,24,25,0
1664,66.56,199,752,353,32,23,0
1664,66.56,206,472,442,16,14,0
1664,66.56,210,753,528,15,8,0
1664,66.56,219,181,250,20,8,0
1664,66.56,231,0,96,51,84,0
1664,66.56,238,290,675,14,20,0
1664,66.56,242,440,310,24,13,0
1664,66.56,245,624,120,64,72,0
1664,66.56,250,1185,669,95,51,0
1664,66.56,254,0,236,30,12,0
1664,66.56,255,123,512,8,20,0
1664,66.56,262,760,565,40,12,0
1664,66.56,263,714,98,70,167,0
1664,66.56,267,381,581,23,26,0
1664,66.56,268,665,203,20,30,0
1664,66.56,270,368,708,12,12,0
1664,66.56,273,400,613,12,20,0
1664,66.56,274,0,60,26,35,0
1664,66.56,276,695,199,18,33,0
1664,66.56,282,635,196,34,25,0
1664,66.56,285,229,48,43,21,0
1664,66.56,288,56,32,53,58,0
1664,66.56,289,121,488,14,11,0
1664,66.56,290,692,288,15,26,0
1664,66.56,294,748,595,20,23,0
1664,66.56,297,26,491,158,173,0
1664,66.56,298,108,248,66,33,0
1664,66.56,299,139,387,12,22,0
1664,66.56,300,154,348,18,23,0
1664,66.56,301,698,400,16,24,0
1664,66.56,302,706,316,66,110,0
1664,66.56,303,722,294,35,21,0
1664,66.56,304,725,270,17,23,0
1664,66.56,305,727,358,23,17,0
1664,66.56,306,739,279,24,14,0
1664,66.56,307,743,320,19,12,0
1665,66.6,21,787,678,165,42,0
1665,66.6,30,101,513,22,32,0
1665,66.6,32,920,496,25,17,0
1665,66.6,36,13,524,8,19,0
1665,66.6,40,76,543,7,20,0
1665,66.6,42,8,544,22,32,0
1665,66.6,43,59,455,25,31,0
1665,66.6,46,121,589,28,19,0
1665,66.6,47,168,578,16,6,0
1665,66.6,49,167,327,21,31,0
1665,66.6,50,182,295,22,29,0
1665,66.6,52,192,624,40,16,0
1665,66.6,54,384,127,31,9,0
1665,66.6,56,614,48,72,66,0
1665,66.6,61,935,480,10,9,0
1665,66.6,67,61,296,59,157,0
1665,66.6,77,392,599,17,16,0
1665,66.6,88,588,164,7,54,0
1665,66.6,92,770,403,23,45,0
1665,66.6,94,642,653,13,26,0
1665,66.6,96,746,442,22,31,0
1665,66.6,99,592,97,7,44,0
1665,66.6,112,587,225,93,26,0
1665,66.6,116,765,553,16,12,0
1665,66.6,118,737,452,13,24,0
1665,66.6,120,783,53,19,18,0
1665,66.6,141,1112,692,104,23,0
1665,66.6,142,949,346,19,14,0
1665,66.6,147,1054,208,14,11,0
1665,66.6,148,1270,303,10,24,0
1665,66.6,160,1163,78,103,207,0
1665,66.6,163,1270,69,10,25,0
1665,66.6,171,84,216,492,70,0
1665,66.6,187,1207,515,12,19,0
1665,66.6,190,360,120,16,12,0
1665,66.6,191,144,42,24,25,0
1665,66.6,206,472,442,16,14,0
1665,66.6,210,753,528,15,8,0
1665,66.6,219,181,250,20,8,0
1665,66.6,231,0,96,51,84,0
1665,66.6,238,290,675,14,20,0
1665,66.6,242,440,310,24,13,0
1665,66.6,245,624,120,64,72,0
1665,66.6,250,1185,669,95,51,0
1665,66.6,254,0,236,30,12,0
1665,66.6,255,123,512,8,20,0
1665,66.6,262,760,565,40,12,0
1665,66.6,263,714,98,70,167,0
1665,66.6,267,381,581,23,26,0
1665,66.6,268,665,203,20,30,0
1665,66.6,270,368,708,12,12,0
1665,66.6,273,400,613,12,20,0
1665,66.6,274,0,60,26,35,0
1665,66.6,276,695,199,18,33,0
1665,66.6,282,635,196,34,25,0
1665,66.6,285,229,48,43,21,0
1665,66.6,288,56,32,52,58,0
1665,66.6,289,121,488,14,11,0
1665,66.6,290,692,288,15,26,0
1665,66.6,294,748,595,20,23,0
1665,66.6,297,26,491,158,173,0
1665,66.6,298,108,248,66,33,0
1665,66.6,299,139,387,12,22,0
1665,66.6,300,154,348,18,23,0
1665,66.6,301,698,400,16,24,0
1665,66.6,302,706,316,66,110,0
1665,66.6,303,722,294,35,21,0
1665,66.6,304,725,270,17,23,0
1665,66.6,305,727,358,23,17,0
1665,66.6,306,739,279,24,14,0
1665,66.6,307,743,320,19,12,0
1665,66.6,308,708,291,13,19,0
1665,66.6,309,752,353,32,23,0
1666,66.64,21,787,678,163,42,0
1666,66.64,30,101,513,22,32,0
1666,66.64,32,920,496,25,17,0
1666,66.64,36,13,524,8,19,0
1666,66.64,40,76,543,7,20,0
1666,66.64,42,8,544,22,32,0
1666,66.64,43,59,455,25,31,0
1666,66.64,46,121,589,28,19,0
1666,66.64,47,168,578,16,6,0
1666,66.64,49,167,327,21,31,0
1666,66.64,50,182,295,22,29,0
1666,66.64,52,192,624,40,16,0
1666,66.64,54,384,127,31,9,0
1666,66.64,56,614,48,72,66,0
1666,66.64,61,935,480,10,9,0
1666,66.64,67,61,296,59,157,0
1666,66.64,77,392,599,17,16,0
1666,66.64,88,588,164,7,54,0
1666,66.64,92,770,403,23,45,0
1666,66.64,94,642,653,13,26,0
1666,66.64,96,746,442,22,31,0
1666,66.64,99,592,97,7,44,0
1666,66.64,112,587,225,93,26,0
1666,66.64,116,765,553,16,12,0
1666,66.64,118,737,452,13,24,0
1666,66.64,120,783,53,19,18,0
1666,66.64,141,1112,692,104,23,0
1666,66.64,142,949,346,19,14,0
1666,66.64,147,1054,208,14,11,0
1666,66.64,148,1270,303,10,24,0
1666,66.64,160,1163,78,103,207,0
1666,66.64,163,1270,69,10,25,0
1666,66.64,171,84,216,492,70,0
1666,66.64,187,1207,515,12,19,0
1666,66.64,190,360,120,16,12,0
1666,66.64,191,144,42,24,25,0
1666,66.64,206,472,442,16,14,0
1666,66.64,210,753,528,15,8,0
1666,66.64,219,181,250,20,8,0
1666,66.64,231,0,96,51,84,0
1666,66.64,238,290,675,14,20,0
1666,66.64,242,440,310,24,13,0
1666,66.64,245,624,120,64,72,0
1666,66.64,250,1185,669,95,51,0
1666,66.64,254,0,236,30,12,0
1666,66.64,255,123,512,8,20,0
1666,66.64,262,760,565,40,12,0
1666,66.64,263,714,98,70,167,0
1666,66.64,267,381,581,23,26,0
1666,66.64,268,665,203,20,30,0
1666,66.64,270,368,708,12,12,0
1666,66.64,273,400,613,12,20,0
1666,66.64,274,0,60,26,35,0
1666,66.64,276,695,199,18,33,0
1666,66.64,282,635,196,34,25,0
1666,66.64,285,229,48,43,21,0
1666,66.64,288,56,30,50,60,0
1666,66.64,289,121,488,14,11,0
1666,66.64,290,692,288,15,26,0
1666,66.64,294,748,595,20,23,0
1666,66.64,297,26,491,158,173,0
1666,66.64,298,108,248,66,33,0
1666,66.64,299,139,387,12,22,0
1666,66.64,300,154,348,18,23,0
1666,66.64,301,697,400,17,24,0
1666,66.64,302,706,316,66,110,0
1666,66.64,303,722,294,35,21,0
1666,66.64,304,725,270,17,23,0
1666,66.64,305,727,358,23,17,0
1666,66.64,306,739,279,24,14,0
1666,66.64,307,743,320,19,12,0
1666,66.64,308,708,291,13,19,0
1666,66.64,309,752,353,32,23,0
1667,66.68,21,788,676,115,44,0
1667,66.68,30,101,513,22,32,0
1667,66.68,32,920,496,25,17,0
1667,66.68,36,13,524,8,19,0
1667,66.68,40,76,542,7,21,0
1667,66.68,42,8,544,22,32,0
1667,66.68,43,59,455,25,31,0
1667,66.68,46,121,589,28,19,0
1667,66.68,47,168,578,16,6,0
1667,66.68,49,167,327,21,31,0
1667,66.68,50,182,295,22,29,0
1667,66.68,52,192,624,40,16,0
1667,66.68,54,384,127,31,9,0
1667,66.68,56,614,48,72,66,0
1667,66.68,61,935,480,10,9,0
1667,66.68,67,61,296,59,157,0
1667,66.68,77,392,599,17,16,0
1667,66.68,88,588,164,7,54,0
1667,66.68,92,770,403,23,45,0
1667,66.68,94,642,648,15,31,0
1667,66.68,96,746,442,22,31,0
1667,66.68,99,592,97,7,44,0
1667,66.68,112,587,225,93,26,0
1667,66.68,116,765,553,16,12,0
1667,66.68,118,737,452,13,24,0
1667,66.68,120,783,53,19,18,0
1667,66.68,139,900,690,48,30,0
1667,66.68,141,1112,692,106,23,0
1667,66.68,142,949,346,19,14,0
1667,66.68,147,1054,208,14,11,0
1667,66.68,148,1270,303,10,24,0
1667,66.68,160,1163,78,103,207,0
1667,66.68,163,1270,69,10,25,0
1667,66.68,171,84,216,492,70,0
1667,66.68,187,1207,515,12,19,0
1667,66.68,190,360,120,16,12,0
1667,66.68,191,144,42,24,25,0
1667,66.68,206,472,442,16,14,0
1667,66.68,210,753,528,15,8,0
1667,66.68,219,181,250,20,8,0
1667,66.68,231,0,96,52,84,0
1667,66.68,238,290,675,14,20,0
1667,66.68,242,440,310,24,13,0
1667,66.68,245,624,120,64,72,0
1667,66.68,250,1185,669,95,51,0
1667,66.68,254,0,236,30,12,0
1667,66.68,255,123,512,8,20,0
1667,66.68,263,714,98,70,167,0
1667,66.68,267,381,581,23,26,0
1667,66.68,268,665,203,20,30,0
1667,66.68,270,368,708,12,12,0
1667,66.68,273,401,613,11,20,0
1667,66.68,274,0,60,26,35,0
1667,66.68,276,695,199,18,32,0
1667,66.68,282,635,196,34,25,0
1667,66.68,285,229,48,43,21,0
1667,66.68,288,56,32,50,58,0
1667,66.68,289,121,488,14,11,0
1667,66.68,290,692,288,15,26,0
1667,66.68,293,271,641,11,31,0
1667,66.68,294,748,595,20,23,0
1667,66.68,297,26,491,158,173,0
1667,66.68,298,108,248,66,33,0
1667,66.68,299,139,387,12,22,0
1667,66.68,300,154,348,18,23,0
1667,66.68,301,698,400,16,24,0
1667,66.68,302,706,316,66,110,0
1667,66.68,303,722,294,35,21,0
1667,66.68,304,725,270,17,23,0
1667,66.68,305,727,358,23,17,0
1667,66.68,306,739,279,24,14,0
1667,66.68,307,743,320,19,12,0
1667,66.68,308,708,291,13,19,0
1667,66.68,309,752,353,32,23,0
1668,66.72,30,101,513,22,32,0
1668,66.72,32,920,496,25,17,0
1668,66.72,36,13,524,8,19,0
1668,66.72,40,76,543,7,20,0
1668,66.72,42,8,544,22,32,0
1668,66.72,43,59,455,25,31,0
1668,66.72,46,121,589,28,19,0
1668,66.72,47,168,578,16,6,0
1668,66.72,49,167,327,21,31,0
1668,66.72,50,182,295,22,29,0
1668,66.72,52,192,624,40,16,0
1668,66.72,54,384,127,31,9,0
1668,66.72,56,614,48,72,66,0
1668,66.72,61,935,480,10,9,0
1668,66.72,67,61,296,59,157,0
1668,66.72,77,392,599,17,16,0
1668,66.72,88,588,164,7,54,0
1668,66.72,92,770,403,23,45,0
1668,66.72,94,642,648,15,31,0
1668,66.72,96,746,442,22,31,0
1668,66.72,99,592,97,7,44,0
1668,66.72,112,587,225,93,26,0
1668,66.72,116,765,553,16,12,0
1668,66.72,118,737,452,13,24,0
1668,66.72,120,783,53,19,18,0
1668,66.72,139,794,672,152,48,0
1668,66.72,141,1112,692,105,23,0
1668,66.72,142,949,346,19,14,0
1668,66.72,147,1054,208,14,11,0
1668,66.72,148,1270,303,10,24,0
1668,66.72,160,1163,78,103,207,0
1668,66.72,163,1270,69,10,25,0
1668,66.72,171,84,216,492,70,0
1668,66.72,187,1207,515,12,19,0
1668,66.72,190,360,120,16,12,0
1668,66.72,191,144,42,24,25,0
1668,66.72,206,472,442,16,14,0
1668,66.72,210,753,528,15,8,0
1668,66.72,219,181,250,20,8,0
1668,66.72,231,0,96,52,84,0
1668,66.72,238,290,675,14,20,0
1668,66.72,242,440,310,24,13,0
1668,66.72,245,624,120,64,72,0
1668,66.72,250,1185,669,95,51,0
1668,66.72,254,0,236,30,12,0
1668,66.72,255,123,512,8,20,0
1668,66.72,263,714,95,70,170,0
1668,66.72,267,381,581,23,26,0
1668,66.72,268,665,203,20,30,0
1668,66.72,270,368,708,12,12,0
1668,66.72,273,401,613,11,20,0
1668,66.72,274,0,60,26,35,0
1668,66.72,276,695,199,18,32,0
1668,66.72,282,635,196,34,25,0
1668,66.72,285,229,48,43,21,0
1668,66.72,288,56,32,50,55,0
1668,66.72,290,692,288,15,26,0
1668,66.72,293,273,641,9,31,0
1668,66.72,294,748,595,20,23,0
1668,66.72,297,26,491,158,173,0
1668,66.72,298,108,248,66,33,0
1668,66.72,299,139,387,12,22,0
1668,66.72,300,154,348,18,23,0
1668,66.72,301,698,400,16,24,0
1668,66.72,302,706,316,66,110,0
1668,66.72,303,722,294,35,21,0
1668,66.72,304,725,271,17,22,0
1668,66.72,305,727,358,23,17,0
1668,66.72,306,739,279,24,14,0
1668,66.72,307,743,320,19,12,0
1668,66.72,308,708,291,13,19,0
1668,66.72,309,752,353,32,23,0
1669,66.76,30,101,513,22,32,0
1669,66.76,32,920,496,25,17,0
1669,66.76,36,13,524,8,19,0
1669,66.76,40,76,542,7,21,0
1669,66.76,42,8,544,22,32,0
1669,66.76,43,59,455,25,31,0
1669,66.76,46,120,589,29,19,0
1669,66.76,47,168,578,16,6,0
1669,66.76,49,167,327,21,31,0
1669,66.76,50,182,295,22,29,0
1669,66.76,52,192,624,40,16,0
1669,66.76,54,384,127,31,9,0
1669,66.76,56,614,48,72,66,0
1669,66.76,61,935,480,10,9,0
1669,66.76,67,61,296,59,157,0
1669,66.76,77,392,599,17,16,0
1669,66.76,88,588,164,7,54,0
1669,66.76,92,770,403,23,45,0
1669,66.76,94,642,648,15,31,0
1669,66.76,96,746,442,22,31,0
1669,66.76,99,592,97,7,44,0
1669,66.76,112,587,225,93,26,0
1669,66.76,116,765,553,16,12,0
1669,66.76,118,737,452,13,24,0
1669,66.76,120,783,53,19,18,0
1669,66.76,139,786,670,113,50,0
1669,66.76,141,1112,692,105,23,0
1669,66.76,142,949,346,19,14,0
1669,66.76,147,1054,208,14,11,0
1669,66.76,148,1270,303,10,24,0
1669,66.76,160,1163,78,103,207,0
1669,66.76,163,1270,69,10,25,0
1669,66.76,171,84,216,492,70,0
1669,66.76,187,1207,515,12,19,0
1669,66.76,190,360,120,16,12,0
1669,66.76,191,144,42,24,25,0
1669,66.76,206,472,442,16,14,0
1669,66.76,210,753,528,15,8,0
1669,66.76,219,181,250,20,8,0
1669,66.76,231,0,96,52,84,0
1669,66.76,238,290,675,14,20,0
1669,66.76,242,440,310,24,13,0
1669,66.76,245,624,120,64,72,0
1669,66.76,250,1185,669,95,51,0
1669,66.76,254,0,236,30,12,0
1669,66.76,255,123,512,8,20,0
1669,66.76,263,714,92,70,173,0
1669,66.76,267,381,581,23,26,0
1669,66.76,268,665,203,20,30,0
1669,66.76,270,368,708,12,12,0
1669,66.76,273,400,613,12,20,0
1669,66.76,274,0,60,26,35,0
1669,66.76,276,695,199,18,33,0
1669,66.76,278,897,686,47,34,0
1669,66.76,282,635,196,34,25,0
1669,66.76,285,229,48,43,21,0
1669,66.76,288,56,32,50,55,0
1669,66.76,289,121,488,14,11,0
1669,66.76,290,692,288,15,26,0
1669,66.76,293,271,642,11,30,0
1669,66.76,294,748,595,20,23,0
1669,66.76,297,26,491,158,173,0
1669,66.76,298,108,248,66,33,0
1669,66.76,299,139,387,12,22,0
1669,66.76,300,154,348,18,23,0
1669,66.76,301,698,400,16,24,0
1669,66.76,302,706,316,66,110,0
1669,66.76,303,722,294,35,21,0
1669,66.76,304,725,270,17,23,0
1669,66.76,305,727,358,23,17,0
1669,66.76,306,739,279,24,14,0
1669,66.76,307,743,320,19,12,0
1669,66.76,308,708,291,13,19,0
1669,66.76,309,752,353,32,23,0
1670,66.8,30,101,513,22,32,0
1670,66.8,32,920,496,25,17,0
1670,66.8,36,13,524,8,19,0
1670,66.8,40,76,543,7,20,0
1670,66.8,42,8,544,22,32,0
1670,66.8,43,59,455,25,31,0
1670,66.8,46,121,589,28,19,0
1670,66.8,47,168,578,16,6,0
1670,66.8,49,167,327,21,31,0
1670,66.8,50,182,295,22,29,0
1670,66.8,52,192,624,40,16,0
1670,66.8,54,384,127,31,9,0
1670,66.8,56,614,48,72,66,0
1670,66.8,61,935,480,10,9,0
1670,66.8,67,61,296,59,157,0
1670,66.8,77,392,599,17,16,0
1670,66.8,88,588,164,7,54,0
1670,66.8,92,770,403,23,45,0
1670,66.8,94,642,653,15,26,0
1670,66.8,96,746,442,22,31,0
1670,66.8,99,592,97,7,44,0
1670,66.8,112,587,225,93,26,0
1670,66.8,116,765,553,16,12,0
1670,66.8,118,737,452,13,24,0
1670,66.8,120,783,53,19,18,0
1670,66.8,139,780,668,162,52,0
1670,66.8,141,1112,692,104,23,0
1670,66.8,142,949,346,19,14,0
1670,66.8,147,1054,208,14,11,0
1670,66.8,148,1270,303,10,24,0
1670,66.8,160,1163,78,103,207,0
1670,66.8,163,1270,69,10,25,0
1670,66.8,171,84,216,492,70,0
1670,66.8,187,1207,515,12,19,0
1670,66.8,190,360,120,16,12,0
1670,66.8,191,144,42,24,25,0
1670,66.8,206,472,442,16,14,0
1670,66.8,210,753,528,15,8,0
1670,66.8,219,181,250,20,8,0
1670,66.8,231,0,96,52,84,0
1670,66.8,238,290,675,14,20,0
1670,66.8,242,440,310,24,13,0
1670,66.8,245,624,120,64,72,0
1670,66.8,250,1185,669,95,51,0
1670,66.8,254,0,236,30,12,0
1670,66.8,255,123,512,8,20,0
1670,66.8,263,714,92,70,173,0
1670,66.8,267,381,581,23,26,0
1670,66.8,268,665,203,20,30,0
1670,66.8,270,368,708,12,12,0
1670,66.8,273,400,613,12,20,0
1670,66.8,274,0,60,26,35,0
1670,66.8,276,695,199,18,33,0
1670,66.8,282,635,196,34,25,0
1670,66.8,285,229,48,43,21,0
1670,66.8,288,56,32,50,55,0
1670,66.8,289,121,488,14,11,0
1670,66.8,290,692,288,15,26,0
1670,66.8,293,272,641,10,31,0
1670,66.8,294,748,595,20,23,0
1670,66.8,297,26,491,158,173,0
1670,66.8,298,108,248,66,33,0
1670,66.8,299,139,387,12,22,0
1670,66.8,300,154,348,18,23,0
1670,66.8,301,698,400,16,24,0
1670,66.8,302,706,316,66,110,0
1670,66.8,303,722,294,35,21,0
1670,66.8,304,725,270,17,23,0
1670,66.8,305,727,358,23,17,0
1670,66.8,306,739,279,24,14,0
1670,66.8,307,743,320,19,12,0
1670,66.8,308,708,291,13,19,0
1670,66.8,309,752,353,32,23,0
1671,66.84,30,101,513,22,32,0
1671,66.84,32,920,496,25,17,0
1671,66.84,36,13,524,8,19,0
1671,66.84,40,76,543,7,20,0
1671,66.84,42,8,544,22,32,0
1671,66.84,43,59,455,25,31,0
1671,66.84,46,120,589,29,19,0
1671,66.84,47,168,578,16,6,0
1671,66.84,49,167,327,21,31,0
1671,66.84,50,182,295,22,29,0
1671,66.84,52,192,624,40,16,0
1671,66.84,54,384,127,31,9,0
1671,66.84,56,614,48,72,66,0
1671,66.84,61,935,480,10,9,0
1671,66.84,67,61,296,58,157,0
1671,66.84,77,392,599,17,16,0
1671,66.84,88,588,164,7,54,0
1671,66.84,92,770,403,23,45,0
1671,66.84,94,642,653,15,26,0
1671,66.84,96,746,442,22,31,0
1671,66.84,99,592,97,7,44,0
1671,66.84,112,587,225,93,26,0
1671,66.84,116,765,553,16,12,0
1671,66.84,118,737,452,13,24,0
1671,66.84,120,783,53,19,18,0
1671,66.84,139,772,665,166,55,0
1671,66.84,141,1112,692,104,23,0
1671,66.84,142,949,346,19,14,0
1671,66.84,147,1054,208,14,11,0
1671,66.84,148,1270,303,10,24,0
1671,66.84,160,1163,78,103,207,0
1671,66.84,163,1270,69,10,25,0
1671,66.84,171,84,216,492,70,0
1671,66.84,187,1207,515,12,19,0
1671,66.84,190,360,120,16,12,0
1671,66.84,191,144,42,24,25,0
1671,66.84,206,472,442,16,14,0
1671,66.84,210,753,528,15,8,0
1671,66.84,219,181,250,20,8,0
1671,66.84,231,0,96,52,84,0
1671,66.84,238,290,675,16,22,0
1671,66.84,242,440,310,24,13,0
1671,66.84,245,624,120,64,72,0
1671,66.84,250,1185,669,95,51,0
1671,66.84,254,0,236,30,12,0
1671,66.84,255,123,512,8,20,0
1671,66.84,263,714,92,70,173,0
1671,66.84,267,381,581,23,26,0
1671,66.84,268,665,203,20,30,0
1671,66.84,270,368,708,12,12,0
1671,66.84,273,400,613,12,20,0
1671,66.84,274,0,60,26,35,0
1671,66.84,276,695,199,18,33,0
1671,66.84,282,635,196,34,25,0
1671,66.84,285,229,47,43,22,0
1671,66.84,288,56,32,50,55,0
1671,66.84,289,121,488,14,11,0
1671,66.84,290,692,288,15,26,0
1671,66.84,293,272,641,14,33,0
1671,66.84,294,748,595,20,23,0
1671,66.84,297,26,491,158,173,0
1671,66.84,298,108,248,66,33,0
1671,66.84,299,139,387,12,22,0
1671,66.84,300,154,348,18,23,0
1671,66.84,301,698,400,16,24,0
1671,66.84,302,706,316,66,110,0
1671,66.84,303,722,294,35,21,0
1671,66.84,304,725,270,17,23,0
1671,66.84,305,727,358,23,17,0
1671,66.84,306,739,279,24,14,0
1671,66.84,307,743,320,19,12,0
1671,66.84,308,708,291,13,19,0
1671,66.84,309,752,353,33,23,0
1672,66.88,30,101,513,22,32,0
1672,66.88,32,920,496,25,17,0
1672,66.88,36,13,524,8,19,0
1672,66.88,40,76,543,7,20,0
1672,66.88,42,8,544,22,32,0
1672,66.88,43,59,455,25,31,0
1672,66.88,46,120,589,29,19,0
1672,66.88,47,168,578,16,6,0
1672,66.88,49,167,327,21,31,0
1672,66.88,50,182,295,22,29,0
1672,66.88,52,192,624,40,16,0
1672,66.88,54,384,127,31,9,0
1672,66.88,56,614,48,72,66,0
1672,66.88,61,935,480,10,9,0
1672,66.88,67,61,296,58,157,0
1672,66.88,77,392,599,17,16,0
1672,66.88,88,588,164,7,54,0
1672,66.88,92,770,403,23,45,0
1672,66.88,94,642,653,15,26,0
1672,66.88,96,746,442,22,31,0
1672,66.88,99,592,97,7,44,0
1672,66.88,112,587,225,93,26,0
1672,66.88,116,765,553,16,12,0
1672,66.88,118,737,452,13,24,0
1672,66.88,120,783,53,19,18,0
1672,66.88,139,766,664,169,56,0
1672,66.88,141,1112,692,104,23,0
1672,66.88,142,949,346,19,14,0
1672,66.88,147,1054,208,14,11,0
1672,66.88,148,1270,303,10,24,0
1672,66.88,160,1163,78,103,207,0
1672,66.88,163,1270,69,10,25,0
1672,66.88,171,84,216,492,70,0
1672,66.88,187,1207,515,12,19,0
1672,66.88,190,360,120,16,12,0
1672,66.88,191,144,42,24,25,0
1672,66.88,206,472,442,16,14,0
1672,66.88,210,753,528,15,8,0
1672,66.88,213,764,664,19,19,0
1672,66.88,219,181,250,20,8,0
1672,66.88,231,0,96,52,84,0
1672,66.88,238,290,675,16,22,0
1672,66.88,242,440,310,24,13,0
1672,66.88,245,624,120,64,72,0
1672,66.88,250,1185,669,95,51,0
1672,66.88,254,0,236,30,12,0
1672,66.88,255,123,512,8,20,0
1672,66.88,263,714,92,70,173,0
1672,66.88,267,381,581,23,26,0
1672,66.88,268,665,203,20,30,0
1672,66.88,270,368,708,12,12,0
1672,66.88,273,400,613,12,20,0
1672,66.88,274,0,60,26,35,0
1672,66.88,276,695,199,18,33,0
1672,66.88,282,635,196,34,25,0
1672,66.88,285,229,47,43,22,0
1672,66.88,288,56,32,50,55,0
1672,66.88,289,121,488,14,11,0
1672,66.88,290,692,288,15,26,0
1672,66.88,293,272,641,14,33,0
1672,66.88,294,748,595,20,23,0
1672,66.88,297,26,491,158,173,0
1672,66.88,298,108,248,66,33,0
1672,66.88,299,139,387,12,22,0
1672,66.88,300,154,348,18,23,0
1672,66.88,301,698,400,16,24,0
1672,66.88,302,706,316,66,110,0
1672,66.88,303,722,294,35,21,0
1672,66.88,304,725,270,17,23,0
1672,66.88,305,727,358,23,17,0
1672,66.88,306,739,279,24,14,0
1672,66.88,307,743,320,19,12,0
1672,66.88,308,708,291,13,19,0
1672,66.88,309,752,353,33,23,0
1673,66.92,30,101,513,22,32,0
1673,66.92,32,920,496,25,17,0
1673,66.92,36,13,524,8,19,0
1673,66.92,40,76,543,7,20,0
1673,66.92,42,8,544,22,32,0
1673,66.92,43,59,455,25,31,0
1673,66.92,46,120,589,29,19,0
1673,66.92,47,168,578,16,6,0
1673,66.92,49,167,327,21,31,0
1673,66.92,50,182,295,22,29,0
1673,66.92,52,192,624,40,16,0
1673,66.92,54,384,127,31,9,0
1673,66.92,56,614,48,72,66,0
1673,66.92,61,935,480,10,9,0
1673,66.92,67,61,296,58,157,0
1673,66.92,77,392,599,17,16,0
1673,66.92,88,588,164,7,54,0
1673,66.92,92,770,403,23,45,0
1673,66.92,94,642,653,15,26,0
1673,66.92,96,746,442,22,31,0
1673,66.92,99,592,97,7,44,0
1673,66.92,112,587,225,93,26,0
1673,66.92,116,765,553,16,12,0
1673,66.92,118,737,452,13,24,0
1673,66.92,120,783,53,19,18,0
1673,66.92,139,748,659,183,61,0
1673,66.92,141,1112,692,104,23,0
1673,66.92,142,949,346,19,14,0
1673,66.92,147,1054,208,14,11,0
1673,66.92,148,1270,303,10,24,0
1673,66.92,160,1163,78,103,207,0
1673,66.92,163,1270,69,10,25,0
1673,66.92,171,84,216,492,70,0
1673,66.92,187,1207,515,12,19,0
1673,66.92,190,360,120,16,12,0
1673,66.92,191,144,42,24,25,0
1673,66.92,206,472,442,16,14,0
1673,66.92,210,753,528,15,8,0
1673,66.92,219,181,250,20,8,0
1673,66.92,231,0,96,52,84,0
1673,66.92,238,290,675,16,22,0
1673,66.92,242,440,310,24,13,0
1673,66.92,245,624,120,64,72,0
1673,66.92,250,1185,669,95,51,0
1673,66.92,254,0,236,30,12,0
1673,66.92,255,123,512,8,20,0
1673,66.92,263,714,92,70,173,0
1673,66.92,267,381,581,23,26,0
1673,66.92,268,665,203,20,30,0
1673,66.92,270,368,708,12,12,0
1673,66.92,273,400,613,12,20,0
1673,66.92,274,0,60,26,35,0
1673,66.92,276,695,199,18,33,0
1673,66.92,282,635,196,34,25,0
1673,66.92,285,229,47,43,22,0
1673,66.92,288,56,32,50,55,0
1673,66.92,289,121,488,14,11,0
1673,66.92,290,692,288,15,26,0
1673,66.92,293,274,652,14,22,0
1673,66.92,294,748,595,20,23,0
1673,66.92,297,26,491,158,173,0
1673,66.92,298,108,248,66,33,0
1673,66.92,299,139,387,12,22,0
1673,66.92,300,154,348,18,23,0
1673,66.92,301,698,400,16,24,0
1673,66.92,302,706,316,66,110,0
1673,66.92,303,722,294,35,21,0
1673,66.92,304,725,270,17,23,0
1673,66.92,305,727,358,23,17,0
1673,66.92,306,739,279,24,14,0
1673,66.92,307,743,320,19,12,0
1673,66.92,308,708,291,13,19,0
1673,66.92,309,752,354,27,22,0
1674,66.96,30,101,513,22,32,0
1674,66.96,32,920,496,25,17,0
1674,66.96,36,13,524,8,19,0
1674,66.96,40,76,543,7,20,0
1674,66.96,42,8,544,22,32,0
1674,66.96,43,59,455,25,31,0
1674,66.96,46,121,589,28,19,0
1674,66.96,47,168,578,16,6,0
1674,66.96,49,167,327,21,31,0
1674,66.96,50,182,295,22,29,0
1674,66.96,52,192,624,40,16,0
1674,66.96,54,384,127,31,9,0
1674,66.96,56,614,48,72,66,0
1674,66.96,61,935,480,10,9,0
1674,66.96,67,61,296,58,157,0
1674,66.96,77,392,599,17,16,0
1674,66.96,88,588,164,7,54,0
1674,66.96,92,770,403,23,45,0
1674,66.96,94,642,653,15,26,0
1674,66.96,96,746,442,22,31,0
1674,66.96,99,593,97,6,44,0
1674,66.96,112,587,225,93,26,0
1674,66.96,116,765,553,16,12,0
1674,66.96,118,737,452,13,24,0
1674,66.96,120,783,53,19,18,0
1674,66.96,139,741,649,187,71,0
1674,66.96,141,1112,692,104,23,0
1674,66.96,142,949,346,19,14,0
1674,66.96,147,1054,208,14,11,0
1674,66.96,148,1270,303,10,24,0
1674,66.96,160,1163,78,103,207,0
1674,66.96,163,1270,69,10,25,0
1674,66.96,167,240,31,34,10,0
1674,66.96,171,84,216,492,70,0
1674,66.96,187,1207,515,12,19,0
1674,66.96,190,360,120,16,12,0
1674,66.96,191,144,42,24,25,0
1674,66.96,206,472,442,16,14,0
1674,66.96,210,753,528,15,8,0
1674,66.96,219,181,250,20,8,0
1674,66.96,231,0,96,52,84,0
1674,66.96,238,290,675,16,22,0
1674,66.96,242,440,310,24,13,0
1674,66.96,245,624,120,64,72,0
1674,66.96,250,1185,669,95,51,0
1674,66.96,254,0,236,30,12,0
1674,66.96,255,123,512,8,20,0
1674,66.96,263,714,92,70,173,0
1674,66.96,267,381,581,23,26,0
1674,66.96,268,665,203,20,30,0
1674,66.96,270,368,708,12,12,0
1674,66.96,273,400,613,12,20,0
1674,66.96,274,0,60,26,35,0
1674,66.96,276,695,199,18,33,0
1674,66.96,282,635,196,34,25,0
1674,66.96,285,229,47,43,22,0
1674,66.96,288,56,32,50,55,0
1674,66.96,289,121,488,14,11,0
1674,66.96,290,692,288,15,26,0
1674,66.96,293,274,652,14,20,0
1674,66.96,294,748,595,20,23,0
1674,66.96,297,26,491,158,173,0
1674,66.96,298,108,248,66,33,0
1674,66.96,299,139,387,12,22,0
1674,66.96,300,154,348,18,23,0
1674,66.96,301,698,400,16,24,0
1674,66.96,302,706,316,66,110,0
1674,66.96,303,722,294,35,21,0
1674,66.96,304,725,271,17,22,0
1674,66.96,305,727,358,23,17,0
1674,66.96,306,739,279,24,14,0
1674,66.96,307,743,320,19,12,0
1674,66.96,308,708,291,13,19,0
1674,66.96,309,752,352,33,24,0
1675,67.0,30,101,513,22,32,0
1675,67.0,32,920,496,25,17,0
1675,67.0,36,13,524,8,19,0
1675,67.0,40,76,543,7,20,0
1675,67.0,42,8,544,22,32,0
1675,67.0,43,59,455,25,31,0
1675,67.0,46,121,589,28,19,0
1675,67.0,47,168,578,16,6,0
1675,67.0,49,167,327,21,31,0
1675,67.0,50,182,295,22,29,0
1675,67.0,52,192,624,40,16,0
1675,67.0,54,384,127,31,9,0
1675,67.0,56,614,48,72,66,0
1675,67.0,61,935,480,10,9,0
1675,67.0,67,61,296,58,157,0
1675,67.0,77,392,599,17,16,0
1675,67.0,88,588,164,7,54,0
1675,67.0,92,770,403,23,45,0
1675,67.0,94,642,653,15,26,0
1675,67.0,96,746,442,22,31,0
1675,67.0,99,593,97,6,44,0
1675,67.0,112,587,225,93,26,0
1675,67.0,116,765,553,16,12,0
1675,67.0,118,737,452,13,24,0
1675,67.0,120,783,53,19,18,0
1675,67.0,139,736,646,188,74,0
1675,67.0,141,1112,692,104,23,0
1675,67.0,142,949,346,19,14,0
1675,67.0,147,1054,208,14,11,0
1675,67.0,148,1270,303,10,24,0
1675,67.0,160,1162,78,104,207,0
1675,67.0,163,1270,69,10,25,0
1675,67.0,167,240,31,34,10,0
1675,67.0,171,84,216,492,70,0
1675,67.0,187,1207,515,12,19,0
1675,67.0,190,360,120,16,12,0
1675,67.0,191,144,42,24,25,0
1675,67.0,206,472,442,16,14,0
1675,67.0,210,753,528,15,8,0
1675,67.0,219,181,250,20,8,0
1675,67.0,231,0,96,52,84,0
1675,67.0,238,290,675,16,22,0
1675,67.0,242,440,310,24,13,0
1675,67.0,245,624,120,64,72,0
1675,67.0,250,1185,669,95,51,0
1675,67.0,254,0,236,30,12,0
1675,67.0,255,123,512,8,20,0
1675,67.0,263,714,92,70,173,0
1675,67.0,267,381,581,23,26,0
1675,67.0,268,665,203,20,30,0
1675,67.0,270,368,709,12,11,0
1675,67.0,273,400,613,12,20,0
1675,67.0,274,0,60,26,35,0
1675,67.0,276,695,199,18,33,0
1675,67.0,282,635,196,34,25,0
1675,67.0,285,229,47,43,22,0
1675,67.0,288,56,32,50,55,0
1675,67.0,289,121,488,14,11,0
1675,67.0,290,692,288,15,26,0
1675,67.0,293,274,652,10,20,0
1675,67.0,294,748,595,20,23,0
1675,67.0,297,26,491,158,173,0
1675,67.0,298,108,248,66,33,0
1675,67.0,299,139,387,12,22,0
1675,67.0,300,154,348,18,23,0
1675,67.0,301,698,400,16,24,0
1675,67.0,302,706,316,66,110,0
1675,67.0,303,722,294,35,21,0
1675,67.0,304,725,270,17,23,0
1675,67.0,305,727,358,23,17,0
1675,67.0,306,739,279,24,14,0
1675,67.0,307,743,320,19,12,0
1675,67.0,308,708,291,13,19,0
1675,67.0,309,752,352,33,24,0
1676,67.04,30,101,513,22,32,0
1676,67.04,32,920,496,25,17,0
1676,67.04,36,13,524,8,19,0
1676,67.04,40,76,543,7,20,0
1676,67.04,42,8,544,22,32,0
1676,67.04,43,59,455,25,31,0
1676,67.04,46,121,589,28,19,0
1676,67.04,47,168,578,16,6,0
1676,67.04,49,167,327,21,31,0
1676,67.04,50,182,295,22,29,0
1676,67.04,52,192,624,40,16,0
1676,67.04,54,384,127,31,9,0
1676,67.04,56,614,48,72,66,0
1676,67.04,61,935,480,10,9,0
1676,67.04,67,61,296,58,157,0
1676,67.04,77,392,599,17,16,0
1676,67.04,88,588,164,7,54,0
1676,67.04,92,770,403,23,45,0
1676,67.04,94,642,653,15,26,0
1676,67.04,96,746,442,22,31,0
1676,67.04,99,593,97,6,44,0
1676,67.04,112,587,225,93,26,0
1676,67.04,116,765,553,16,12,0
1676,67.04,118,737,452,13,24,0
1676,67.04,120,783,53,19,18,0
1676,67.04,139,730,648,190,72,0
1676,67.04,141,1112,692,104,23,0
1676,67.04,142,949,346,19,14,0
1676,67.04,147,1054,208,14,11,0
1676,67.04,148,1270,303,10,24,0
1676,67.04,160,1163,78,103,207,0
1676,67.04,163,1270,69,10,25,0
1676,67.04,167,240,31,34,10,0
1676,67.04,171,84,216,492,70,0
1676,67.04,187,1207,515,12,19,0
1676,67.04,190,360,120,16,12,0
1676,67.04,191,144,42,24,25,0
1676,67.04,206,472,442,16,14,0
1676,67.04,210,753,528,15,8,0
1676,67.04,219,181,251,20,7,0
1676,67.04,231,0,96,52,84,0
1676,67.04,238,290,675,16,22,0
1676,67.04,242,440,310,24,13,0
1676,67.04,245,624,120,64,72,0
1676,67.04,250,1185,669,95,51,0
1676,67.04,254,0,236,30,12,0
1676,67.04,255,123,512,8,20,0
1676,67.04,263,714,92,70,173,0
1676,67.04,267,381,581,23,26,0
1676,67.04,268,665,203,20,30,0
1676,67.04,270,368,709,12,11,0
1676,67.04,273,400,613,12,20,0
1676,67.04,274,0,60,26,35,0
1676,67.04,276,695,199,18,33,0
1676,67.04,282,635,196,34,25,0
1676,67.04,285,229,47,43,22,0
1676,67.04,288,56,32,50,55,0
1676,67.04,289,121,488,14,11,0
1676,67.04,290,692,288,15,26,0
1676,67.04,293,274,652,10,20,0
1676,67.04,294,748,595,20,23,0
1676,67.04,297,26,491,158,173,0
1676,67.04,298,108,248,66,33,0
1676,67.04,299,139,387,12,22,0
1676,67.04,300,154,348,18,23,0
1676,67.04,301,698,400,16,24,0
1676,67.04,302,706,316,66,110,0
1676,67.04,303,722,294,35,21,0
1676,67.04,304,725,270,17,23,0
1676,67.04,305,727,358,23,17,0
1676,67.04,306,739,279,24,14,0
1676,67.04,307,743,320,19,12,0
1676,67.04,308,708,291,13,19,0
1676,67.04,309,752,352,33,24,0
1677,67.08,30,101,513,22,32,0
1677,67.08,32,920,496,25,17,0
1677,67.08,36,13,524,8,19,0
1677,67.08,40,76,543,7,20,0
1677,67.08,42,8,544,22,32,0
1677,67.08,43,59,455,25,31,0
1677,67.08,46,121,589,28,19,0
1677,67.08,47,168,578,16,6,0
1677,67.08,49,167,327,21,31,0
1677,67.08,50,182,295,22,29,0
1677,67.08,52,192,624,40,16,0
1677,67.08,54,384,127,31,9,0
1677,67.08,56,614,48,72,66,0
1677,67.08,61,935,480,10,9,0
1677,67.08,67,61,296,58,157,0
1677,67.08,77,392,599,17,16,0
1677,67.08,88,588,164,7,54,0
1677,67.08,92,770,403,23,45,0
1677,67.08,94,642,653,15,26,0
1677,67.08,96,746,442,22,31,0
1677,67.08,99,593,97,6,44,0
1677,67.08,107,714,92,16,27,0
1677,67.08,112,587,225,93,26,0
1677,67.08,116,765,553,16,12,0
1677,67.08,118,737,452,13,24,0
1677,67.08,120,783,53,19,18,0
1677,67.08,139,727,643,188,77,0
1677,67.08,141,1112,692,104,23,0
1677,67.08,142,949,346,19,14,0
1677,67.08,147,1054,208,14,11,0
1677,67.08,148,1270,303,10,24,0
1677,67.08,160,1163,78,103,207,0
1677,67.08,163,1270,69,10,25,0
1677,67.08,167,240,31,30,10,0
1677,67.08,171,84,216,492,70,0
1677,67.08,187,1207,515,12,19,0
1677,67.08,190,360,120,16,12,0
1677,67.08,191,144,42,24,25,0
1677,67.08,206,472,442,16,14,0
1677,67.08,210,753,528,15,8,0
1677,67.08,219,181,252,25,6,0
1677,67.08,231,0,96,52,84,0
1677,67.08,238,290,675,16,22,0
1677,67.08,242,440,310,24,13,0
1677,67.08,245,624,120,64,72,0
1677,67.08,250,1185,669,95,51,0
1677,67.08,254,0,236,30,12,0
1677,67.08,255,123,512,8,20,0
1677,67.08,263,714,108,70,157,0
1677,67.08,267,381,581,23,26,0
1677,67.08,268,665,203,20,30,0
1677,67.08,270,368,709,12,11,0
1677,67.08,273,400,613,12,20,0
1677,67.08,274,0,60,26,35,0
1677,67.08,276,695,199,18,33,0
1677,67.08,282,635,196,34,25,0
1677,67.08,285,229,47,43,22,0
1677,67.08,288,56,32,50,55,0
1677,67.08,289,121,488,14,11,0
1677,67.08,290,692,288,15,26,0
1677,67.08,293,274,652,10,20,0
1677,67.08,294,748,595,20,23,0
1677,67.08,297,26,491,158,173,0
1677,67.08,298,108,248,66,33,0
1677,67.08,299,139,387,12,22,0
1677,67.08,300,154,348,18,23,0
1677,67.08,301,698,400,16,24,0
1677,67.08,302,706,316,66,110,0
1677,67.08,303,722,294,35,21,0
1677,67.08,304,725,270,17,23,0
1677,67.08,305,727,358,23,17,0
1677,67.08,306,739,279,24,14,0
1677,67.08,307,743,320,19,12,0
1677,67.08,308,708,291,13,19,0
1677,67.08,309,752,352,33,24,0
1678,67.12,30,101,513,22,32,0
1678,67.12,32,920,496,25,17,0
1678,67.12,36,13,524,8,19,0
1678,67.12,40,76,543,7,20,0
1678,67.12,42,8,544,22,32,0
1678,67.12,43,59,455,25,31,0
1678,67.12,46,121,589,28,19,0
1678,67.12,47,168,578,16,6,0
1678,67.12,49,167,327,21,31,0
1678,67.12,50,182,295,22,29,0
1678,67.12,52,192,624,40,16,0
1678,67.12,54,384,127,31,9,0
1678,67.12,56,614,48,72,66,0
1678,67.12,61,935,480,10,9,0
1678,67.12,67,61,296,58,157,0
1678,67.12,77,392,599,17,16,0
1678,67.12,88,588,164,7,54,0
1678,67.12,92,770,403,23,45,0
1678,67.12,94,642,653,15,26,0
1678,67.12,96,746,442,22,31,0
1678,67.12,99,593,97,6,44,0
1678,67.12,112,587,225,93,26,0
1678,67.12,116,765,553,16,12,0
1678,67.12,118,737,452,13,24,0
1678,67.12,120,783,53,19,18,0
1678,67.12,139,726,644,185,76,0
1678,67.12,141,1112,692,104,23,0
1678,67.12,142,949,346,19,14,0
1678,67.12,147,1054,208,14,11,0
1678,67.12,148,1270,303,10,24,0
1678,67.12,158,1273,176,7,16,0
1678,67.12,160,1163,78,103,207,0
1678,67.12,163,1270,69,10,25,0
1678,67.12,167,240,31,34,10,0
1678,67.12,171,84,216,492,70,0
1678,67.12,187,1207,515,12,19,0
1678,67.12,190,360,120,16,12,0
1678,67.12,191,144,42,24,25,0
1678,67.12,206,472,442,16,14,0
1678,67.12,210,753,528,15,8,0
1678,67.12,219,181,251,26,7,0
1678,67.12,231,0,96,52,84,0
1678,67.12,238,290,675,16,22,0
1678,67.12,242,440,310,24,13,0
1678,67.12,245,624,120,64,72,0
1678,67.12,250,1185,669,95,51,0
1678,67.12,254,0,236,30,12,0
1678,67.12,255,123,512,8,20,0
1678,67.12,263,714,92,70,173,0
1678,67.12,267,381,581,23,26,0
1678,67.12,268,665,203,20,30,0
1678,67.12,270,368,709,12,11,0
1678,67.12,273,400,613,12,20,0
1678,67.12,274,0,60,26,35,0
1678,67.12,276,695,199,18,33,0
1678,67.12,282,635,196,34,25,0
1678,67.12,285,229,47,43,22,0
1678,67.12,288,56,32,50,55,0
1678,67.12,289,121,488,14,11,0
1678,67.12,290,692,288,15,26,0
1678,67.12,293,274,652,10,20,0
1678,67.12,294,748,595,20,23,0
1678,67.12,297,26,491,158,173,0
1678,67.12,298,108,248,66,33,0
1678,67.12,299,139,387,12,22,0
1678,67.12,300,154,348,18,23,0
1678,67.12,301,698,400,16,24,0
1678,67.12,302,706,316,66,110,0
1678,67.12,303,722,294,35,21,0
1678,67.12,304,725,270,17,23,0
1678,67.12,305,727,358,23,17,0
1678,67.12,306,739,279,24,14,0
1678,67.12,307,743,320,19,12,0
1678,67.12,308,708,291,13,19,0
1678,67.12,309,752,352,33,24,0
1679,67.16,30,101,513,22,32,0
1679,67.16,32,920,496,25,17,0
1679,67.16,36,13,524,8,19,0
1679,67.16,40,76,543,7,20,0
1679,67.16,42,8,544,22,32,0
1679,67.16,43,59,455,25,31,0
1679,67.16,46,121,589,28,19,0
1679,67.16,47,168,578,16,6,0
1679,67.16,49,167,327,21,31,0
1679,67.16,50,182,295,22,29,0
1679,67.16,52,192,624,40,16,0
1679,67.16,54,384,127,31,9,0
1679,67.16,56,614,48,72,66,0
1679,67.16,61,935,480,10,9,0
1679,67.16,67,61,296,58,157,0
1679,67.16,77,392,599,17,16,0
1679,67.16,88,588,164,7,54,0
1679,67.16,92,770,403,23,45,0
1679,67.16,94,642,653,15,26,0
1679,67.16,96,746,442,22,31,0
1679,67.16,99,593,97,6,44,0
1679,67.16,112,587,225,93,26,0
1679,67.16,116,765,553,16,12,0
1679,67.16,118,737,452,13,24,0
1679,67.16,120,783,53,19,18,0
1679,67.16,139,724,638,183,82,0
1679,67.16,141,1112,692,104,23,0
1679,67.16,142,949,346,19,14,0
1679,67.16,147,1054,208,14,11,0
1679,67.16,148,1270,303,10,24,0
1679,67.16,158,1273,176,7,16,0
1679,67.16,160,1163,78,103,207,0
1679,67.16,163,1270,69,10,25,0
1679,67.16,167,240,31,34,10,0
1679,67.16,171,84,216,492,70,0
1679,67.16,187,1207,515,12,19,0
1679,67.16,190,360,120,16,12,0
1679,67.16,191,144,42,24,25,0
1679,67.16,206,472,442,16,14,0
1679,67.16,210,753,528,15,8,0
1679,67.16,219,181,250,26,8,0
1679,67.16,231,0,96,52,84,0
1679,67.16,238,290,675,16,22,0
1679,67.16,242,440,310,24,13,0
1679,67.16,245,624,120,64,72,0
1679,67.16,250,1185,669,95,51,0
1679,67.16,254,0,236,30,12,0
1679,67.16,255,123,512,8,20,0
1679,67.16,263,714,92,70,173,0
1679,67.16,267,381,581,23,26,0
1679,67.16,268,665,203,20,30,0
1679,67.16,270,368,709,12,11,0
1679,67.16,273,400,613,12,20,0
1679,67.16,274,0,60,26,35,0
1679,67.16,276,695,199,18,33,0
1679,67.16,282,635,196,34,25,0
1679,67.16,285,229,47,43,22,0
1679,67.16,288,56,32,50,55,0
1679,67.16,289,121,488,14,11,0
1679,67.16,290,692,288,15,26,0
1679,67.16,293,274,652,10,20,0
1679,67.16,294,748,595,20,23,0
1679,67.16,297,26,491,158,173,0
1679,67.16,298,108,248,66,33,0
1679,67.16,299,139,387,12,22,0
1679,67.16,300,154,348,18,23,0
1679,67.16,301,698,400,16,24,0
1679,67.16,302,706,316,66,110,0
1679,67.16,303,722,294,35,21,0
1679,67.16,304,725,270,17,23,0
1679,67.16,305,727,358,23,17,0
1679,67.16,306,739,279,24,14,0
1679,67.16,307,743,320,19,12,0
1679,67.16,308,708,291,13,19,0
1679,67.16,309,752,352,33,24,0
1680,67.2,30,101,513,22,32,0
1680,67.2,32,920,496,25,17,0
1680,67.2,36,13,524,8,19,0
1680,67.2,40,76,543,7,20,0
1680,67.2,42,8,544,22,32,0
1680,67.2,43,59,455,25,31,0
1680,67.2,46,121,589,28,19,0
1680,67.2,47,168,578,16,6,0
1680,67.2,49,167,327,21,31,0
1680,67.2,50,182,295,22,29,0
1680,67.2,52,192,624,40,16,0
1680,67.2,54,384,127,31,9,0
1680,67.2,56,614,48,72,66,0
1680,67.2,61,935,480,10,9,0
1680,67.2,67,61,296,58,157,0
1680,67.2,77,392,599,17,16,0
1680,67.2,88,588,164,7,54,0
1680,67.2,92,770,403,23,45,0
1680,67.2,94,642,653,15,26,0
1680,67.2,96,746,442,22,31,0
1680,67.2,99,593,97,6,44,0
1680,67.2,112,587,225,93,26,0
1680,67.2,116,765,553,16,12,0
1680,67.2,118,737,452,13,24,0
1680,67.2,120,783,53,19,18,0
1680,67.2,139,725,631,178,89,0
1680,67.2,141,1112,692,104,23,0
1680,67.2,142,949,346,19,14,0
1680,67.2,147,1054,208,14,11,0
1680,67.2,148,1270,303,10,24,0
1680,67.2,158,1273,176,7,16,0
1680,67.2,160,1163,78,103,207,0
1680,67.2,163,1270,69,10,25,0
1680,67.2,171,84,216,492,70,0
1680,67.2,187,1207,515,12,19,0
1680,67.2,190,360,120,16,12,0
1680,67.2,191,144,42,24,25,0
1680,67.2,206,472,442,16,14,0
1680,67.2,210,753,528,15,8,0
1680,67.2,219,181,250,26,8,0
1680,67.2,231,0,96,52,84,0
1680,67.2,238,290,675,16,22,0
1680,67.2,242,440,310,24,13,0
1680,67.2,245,624,120,64,72,0
1680,67.2,250,1185,669,95,51,0
1680,67.2,254,0,236,30,12,0
1680,67.2,255,123,512,8,20,0
1680,67.2,263,714,92,70,173,0
1680,67.2,267,381,581,23,26,0
1680,67.2,268,665,203,20,30,0
1680,67.2,270,368,709,12,11,0
1680,67.2,273,400,613,12,20,0
1680,67.2,274,0,60,26,35,0
1680,67.2,276,695,199,18,33,0
1680,67.2,282,635,196,34,25,0
1680,67.2,285,229,47,43,22,0
1680,67.2,288,56,32,50,55,0
1680,67.2,289,121,488,14,11,0
1680,67.2,290,692,288,15,26,0
1680,67.2,293,274,652,10,20,0
1680,67.2,294,748,595,20,23,0
1680,67.2,297,26,491,158,173,0
1680,67.2,298,108,248,66,33,0
1680,67.2,299,139,387,12,22,0
1680,67.2,300,154,348,18,23,0
1680,67.2,301,698,400,16,24,0
1680,67.2,302,706,316,66,110,0
1680,67.2,303,722,294,35,21,0
1680,67.2,304,725,270,17,23,0
1680,67.2,305,727,358,23,17,0
1680,67.2,306,739,279,24,14,0
1680,67.2,307,743,320,19,12,0
1680,67.2,308,708,291,13,19,0
1680,67.2,309,752,352,33,24,0
1680,67.2,310,598,214,19,8,0
1681,67.24,30,101,513,22,32,0
1681,67.24,32,920,496,25,17,0
1681,67.24,36,13,524,8,19,0
1681,67.24,40,76,543,7,20,0
1681,67.24,42,8,544,22,32,0
1681,67.24,43,59,455,25,31,0
1681,67.24,46,121,589,28,19,0
1681,67.24,47,168,578,16,6,0
1681,67.24,49,167,327,21,31,0
1681,67.24,50,182,295,22,29,0
1681,67.24,52,192,624,40,16,0
1681,67.24,54,384,127,31,9,0
1681,67.24,56,614,48,72,66,0
1681,67.24,61,935,480,10,9,0
1681,67.24,67,61,296,58,157,0
1681,67.24,77,392,599,17,16,0
1681,67.24,88,588,164,7,54,0
1681,67.24,92,770,403,23,45,0
1681,67.24,94,642,653,15,29,0
1681,67.24,96,746,442,22,31,0
1681,67.24,99,593,97,6,44,0
1681,67.24,112,587,225,93,26,0
1681,67.24,116,765,553,16,12,0
1681,67.24,118,737,452,13,24,0
1681,67.24,120,783,53,19,18,0
1681,67.24,139,725,626,175,94,0
1681,67.24,141,1112,692,104,23,0
1681,67.24,142,949,346,19,14,0
1681,67.24,147,1054,208,14,11,0
1681,67.24,148,1270,303,10,24,0
1681,67.24,158,1273,176,7,16,0
1681,67.24,160,1163,78,103,207,0
1681,67.24,163,1270,69,10,25,0
1681,67.24,171,84,216,492,70,0
1681,67.24,187,1207,515,12,19,0
1681,67.24,190,360,120,16,12,0
1681,67.24,191,144,42,24,25,0
1681,67.24,206,472,442,16,14,0
1681,67.24,210,753,528,15,8,0
1681,67.24,219,181,250,26,8,0
1681,67.24,231,0,96,52,84,0
1681,67.24,238,290,675,16,22,0
1681,67.24,242,440,310,24,13,0
1681,67.24,245,624,120,64,72,0
1681,67.24,250,1185,669,95,51,0
1681,67.24,254,0,236,30,12,0
1681,67.24,255,123,512,8,20,0
1681,67.24,263,714,92,70,173,0
1681,67.24,267,381,581,23,26,0
1681,67.24,268,665,203,20,30,0
1681,67.24,270,368,709,12,11,0
1681,67.24,273,400,613,12,20,0
1681,67.24,274,0,60,26,35,0
1681,67.24,276,695,199,18,33,0
1681,67.24,282,635,196,34,25,0
1681,67.24,285,229,47,43,22,0
1681,67.24,288,56,32,50,55,0
1681,67.24,289,121,488,14,11,0
1681,67.24,290,692,288,15,26,0
1681,67.24,293,274,652,10,20,0
1681,67.24,294,748,595,20,23,0
1681,67.24,297,26,491,158,173,0
1681,67.24,298,108,248,66,33,0
1681,67.24,299,139,387,12,22,0
1681,67.24,300,154,348,18,23,0
1681,67.24,301,698,400,16,24,0
1681,67.24,302,706,316,66,110,0
1681,67.24,303,722,294,35,21,0
1681,67.24,304,725,270,17,23,0
1681,67.24,305,727,358,23,17,0
1681,67.24,306,739,279,24,14,0
1681,67.24,307,743,320,19,12,0
1681,67.24,308,708,291,13,19,0
1681,67.24,309,752,352,33,24,0
1681,67.24,310,598,214,19,8,0
1682,67.28,30,101,513,22,32,0
1682,67.28,32,920,496,25,17,0
1682,67.28,36,13,524,8,19,0
1682,67.28,40,76,543,7,20,0
1682,67.28,42,8,544,22,32,0
1682,67.28,43,59,455,25,31,0
1682,67.28,46,121,589,28,19,0
1682,67.28,47,168,578,16,6,0
1682,67.28,49,167,327,21,31,0
1682,67.28,50,182,295,22,29,0
1682,67.28,52,192,624,40,16,0
1682,67.28,54,384,127,31,9,0
1682,67.28,56,614,48,72,66,0
1682,67.28,61,935,480,10,9,0
1682,67.28,67,61,296,58,157,0
1682,67.28,77,392,599,17,16,0
1682,67.28,88,588,164,7,54,0
1682,67.28,92,770,403,23,45,0
1682,67.28,94,642,653,15,29,0
1682,67.28,96,746,442,22,31,0
1682,67.28,99,593,97,6,44,0
1682,67.28,112,587,225,93,26,0
1682,67.28,116,765,553,16,12,0
1682,67.28,118,737,452,13,24,0
1682,67.28,120,783,53,19,18,0
1682,67.28,139,725,620,172,100,0
1682,67.28,141,1112,692,104,23,0
1682,67.28,142,949,346,19,14,0
1682,67.28,147,1054,208,14,11,0
1682,67.28,148,1270,303,10,24,0
1682,67.28,158,1273,176,7,16,0
1682,67.28,160,1163,78,103,207,0
1682,67.28,163,1270,69,10,25,0
1682,67.28,167,240,31,35,10,0
1682,67.28,171,84,216,492,70,0
1682,67.28,187,1207,515,12,19,0
1682,67.28,190,360,120,16,12,0
1682,67.28,191,144,42,24,25,0
1682,67.28,206,472,442,16,14,0
1682,67.28,210,753,528,15,8,0
1682,67.28,219,181,250,26,8,0
1682,67.28,231,0,96,52,84,0
1682,67.28,238,290,675,16,22,0
1682,67.28,242,440,310,24,13,0
1682,67.28,245,624,120,64,72,0
1682,67.28,250,1185,669,95,51,0
1682,67.28,254,0,236,30,12,0
1682,67.28,255,123,512,8,20,0
1682,67.28,263,714,92,70,173,0
1682,67.28,267,381,581,23,26,0
1682,67.28,268,665,203,20,30,0
1682,67.28,270,368,709,12,11,0
1682,67.28,273,400,613,12,20,0
1682,67.28,274,0,60,26,35,0
1682,67.28,276,695,199,18,33,0
1682,67.28,282,635,196,34,25,0
1682,67.28,285,229,47,43,22,0
1682,67.28,288,56,32,50,55,0
1682,67.28,289,121,488,14,11,0
1682,67.28,290,692,288,15,26,0
1682,67.28,293,274,652,10,20,0
1682,67.28,294,748,595,20,23,0
1682,67.28,297,26,491,158,173,0
1682,67.28,298,108,248,66,33,0
1682,67.28,299,139,387,12,22,0
1682,67.28,300,154,348,18,23,0
1682,67.28,301,698,400,16,24,0
1682,67.28,302,706,316,66,110,0
1682,67.28,303,722,294,35,21,0
1682,67.28,304,725,270,17,23,0
1682,67.28,305,727,358,23,17,0
1682,67.28,306,739,279,24,14,0
1682,67.28,307,743,320,19,12,0
1682,67.28,308,708,291,13,19,0
1682,67.28,309,752,352,33,24,0
1682,67.28,310,598,214,19,8,0
1683,67.32,30,101,513,22,32,0
1683,67.32,32,920,496,25,17,0
1683,67.32,36,13,524,8,19,0
1683,67.32,40,76,543,7,20,0
1683,67.32,42,8,544,22,32,0
1683,67.32,43,59,455,25,31,0
1683,67.32,46,121,589,28,19,0
1683,67.32,47,168,578,16,6,0
1683,67.32,49,167,327,21,31,0
1683,67.32,50,182,295,22,29,0
1683,67.32,52,192,624,40,16,0
1683,67.32,54,384,127,31,9,0
1683,67.32,56,614,48,72,66,0
1683,67.32,61,935,480,10,9,0
1683,67.32,67,61,296,58,157,0
1683,67.32,77,392,599,17,16,0
1683,67.32,88,588,164,7,54,0
1683,67.32,92,770,403,23,45,0
1683,67.32,94,642,653,15,28,0
1683,67.32,96,746,442,22,31,0
1683,67.32,99,593,97,6,44,0
1683,67.32,112,587,225,93,26,0
1683,67.32,116,765,553,16,12,0
1683,67.32,118,737,452,13,24,0
1683,67.32,120,783,53,19,18,0
1683,67.32,139,725,614,170,106,0
1683,67.32,141,1112,692,104,23,0
1683,67.32,142,949,346,19,14,0
1683,67.32,147,1054,208,14,11,0
1683,67.32,148,1270,303,10,24,0
1683,67.32,158,1273,176,7,16,0
1683,67.32,160,1163,78,103,207,0
1683,67.32,163,1270,69,10,25,0
1683,67.32,167,240,31,35,10,0
1683,67.32,171,84,216,492,70,0
1683,67.32,187,1207,515,12,19,0
1683,67.32,190,360,120,16,12,0
1683,67.32,191,144,42,24,25,0
1683,67.32,206,472,442,16,14,0
1683,67.32,210,753,528,15,8,0
1683,67.32,219,181,250,26,8,0
1683,67.32,231,0,96,52,84,0
1683,67.32,238,290,675,16,22,0
1683,67.32,242,440,310,24,13,0
1683,67.32,245,624,120,64,72,0
1683,67.32,250,1185,669,95,51,0
1683,67.32,254,0,236,30,12,0
1683,67.32,255,123,512,8,20,0
1683,67.32,263,714,92,70,173,0
1683,67.32,267,381,581,23,26,0
1683,67.32,268,665,203,20,30,0
1683,67.32,270,368,709,12,11,0
1683,67.32,273,400,613,12,20,0
1683,67.32,274,0,60,26,35,0
1683,67.32,276,695,199,18,33,0
1683,67.32,282,635,196,34,25,0
1683,67.32,285,229,47,43,22,0
1683,67.32,288,56,32,50,55,0
1683,67.32,289,121,488,14,11,0
1683,67.32,290,692,288,15,26,0
1683,67.32,293,274,652,10,20,0
1683,67.32,294,748,595,20,23,0
1683,67.32,297,26,491,158,173,0
1683,67.32,298,108,248,66,33,0
1683,67.32,299,139,387,12,22,0
1683,67.32,300,154,348,18,23,0
1683,67.32,301,698,400,16,24,0
1683,67.32,302,706,316,66,110,0
1683,67.32,303,722,294,35,21,0
1683,67.32,304,725,270,17,23,0
1683,67.32,305,727,358,23,17,0
1683,67.32,306,739,279,24,14,0
1683,67.32,307,743,320,19,12,0
1683,67.32,308,708,291,13,19,0
1683,67.32,309,752,352,33,24,0
1683,67.32,310,598,214,19,8,0
1684,67.36,30,101,513,22,32,0
1684,67.36,32,920,496,25,17,0
1684,67.36,36,13,524,8,19,0
1684,67.36,40,76,543,7,20,0
1684,67.36,42,8,544,22,32,0
1684,67.36,43,59,455,25,31,0
1684,67.36,46,121,589,28,19,0
1684,67.36,47,168,578,16,6,0
1684,67.36,49,167,327,21,31,0
1684,67.36,50,182,295,22,29,0
1684,67.36,52,192,624,40,16,0
1684,67.36,54,384,127,31,9,0
1684,67.36,56,614,48,72,66,0
1684,67.36,61,935,480,10,9,0
1684,67.36,67,61,296,58,157,0
1684,67.36,77,392,599,17,16,0
1684,67.36,88,588,164,7,54,0
1684,67.36,92,770,403,23,45,0
1684,67.36,94,642,653,15,28,0
1684,67.36,96,746,442,22,31,0
1684,67.36,99,593,97,6,44,0
1684,67.36,112,587,225,93,26,0
1684,67.36,116,765,553,16,12,0
1684,67.36,118,737,452,13,24,0
1684,67.36,120,783,53,19,18,0
1684,67.36,139,725,608,168,102,0
1684,67.36,141,1112,692,104,23,0
1684,67.36,142,949,346,19,14,0
1684,67.36,147,1054,208,14,11,0
1684,67.36,148,1270,303,10,24,0
1684,67.36,158,1273,176,7,16,0
1684,67.36,160,1163,78,103,207,0
1684,67.36,163,1270,69,10,25,0
1684,67.36,167,240,31,35,10,0
1684,67.36,171,84,216,492,70,0
1684,67.36,187,1207,515,12,19,0
1684,67.36,190,360,120,16,12,0
1684,67.36,191,144,42,24,25,0
1684,67.36,206,472,442,16,14,0
1684,67.36,210,753,528,15,8,0
1684,67.36,219,181,250,26,8,0
1684,67.36,231,0,96,52,84,0
1684,67.36,238,290,675,16,22,0
1684,67.36,242,440,310,24,13,0
1684,67.36,245,624,120,64,72,0
1684,67.36,250,1185,669,95,51,0
1684,67.36,254,0,236,30,12,0
1684,67.36,255,123,512,8,20,0
1684,67.36,263,714,92,70,173,0
1684,67.36,267,381,581,23,26,0
1684,67.36,268,665,203,20,30,0
1684,67.36,270,368,709,12,11,0
1684,67.36,273,400,613,12,20,0
1684,67.36,274,0,60,26,35,0
1684,67.36,276,695,199,18,33,0
1684,67.36,282,635,196,34,25,0
1684,67.36,285,229,47,43,22,0
1684,67.36,288,56,32,50,55,0
1684,67.36,289,121,488,14,11,0
1684,67.36,290,692,288,15,26,0
1684,67.36,293,274,652,10,20,0
1684,67.36,294,748,595,20,23,0
1684,67.36,297,26,491,158,173,0
1684,67.36,298,108,248,66,33,0
1684,67.36,299,139,387,12,22,0
1684,67.36,300,154,348,18,23,0
1684,67.36,301,698,400,16,24,0
1684,67.36,302,706,316,66,110,0
1684,67.36,303,722,294,35,21,0
1684,67.36,304,720,270,22,23,0
1684,67.36,305,727,358,23,17,0
1684,67.36,306,739,279,24,14,0
1684,67.36,307,743,320,19,12,0
1684,67.36,308,708,291,13,19,0
1684,67.36,309,752,352,33,24,0
1684,67.36,310,598,214,19,8,0
1685,67.4,30,101,513,22,32,0
1685,67.4,32,920,496,25,17,0
1685,67.4,36,13,524,8,19,0
1685,67.4,40,76,543,7,20,0
1685,67.4,42,8,544,22,32,0
1685,67.4,43,59,455,25,31,0
1685,67.4,46,121,589,28,19,0
1685,67.4,47,168,578,16,6,0
1685,67.4,49,167,327,21,31,0
1685,67.4,50,182,295,22,29,0
1685,67.4,52,192,624,40,16,0
1685,67.4,54,384,127,31,9,0
1685,67.4,56,614,48,72,66,0
1685,67.4,61,935,480,10,9,0
1685,67.4,67,61,296,58,157,0
1685,67.4,77,392,599,17,16,0
1685,67.4,88,588,164,7,54,0
1685,67.4,92,770,403,23,45,0
1685,67.4,94,642,653,15,28,0
1685,67.4,96,746,442,22,31,0
1685,67.4,99,593,97,6,44,0
1685,67.4,112,587,225,93,26,0
1685,67.4,116,765,553,16,12,0
1685,67.4,118,737,452,13,24,0
1685,67.4,120,783,53,19,18,0
1685,67.4,139,725,602,166,92,0
1685,67.4,141,1112,692,104,23,0
1685,67.4,142,949,346,19,14,0
1685,67.4,147,1054,208,14,11,0
1685,67.4,148,1270,303,10,24,0
1685,67.4,158,1273,176,7,16,0
1685,67.4,160,1163,78,103,207,0
1685,67.4,163,1270,69,10,25,0
1685,67.4,167,240,31,35,10,0
1685,67.4,171,84,216,492,70,0
1685,67.4,187,1207,515,12,19,0
1685,67.4,190,360,120,16,12,0
1685,67.4,191,144,42,24,25,0
1685,67.4,206,472,442,16,14,0
1685,67.4,210,753,528,15,8,0
1685,67.4,219,181,250,26,8,0
1685,67.4,231,0,96,52,84,0
1685,67.4,238,290,675,16,22,0
1685,67.4,242,440,310,24,13,0
1685,67.4,245,624,120,64,72,0
1685,67.4,250,1185,669,95,51,0
1685,67.4,254,0,236,30,12,0
1685,67.4,255,123,512,8,20,0
1685,67.4,263,714,92,70,173,0
1685,67.4,267,381,581,23,26,0
1685,67.4,268,665,203,20,30,0
1685,67.4,270,368,709,12,11,0
1685,67.4,273,400,613,12,20,0
1685,67.4,274,0,60,26,35,0
1685,67.4,276,695,199,18,33,0
1685,67.4,282,635,196,34,25,0
1685,67.4,285,229,47,43,22,0
1685,67.4,288,56,32,50,55,0
1685,67.4,289,121,488,14,11,0
1685,67.4,290,692,288,15,26,0
1685,67.4,293,274,652,10,20,0
1685,67.4,297,26,491,158,173,0
1685,67.4,298,108,248,66,33,0
1685,67.4,299,139,387,12,22,0
1685,67.4,300,154,348,18,23,0
1685,67.4,301,698,400,16,24,0
1685,67.4,302,706,316,66,110,0
1685,67.4,303,722,294,35,21,0
1685,67.4,304,720,270,22,23,0
1685,67.4,305,727,358,23,17,0
1685,67.4,306,739,279,24,14,0
1685,67.4,307,743,320,19,12,0
1685,67.4,308,708,291,13,19,0
1685,67.4,309,752,352,33,24,0
1685,67.4,310,598,214,19,8,0
1686,67.44,30,101,513,22,32,0
1686,67.44,32,920,496,25,17,0
1686,67.44,36,13,524,8,19,0
1686,67.44,40,76,543,7,20,0
1686,67.44,42,8,544,22,32,0
1686,67.44,43,59,455,25,31,0
1686,67.44,46,121,589,28,19,0
1686,67.44,47,168,578,16,6,0
1686,67.44,49,167,327,21,31,0
1686,67.44,50,182,295,22,29,0
1686,67.44,52,192,624,40,16,0
1686,67.44,54,384,127,31,9,0
1686,67.44,56,614,48,72,66,0
1686,67.44,61,935,480,10,9,0
1686,67.44,67,61,296,58,157,0
1686,67.44,77,392,599,17,16,0
1686,67.44,88,588,164,7,54,0
1686,67.44,92,770,403,23,45,0
1686,67.44,94,642,653,15,28,0
1686,67.44,96,746,442,22,31,0
1686,67.44,99,593,97,6,44,0
1686,67.44,112,587,225,93,26,0
1686,67.44,116,765,553,16,12,0
1686,67.44,118,737,452,13,24,0
1686,67.44,120,783,53,19,18,0
1686,67.44,139,725,595,164,92,0
1686,67.44,141,1112,692,104,23,0
1686,67.44,142,949,346,19,14,0
1686,67.44,147,1054,208,14,11,0
1686,67.44,148,1270,303,10,24,0
1686,67.44,158,1273,176,7,16,0
1686,67.44,160,1163,78,103,207,0
1686,67.44,163,1270,69,10,25,0
1686,67.44,167,240,31,35,10,0
1686,67.44,171,84,216,492,70,0
1686,67.44,187,1207,515,12,19,0
1686,67.44,190,360,120,16,12,0
1686,67.44,191,144,42,24,25,0
1686,67.44,206,472,442,16,14,0
1686,67.44,210,753,528,15,8,0
1686,67.44,219,181,250,26,8,0
1686,67.44,231,0,96,52,84,0
1686,67.44,238,290,675,16,22,0
1686,67.44,242,440,310,24,13,0
1686,67.44,245,624,120,64,72,0
1686,67.44,250,1185,669,95,51,0
1686,67.44,254,0,236,30,12,0
1686,67.44,255,123,512,8,20,0
1686,67.44,263,714,92,70,173,0
1686,67.44,267,381,581,23,26,0
1686,67.44,268,665,203,20,30,0
1686,67.44,270,368,709,12,11,0
1686,67.44,273,400,613,12,20,0
1686,67.44,274,0,60,26,35,0
1686,67.44,276,695,199,18,33,0
1686,67.44,282,635,196,34,25,0
1686,67.44,285,229,47,43,22,0
1686,67.44,288,56,32,50,55,0
1686,67.44,289,121,488,14,11,0
1686,67.44,290,692,288,15,26,0
1686,67.44,293,274,652,10,20,0
1686,67.44,297,26,491,158,173,0
1686,67.44,298,108,248,66,33,0
1686,67.44,299,139,387,12,22,0
1686,67.44,300,154,348,18,23,0
1686,67.44,301,698,400,16,24,0
1686,67.44,302,706,316,66,110,0
1686,67.44,303,722,294,35,21,0
1686,67.44,304,720,270,22,23,0
1686,67.44,305,727,358,23,17,0
1686,67.44,306,739,279,24,14,0
1686,67.44,307,743,320,19,12,0
1686,67.44,308,708,291,13,19,0
1686,67.44,309,752,352,33,24,0
1686,67.44,310,598,214,19,8,0
1687,67.48,30,101,513,22,32,0
1687,67.48,32,920,496,25,17,0
1687,67.48,36,13,524,8,19,0
1687,67.48,40,76,543,7,20,0
1687,67.48,42,8,544,22,32,0
1687,67.48,43,59,455,25,31,0
1687,67.48,46,121,589,28,19,0
1687,67.48,47,168,578,16,6,0
1687,67.48,49,167,327,21,31,0
1687,67.48,50,182,295,22,29,0
1687,67.48,52,192,624,40,16,0
1687,67.48,54,384,127,31,9,0
1687,67.48,56,614,48,72,66,0
1687,67.48,61,935,480,10,9,0
1687,67.48,67,61,296,58,157,0
1687,67.48,77,392,599,17,16,0
1687,67.48,88,588,164,7,54,0
1687,67.48,92,770,403,23,45,0
1687,67.48,94,642,653,15,28,0
1687,67.48,96,746,442,22,31,0
1687,67.48,99,593,97,6,44,0
1687,67.48,112,587,225,93,26,0
1687,67.48,116,765,553,16,12,0
1687,67.48,118,737,452,13,24,0
1687,67.48,120,783,53,19,18,0
1687,67.48,139,725,585,162,102,0
1687,67.48,141,1112,692,104,23,0
1687,67.48,142,949,346,19,14,0
1687,67.48,147,1054,208,14,11,0
1687,67.48,148,1270,303,10,24,0
1687,67.48,158,1273,176,7,16,0
1687,67.48,160,1163,78,103,207,0
1687,67.48,163,1270,69,10,25,0
1687,67.48,167,240,31,35,10,0
1687,67.48,171,84,216,492,70,0
1687,67.48,187,1207,515,12,19,0
1687,67.48,190,360,120,16,12,0
1687,67.48,191,144,42,24,25,0
1687,67.48,206,472,442,16,14,0
1687,67.48,210,753,528,15,8,0
1687,67.48,219,181,250,26,8,0
1687,67.48,231,0,96,52,84,0
1687,67.48,238,290,675,16,22,0
1687,67.48,242,440,310,24,13,0
1687,67.48,245,624,120,64,72,0
1687,67.48,250,1185,669,95,51,0
1687,67.48,254,0,236,30,12,0
1687,67.48,255,123,512,8,20,0
1687,67.48,263,714,92,70,173,0
1687,67.48,267,381,581,23,26,0
1687,67.48,268,665,203,20,30,0
1687,67.48,270,368,709,12,11,0
1687,67.48,273,400,613,12,20,0
1687,67.48,274,0,60,26,35,0
1687,67.48,276,695,199,18,33,0
1687,67.48,282,635,196,34,25,0
1687,67.48,285,229,47,43,22,0
1687,67.48,288,56,32,50,55,0
1687,67.48,289,121,488,14,11,0
1687,67.48,290,692,288,15,26,0
1687,67.48,293,274,652,10,20,0
1687,67.48,297,26,491,158,173,0
1687,67.48,298,108,248,66,33,0
1687,67.48,299,139,387,12,22,0
1687,67.48,300,154,348,18,23,0
1687,67.48,301,698,400,16,24,0
1687,67.48,302,706,316,66,110,0
1687,67.48,303,722,294,35,21,0
1687,67.48,304,722,270,20,23,0
1687,67.48,305,727,358,23,17,0
1687,67.48,306,739,279,24,14,0
1687,67.48,307,743,320,19,12,0
1687,67.48,308,708,291,13,19,0
1687,67.48,309,752,352,33,24,0
1687,67.48,310,598,214,19,8,0
1688,67.52,30,101,513,22,32,0
1688,67.52,32,920,496,25,17,0
1688,67.52,36,13,524,8,19,0
1688,67.52,40,76,543,7,20,0
1688,67.52,42,8,544,22,32,0
1688,67.52,43,59,455,25,31,0
1688,67.52,46,121,589,28,19,0
1688,67.52,47,168,578,16,6,0
1688,67.52,49,167,327,21,31,0
1688,67.52,50,182,295,22,29,0
1688,67.52,52,192,624,40,16,0
1688,67.52,54,384,127,31,9,0
1688,67.52,56,614,48,72,66,0
1688,67.52,61,935,480,10,9,0
1688,67.52,67,61,296,58,157,0
1688,67.52,77,392,599,17,16,0
1688,67.52,88,588,164,7,54,0
1688,67.52,92,770,403,23,45,0
1688,67.52,94,642,653,15,28,0
1688,67.52,96,746,442,22,31,0
1688,67.52,99,593,97,6,44,0
1688,67.52,112,587,225,93,26,0
1688,67.52,116,765,553,16,12,0
1688,67.52,118,737,452,13,24,0
1688,67.52,120,783,53,19,18,0
1688,67.52,139,727,586,158,101,0
1688,67.52,141,1112,692,104,23,0
1688,67.52,142,949,346,19,14,0
1688,67.52,147,1054,208,14,11,0
1688,67.52,148,1270,303,10,24,0
1688,67.52,158,1273,176,7,16,0
1688,67.52,160,1163,78,103,207,0
1688,67.52,163,1270,69,10,25,0
1688,67.52,167,240,31,49,10,0
1688,67.52,171,84,216,492,70,0
1688,67.52,187,1207,515,12,19,0
1688,67.52,190,360,120,16,12,0
1688,67.52,191,144,42,24,25,0
1688,67.52,206,472,442,16,14,0
1688,67.52,210,754,528,14,8,0
1688,67.52,219,181,250,26,8,0
1688,67.52,231,0,96,52,84,0
1688,67.52,238,290,675,16,22,0
1688,67.52,242,440,310,24,13,0
1688,67.52,245,624,120,64,72,0
1688,67.52,250,1185,669,95,51,0
1688,67.52,254,0,236,30,12,0
1688,67.52,255,123,512,8,20,0
1688,67.52,263,714,92,70,173,0
1688,67.52,267,381,581,23,26,0
1688,67.52,268,665,203,20,30,0
1688,67.52,270,368,709,12,11,0
1688,67.52,273,400,613,12,20,0
1688,67.52,274,0,60,26,35,0
1688,67.52,276,695,199,18,33,0
1688,67.52,282,635,196,34,25,0
1688,67.52,285,229,47,43,22,0
1688,67.52,288,56,32,50,55,0
1688,67.52,289,121,488,14,11,0
1688,67.52,290,692,288,15,26,0
1688,67.52,293,274,652,10,20,0
1688,67.52,297,26,491,158,173,0
1688,67.52,298,108,248,66,33,0
1688,67.52,299,139,387,12,22,0
1688,67.52,300,154,348,18,23,0
1688,67.52,301,698,400,16,24,0
1688,67.52,302,706,316,66,110,0
1688,67.52,303,722,294,35,21,0
1688,67.52,304,722,270,20,23,0
1688,67.52,305,727,358,23,17,0
1688,67.52,306,739,279,24,14,0
1688,67.52,307,743,320,19,12,0
1688,67.52,308,708,291,13,19,0
1688,67.52,309,752,352,33,24,0
1688,67.52,310,598,214,19,8,0
1689,67.56,30,101,513,22,32,0
1689,67.56,32,920,496,25,17,0
1689,67.56,36,13,524,8,19,0
1689,67.56,40,76,543,7,20,0
1689,67.56,42,8,544,22,32,0
1689,67.56,43,59,455,25,31,0
1689,67.56,46,121,589,28,19,0
1689,67.56,47,168,578,16,6,0
1689,67.56,49,167,327,21,31,0
1689,67.56,50,182,295,22,29,0
1689,67.56,52,192,624,40,16,0
1689,67.56,54,384,127,31,9,0
1689,67.56,56,614,48,72,66,0
1689,67.56,61,935,480,10,9,0
1689,67.56,67,61,296,58,157,0
1689,67.56,77,392,599,17,16,0
1689,67.56,88,588,164,7,54,0
1689,67.56,92,770,403,23,45,0
1689,67.56,94,642,653,15,28,0
1689,67.56,96,746,442,22,31,0
1689,67.56,99,593,97,6,44,0
1689,67.56,112,587,225,93,26,0
1689,67.56,116,765,553,16,12,0
1689,67.56,118,737,452,13,24,0
1689,67.56,120,783,53,19,18,0
1689,67.56,139,725,580,157,107,0
1689,67.56,141,1112,692,104,23,0
1689,67.56,142,949,346,19,14,0
1689,67.56,147,1054,208,14,11,0
1689,67.56,148,1270,303,10,24,0
1689,67.56,158,1273,176,7,16,0
1689,67.56,160,1163,78,103,207,0
1689,67.56,163,1270,69,10,25,0
1689,67.56,167,240,31,35,10,0
1689,67.56,171,84,216,492,70,0
1689,67.56,187,1207,515,12,19,0
1689,67.56,190,360,120,16,12,0
1689,67.56,191,144,42,24,25,0
1689,67.56,206,472,442,16,14,0
1689,67.56,210,753,528,15,8,0
1689,67.56,219,181,250,26,8,0
1689,67.56,231,0,96,52,84,0
1689,67.56,238,290,675,16,22,0
1689,67.56,242,440,310,24,13,0
1689,67.56,245,624,120,64,72,0
1689,67.56,250,1185,669,95,51,0
1689,67.56,254,0,236,30,12,0
1689,67.56,255,123,512,8,20,0
1689,67.56,263,714,92,70,173,0
1689,67.56,267,381,581,23,26,0
1689,67.56,268,665,203,20,30,0
1689,67.56,270,368,709,12,11,0
1689,67.56,273,400,613,12,20,0
1689,67.56,274,0,60,26,35,0
1689,67.56,276,695,199,18,33,0
1689,67.56,282,635,196,34,25,0
1689,67.56,285,229,47,43,22,0
1689,67.56,288,56,32,50,55,0
1689,67.56,289,121,488,14,11,0
1689,67.56,290,692,288,15,26,0
1689,67.56,293,274,652,10,20,0
1689,67.56,297,26,491,158,173,0
1689,67.56,298,108,248,66,33,0
1689,67.56,299,139,387,12,22,0
1689,67.56,300,154,348,18,23,0
1689,67.56,301,698,400,16,24,0
1689,67.56,302,706,316,66,110,0
1689,67.56,303,722,294,35,21,0
1689,67.56,304,722,270,20,23,0
1689,67.56,305,727,358,23,17,0
1689,67.56,306,739,279,24,14,0
1689,67.56,307,743,320,19,12,0
1689,67.56,308,708,291,13,19,0
1689,67.56,309,752,352,33,24,0
1689,67.56,310,598,214,19,8,0
1690,67.6,30,101,513,22,32,0
1690,67.6,32,920,496,25,17,0
1690,67.6,36,13,524,8,19,0
1690,67.6,40,76,543,7,20,0
1690,67.6,42,8,544,22,32,0
1690,67.6,43,59,455,25,31,0
1690,67.6,46,121,589,28,19,0
1690,67.6,47,168,578,16,6,0
1690,67.6,49,167,327,21,31,0
1690,67.6,50,182,295,22,29,0
1690,67.6,52,192,624,40,16,0
1690,67.6,54,384,127,31,9,0
1690,67.6,56,614,48,72,66,0
1690,67.6,61,935,480,10,9,0
1690,67.6,67,61,296,58,157,0
1690,67.6,77,392,599,17,16,0
1690,67.6,88,588,164,7,54,0
1690,67.6,92,770,403,23,45,0
1690,67.6,94,642,653,15,28,0
1690,67.6,96,746,442,22,31,0
1690,67.6,99,593,97,6,44,0
1690,67.6,112,587,225,93,26,0
1690,67.6,116,765,553,16,12,0
1690,67.6,118,737,452,13,24,0
1690,67.6,120,783,53,19,18,0
1690,67.6,139,725,572,155,115,0
1690,67.6,141,1112,692,104,23,0
1690,67.6,142,949,346,19,14,0
1690,67.6,147,1054,208,14,11,0
1690,67.6,148,1270,303,10,24,0
1690,67.6,158,1273,176,7,16,0
1690,67.6,160,1163,78,103,207,0
1690,67.6,163,1270,69,10,25,0
1690,67.6,167,240,31,49,10,0
1690,67.6,171,84,216,492,70,0
1690,67.6,187,1207,515,12,19,0
1690,67.6,190,360,120,16,12,0
1690,67.6,191,144,42,24,25,0
1690,67.6,206,472,442,16,14,0
1690,67.6,210,754,528,14,8,0
1690,67.6,219,181,250,26,8,0
1690,67.6,231,0,96,52,84,0
1690,67.6,238,290,675,16,22,0
1690,67.6,242,440,310,24,13,0
1690,67.6,245,624,120,64,72,0
1690,67.6,250,1185,669,95,51,0
1690,67.6,254,0,236,30,12,0
1690,67.6,255,123,512,8,20,0
1690,67.6,263,714,92,70,173,0
1690,67.6,267,381,581,23,26,0
1690,67.6,268,665,203,20,30,0
1690,67.6,270,368,709,12,11,0
1690,67.6,273,400,613,12,20,0
1690,67.6,274,0,60,26,35,0
1690,67.6,276,695,199,18,33,0
1690,67.6,282,635,196,34,25,0
1690,67.6,285,229,47,43,22,0
1690,67.6,288,56,32,50,55,0
1690,67.6,289,121,488,14,11,0
1690,67.6,290,692,288,15,26,0
1690,67.6,293,274,652,10,20,0
1690,67.6,297,26,491,158,173,0
1690,67.6,298,108,248,66,33,0
1690,67.6,299,139,387,12,22,0
1690,67.6,300,154,348,18,23,0
1690,67.6,301,698,400,16,24,0
1690,67.6,302,706,316,66,110,0
1690,67.6,303,722,294,35,21,0
1690,67.6,304,722,270,20,23,0
1690,67.6,305,727,358,23,17,0
1690,67.6,306,739,279,24,14,0
1690,67.6,307,743,320,19,12,0
1690,67.6,308,708,291,13,19,0
1690,67.6,309,752,352,33,24,0
1690,67.6,310,598,214,19,8,0
1691,67.64,30,101,513,22,32,0
1691,67.64,32,920,496,25,17,0
1691,67.64,36,13,524,8,19,0
1691,67.64,40,76,543,7,20,0
1691,67.64,42,8,544,22,32,0
1691,67.64,43,59,455,25,31,0
1691,67.64,46,121,589,28,19,0
1691,67.64,47,168,578,16,6,0
1691,67.64,49,167,327,21,31,0
1691,67.64,50,182,295,22,29,0
1691,67.64,52,192,624,40,16,0
1691,67.64,54,384,127,31,9,0
1691,67.64,56,614,48,72,66,0
1691,67.64,61,935,480,10,9,0
1691,67.64,67,61,296,58,157,0
1691,67.64,77,392,599,17,16,0
1691,67.64,88,588,164,7,54,0
1691,67.64,92,770,403,23,45,0
1691,67.64,94,642,653,15,28,0
1691,67.64,96,746,442,22,31,0
1691,67.64,99,593,97,6,44,0
1691,67.64,112,587,225,93,26,0
1691,67.64,116,765,553,16,12,0
1691,67.64,118,737,452,13,24,0
1691,67.64,120,783,53,19,18,0
1691,67.64,139,727,565,151,122,0
1691,67.64,141,1112,692,104,23,0
1691,67.64,142,949,346,19,14,0
1691,67.64,147,1054,208,14,11,0
1691,67.64,148,1270,303,10,24,0
1691,67.64,158,1273,176,7,16,0
1691,67.64,160,1163,78,103,207,0
1691,67.64,163,1270,69,10,25,0
1691,67.64,167,240,31,35,10,0
1691,67.64,171,84,216,492,70,0
1691,67.64,187,1207,515,12,19,0
1691,67.64,190,360,120,16,12,0
1691,67.64,191,144,42,24,25,0
1691,67.64,206,472,442,16,14,0
1691,67.64,210,753,528,15,8,0
1691,67.64,219,181,250,26,8,0
1691,67.64,231,0,96,52,84,0
1691,67.64,238,290,675,16,22,0
1691,67.64,242,440,310,24,13,0
1691,67.64,245,624,120,64,72,0
1691,67.64,250,1185,669,95,51,0
1691,67.64,254,0,236,30,12,0
1691,67.64,255,123,512,8,20,0
1691,67.64,263,714,92,70,173,0
1691,67.64,267,381,581,23,26,0
1691,67.64,268,665,203,20,30,0
1691,67.64,270,368,709,12,11,0
1691,67.64,273,400,613,12,20,0
1691,67.64,274,0,60,26,35,0
1691,67.64,276,695,199,18,33,0
1691,67.64,282,635,196,34,25,0
1691,67.64,285,229,47,43,22,0
1691,67.64,288,56,32,50,55,0
1691,67.64,289,121,488,14,11,0
1691,67.64,290,692,288,15,26,0
1691,67.64,293,274,652,10,20,0
1691,67.64,294,732,560,13,36,0
1691,67.64,297,26,491,158,173,0
1691,67.64,298,108,248,66,33,0
1691,67.64,299,139,387,12,22,0
1691,67.64,300,154,348,18,23,0
1691,67.64,301,698,400,16,24,0
1691,67.64,302,706,316,66,110,0
1691,67.64,303,722,294,35,21,0
1691,67.64,304,722,270,20,23,0
1691,67.64,305,727,358,23,17,0
1691,67.64,306,739,279,24,14,0
1691,67.64,307,743,320,19,12,0
1691,67.64,308,708,291,13,19,0
1691,67.64,309,752,352,33,24,0
1691,67.64,310,598,214,19,8,0
1692,67.68,30,101,513,22,32,0
1692,67.68,32,920,496,25,17,0
1692,67.68,36,13,524,8,19,0
1692,67.68,40,76,543,7,20,0
1692,67.68,42,8,544,22,32,0
1692,67.68,43,59,455,25,31,0
1692,67.68,46,121,589,28,19,0
1692,67.68,47,168,578,16,6,0
1692,67.68,49,167,327,21,31,0
1692,67.68,50,182,295,22,29,0
1692,67.68,52,192,624,40,16,0
1692,67.68,54,384,127,31,9,0
1692,67.68,56,614,48,72,66,0
1692,67.68,61,935,480,10,9,0
1692,67.68,67,61,296,58,157,0
1692,67.68,77,392,599,17,16,0
1692,67.68,88,588,164,7,54,0
1692,67.68,92,770,403,23,45,0
1692,67.68,94,642,653,15,28,0
1692,67.68,96,746,442,22,31,0
1692,67.68,99,593,97,6,44,0
1692,67.68,112,587,225,93,26,0
1692,67.68,116,765,553,16,12,0
1692,67.68,118,737,452,13,24,0
1692,67.68,120,783,53,19,18,0
1692,67.68,139,724,548,156,138,0
1692,67.68,141,1112,692,104,23,0
1692,67.68,142,949,346,19,14,0
1692,67.68,147,1054,208,14,11,0
1692,67.68,148,1270,303,10,24,0
1692,67.68,158,1273,176,7,16,0
1692,67.68,160,1163,78,103,207,0
1692,67.68,163,1270,69,10,25,0
1692,67.68,167,240,31,35,10,0
1692,67.68,171,84,216,492,70,0
1692,67.68,187,1207,515,12,19,0
1692,67.68,190,360,120,16,12,0
1692,67.68,191,144,42,24,25,0
1692,67.68,206,472,442,16,14,0
1692,67.68,210,753,528,15,8,0
1692,67.68,219,181,250,26,8,0
1692,67.68,231,0,96,52,84,0
1692,67.68,238,290,675,16,22,0
1692,67.68,242,440,310,24,13,0
1692,67.68,245,624,120,64,72,0
1692,67.68,250,1185,669,95,51,0
1692,67.68,254,0,236,30,12,0
1692,67.68,255,123,512,8,20,0
1692,67.68,263,714,92,70,173,0
1692,67.68,267,381,581,23,26,0
1692,67.68,268,665,203,20,30,0
1692,67.68,270,368,709,12,11,0
1692,67.68,273,400,613,12,20,0
1692,67.68,274,0,60,26,35,0
1692,67.68,276,695,199,18,33,0
1692,67.68,282,635,196,34,25,0
1692,67.68,285,229,47,43,22,0
1692,67.68,288,56,32,50,55,0
1692,67.68,289,121,488,14,11,0
1692,67.68,290,692,288,15,26,0
1692,67.68,293,274,652,10,20,0
1692,67.68,297,26,491,158,173,0
1692,67.68,298,108,248,66,33,0
1692,67.68,299,139,387,12,22,0
1692,67.68,300,154,348,18,23,0
1692,67.68,301,698,400,16,24,0
1692,67.68,302,706,316,66,110,0
1692,67.68,303,722,294,35,21,0
1692,67.68,304,722,270,20,23,0
1692,67.68,305,727,358,23,17,0
1692,67.68,306,739,279,24,14,0
1692,67.68,307,743,320,19,12,0
1692,67.68,308,708,291,13,19,0
1692,67.68,309,752,352,33,24,0
1692,67.68,310,598,214,19,8,0
1693,67.72,30,101,513,22,32,0
1693,67.72,32,920,496,25,17,0
1693,67.72,36,13,524,8,19,0
1693,67.72,40,76,543,7,20,0
1693,67.72,42,8,544,22,32,0
1693,67.72,43,59,455,25,31,0
1693,67.72,46,121,589,28,19,0
1693,67.72,47,168,578,16,6,0
1693,67.72,49,167,327,21,31,0
1693,67.72,50,182,295,22,29,0
1693,67.72,52,192,624,40,16,0
1693,67.72,54,384,127,31,9,0
1693,67.72,56,614,48,72,66,0
1693,67.72,61,935,480,10,9,0
1693,67.72,67,61,296,58,157,0
1693,67.72,77,392,599,17,16,0
1693,67.72,88,588,164,7,54,0
1693,67.72,92,770,403,23,45,0
1693,67.72,94,642,653,15,28,0
1693,67.72,96,746,442,22,31,0
1693,67.72,99,593,97,6,44,0
1693,67.72,112,587,225,93,26,0
1693,67.72,116,765,553,9,12,0
1693,67.72,118,737,452,13,24,0
1693,67.72,120,783,53,19,18,0
1693,67.72,139,721,547,157,138,0
1693,67.72,141,1112,692,104,23,0
1693,67.72,142,949,346,19,14,0
1693,67.72,147,1054,208,14,11,0
1693,67.72,148,1270,303,10,24,0
1693,67.72,158,1273,176,7,16,0
1693,67.72,160,1163,78,103,207,0
1693,67.72,163,1270,69,10,25,0
1693,67.72,171,84,216,492,70,0
1693,67.72,187,1207,515,12,19,0
1693,67.72,190,360,120,16,12,0
1693,67.72,191,143,42,25,25,0
1693,67.72,206,472,442,16,14,0
1693,67.72,210,754,528,14,8,0
1693,67.72,219,181,250,26,8,0
1693,67.72,231,0,96,52,84,0
1693,67.72,238,290,675,16,22,0
1693,67.72,242,440,310,24,13,0
1693,67.72,245,624,120,64,72,0
1693,67.72,250,1185,669,95,51,0
1693,67.72,254,0,236,30,12,0
1693,67.72,255,123,512,8,20,0
1693,67.72,263,714,92,70,173,0
1693,67.72,267,381,581,23,26,0
1693,67.72,268,665,203,20,30,0
1693,67.72,270,368,709,12,11,0
1693,67.72,273,400,613,12,20,0
1693,67.72,274,0,60,26,35,0
1693,67.72,276,695,199,18,33,0
1693,67.72,282,635,196,34,25,0
1693,67.72,285,229,46,43,23,0
1693,67.72,288,56,32,50,55,0
1693,67.72,289,121,488,14,11,0
1693,67.72,290,692,288,15,26,0
1693,67.72,293,274,652,10,20,0
1693,67.72,297,26,491,158,173,0
1693,67.72,298,108,248,66,33,0
1693,67.72,299,139,387,12,22,0
1693,67.72,300,154,348,18,23,0
1693,67.72,301,698,400,16,24,0
1693,67.72,302,706,316,66,110,0
1693,67.72,303,722,294,35,21,0
1693,67.72,304,722,270,20,23,0
1693,67.72,305,727,358,23,17,0
1693,67.72,306,739,279,24,14,0
1693,67.72,307,743,320,19,12,0
1693,67.72,308,708,291,13,19,0
1693,67.72,309,752,352,33,24,0
1693,67.72,310,598,214,19,8,0
1694,67.76,30,101,513,22,32,0
1694,67.76,32,920,496,25,17,0
1694,67.76,36,13,524,8,19,0
1694,67.76,40,76,543,7,20,0
1694,67.76,42,8,544,22,32,0
1694,67.76,43,59,455,25,31,0
1694,67.76,46,121,589,28,19,0
1694,67.76,47,168,578,16,6,0
1694,67.76,49,168,328,20,30,0
1694,67.76,50,182,295,22,29,0
1694,67.76,52,192,624,40,16,0
1694,67.76,54,384,127,31,9,0
1694,67.76,56,614,48,72,66,0
1694,67.76,61,935,480,10,9,0
1694,67.76,67,61,296,58,157,0
1694,67.76,77,392,599,17,16,0
1694,67.76,88,588,164,7,54,0
1694,67.76,92,770,403,23,45,0
1694,67.76,94,642,653,15,28,0
1694,67.76,96,746,442,22,31,0
1694,67.76,99,593,97,6,44,0
1694,67.76,112,587,225,93,26,0
1694,67.76,116,765,553,16,12,0
1694,67.76,118,737,452,13,24,0
1694,67.76,120,783,53,19,18,0
1694,67.76,139,719,545,155,139,0
1694,67.76,141,1112,692,104,23,0
1694,67.76,142,949,346,19,14,0
1694,67.76,147,1054,208,14,11,0
1694,67.76,148,1270,303,10,24,0
1694,67.76,160,1163,78,103,207,0
1694,67.76,163,1270,69,10,25,0
1694,67.76,167,240,31,35,10,0
1694,67.76,171,84,216,492,70,0
1694,67.76,187,1207,515,12,19,0
1694,67.76,190,360,120,16,12,0
1694,67.76,191,144,42,24,25,0
1694,67.76,206,472,442,16,14,0
1694,67.76,210,753,528,15,8,0
1694,67.76,219,181,250,26,8,0
1694,67.76,231,0,96,52,84,0
1694,67.76,238,290,675,16,22,0
1694,67.76,242,440,310,24,13,0
1694,67.76,245,624,120,64,72,0
1694,67.76,250,1185,669,95,51,0
1694,67.76,254,0,236,30,12,0
1694,67.76,255,123,512,8,20,0
1694,67.76,263,714,92,70,173,0
1694,67.76,267,381,581,23,26,0
1694,67.76,268,665,203,20,30,0
1694,67.76,270,368,709,12,11,0
1694,67.76,273,400,613,12,20,0
1694,67.76,274,0,60,26,35,0
1694,67.76,276,695,199,18,33,0
1694,67.76,282,635,196,34,25,0
1694,67.76,285,229,47,43,22,0
1694,67.76,288,56,32,50,55,0
1694,67.76,289,121,488,14,11,0
1694,67.76,290,692,288,15,26,0
1694,67.76,293,274,652,10,20,0
1694,67.76,297,26,491,158,173,0
1694,67.76,298,108,248,66,33,0
1694,67.76,299,139,387,12,22,0
1694,67.76,300,154,348,18,23,0
1694,67.76,301,698,400,16,24,0
1694,67.76,302,706,316,66,110,0
1694,67.76,303,722,294,35,21,0
1694,67.76,304,722,270,20,23,0
1694,67.76,305,727,358,23,17,0
1694,67.76,306,739,279,24,14,0
1694,67.76,307,743,320,19,12,0
1694,67.76,308,708,291,13,19,0
1694,67.76,309,752,352,33,24,0
1694,67.76,310,598,214,19,8,0
1695,67.8,32,920,496,25,18,0
1695,67.8,36,31,528,10,24,0
1695,67.8,43,55,495,13,17,0
1695,67.8,46,101,617,50,26,0
1695,67.8,49,168,329,20,28,0
1695,67.8,56,640,68,16,20,0
1695,67.8,61,935,480,14,16,0
1695,67.8,67,87,346,15,38,0
1695,67.8,107,648,96,34,17,0
1695,67.8,112,588,229,64,18,0
1695,67.8,120,730,108,18,25,0
1695,67.8,139,718,536,156,144,0
1695,67.8,148,1269,299,7,21,0
1695,67.8,160,1205,142,54,114,0
1695,67.8,171,86,217,490,69,0
1695,67.8,206,461,440,27,26,0
1695,67.8,219,117,263,13,17,0
1695,67.8,231,25,117,23,43,0
1695,67.8,245,640,52,46,53,0
1695,67.8,250,1202,682,54,14,0
1695,67.8,254,0,237,26,11,0
1695,67.8,263,737,158,13,20,0
1695,67.8,268,668,203,17,30,0
1695,67.8,274,0,60,25,34,0
1695,67.8,276,695,208,18,22,0
1695,67.8,282,643,200,21,21,0
1695,67.8,288,56,39,45,47,0
1695,67.8,290,696,296,9,16,0
1695,67.8,297,72,592,20,32,0
1695,67.8,298,132,254,28,25,0
1695,67.8,299,63,392,39,51,0
1695,67.8,303,721,296,19,21,0
1695,67.8,304,724,242,20,14,0
1695,67.8,306,743,216,17,31,0
1695,67.8,307,737,294,26,50,0
1695,67.8,308,714,320,14,22,0
1695,67.8,310,651,234,28,16,0
1695,67.8,311,3,130,21,34,0
1695,67.8,312,94,635,34,13,0
1695,67.8,313,733,182,25,32,0
1695,67.8,314,734,214,8,17,0
1695,67.8,315,742,124,26,24,0
1695,67.8,316,748,160,16,15,0
1695,67.8,317,880,240,16,16,0
1695,67.8,318,1120,306,15,14,0
1695,67.8,319,1188,117,17,26,0
1696,67.84,32,920,496,25,18,0
1696,67.84,36,55,495,13,17,0
1696,67.84,43,31,528,10,24,0
1696,67.84,46,101,617,50,26,0
1696,67.84,49,168,329,20,28,0
1696,67.84,56,640,68,16,20,0
1696,67.84,61,935,480,14,16,0
1696,67.84,67,87,346,15,38,0
1696,67.84,107,648,96,34,17,0
1696,67.84,112,588,229,64,18,0
1696,67.84,120,651,234,28,16,0
1696,67.84,139,718,528,155,145,0
1696,67.84,148,1269,299,7,21,0
1696,67.84,160,1205,142,54,114,0
1696,67.84,171,86,217,490,69,0
1696,67.84,206,461,440,27,26,0
1696,67.84,219,117,263,13,17,0
1696,67.84,231,25,117,23,43,0
1696,67.84,245,640,52,46,53,0
1696,67.84,250,1202,682,54,14,0
1696,67.84,254,0,237,26,11,0
1696,67.84,263,737,158,13,20,0
1696,67.84,268,668,203,17,30,0
1696,67.84,274,0,60,25,34,0
1696,67.84,276,695,208,18,22,0
1696,67.84,282,643,200,21,21,0
1696,67.84,288,56,39,45,47,0
1696,67.84,290,696,296,9,16,0
1696,67.84,297,72,592,20,32,0
1696,67.84,298,132,254,28,25,0
1696,67.84,299,63,392,39,51,0
1696,67.84,303,721,296,19,21,0
1696,67.84,304,743,216,17,31,0
1696,67.84,306,730,108,18,25,0
1696,67.84,307,737,294,26,50,0
1696,67.84,308,714,320,14,22,0
1696,67.84,310,724,242,20,14,0
1696,67.84,311,3,130,21,34,0
1696,67.84,312,94,635,34,13,0
1696,67.84,313,733,182,25,32,0
1696,67.84,314,734,214,8,17,0
1696,67.84,315,742,124,26,24,0
1696,67.84,316,748,160,16,15,0
1696,67.84,317,880,240,16,16,0
1696,67.84,318,1120,306,15,14,0
1696,67.84,319,1188,117,17,26,0
1697,67.88,32,920,496,25,19,0
1697,67.88,36,55,494,13,18,0
1697,67.88,42,31,528,10,24,0
1697,67.88,46,101,617,50,26,0
1697,67.88,49,168,329,20,28,0
1697,67.88,56,640,68,16,20,0
1697,67.88,61,935,480,14,16,0
1697,67.88,67,87,346,15,38,0
1697,67.88,107,730,108,18,25,0
1697,67.88,112,588,229,64,18,0
1697,67.88,139,718,520,154,144,0
1697,67.88,148,1269,299,7,21,0
1697,67.88,160,1205,142,54,114,0
1697,67.88,171,86,217,490,69,0
1697,67.88,206,461,440,27,26,0
1697,67.88,219,117,263,13,17,0
1697,67.88,231,25,117,23,43,0
1697,67.88,245,640,52,46,61,0
1697,67.88,250,1202,682,54,14,0
1697,67.88,254,0,237,18,9,0
1697,67.88,263,737,158,13,20,0
1697,67.88,268,668,203,17,30,0
1697,67.88,274,0,60,25,34,0
1697,67.88,276,695,208,18,22,0
1697,67.88,282,643,200,21,20,0
1697,67.88,288,56,32,50,54,0
1697,67.88,290,696,296,14,22,0
1697,67.88,297,72,592,20,32,0
1697,67.88,298,132,254,28,25,0
1697,67.88,299,63,392,40,51,0
1697,67.88,303,721,296,19,21,0
1697,67.88,304,743,216,17,31,0
1697,67.88,307,737,294,26,50,0
1697,67.88,308,714,322,14,20,0
1697,67.88,310,724,242,20,14,0
1697,67.88,311,3,130,21,34,0
1697,67.88,312,94,635,34,13,0
1697,67.88,313,733,182,25,32,0
1697,67.88,314,734,214,8,17,0
1697,67.88,315,742,124,26,24,0
1697,67.88,316,748,160,16,15,0
1697,67.88,317,880,240,16,16,0
1697,67.88,318,1120,306,15,14,0
1697,67.88,319,1188,117,17,26,0
1697,67.88,320,651,234,28,16,0
1698,67.92,32,920,496,25,18,0
1698,67.92,36,55,494,13,18,0
1698,67.92,42,31,528,10,24,0
1698,67.92,46,101,617,50,26,0
1698,67.92,49,168,329,20,15,0
1698,67.92,56,640,68,16,20,0
1698,67.92,61,935,480,14,16,0
1698,67.92,67,87,346,15,38,0
1698,67.92,99,648,94,34,19,0
1698,67.92,107,730,108,18,25,0
1698,67.92,112,588,229,64,18,0
1698,67.92,139,718,512,153,140,0
1698,67.92,148,1269,299,7,21,0
1698,67.92,160,1205,142,54,114,0
1698,67.92,171,86,217,490,69,0
1698,67.92,206,461,440,27,26,0
1698,67.92,219,117,263,13,17,0
1698,67.92,231,25,117,23,43,0
1698,67.92,245,640,52,46,53,0
1698,67.92,250,1202,682,54,14,0
1698,67.92,254,0,237,26,11,0
1698,67.92,263,737,158,13,20,0
1698,67.92,268,668,203,17,30,0
1698,67.92,274,0,62,25,32,0
1698,67.92,276,695,208,18,22,0
1698,67.92,282,643,200,21,20,0
1698,67.92,288,56,32,50,56,0
1698,67.92,290,696,296,14,22,0
1698,67.92,297,72,592,20,32,0
1698,67.92,298,132,254,28,25,0
1698,67.92,299,63,392,40,51,0
1698,67.92,300,169,341,12,16,0
1698,67.92,303,722,296,18,21,0
1698,67.92,304,743,216,17,31,0
1698,67.92,307,737,294,26,50,0
1698,67.92,308,714,322,14,20,0
1698,67.92,310,724,242,20,14,0
1698,67.92,311,3,130,21,34,0
1698,67.92,312,94,635,34,13,0
1698,67.92,313,733,182,25,32,0
1698,67.92,314,734,214,8,17,0
1698,67.92,315,742,124,26,24,0
1698,67.92,316,748,160,16,15,0
1698,67.92,317,880,240,16,16,0
1698,67.92,318,1120,306,15,14,0
1698,67.92,319,1188,117,17,26,0
1698,67.92,320,651,234,28,16,0
1699,67.96,32,920,496,25,19,0
1699,67.96,36,55,494,13,18,0
1699,67.96,42,31,528,10,24,0
1699,67.96,46,101,617,50,26,0
1699,67.96,49,168,329,20,15,0
1699,67.96,56,640,68,16,20,0
1699,67.96,61,935,480,14,16,0
1699,67.96,67,87,346,15,38,0
1699,67.96,99,648,94,34,19,0
1699,67.96,107,730,108,18,25,0
1699,67.96,112,588,229,64,18,0
1699,67.96,139,718,504,150,137,0
1699,67.96,148,1269,299,7,21,0
1699,67.96,160,1205,142,54,114,0
1699,67.96,171,86,217,490,69,0
1699,67.96,206,461,440,27,26,0
1699,67.96,219,117,263,13,17,0
1699,67.96,231,25,117,23,43,0
1699,67.96,245,640,52,46,53,0
1699,67.96,250,1202,682,54,14,0
1699,67.96,254,0,237,26,11,0
1699,67.96,263,737,158,13,20,0
1699,67.96,268,668,203,17,30,0
1699,67.96,274,0,62,25,32,0
1699,67.96,276,695,208,18,22,0
1699,67.96,282,643,200,21,21,0
1699,67.96,288,56,32,50,56,0
1699,67.96,290,696,296,14,22,0
1699,67.96,297,72,592,20,32,0
1699,67.96,298,132,254,28,25,0
1699,67.96,299,63,392,40,51,0
1699,67.96,300,169,341,12,16,0
1699,67.96,303,721,296,19,21,0
1699,67.96,304,743,216,17,31,0
1699,67.96,307,737,294,26,54,0
1699,67.96,308,714,322,14,20,0
1699,67.96,310,724,242,20,14,0
1699,67.96,311,3,130,21,34,0
1699,67.96,312,94,635,34,13,0
1699,67.96,313,733,182,25,32,0
1699,67.96,314,734,214,8,17,0
1699,67.96,315,742,124,26,24,0
1699,67.96,316,748,160,16,15,0
1699,67.96,317,880,240,16,16,0
1699,67.96,318,1120,306,15,14,0
1699,67.96,319,1188,117,17,26,0
1699,67.96,320,651,234,28,16,0
1700,68.0,32,920,496,25,23,0
1700,68.0,36,55,494,13,18,0
1700,68.0,42,31,528,10,19,0
1700,68.0,46,101,617,50,26,0
1700,68.0,49,168,329,20,15,0
1700,68.0,56,640,68,16,20,0
1700,68.0,61,935,480,14,16,0
1700,68.0,67,87,346,15,38,0
1700,68.0,99,648,94,34,19,0
1700,68.0,107,730,108,18,25,0
1700,68.0,112,588,229,64,18,0
1700,68.0,139,708,496,158,131,0
1700,68.0,148,1269,299,7,21,0
1700,68.0,160,1205,142,54,114,0
1700,68.0,171,86,217,490,69,0
1700,68.0,206,461,440,27,26,0
1700,68.0,219,117,263,13,17,0
1700,68.0,231,25,117,23,43,0
1700,68.0,245,640,52,46,53,0
1700,68.0,250,1202,682,54,14,0
1700,68.0,254,0,237,26,11,0
1700,68.0,263,737,158,13,20,0
1700,68.0,268,668,203,17,30,0
1700,68.0,274,0,62,25,32,0
1700,68.0,276,695,208,18,22,0
1700,68.0,282,643,200,21,21,0
1700,68.0,288,56,39,45,49,0
1700,68.0,290,696,296,9,16,0
1700,68.0,297,72,592,20,32,0
1700,68.0,298,132,254,28,25,0
1700,68.0,299,63,392,39,51,0
1700,68.0,300,169,341,12,16,0
1700,68.0,303,721,296,19,21,0
1700,68.0,304,743,216,17,31,0
1700,68.0,307,737,294,26,55,0
1700,68.0,308,714,322,14,20,0
1700,68.0,310,724,242,20,14,0
1700,68.0,311,3,130,21,34,0
1700,68.0,312,94,635,34,13,0
1700,68.0,313,733,182,25,32,0
1700,68.0,314,734,214,8,17,0
1700,68.0,315,742,124,26,24,0
1700,68.0,316,748,160,16,15,0
1700,68.0,317,880,240,16,16,0
1700,68.0,318,1120,306,15,14,0
1700,68.0,319,1188,117,17,26,0
1700,68.0,320,651,234,28,16,0
1701,68.04,32,920,496,25,23,0
1701,68.04,36,55,494,13,18,0
1701,68.04,42,31,528,10,19,0
1701,68.04,46,101,617,50,26,0
1701,68.04,49,168,329,20,15,0
1701,68.04,56,640,68,16,20,0
1701,68.04,61,935,480,14,16,0
1701,68.04,67,87,346,15,38,0
1701,68.04,99,648,94,34,19,0
1701,68.04,107,730,108,18,25,0
1701,68.04,112,588,229,64,18,0
1701,68.04,139,695,488,168,124,0
1701,68.04,148,1269,299,7,21,0
1701,68.04,160,1205,142,54,114,0
1701,68.04,171,86,217,490,69,0
1701,68.04,206,461,440,27,26,0
1701,68.04,219,117,263,13,17,0
1701,68.04,231,25,117,23,43,0
1701,68.04,245,640,52,46,53,0
1701,68.04,250,1202,682,54,14,0
1701,68.04,254,0,237,26,10,0
1701,68.04,263,737,158,13,20,0
1701,68.04,268,668,203,17,30,0
1701,68.04,274,0,62,25,32,0
1701,68.04,276,695,208,18,22,0
1701,68.04,282,643,200,21,21,0
1701,68.04,288,56,39,45,49,0
1701,68.04,290,696,296,9,16,0
1701,68.04,297,72,592,20,32,0
1701,68.04,298,132,254,28,25,0
1701,68.04,299,63,392,39,51,0
1701,68.04,300,169,341,12,15,0
1701,68.04,303,721,296,19,21,0
1701,68.04,304,743,216,17,31,0
1701,68.04,307,737,294,26,55,0
1701,68.04,308,714,322,14,20,0
1701,68.04,310,724,242,20,14,0
1701,68.04,311,3,130,21,34,0
1701,68.04,312,94,635,34,13,0
1701,68.04,313,733,182,25,32,0
1701,68.04,314,734,214,8,17,0
1701,68.04,315,742,124,26,24,0
1701,68.04,316,748,160,16,15,0
1701,68.04,317,880,240,16,16,0
1701,68.04,318,1120,306,15,14,0
1701,68.04,319,1188,117,17,26,0
1701,68.04,320,651,234,28,16,0
1702,68.08,32,920,496,25,23,0
1702,68.08,36,55,494,13,18,0
1702,68.08,42,31,528,10,19,0
1702,68.08,46,101,617,50,26,0
1702,68.08,49,168,329,20,15,0
1702,68.08,56,640,68,16,20,0
1702,68.08,61,935,480,14,16,0
1702,68.08,67,87,346,15,38,0
1702,68.08,99,648,94,34,19,0
1702,68.08,107,730,108,18,25,0
1702,68.08,112,588,229,64,18,0
1702,68.08,139,685,482,175,118,0
1702,68.08,148,1269,299,7,21,0
1702,68.08,160,1205,142,54,114,0
1702,68.08,171,86,217,490,69,0
1702,68.08,206,461,440,27,26,0
1702,68.08,219,117,263,11,17,0
1702,68.08,231,25,117,23,43,0
1702,68.08,245,640,52,46,53,0
1702,68.08,250,1202,682,54,14,0
1702,68.08,254,0,237,26,10,0
1702,68.08,263,737,158,13,20,0
1702,68.08,268,668,203,17,30,0
1702,68.08,274,0,62,25,32,0
1702,68.08,276,695,208,18,21,0
1702,68.08,282,643,200,21,21,0
1702,68.08,288,56,39,45,49,0
1702,68.08,290,696,296,9,16,0
1702,68.08,297,72,592,20,32,0
1702,68.08,298,132,254,28,25,0
1702,68.08,299,63,392,39,51,0
1702,68.08,300,169,341,12,15,0
1702,68.08,303,721,296,19,21,0
1702,68.08,304,743,216,17,31,0
1702,68.08,307,737,294,26,55,0
1702,68.08,308,714,322,14,20,0
1702,68.08,310,724,242,20,14,0
1702,68.08,311,3,130,21,34,0
1702,68.08,312,94,635,34,13,0
1702,68.08,313,733,182,25,32,0
1702,68.08,314,734,214,8,17,0
1702,68.08,315,742,124,26,24,0
1702,68.08,316,748,160,16,15,0
1702,68.08,317,880,240,16,16,0
1702,68.08,318,1120,306,15,14,0
1702,68.08,319,1188,117,17,26,0
1702,68.08,320,651,234,28,16,0
1703,68.12,32,920,496,25,23,0
1703,68.12,36,55,494,13,18,0
1703,68.12,42,31,528,10,19,0
1703,68.12,46,101,617,50,26,0
1703,68.12,56,640,68,16,20,0
1703,68.12,61,935,480,14,16,0
1703,68.12,67,87,346,15,38,0
1703,68.12,99,648,94,34,19,0
1703,68.12,107,730,108,18,25,0
1703,68.12,112,588,229,64,18,0
1703,68.12,139,674,474,182,115,0
1703,68.12,148,1269,299,7,21,0
1703,68.12,160,1205,142,54,114,0
1703,68.12,171,86,217,490,69,0
1703,68.12,206,461,440,27,26,0
1703,68.12,219,117,263,13,17,0
1703,68.12,231,25,117,23,43,0
1703,68.12,245,640,52,46,53,0
1703,68.12,250,1202,682,54,14,0
1703,68.12,254,0,237,26,11,0
1703,68.12,263,737,158,13,20,0
1703,68.12,268,668,203,17,30,0
1703,68.12,274,0,62,25,32,0
1703,68.12,276,695,208,18,21,0
1703,68.12,282,653,201,11,16,0
1703,68.12,288,56,39,45,49,0
1703,68.12,290,696,296,9,16,0
1703,68.12,297,72,592,20,32,0
1703,68.12,298,132,254,28,25,0
1703,68.12,299,63,392,39,51,0
1703,68.12,300,169,341,12,16,0
1703,68.12,303,721,296,19,21,0
1703,68.12,304,743,216,17,31,0
1703,68.12,307,737,294,26,55,0
1703,68.12,308,714,322,14,20,0
1703,68.12,310,724,242,20,14,0
1703,68.12,311,3,130,21,34,0
1703,68.12,312,94,635,34,13,0
1703,68.12,313,733,182,25,32,0
1703,68.12,314,734,214,8,17,0
1703,68.12,315,742,124,26,24,0
1703,68.12,316,748,160,16,15,0
1703,68.12,317,880,240,16,16,0
1703,68.12,318,1120,306,15,14,0
1703,68.12,319,1188,117,17,26,0
1703,68.12,320,651,234,28,16,0
1704,68.16,32,920,496,25,23,0
1704,68.16,36,55,494,13,18,0
1704,68.16,42,31,528,10,19,0
1704,68.16,46,101,617,50,26,0
1704,68.16,56,640,68,16,20,0
1704,68.16,61,935,480,14,16,0
1704,68.16,67,87,346,15,38,0
1704,68.16,99,648,94,34,19,0
1704,68.16,107,730,108,18,25,0
1704,68.16,112,588,229,64,18,0
1704,68.16,148,1269,299,7,21,0
1704,68.16,160,1205,142,54,114,0
1704,68.16,171,85,216,491,70,0
1704,68.16,206,461,440,27,26,0
1704,68.16,210,664,468,188,121,0
1704,68.16,219,117,263,13,17,0
1704,68.16,231,25,117,23,43,0
1704,68.16,245,640,52,46,53,0
1704,68.16,250,1202,682,54,14,0
1704,68.16,254,0,237,26,10,0
1704,68.16,263,737,158,13,20,0
1704,68.16,268,668,203,17,30,0
1704,68.16,274,0,64,25,30,0
1704,68.16,276,695,208,18,22,0
1704,68.16,282,653,200,15,16,0
1704,68.16,288,56,39,45,49,0
1704,68.16,290,696,296,9,16,0
1704,68.16,297,72,592,20,32,0
1704,68.16,298,132,254,28,25,0
1704,68.16,299,63,392,39,51,0
1704,68.16,300,169,341,12,16,0
1704,68.16,303,721,298,19,19,0
1704,68.16,304,743,216,17,31,0
1704,68.16,307,737,294,26,55,0
1704,68.16,308,714,322,14,20,0
1704,68.16,310,724,242,20,14,0
1704,68.16,311,3,130,21,34,0
1704,68.16,312,94,635,34,13,0
1704,68.16,313,733,182,25,32,0
1704,68.16,314,734,214,8,17,0
1704,68.16,315,742,124,26,24,0
1704,68.16,316,748,160,16,15,0
1704,68.16,317,880,240,16,16,0
1704,68.16,318,1120,306,15,14,0
1704,68.16,319,1188,117,17,26,0
1704,68.16,320,651,234,28,16,0
1705,68.2,32,920,496,25,23,0
1705,68.2,36,55,494,13,18,0
1705,68.2,42,31,528,10,19,0
1705,68.2,46,101,617,50,26,0
1705,68.2,49,168,329,20,15,0
1705,68.2,56,640,68,16,20,0
1705,68.2,61,935,480,14,16,0
1705,68.2,67,87,346,15,38,0
1705,68.2,99,648,94,34,19,0
1705,68.2,107,730,108,18,25,0
1705,68.2,112,588,229,64,18,0
1705,68.2,148,1269,299,7,21,0
1705,68.2,160,1205,142,54,114,0
1705,68.2,171,85,216,491,70,0
1705,68.2,206,461,440,27,26,0
1705,68.2,210,660,460,186,129,0
1705,68.2,219,117,263,13,17,0
1705,68.2,231,25,117,23,43,0
1705,68.2,245,640,52,46,53,0
1705,68.2,250,1202,682,54,14,0
1705,68.2,254,0,237,26,10,0
1705,68.2,263,737,158,13,20,0
1705,68.2,268,668,203,17,30,0
1705,68.2,274,0,62,25,32,0
1705,68.2,276,695,208,18,22,0
1705,68.2,282,653,200,15,16,0
1705,68.2,288,56,39,45,49,0
1705,68.2,290,696,296,9,16,0
1705,68.2,297,72,592,20,32,0
1705,68.2,298,132,254,28,25,0
1705,68.2,299,70,392,32,52,0
1705,68.2,300,169,341,12,15,0
1705,68.2,303,721,297,19,20,0
1705,68.2,304,743,216,17,31,0
1705,68.2,307,737,294,26,55,0
1705,68.2,308,714,322,14,20,0
1705,68.2,310,724,242,20,14,0
1705,68.2,311,3,130,21,34,0
1705,68.2,312,94,635,34,13,0
1705,68.2,313,733,182,25,32,0
1705,68.2,314,734,214,8,17,0
1705,68.2,315,742,124,26,24,0
1705,68.2,316,748,160,16,15,0
1705,68.2,317,880,240,16,16,0
1705,68.2,318,1120,306,15,14,0
1705,68.2,319,1188,117,17,26,0
1705,68.2,320,651,234,28,16,0
1706,68.24,32,920,496,25,23,0
1706,68.24,36,55,494,13,18,0
1706,68.24,42,31,528,10,19,0
1706,68.24,46,101,617,50,26,0
1706,68.24,49,168,329,20,15,0
1706,68.24,56,640,68,16,20,0
1706,68.24,61,935,480,14,16,0
1706,68.24,67,87,346,15,38,0
1706,68.24,99,648,94,34,19,0
1706,68.24,107,730,108,18,25,0
1706,68.24,112,588,229,64,18,0
1706,68.24,148,1269,299,7,21,0
1706,68.24,160,1205,142,54,114,0
1706,68.24,171,85,216,491,70,0
1706,68.24,206,461,440,27,26,0
1706,68.24,210,652,454,189,135,0
1706,68.24,219,117,263,13,17,0
1706,68.24,231,25,117,23,43,0
1706,68.24,245,640,52,46,53,0
1706,68.24,250,1202,682,54,14,0
1706,68.24,254,0,237,26,11,0
1706,68.24,263,737,158,13,20,0
1706,68.24,268,668,203,17,30,0
1706,68.24,274,0,62,25,32,0
1706,68.24,276,695,208,18,22,0
1706,68.24,282,643,200,25,21,0
1706,68.24,288,56,39,45,49,0
1706,68.24,290,696,296,9,16,0
1706,68.24,297,72,592,20,32,0
1706,68.24,298,132,254,28,25,0
1706,68.24,299,63,392,39,52,0
1706,68.24,300,169,341,12,16,0
1706,68.24,303,721,296,19,21,0
1706,68.24,304,743,216,17,31,0
1706,68.24,307,737,294,26,55,0
1706,68.24,308,714,322,14,20,0
1706,68.24,310,724,242,20,14,0
1706,68.24,311,3,130,21,34,0
1706,68.24,312,94,635,34,13,0
1706,68.24,313,733,182,25,32,0
1706,68.24,314,734,214,8,17,0
1706,68.24,315,742,124,26,24,0
1706,68.24,316,748,160,16,15,0
1706,68.24,317,880,240,16,16,0
1706,68.24,318,1120,306,15,14,0
1706,68.24,319,1188,117,17,26,0
1706,68.24,320,651,234,28,16,0
1707,68.28,32,920,496,25,23,0
1707,68.28,36,55,494,13,18,0
1707,68.28,42,29,528,12,19,0
1707,68.28,46,101,617,50,26,0
1707,68.28,49,168,329,20,15,0
1707,68.28,56,640,68,16,20,0
1707,68.28,61,935,480,14,16,0
1707,68.28,67,87,346,15,38,0
1707,68.28,107,730,108,18,25,0
1707,68.28,112,588,229,64,18,0
1707,68.28,148,1269,299,7,21,0
1707,68.28,160,1205,142,54,114,0
1707,68.28,171,85,216,491,70,0
1707,68.28,206,461,440,27,26,0
1707,68.28,210,650,448,186,141,0
1707,68.28,219,117,263,13,17,0
1707,68.28,231,25,120,22,40,0
1707,68.28,245,640,52,46,63,0
1707,68.28,250,1202,682,54,14,0
1707,68.28,254,0,237,26,11,0
1707,68.28,263,737,158,13,20,0
1707,68.28,268,668,203,17,30,0
1707,68.28,274,0,64,25,30,0
1707,68.28,276,695,208,18,22,0
1707,68.28,282,643,200,25,21,0
1707,68.28,288,56,39,45,49,0
1707,68.28,290,696,296,9,16,0
1707,68.28,297,72,592,20,32,0
1707,68.28,298,132,254,28,25,0
1707,68.28,299,63,392,39,52,0
1707,68.28,300,169,341,12,16,0
1707,68.28,303,721,296,19,21,0
1707,68.28,304,743,216,17,31,0
1707,68.28,307,737,294,26,55,0
1707,68.28,308,714,322,14,20,0
1707,68.28,310,724,242,20,14,0
1707,68.28,311,3,130,21,34,0
1707,68.28,312,94,635,34,13,0
1707,68.28,313,733,182,25,32,0
1707,68.28,314,734,214,8,17,0
1707,68.28,315,742,124,26,24,0
1707,68.28,316,748,160,16,15,0
1707,68.28,317,880,240,16,16,0
1707,68.28,318,1120,306,15,14,0
1707,68.28,319,1188,117,17,26,0
1707,68.28,320,651,234,28,16,0
1708,68.32,32,920,496,25,23,0
1708,68.32,36,55,494,13,18,0
1708,68.32,42,31,528,8,18,0
1708,68.32,46,101,617,50,26,0
1708,68.32,49,168,329,20,15,0
1708,68.32,56,640,68,16,20,0
1708,68.32,61,935,480,14,16,0
1708,68.32,67,87,346,15,38,0
1708,68.32,107,730,108,18,25,0
1708,68.32,112,588,229,64,18,0
1708,68.32,148,1269,299,7,21,0
1708,68.32,160,1205,142,54,114,0
1708,68.32,171,85,216,491,70,0
1708,68.32,206,461,440,27,26,0
1708,68.32,210,650,439,182,149,0
1708,68.32,219,117,263,13,17,0
1708,68.32,231,25,117,23,43,0
1708,68.32,245,640,52,46,63,0
1708,68.32,250,1202,682,54,14,0
1708,68.32,254,0,237,26,11,0
1708,68.32,263,737,158,13,20,0
1708,68.32,268,668,203,17,30,0
1708,68.32,274,0,64,25,30,0
1708,68.32,276,695,208,18,22,0
1708,68.32,282,643,200,25,21,0
1708,68.32,288,56,39,45,49,0
1708,68.32,290,696,296,9,16,0
1708,68.32,297,72,592,20,32,0
1708,68.32,298,132,254,28,25,0
1708,68.32,299,70,392,32,52,0
1708,68.32,300,169,341,12,16,0
1708,68.32,303,721,296,19,21,0
1708,68.32,304,743,216,17,31,0
1708,68.32,307,737,294,26,55,0
1708,68.32,308,714,322,14,20,0
1708,68.32,310,724,242,20,14,0
1708,68.32,311,3,130,21,34,0
1708,68.32,312,94,635,34,13,0
1708,68.32,313,733,182,25,32,0
1708,68.32,314,734,214,8,17,0
1708,68.32,315,742,124,26,24,0
1708,68.32,316,748,160,16,15,0
1708,68.32,317,880,240,16,16,0
1708,68.32,318,1120,306,15,14,0
1708,68.32,319,1188,117,17,26,0
1708,68.32,320,651,234,28,16,0
1709,68.36,32,920,496,25,23,0
1709,68.36,36,55,494,13,18,0
1709,68.36,42,29,528,10,19,0
1709,68.36,46,101,617,50,26,0
1709,68.36,49,168,329,20,15,0
1709,68.36,56,640,68,16,20,0
1709,68.36,61,935,480,14,16,0
1709,68.36,67,87,346,15,38,0
1709,68.36,107,730,108,18,25,0
1709,68.36,112,588,229,64,18,0
1709,68.36,118,732,453,18,13,0
1709,68.36,148,1269,299,7,21,0
1709,68.36,160,1205,142,54,114,0
1709,68.36,171,85,216,491,70,0
1709,68.36,206,461,440,27,26,0
1709,68.36,210,649,432,177,154,0
1709,68.36,219,117,263,13,17,0
1709,68.36,231,25,117,23,43,0
1709,68.36,245,640,52,46,63,0
1709,68.36,250,1202,682,54,14,0
1709,68.36,254,0,237,26,11,0
1709,68.36,263,737,158,13,20,0
1709,68.36,268,668,203,17,30,0
1709,68.36,274,0,62,25,32,0
1709,68.36,276,695,208,18,22,0
1709,68.36,282,643,200,25,21,0
1709,68.36,288,56,39,45,49,0
1709,68.36,290,696,296,9,16,0
1709,68.36,297,72,592,20,32,0
1709,68.36,298,132,254,28,25,0
1709,68.36,299,63,392,39,52,0
1709,68.36,300,169,341,12,16,0
1709,68.36,303,721,296,19,21,0
1709,68.36,304,743,216,17,31,0
1709,68.36,307,737,294,26,55,0
1709,68.36,308,714,322,14,20,0
1709,68.36,310,724,242,20,14,0
1709,68.36,311,3,130,21,34,0
1709,68.36,312,94,635,34,13,0
1709,68.36,313,733,182,25,32,0
1709,68.36,314,734,214,8,17,0
1709,68.36,315,742,124,26,24,0
1709,68.36,316,748,160,16,15,0
1709,68.36,317,880,240,16,16,0
1709,68.36,318,1120,306,15,14,0
1709,68.36,319,1188,117,17,26,0
1709,68.36,320,651,234,28,16,0
1710,68.4,32,920,496,25,23,0
1710,68.4,36,55,494,13,18,0
1710,68.4,42,31,528,8,19,0
1710,68.4,46,101,617,50,26,0
1710,68.4,49,168,329,20,15,0
1710,68.4,56,640,68,16,20,0
1710,68.4,61,935,480,14,16,0
1710,68.4,67,87,346,15,38,0
1710,68.4,107,730,108,18,25,0
1710,68.4,112,588,229,64,18,0
1710,68.4,148,1269,299,7,21,0
1710,68.4,160,1205,142,54,114,0
1710,68.4,171,85,216,491,70,0
1710,68.4,206,461,440,27,26,0
1710,68.4,210,648,422,174,160,0
1710,68.4,219,117,263,13,17,0
1710,68.4,231,25,117,23,43,0
1710,68.4,245,640,52,46,63,0
1710,68.4,250,1202,682,54,14,0
1710,68.4,254,0,237,26,11,0
1710,68.4,263,737,158,13,20,0
1710,68.4,268,668,203,17,30,0
1710,68.4,274,0,62,25,32,0
1710,68.4,276,695,208,18,22,0
1710,68.4,282,643,200,25,21,0
1710,68.4,288,56,39,45,49,0
1710,68.4,290,696,296,9,16,0
1710,68.4,297,72,592,20,32,0
1710,68.4,298,132,254,28,25,0
1710,68.4,299,63,392,39,52,0
1710,68.4,300,169,341,12,16,0
1710,68.4,303,721,296,19,21,0
1710,68.4,304,743,216,17,31,0
1710,68.4,307,737,294,26,55,0
1710,68.4,308,714,322,14,20,0
1710,68.4,310,724,242,20,14,0
1710,68.4,311,3,130,21,34,0
1710,68.4,312,94,635,34,13,0
1710,68.4,313,733,182,25,32,0
1710,68.4,314,734,214,8,17,0
1710,68.4,315,742,124,26,24,0
1710,68.4,316,748,160,16,15,0
1710,68.4,317,880,240,16,16,0
1710,68.4,318,1120,306,15,14,0
1710,68.4,319,1188,117,17,26,0
1710,68.4,320,651,234,28,16,0
1711,68.44,32,920,496,25,23,0
1711,68.44,36,55,494,13,18,0
1711,68.44,42,31,528,8,19,0
1711,68.44,46,101,617,50,26,0
1711,68.44,49,168,329,20,15,0
1711,68.44,56,640,68,16,20,0
1711,68.44,61,935,480,14,16,0
1711,68.44,67,87,346,15,38,0
1711,68.44,107,730,108,18,25,0
1711,68.44,112,588,229,64,18,0
1711,68.44,148,1269,299,7,21,0
1711,68.44,160,1205,142,54,114,0
1711,68.44,171,85,216,491,70,0
1711,68.44,206,461,440,27,26,0
1711,68.44,210,648,414,168,158,0
1711,68.44,219,117,263,13,17,0
1711,68.44,231,25,117,23,43,0
1711,68.44,245,640,52,46,63,0
1711,68.44,250,1202,682,54,14,0
1711,68.44,254,0,237,26,11,0
1711,68.44,263,737,158,13,20,0
1711,68.44,268,668,203,17,30,0
1711,68.44,274,0,62,25,32,0
1711,68.44,276,695,208,18,22,0
1711,68.44,282,643,200,25,21,0
1711,68.44,288,56,39,45,49,0
1711,68.44,290,696,296,9,16,0
1711,68.44,297,72,592,20,32,0
1711,68.44,298,132,254,28,25,0
1711,68.44,299,63,392,39,52,0
1711,68.44,300,169,341,12,16,0
1711,68.44,303,721,296,19,21,0
1711,68.44,304,743,216,17,31,0
1711,68.44,307,737,294,26,55,0
1711,68.44,308,714,322,14,20,0
1711,68.44,310,724,242,20,14,0
1711,68.44,311,3,130,21,34,0
1711,68.44,312,94,635,34,13,0
1711,68.44,313,733,182,25,32,0
1711,68.44,314,734,214,8,17,0
1711,68.44,315,742,124,26,24,0
1711,68.44,317,880,240,16,16,0
1711,68.44,318,1120,306,15,14,0
1711,68.44,319,1188,117,17,26,0
1711,68.44,320,651,234,28,16,0
1712,68.48,32,920,496,25,23,0
1712,68.48,36,55,494,13,20,0
1712,68.48,42,31,528,8,19,0
1712,68.48,46,101,617,50,26,0
1712,68.48,49,168,329,20,15,0
1712,68.48,56,640,68,16,20,0
1712,68.48,61,935,480,14,16,0
1712,68.48,67,87,346,15,38,0
1712,68.48,107,730,108,18,25,0
1712,68.48,112,588,229,64,18,0
1712,68.48,148,1269,299,7,21,0
1712,68.48,160,1205,142,54,114,0
1712,68.48,171,85,216,491,70,0
1712,68.48,206,461,440,27,26,0
1712,68.48,210,648,404,165,156,0
1712,68.48,219,117,263,13,17,0
1712,68.48,231,25,117,23,43,0
1712,68.48,245,640,52,46,63,0
1712,68.48,250,1202,682,54,14,0
1712,68.48,254,0,237,26,11,0
1712,68.48,263,737,158,13,20,0
1712,68.48,268,668,203,17,30,0
1712,68.48,274,0,62,25,32,0
1712,68.48,276,695,208,18,22,0
1712,68.48,282,643,200,25,21,0
1712,68.48,288,56,39,45,49,0
1712,68.48,290,696,296,9,16,0
1712,68.48,297,72,592,20,32,0
1712,68.48,298,132,254,28,25,0
1712,68.48,299,63,392,39,52,0
1712,68.48,300,169,341,12,16,0
1712,68.48,303,721,296,19,21,0
1712,68.48,304,743,216,17,31,0
1712,68.48,307,737,294,26,55,0
1712,68.48,308,714,322,14,20,0
1712,68.48,310,724,242,20,14,0
1712,68.48,311,3,130,21,34,0
1712,68.48,312,94,635,34,13,0
1712,68.48,313,733,182,25,32,0
1712,68.48,314,734,214,8,17,0
1712,68.48,315,742,124,26,24,0
1712,68.48,316,749,160,11,14,0
1712,68.48,317,880,240,16,16,0
1712,68.48,318,1120,306,15,14,0
1712,68.48,319,1188,117,17,26,0
1712,68.48,320,651,234,28,16,0
1713,68.52,32,920,496,25,23,0
1713,68.52,36,55,494,13,20,0
1713,68.52,42,31,528,8,19,0
1713,68.52,46,101,617,50,26,0
1713,68.52,49,168,329,20,15,0
1713,68.52,56,640,68,16,20,0
1713,68.52,61,935,480,14,16,0
1713,68.52,67,87,346,15,38,0
1713,68.52,107,730,108,18,25,0
1713,68.52,112,588,229,64,18,0
1713,68.52,148,1269,299,7,21,0
1713,68.52,160,1205,142,54,114,0
1713,68.52,171,85,216,491,70,0
1713,68.52,206,461,440,27,26,0
1713,68.52,210,648,394,166,152,0
1713,68.52,219,117,263,13,17,0
1713,68.52,231,25,117,23,43,0
1713,68.52,245,640,52,46,63,0
1713,68.52,250,1202,682,54,14,0
1713,68.52,254,0,237,26,11,0
1713,68.52,263,737,158,13,20,0
1713,68.52,268,668,203,17,30,0
1713,68.52,274,0,62,25,32,0
1713,68.52,276,695,208,18,22,0
1713,68.52,282,643,200,25,21,0
1713,68.52,288,56,39,45,49,0
1713,68.52,290,696,296,9,16,0
1713,68.52,297,72,592,20,32,0
1713,68.52,298,132,254,28,25,0
1713,68.52,299,63,392,39,52,0
1713,68.52,300,169,341,12,16,0
1713,68.52,303,721,296,19,21,0
1713,68.52,304,743,216,17,31,0
1713,68.52,307,737,294,26,55,0
1713,68.52,308,714,322,14,20,0
1713,68.52,310,724,242,20,14,0
1713,68.52,311,3,130,21,34,0
1713,68.52,312,94,635,34,13,0
1713,68.52,313,733,182,25,32,0
1713,68.52,314,734,214,8,17,0
1713,68.52,315,742,124,26,24,0
1713,68.52,316,748,160,16,15,0
1713,68.52,317,880,240,16,16,0
1713,68.52,318,1120,306,15,14,0
1713,68.52,319,1188,117,17,26,0
1713,68.52,320,651,234,28,16,0
1714,68.56,32,920,496,25,23,0
1714,68.56,36,55,494,13,20,0
1714,68.56,42,31,528,8,19,0
1714,68.56,46,101,617,50,26,0
1714,68.56,49,168,329,20,15,0
1714,68.56,56,640,68,16,20,0
1714,68.56,61,935,480,14,16,0
1714,68.56,67,87,346,15,38,0
1714,68.56,107,730,108,18,25,0
1714,68.56,112,588,229,64,18,0
1714,68.56,148,1269,299,7,21,0
1714,68.56,160,1205,142,54,114,0
1714,68.56,171,85,216,491,70,0
1714,68.56,206,461,440,27,26,0
1714,68.56,210,648,385,165,146,0
1714,68.56,219,117,263,13,17,0
1714,68.56,231,25,120,22,40,0
1714,68.56,245,640,52,46,63,0
1714,68.56,250,1202,682,54,14,0
1714,68.56,254,0,237,26,10,0
1714,68.56,263,737,158,13,20,0
1714,68.56,268,668,203,17,30,0
1714,68.56,274,0,62,25,32,0
1714,68.56,276,695,208,18,22,0
1714,68.56,282,643,200,25,21,0
1714,68.56,288,56,39,45,49,0
1714,68.56,290,696,296,9,16,0
1714,68.56,297,72,592,20,32,0
1714,68.56,298,132,254,28,25,0
1714,68.56,299,63,392,39,52,0
1714,68.56,300,169,341,12,16,0
1714,68.56,301,713,395,19,21,0
1714,68.56,303,721,296,19,21,0
1714,68.56,304,743,216,17,31,0
1714,68.56,307,737,294,26,55,0
1714,68.56,308,714,322,14,20,0
1714,68.56,310,724,242,20,14,0
1714,68.56,311,3,130,21,34,0
1714,68.56,312,94,635,34,13,0
1714,68.56,313,733,182,25,32,0
1714,68.56,314,734,214,8,17,0
1714,68.56,315,742,124,26,24,0
1714,68.56,316,748,160,16,15,0
1714,68.56,317,880,240,16,16,0
1714,68.56,318,1120,306,15,14,0
1714,68.56,319,1188,117,17,26,0
1714,68.56,320,651,234,28,16,0
1715,68.6,32,920,496,25,23,0
1715,68.6,36,55,494,13,20,0
1715,68.6,42,31,528,8,19,0
1715,68.6,46,101,617,50,26,0
1715,68.6,49,168,329,20,15,0
1715,68.6,56,640,68,16,20,0
1715,68.6,61,935,480,14,16,0
1715,68.6,67,87,346,15,38,0
1715,68.6,107,730,108,18,25,0
1715,68.6,112,588,229,64,18,0
1715,68.6,148,1269,299,7,21,0
1715,68.6,160,1205,142,54,114,0
1715,68.6,171,85,216,491,70,0
1715,68.6,206,461,440,27,26,0
1715,68.6,210,648,377,163,139,0
1715,68.6,219,117,263,13,17,0
1715,68.6,231,25,117,23,43,0
1715,68.6,245,640,52,46,63,0
1715,68.6,250,1202,682,54,14,0
1715,68.6,254,0,237,26,11,0
1715,68.6,263,737,158,13,20,0
1715,68.6,268,668,203,17,30,0
1715,68.6,274,0,62,25,32,0
1715,68.6,276,695,208,18,22,0
1715,68.6,282,643,200,25,21,0
1715,68.6,288,56,39,45,49,0
1715,68.6,290,696,296,9,16,0
1715,68.6,297,72,592,20,32,0
1715,68.6,298,132,254,28,25,0
1715,68.6,299,63,392,39,52,0
1715,68.6,300,169,341,12,16,0
1715,68.6,303,721,296,19,21,0
1715,68.6,304,743,216,17,31,0
1715,68.6,307,737,294,26,55,0
1715,68.6,308,714,322,14,20,0
1715,68.6,310,724,242,20,14,0
1715,68.6,311,3,130,21,34,0
1715,68.6,312,94,635,34,13,0
1715,68.6,313,733,182,25,32,0
1715,68.6,314,734,214,8,17,0
1715,68.6,315,742,124,26,24,0
1715,68.6,316,748,160,16,15,0
1715,68.6,317,880,240,16,16,0
1715,68.6,318,1120,306,15,14,0
1715,68.6,319,1188,117,17,26,0
1715,68.6,320,651,234,28,16,0
1716,68.64,32,920,496,25,23,0
1716,68.64,36,55,494,13,20,0
1716,68.64,42,31,528,8,19,0
1716,68.64,46,101,617,50,26,0
1716,68.64,49,168,329,20,15,0
1716,68.64,56,640,68,16,20,0
1716,68.64,61,935,480,14,16,0
1716,68.64,67,87,346,15,38,0
1716,68.64,107,730,108,18,25,0
1716,68.64,112,588,229,64,18,0
1716,68.64,148,1269,299,7,21,0
1716,68.64,160,1205,142,54,114,0
1716,68.64,171,85,216,491,70,0
1716,68.64,206,461,440,27,26,0
1716,68.64,210,648,367,164,145,0
1716,68.64,219,117,263,13,17,0
1716,68.64,231,25,117,23,43,0
1716,68.64,245,640,52,46,63,0
1716,68.64,250,1202,682,54,14,0
1716,68.64,254,0,237,26,11,0
1716,68.64,263,737,158,13,20,0
1716,68.64,268,668,203,17,30,0
1716,68.64,274,0,62,25,32,0
1716,68.64,276,695,208,18,22,0
1716,68.64,282,643,200,25,21,0
1716,68.64,288,56,39,45,49,0
1716,68.64,290,696,296,9,16,0
1716,68.64,297,72,592,20,32,0
1716,68.64,298,132,254,28,25,0
1716,68.64,299,63,392,39,52,0
1716,68.64,300,169,341,12,16,0
1716,68.64,303,721,296,19,21,0
1716,68.64,304,743,216,17,31,0
1716,68.64,307,737,294,26,55,0
1716,68.64,308,714,322,14,20,0
1716,68.64,310,724,242,20,14,0
1716,68.64,311,3,130,21,34,0
1716,68.64,312,94,635,34,13,0
1716,68.64,313,733,182,25,32,0
1716,68.64,314,734,214,8,17,0
1716,68.64,315,742,124,26,24,0
1716,68.64,316,748,160,12,14,0
1716,68.64,317,880,240,16,16,0
1716,68.64,318,1120,306,15,14,0
1716,68.64,319,1188,117,17,26,0
1716,68.64,320,651,234,28,16,0
1717,68.68,32,920,496,25,23,0
1717,68.68,36,58,499,10,15,0
1717,68.68,42,31,528,8,19,0
1717,68.68,46,101,617,50,26,0
1717,68.68,49,168,329,20,15,0
1717,68.68,56,640,68,16,20,0
1717,68.68,61,935,480,14,16,0
1717,68.68,67,87,346,15,38,0
1717,68.68,107,730,108,18,25,0
1717,68.68,112,588,229,64,18,0
1717,68.68,148,1269,299,7,21,0
1717,68.68,160,1205,142,54,114,0
1717,68.68,171,85,216,491,70,0
1717,68.68,206,461,440,27,26,0
1717,68.68,210,648,360,162,151,0
1717,68.68,219,117,263,13,17,0
1717,68.68,231,25,117,23,43,0
1717,68.68,245,640,52,46,63,0
1717,68.68,250,1202,682,54,14,0
1717,68.68,254,0,237,26,11,0
1717,68.68,263,737,158,13,20,0
1717,68.68,268,668,203,17,30,0
1717,68.68,274,0,62,25,32,0
1717,68.68,276,695,208,18,22,0
1717,68.68,282,643,200,25,21,0
1717,68.68,288,56,39,45,49,0
1717,68.68,290,696,296,9,16,0
1717,68.68,297,72,592,20,32,0
1717,68.68,298,132,254,28,25,0
1717,68.68,299,63,392,39,52,0
1717,68.68,300,169,341,12,16,0
1717,68.68,301,722,383,18,12,0
1717,68.68,303,721,296,19,21,0
1717,68.68,304,743,216,17,31,0
1717,68.68,307,737,294,26,55,0
1717,68.68,308,714,320,14,22,0
1717,68.68,310,724,242,20,14,0
1717,68.68,311,3,130,21,34,0
1717,68.68,312,94,635,34,13,0
1717,68.68,313,733,182,25,32,0
1717,68.68,314,734,214,8,17,0
1717,68.68,315,742,124,26,24,0
1717,68.68,316,748,160,16,15,0
1717,68.68,317,880,240,16,16,0
1717,68.68,318,1120,306,15,14,0
1717,68.68,319,1188,117,17,26,0
1717,68.68,320,651,234,28,16,0
1718,68.72,32,920,496,25,23,0
1718,68.72,36,58,499,10,15,0
1718,68.72,42,31,528,8,19,0
1718,68.72,46,101,617,50,26,0
1718,68.72,49,168,329,20,15,0
1718,68.72,56,640,68,16,20,0
1718,68.72,61,935,480,14,16,0
1718,68.72,67,87,346,15,38,0
1718,68.72,107,730,108,18,25,0
1718,68.72,112,588,229,64,18,0
1718,68.72,148,1269,299,7,21,0
1718,68.72,160,1205,142,54,114,0
1718,68.72,171,85,216,491,70,0
1718,68.72,206,461,440,27,26,0
1718,68.72,210,648,352,157,159,0
1718,68.72,219,117,263,13,17,0
1718,68.72,231,25,117,23,43,0
1718,68.72,245,640,52,46,63,0
1718,68.72,250,1202,682,54,14,0
1718,68.72,254,0,237,26,11,0
1718,68.72,263,737,158,13,20,0
1718,68.72,268,668,203,17,30,0
1718,68.72,274,0,62,25,32,0
1718,68.72,276,695,208,18,22,0
1718,68.72,282,643,200,25,21,0
1718,68.72,288,56,39,45,49,0
1718,68.72,290,696,296,9,16,0
1718,68.72,297,72,592,20,32,0
1718,68.72,298,132,254,28,25,0
1718,68.72,299,63,392,39,52,0
1718,68.72,300,169,341,12,16,0
1718,68.72,301,706,389,16,18,0
1718,68.72,303,721,296,19,21,0
1718,68.72,304,743,216,17,31,0
1718,68.72,307,734,294,29,50,0
1718,68.72,308,714,322,14,20,0
1718,68.72,310,724,242,20,14,0
1718,68.72,311,3,130,21,34,0
1718,68.72,312,94,635,34,13,0
1718,68.72,313,733,182,25,32,0
1718,68.72,314,734,214,8,17,0
1718,68.72,315,742,124,26,24,0
1718,68.72,316,748,160,16,15,0
1718,68.72,317,880,240,16,16,0
1718,68.72,318,1120,306,15,14,0
1718,68.72,319,1188,117,17,26,0
1718,68.72,320,651,234,28,16,0
1719,68.76,32,920,496,25,23,0
1719,68.76,36,58,499,10,15,0
1719,68.76,42,31,528,8,19,0
1719,68.76,46,101,617,50,26,0
1719,68.76,49,168,329,20,15,0
1719,68.76,56,640,68,16,20,0
1719,68.76,61,935,480,14,16,0
1719,68.76,67,87,346,15,38,0
1719,68.76,107,730,108,18,25,0
1719,68.76,112,588,229,64,18,0
1719,68.76,148,1269,299,7,21,0
1719,68.76,160,1205,142,54,114,0
1719,68.76,171,85,216,491,70,0
1719,68.76,206,461,440,27,26,0
1719,68.76,210,648,344,156,167,0
1719,68.76,219,117,263,13,17,0
1719,68.76,231,25,117,23,43,0
1719,68.76,245,640,52,46,63,0
1719,68.76,250,1202,682,54,14,0
1719,68.76,254,0,237,26,11,0
1719,68.76,263,737,158,13,20,0
1719,68.76,268,668,203,17,30,0
1719,68.76,274,0,62,25,32,0
1719,68.76,276,695,208,18,22,0
1719,68.76,282,643,200,25,21,0
1719,68.76,288,56,39,45,49,0
1719,68.76,290,696,296,9,16,0
1719,68.76,297,72,592,20,32,0
1719,68.76,298,132,254,28,25,0
1719,68.76,299,63,392,39,52,0
1719,68.76,300,169,341,12,16,0
1719,68.76,303,721,296,19,21,0
1719,68.76,304,743,216,17,31,0
1719,68.76,307,735,294,28,50,0
1719,68.76,308,714,322,14,20,0
1719,68.76,310,724,242,20,14,0
1719,68.76,311,3,130,21,34,0
1719,68.76,312,94,635,34,13,0
1719,68.76,313,733,182,25,32,0
1719,68.76,314,734,214,8,17,0
1719,68.76,315,742,124,26,24,0
1719,68.76,316,748,160,16,15,0
1719,68.76,317,880,240,16,16,0
1719,68.76,318,1120,306,15,14,0
1719,68.76,319,1188,117,17,26,0
1719,68.76,320,651,234,28,16,0
1720,68.8,32,920,496,25,23,0
1720,68.8,36,58,499,10,15,0
1720,68.8,42,31,528,8,19,0
1720,68.8,46,101,617,50,26,0
1720,68.8,49,168,329,20,15,0
1720,68.8,56,640,68,16,20,0
1720,68.8,61,935,480,14,16,0
1720,68.8,67,87,346,15,38,0
1720,68.8,107,730,108,18,25,0
1720,68.8,112,588,229,64,18,0
1720,68.8,148,1269,299,7,21,0
1720,68.8,160,1205,142,54,114,0
1720,68.8,171,85,216,491,70,0
1720,68.8,206,461,440,27,26,0
1720,68.8,210,648,338,156,173,0
1720,68.8,219,117,263,13,17,0
1720,68.8,231,25,117,23,43,0
1720,68.8,245,640,52,46,63,0
1720,68.8,250,1202,682,54,14,0
1720,68.8,254,0,237,26,11,0
1720,68.8,263,737,158,13,20,0
1720,68.8,268,668,203,17,30,0
1720,68.8,274,0,62,25,32,0
1720,68.8,276,695,208,18,22,0
1720,68.8,282,643,200,25,21,0
1720,68.8,288,56,39,45,49,0
1720,68.8,290,696,296,9,16,0
1720,68.8,297,72,592,20,32,0
1720,68.8,298,132,254,28,25,0
1720,68.8,299,63,392,39,52,0
1720,68.8,300,169,341,12,16,0
1720,68.8,303,721,296,19,21,0
1720,68.8,304,743,216,17,31,0
1720,68.8,307,734,294,29,50,0
1720,68.8,308,714,322,14,20,0
1720,68.8,310,724,242,20,14,0
1720,68.8,311,3,130,21,34,0
1720,68.8,312,94,635,34,13,0
1720,68.8,313,733,182,25,32,0
1720,68.8,314,734,214,8,17,0
1720,68.8,315,742,124,26,24,0
1720,68.8,316,748,160,16,15,0
1720,68.8,317,880,240,16,16,0
1720,68.8,318,1120,306,15,14,0
1720,68.8,319,1188,117,17,26,0
1720,68.8,320,651,234,28,16,0
1721,68.84,32,920,496,25,23,0
1721,68.84,36,58,499,10,15,0
1721,68.84,42,31,528,8,19,0
1721,68.84,46,101,617,50,26,0
1721,68.84,49,168,329,20,15,0
1721,68.84,56,640,68,16,20,0
1721,68.84,61,935,480,14,16,0
1721,68.84,67,87,346,15,38,0
1721,68.84,107,730,108,18,25,0
1721,68.84,112,588,229,64,18,0
1721,68.84,148,1269,299,7,21,0
1721,68.84,160,1205,142,54,114,0
1721,68.84,171,85,216,491,70,0
1721,68.84,206,461,440,27,26,0
1721,68.84,210,646,294,157,216,0
1721,68.84,219,117,263,13,17,0
1721,68.84,231,25,117,23,43,0
1721,68.84,245,640,52,46,63,0
1721,68.84,250,1202,682,54,14,0
1721,68.84,254,0,237,26,11,0
1721,68.84,263,737,158,13,20,0
1721,68.84,268,668,203,17,30,0
1721,68.84,274,0,62,25,32,0
1721,68.84,276,695,208,18,22,0
1721,68.84,282,643,200,25,21,0
1721,68.84,288,56,39,45,49,0
1721,68.84,290,696,296,9,16,0
1721,68.84,297,72,592,20,32,0
1721,68.84,298,132,254,28,25,0
1721,68.84,299,63,392,39,52,0
1721,68.84,300,169,341,12,16,0
1721,68.84,303,721,296,19,21,0
1721,68.84,304,743,216,17,31,0
1721,68.84,308,714,322,14,20,0
1721,68.84,310,724,242,20,14,0
1721,68.84,311,3,130,21,34,0
1721,68.84,312,94,635,34,13,0
1721,68.84,313,733,182,25,32,0
1721,68.84,314,734,214,8,17,0
1721,68.84,315,742,124,26,24,0
1721,68.84,316,748,160,16,15,0
1721,68.84,317,880,240,16,16,0
1721,68.84,318,1120,306,15,14,0
1721,68.84,319,1188,117,17,26,0
1721,68.84,320,651,234,28,16,0
1722,68.88,32,920,496,25,23,0
1722,68.88,36,58,499,10,15,0
1722,68.88,42,31,528,8,19,0
1722,68.88,46,101,617,50,26,0
1722,68.88,49,168,329,20,15,0
1722,68.88,56,640,68,16,20,0
1722,68.88,61,935,480,14,16,0
1722,68.88,67,87,346,15,38,0
1722,68.88,107,730,108,18,25,0
1722,68.88,112,588,229,64,18,0
1722,68.88,148,1269,299,7,21,0
1722,68.88,160,1205,142,54,114,0
1722,68.88,171,85,216,491,70,0
1722,68.88,206,461,440,27,26,0
1722,68.88,210,646,321,157,188,0
1722,68.88,219,117,263,13,17,0
1722,68.88,231,25,117,23,43,0
1722,68.88,245,640,52,46,63,0
1722,68.88,250,1202,682,54,14,0
1722,68.88,254,0,237,26,11,0
1722,68.88,263,737,158,13,20,0
1722,68.88,268,668,203,17,30,0
1722,68.88,274,0,62,25,32,0
1722,68.88,276,695,208,18,22,0
1722,68.88,282,643,200,25,21,0
1722,68.88,288,56,39,45,49,0
1722,68.88,290,696,296,9,16,0
1722,68.88,297,72,592,20,32,0
1722,68.88,298,132,254,28,25,0
1722,68.88,299,63,392,39,52,0
1722,68.88,300,169,341,12,16,0
1722,68.88,303,721,296,19,21,0
1722,68.88,304,743,216,17,31,0
1722,68.88,307,755,294,8,31,0
1722,68.88,308,714,321,20,21,0
1722,68.88,310,724,242,20,14,0
1722,68.88,311,3,130,21,34,0
1722,68.88,312,94,635,34,13,0
1722,68.88,313,733,182,25,32,0
1722,68.88,314,734,214,8,17,0
1722,68.88,315,742,124,26,24,0
1722,68.88,316,748,160,16,15,0
1722,68.88,317,880,240,16,16,0
1722,68.88,318,1120,306,15,14,0
1722,68.88,319,1188,117,17,26,0
1722,68.88,320,651,234,28,16,0
1723,68.92,32,920,496,25,23,0
1723,68.92,36,58,499,10,15,0
1723,68.92,42,31,528,8,19,0
1723,68.92,46,101,617,50,26,0
1723,68.92,49,168,329,20,15,0
1723,68.92,56,640,68,16,20,0
1723,68.92,61,935,480,14,16,0
1723,68.92,67,87,346,15,38,0
1723,68.92,107,730,108,18,25,0
1723,68.92,112,588,229,64,18,0
1723,68.92,148,1269,299,7,21,0
1723,68.92,160,1205,142,54,114,0
1723,68.92,171,85,216,491,70,0
1723,68.92,206,461,440,27,26,0
1723,68.92,210,647,314,156,191,0
1723,68.92,219,117,263,13,17,0
1723,68.92,231,25,117,23,43,0
1723,68.92,245,640,52,46,63,0
1723,68.92,250,1202,682,54,14,0
1723,68.92,254,0,237,18,9,0
1723,68.92,263,737,158,13,20,0
1723,68.92,268,668,203,17,30,0
1723,68.92,274,0,62,25,32,0
1723,68.92,276,695,208,18,22,0
1723,68.92,282,643,200,25,21,0
1723,68.92,288,56,39,45,49,0
1723,68.92,290,696,296,9,16,0
1723,68.92,297,72,592,20,32,0
1723,68.92,298,132,254,28,25,0
1723,68.92,299,63,392,39,52,0
1723,68.92,300,169,341,12,16,0
1723,68.92,303,721,296,19,21,0
1723,68.92,304,743,216,17,31,0
1723,68.92,307,755,294,8,30,0
1723,68.92,310,724,242,20,14,0
1723,68.92,311,3,130,21,34,0
1723,68.92,312,94,635,34,13,0
1723,68.92,313,733,182,25,32,0
1723,68.92,314,734,214,8,17,0
1723,68.92,315,742,124,26,24,0
1723,68.92,316,748,160,16,15,0
1723,68.92,317,880,240,16,16,0
1723,68.92,318,1120,306,15,14,0
1723,68.92,319,1188,117,17,26,0
1723,68.92,320,651,234,28,16,0
1724,68.96,32,920,496,25,23,0
1724,68.96,36,58,499,10,15,0
1724,68.96,42,31,528,8,19,0
1724,68.96,46,101,617,50,26,0
1724,68.96,49,168,329,20,15,0
1724,68.96,56,640,68,16,20,0
1724,68.96,61,935,480,14,16,0
1724,68.96,67,87,346,15,38,0
1724,68.96,107,730,108,18,25,0
1724,68.96,112,588,229,64,18,0
1724,68.96,148,1269,299,7,21,0
1724,68.96,160,1205,142,54,114,0
1724,68.96,171,85,216,491,70,0
1724,68.96,206,461,440,27,26,0
1724,68.96,210,647,294,157,202,0
1724,68.96,219,117,263,13,17,0
1724,68.96,231,25,117,23,43,0
1724,68.96,245,640,52,46,63,0
1724,68.96,250,1202,682,54,14,0
1724,68.96,254,0,237,26,11,0
1724,68.96,263,737,158,13,20,0
1724,68.96,268,668,203,17,30,0
1724,68.96,274,0,62,25,32,0
1724,68.96,276,695,208,18,22,0
1724,68.96,282,643,200,25,21,0
1724,68.96,288,56,39,45,49,0
1724,68.96,290,696,296,9,16,0
1724,68.96,297,72,592,20,32,0
1724,68.96,298,132,254,28,25,0
1724,68.96,299,63,392,39,52,0
1724,68.96,300,169,341,12,16,0
1724,68.96,303,721,296,19,21,0
1724,68.96,304,743,216,17,31,0
1724,68.96,308,714,321,22,25,0
1724,68.96,310,724,242,20,14,0
1724,68.96,311,3,130,21,34,0
1724,68.96,312,94,635,34,13,0
1724,68.96,313,733,182,25,32,0
1724,68.96,314,734,214,8,17,0
1724,68.96,315,742,124,26,24,0
1724,68.96,316,748,160,16,15,0
1724,68.96,317,880,240,16,16,0
1724,68.96,318,1120,306,15,14,0
1724,68.96,319,1188,117,17,26,0
1724,68.96,320,651,234,28,16,0
1725,69.0,32,920,496,25,23,0
1725,69.0,36,58,499,10,15,0
1725,69.0,42,31,528,8,19,0
1725,69.0,46,101,617,50,26,0
1725,69.0,49,168,329,20,15,0
1725,69.0,56,640,68,16,20,0
1725,69.0,61,935,480,14,16,0
1725,69.0,67,87,346,15,38,0
1725,69.0,107,730,108,18,25,0
1725,69.0,112,588,229,64,18,0
1725,69.0,148,1269,299,7,21,0
1725,69.0,160,1205,142,54,114,0
1725,69.0,171,85,216,491,70,0
1725,69.0,206,461,440,27,26,0
1725,69.0,210,647,294,158,188,0
1725,69.0,219,117,263,13,17,0
1725,69.0,231,25,117,23,43,0
1725,69.0,245,640,52,46,63,0
1725,69.0,250,1202,682,54,14,0
1725,69.0,254,0,237,26,11,0
1725,69.0,263,737,158,13,20,0
1725,69.0,268,668,203,17,30,0
1725,69.0,274,0,62,25,32,0
1725,69.0,276,695,208,18,22,0
1725,69.0,282,643,200,25,21,0
1725,69.0,288,56,39,45,49,0
1725,69.0,290,696,296,9,16,0
1725,69.0,297,72,592,20,32,0
1725,69.0,298,132,254,28,25,0
1725,69.0,299,63,392,39,52,0
1725,69.0,300,169,341,12,16,0
1725,69.0,303,721,296,19,21,0
1725,69.0,304,743,216,17,31,0
1725,69.0,310,724,242,20,14,0
1725,69.0,311,3,130,21,34,0
1725,69.0,312,94,635,34,13,0
1725,69.0,313,733,182,25,32,0
1725,69.0,314,734,214,8,17,0
1725,69.0,315,742,124,26,24,0
1725,69.0,316,748,160,16,15,0
1725,69.0,317,880,240,16,16,0
1725,69.0,318,1120,306,15,14,0
1725,69.0,319,1188,117,17,26,0
1725,69.0,320,651,234,28,16,0
1726,69.04,32,920,496,25,23,0
1726,69.04,36,58,499,10,15,0
1726,69.04,42,31,528,8,19,0
1726,69.04,46,101,617,50,26,0
1726,69.04,49,168,329,20,15,0
1726,69.04,56,640,68,16,20,0
1726,69.04,61,935,480,14,16,0
1726,69.04,67,87,346,15,38,0
1726,69.04,107,730,108,18,25,0
1726,69.04,112,588,229,64,18,0
1726,69.04,148,1269,299,7,21,0
1726,69.04,160,1205,142,54,114,0
1726,69.04,171,85,216,491,70,0
1726,69.04,206,461,440,27,26,0
1726,69.04,210,658,292,147,173,0
1726,69.04,219,117,263,13,17,0
1726,69.04,231,25,117,23,43,0
1726,69.04,245,640,52,46,63,0
1726,69.04,250,1202,682,54,14,0
1726,69.04,254,0,237,26,11,0
1726,69.04,263,737,158,13,20,0
1726,69.04,268,668,203,17,30,0
1726,69.04,274,0,62,25,32,0
1726,69.04,276,695,208,18,22,0
1726,69.04,282,643,200,25,21,0
1726,69.04,288,56,39,45,49,0
1726,69.04,290,696,296,9,16,0
1726,69.04,297,72,592,20,32,0
1726,69.04,298,132,254,28,25,0
1726,69.04,299,63,392,39,52,0
1726,69.04,300,169,341,12,16,0
1726,69.04,303,721,296,19,21,0
1726,69.04,304,743,216,17,31,0
1726,69.04,308,714,318,24,13,0
1726,69.04,310,724,242,20,14,0
1726,69.04,311,3,130,21,34,0
1726,69.04,312,94,635,34,13,0
1726,69.04,313,733,182,25,32,0
1726,69.04,314,734,214,8,17,0
1726,69.04,315,742,124,26,24,0
1726,69.04,316,748,160,16,15,0
1726,69.04,317,880,240,16,16,0
1726,69.04,318,1120,306,15,14,0
1726,69.04,319,1188,117,17,26,0
1726,69.04,320,651,234,28,16,0
1727,69.08,32,924,496,20,16,0
1727,69.08,36,66,513,15,17,0
1727,69.08,42,28,525,12,26,0
1727,69.08,46,128,588,16,24,0
1727,69.08,49,160,355,14,25,0
1727,69.08,61,935,480,14,16,0
1727,69.08,67,69,323,48,129,0
1727,69.08,107,727,108,43,36,0
1727,69.08,112,587,228,93,23,0
1727,69.08,148,1267,296,13,40,0
1727,69.08,160,1175,89,85,175,0
1727,69.08,171,84,216,492,70,0
1727,69.08,206,461,441,27,25,0
1727,69.08,210,658,286,148,166,0
1727,69.08,219,102,297,16,33,0
1727,69.08,231,24,112,28,50,0
1727,69.08,245,624,49,64,70,0
1727,69.08,250,1199,668,81,52,0
1727,69.08,254,0,237,27,11,0
1727,69.08,268,667,203,18,30,0
1727,69.08,274,0,53,26,42,0
1727,69.08,276,696,199,16,33,0
1727,69.08,282,645,196,26,25,0
1727,69.08,288,56,32,50,57,0
1727,69.08,290,709,291,13,19,0
1727,69.08,297,43,558,135,93,0
1727,69.08,298,118,253,50,28,0
1727,69.08,299,60,405,11,24,0
1727,69.08,300,169,342,12,14,0
1727,69.08,303,714,298,39,31,0
1727,69.08,304,760,182,20,49,0
1727,69.08,310,717,245,30,12,0
1727,69.08,311,0,114,24,66,0
1727,69.08,312,160,585,9,23,0
1727,69.08,313,734,155,32,105,0
1727,69.08,314,724,224,15,17,0
1727,69.08,315,716,114,24,30,0
1727,69.08,316,761,148,17,30,0
1727,69.08,317,903,237,9,19,0
1727,69.08,318,1120,306,14,14,0
1727,69.08,321,12,528,10,16,0
1727,69.08,322,31,90,17,13,0
1727,69.08,323,48,494,32,67,0
1727,69.08,324,184,298,21,19,0
1727,69.08,325,224,57,16,15,0
1727,69.08,326,236,58,16,10,0
1727,69.08,327,441,311,24,15,0
1727,69.08,328,783,52,18,18,0
1727,69.08,329,1147,692,45,9,0
1727,69.08,330,1160,698,48,8,0
1727,69.08,331,1271,75,9,21,0
1728,69.12,32,924,496,20,16,0
1728,69.12,36,66,513,15,17,0
1728,69.12,42,28,525,12,26,0
1728,69.12,46,160,585,9,23,0
1728,69.12,49,160,355,14,25,0
1728,69.12,61,935,480,14,16,0
1728,69.12,67,69,323,48,129,0
1728,69.12,107,727,108,43,36,0
1728,69.12,112,587,228,93,23,0
1728,69.12,148,1267,296,13,40,0
1728,69.12,160,1175,89,85,175,0
1728,69.12,171,84,216,492,70,0
1728,69.12,206,461,441,27,25,0
1728,69.12,210,659,278,150,159,0
1728,69.12,219,102,297,16,33,0
1728,69.12,231,24,112,28,50,0
1728,69.12,245,624,49,64,70,0
1728,69.12,250,1199,668,81,52,0
1728,69.12,254,0,237,27,11,0
1728,69.12,268,667,203,18,30,0
1728,69.12,274,0,53,26,42,0
1728,69.12,276,696,199,16,33,0
1728,69.12,282,645,196,26,25,0
1728,69.12,288,56,32,50,57,0
1728,69.12,290,709,291,14,19,0
1728,69.12,297,128,588,16,24,0
1728,69.12,298,118,253,50,28,0
1728,69.12,299,60,405,11,24,0
1728,69.12,300,169,342,12,14,0
1728,69.12,304,760,182,20,49,0
1728,69.12,310,717,245,30,12,0
1728,69.12,311,0,114,24,66,0
1728,69.12,313,734,155,32,105,0
1728,69.12,314,724,224,15,17,0
1728,69.12,315,716,114,24,30,0
1728,69.12,316,761,148,17,30,0
1728,69.12,317,903,237,9,19,0
1728,69.12,318,1120,306,14,14,0
1728,69.12,321,12,528,10,16,0
1728,69.12,322,31,90,17,13,0
1728,69.12,323,48,494,32,67,0
1728,69.12,324,184,298,21,19,0
1728,69.12,325,224,57,16,15,0
1728,69.12,326,236,58,16,10,0
1728,69.12,327,441,311,24,15,0
1728,69.12,328,783,52,18,18,0
1728,69.12,329,1147,692,45,9,0
1728,69.12,330,1160,698,48,8,0
1728,69.12,331,1271,75,9,21,0
1728,69.12,332,43,558,135,93,0
1729,69.16,32,924,496,20,16,0
1729,69.16,36,66,513,15,17,0
1729,69.16,42,28,525,12,26,0
1729,69.16,46,128,588,16,24,0
1729,69.16,49,160,355,14,25,0
1729,69.16,61,935,480,14,16,0
1729,69.16,67,69,323,48,129,0
1729,69.16,107,727,108,43,36,0
1729,69.16,112,587,228,93,23,0
1729,69.16,148,1267,296,13,40,0
1729,69.16,160,1175,89,85,175,0
1729,69.16,171,84,216,492,70,0
1729,69.16,206,461,441,27,25,0
1729,69.16,210,659,272,149,151,0
1729,69.16,219,102,297,16,33,0
1729,69.16,231,24,112,28,50,0
1729,69.16,245,624,49,64,70,0
1729,69.16,250,1199,668,81,52,0
1729,69.16,254,0,237,27,11,0
1729,69.16,268,667,203,18,30,0
1729,69.16,274,0,53,26,42,0
1729,69.16,276,696,199,16,33,0
1729,69.16,282,645,196,26,25,0
1729,69.16,288,56,32,50,57,0
1729,69.16,290,703,291,18,27,0
1729,69.16,297,160,585,9,23,0
1729,69.16,298,118,253,50,28,0
1729,69.16,299,60,405,11,24,0
1729,69.16,300,169,342,12,14,0
1729,69.16,304,760,182,20,49,0
1729,69.16,310,717,245,30,12,0
1729,69.16,311,0,114,24,66,0
1729,69.16,313,734,155,32,105,0
1729,69.16,314,724,224,15,17,0
1729,69.16,315,716,114,24,30,0
1729,69.16,316,761,148,17,30,0
1729,69.16,317,903,237,9,19,0
1729,69.16,318,1120,306,14,14,0
1729,69.16,321,12,528,10,16,0
1729,69.16,322,31,90,17,13,0
1729,69.16,323,48,494,32,67,0
1729,69.16,324,184,298,21,19,0
1729,69.16,325,224,57,16,15,0
1729,69.16,326,236,58,16,10,0
1729,69.16,327,441,311,24,15,0
1729,69.16,328,783,52,18,18,0
1729,69.16,329,1147,692,45,9,0
1729,69.16,330,1160,698,48,8,0
1729,69.16,331,1271,75,9,21,0
1729,69.16,332,43,558,135,94,0
1730,69.2,32,924,496,20,16,0
1730,69.2,36,66,513,15,17,0
1730,69.2,42,28,525,12,26,0
1730,69.2,46,128,588,16,24,0
1730,69.2,49,160,355,14,25,0
1730,69.2,61,935,480,14,16,0
1730,69.2,67,69,323,48,129,0
1730,69.2,107,716,108,54,36,0
1730,69.2,112,587,228,93,23,0
1730,69.2,148,1267,296,13,40,0
1730,69.2,160,1175,89,85,175,0
1730,69.2,171,84,216,492,70,0
1730,69.2,206,461,441,27,25,0
1730,69.2,210,660,266,151,146,0
1730,69.2,219,102,297,16,33,0
1730,69.2,231,24,104,28,58,0
1730,69.2,245,622,49,66,70,0
1730,69.2,250,1199,668,81,52,0
1730,69.2,254,0,237,27,11,0
1730,69.2,268,667,203,18,30,0
1730,69.2,274,0,53,26,42,0
1730,69.2,276,696,199,16,34,0
1730,69.2,282,645,196,26,25,0
1730,69.2,288,56,32,50,57,0
1730,69.2,290,709,291,12,19,0
1730,69.2,297,160,585,9,23,0
1730,69.2,298,118,253,50,28,0
1730,69.2,299,60,405,11,24,0
1730,69.2,300,169,342,12,14,0
1730,69.2,304,760,182,20,49,0
1730,69.2,308,717,293,20,19,0
1730,69.2,310,717,245,30,12,0
1730,69.2,311,0,114,24,66,0
1730,69.2,313,734,156,32,104,0
1730,69.2,314,724,224,15,17,0
1730,69.2,316,761,148,17,30,0
1730,69.2,318,1120,306,14,14,0
1730,69.2,321,12,528,10,16,0
1730,69.2,322,31,90,18,13,0
1730,69.2,323,48,494,32,67,0
1730,69.2,324,184,298,21,19,0
1730,69.2,326,236,58,16,10,0
1730,69.2,327,441,311,24,15,0
1730,69.2,328,783,52,18,18,0
1730,69.2,329,1147,692,45,9,0
1730,69.2,330,1160,698,48,8,0
1730,69.2,331,1271,75,9,21,0
1730,69.2,332,43,558,135,94,0
1730,69.2,333,108,259,13,21,0
1731,69.24,32,924,496,12,16,0
1731,69.24,36,66,513,15,17,0
1731,69.24,42,28,525,12,26,0
1731,69.24,49,160,355,14,25,0
1731,69.24,61,935,480,14,16,0
1731,69.24,67,69,323,48,129,0
1731,69.24,107,716,108,54,36,0
1731,69.24,112,587,228,93,23,0
1731,69.24,148,1267,296,13,40,0
1731,69.24,160,1175,89,85,175,0
1731,69.24,171,84,216,492,70,0
1731,69.24,206,461,441,27,25,0
1731,69.24,210,658,259,156,155,0
1731,69.24,219,102,297,16,33,0
1731,69.24,231,24,104,28,58,0
1731,69.24,245,623,49,65,70,0
1731,69.24,250,1199,668,81,52,0
1731,69.24,254,0,237,27,11,0
1731,69.24,268,667,203,18,30,0
1731,69.24,274,0,60,26,35,0
1731,69.24,276,696,199,16,34,0
1731,69.24,282,645,196,26,25,0
1731,69.24,288,56,32,50,57,0
1731,69.24,297,160,585,9,23,0
1731,69.24,298,118,253,50,28,0
1731,69.24,299,60,405,11,24,0
1731,69.24,300,169,342,12,14,0
1731,69.24,304,760,182,20,49,0
1731,69.24,310,717,245,30,12,0
1731,69.24,311,0,114,24,66,0
1731,69.24,313,734,156,32,104,0
1731,69.24,314,724,224,15,17,0
1731,69.24,316,761,148,17,30,0
1731,69.24,318,1120,306,14,14,0
1731,69.24,321,12,528,10,16,0
1731,69.24,322,31,90,17,12,0
1731,69.24,323,48,494,32,67,0
1731,69.24,324,184,298,21,19,0
1731,69.24,326,236,58,16,10,0
1731,69.24,327,441,311,24,15,0
1731,69.24,328,783,52,18,18,0
1731,69.24,329,1147,692,45,9,0
1731,69.24,330,1160,698,48,8,0
1731,69.24,331,1271,75,9,21,0
1731,69.24,332,43,558,135,94,0
1731,69.24,333,108,259,13,21,0
1732,69.28,32,924,496,12,16,0
1732,69.28,36,66,513,15,17,0
1732,69.28,42,28,525,12,26,0
1732,69.28,46,128,588,16,24,0
1732,69.28,49,160,355,14,25,0
1732,69.28,61,935,480,14,16,0
1732,69.28,67,69,323,48,129,0
1732,69.28,107,716,108,54,36,0
1732,69.28,112,587,228,93,23,0
1732,69.28,148,1267,296,13,40,0
1732,69.28,160,1175,89,85,175,0
1732,69.28,171,84,216,492,70,0
1732,69.28,206,461,441,27,25,0
1732,69.28,210,663,253,153,161,0
1732,69.28,219,102,297,16,33,0
1732,69.28,231,24,104,28,58,0
1732,69.28,245,622,49,66,70,0
1732,69.28,250,1199,668,81,52,0
1732,69.28,254,0,237,27,11,0
1732,69.28,268,667,203,18,30,0
1732,69.28,274,0,60,26,35,0
1732,69.28,276,696,199,16,34,0
1732,69.28,282,645,196,26,25,0
1732,69.28,288,56,32,50,57,0
1732,69.28,297,160,585,9,23,0
1732,69.28,298,118,253,50,28,0
1732,69.28,299,60,405,11,24,0
1732,69.28,300,169,342,12,14,0
1732,69.28,304,760,182,20,49,0
1732,69.28,310,717,245,30,12,0
1732,69.28,311,0,114,24,66,0
1732,69.28,313,734,156,32,104,0
1732,69.28,314,724,224,15,17,0
1732,69.28,316,761,148,17,30,0
1732,69.28,318,1120,306,14,14,0
1732,69.28,321,12,528,10,16,0
1732,69.28,322,31,90,18,12,0
1732,69.28,323,48,494,32,67,0
1732,69.28,324,184,298,21,19,0
1732,69.28,326,236,58,16,10,0
1732,69.28,327,441,311,24,15,0
1732,69.28,328,783,52,18,18,0
1732,69.28,329,1147,692,45,9,0
1732,69.28,330,1160,698,48,8,0
1732,69.28,331,1271,75,9,21,0
1732,69.28,332,43,558,135,94,0
1732,69.28,333,108,259,13,21,0
1733,69.32,32,924,496,12,16,0
1733,69.32,36,66,513,15,17,0
1733,69.32,42,28,525,12,26,0
1733,69.32,46,128,588,16,24,0
1733,69.32,49,160,355,14,25,0
1733,69.32,61,935,480,14,16,0
1733,69.32,67,69,323,48,129,0
1733,69.32,107,727,108,44,36,0
1733,69.32,112,587,228,93,23,0
1733,69.32,148,1267,296,13,40,0
1733,69.32,160,1175,89,85,175,0
1733,69.32,171,84,216,492,70,0
1733,69.32,206,461,441,27,25,0
1733,69.32,210,664,247,152,167,0
1733,69.32,219,102,297,16,33,0
1733,69.32,231,24,104,28,58,0
1733,69.32,245,622,49,66,70,0
1733,69.32,250,1199,668,81,52,0
1733,69.32,254,0,237,27,11,0
1733,69.32,268,667,203,18,30,0
1733,69.32,274,0,60,25,35,0
1733,69.32,276,696,199,16,34,0
1733,69.32,282,645,196,26,25,0
1733,69.32,288,56,32,50,57,0
1733,69.32,290,736,270,21,9,0
1733,69.32,297,160,585,9,24,0
1733,69.32,298,118,253,50,28,0
1733,69.32,299,60,405,11,24,0
1733,69.32,300,169,342,12,14,0
1733,69.32,304,760,182,20,49,0
1733,69.32,308,722,273,15,21,0
1733,69.32,310,717,245,30,12,0
1733,69.32,311,0,114,24,66,0
1733,69.32,313,734,156,32,104,0
1733,69.32,314,724,224,15,17,0
1733,69.32,315,716,114,12,23,0
1733,69.32,316,761,148,17,30,0
1733,69.32,318,1120,306,14,14,0
1733,69.32,321,12,528,10,16,0
1733,69.32,322,31,90,17,12,0
1733,69.32,323,48,494,32,67,0
1733,69.32,324,184,298,21,19,0
1733,69.32,326,236,58,16,10,0
1733,69.32,327,441,311,24,15,0
1733,69.32,328,783,52,18,18,0
1733,69.32,329,1147,692,45,9,0
1733,69.32,330,1160,698,48,8,0
1733,69.32,331,1271,75,9,21,0
1733,69.32,332,43,558,135,94,0
1733,69.32,333,108,259,13,21,0
1734,69.36,32,924,496,12,16,0
1734,69.36,36,66,513,15,17,0
1734,69.36,42,28,525,12,26,0
1734,69.36,46,128,588,16,24,0
1734,69.36,49,160,355,14,25,0
1734,69.36,61,935,480,14,16,0
1734,69.36,67,69,323,48,129,0
1734,69.36,107,727,108,44,36,0
1734,69.36,112,587,228,93,23,0
1734,69.36,148,1267,296,13,40,0
1734,69.36,160,1175,89,85,175,0
1734,69.36,171,84,216,492,70,0
1734,69.36,206,461,441,27,25,0
1734,69.36,210,664,243,152,170,0
1734,69.36,219,102,297,16,33,0
1734,69.36,231,24,104,28,58,0
1734,69.36,245,622,49,66,70,0
1734,69.36,250,1199,668,81,52,0
1734,69.36,254,0,237,27,11,0
1734,69.36,268,667,203,18,30,0
1734,69.36,274,0,60,25,35,0
1734,69.36,276,696,199,16,34,0
1734,69.36,282,645,196,26,25,0
1734,69.36,288,56,32,50,57,0
1734,69.36,297,160,585,9,23,0
1734,69.36,298,118,253,50,28,0
1734,69.36,299,60,405,11,24,0
1734,69.36,300,169,342,12,14,0
1734,69.36,304,760,182,20,49,0
1734,69.36,310,717,245,30,12,0
1734,69.36,311,0,114,24,66,0
1734,69.36,313,734,156,33,105,0
1734,69.36,314,724,224,15,17,0
1734,69.36,315,716,114,12,23,0
1734,69.36,316,761,148,17,30,0
1734,69.36,318,1120,306,14,14,0
1734,69.36,321,12,528,10,16,0
1734,69.36,322,31,90,17,12,0
1734,69.36,323,48,494,32,67,0
1734,69.36,324,184,298,21,19,0
1734,69.36,326,236,58,16,10,0
1734,69.36,327,441,311,24,15,0
1734,69.36,328,783,52,18,18,0
1734,69.36,329,1147,692,45,9,0
1734,69.36,330,1160,698,48,8,0
1734,69.36,331,1271,75,9,21,0
1734,69.36,332,43,558,135,94,0
1734,69.36,333,108,259,13,21,0
1735,69.4,32,924,496,12,16,0
1735,69.4,36,66,513,15,17,0
1735,69.4,42,28,525,12,26,0
1735,69.4,46,128,588,16,24,0
1735,69.4,49,160,355,14,25,0
1735,69.4,61,935,480,14,16,0
1735,69.4,67,69,323,48,129,0
1735,69.4,107,727,108,43,36,0
1735,69.4,112,587,228,93,23,0
1735,69.4,148,1267,296,13,40,0
1735,69.4,160,1175,89,85,175,0
1735,69.4,171,84,216,492,70,0
1735,69.4,206,461,441,27,25,0
1735,69.4,210,663,239,153,173,0
1735,69.4,219,102,297,16,33,0
1735,69.4,231,24,104,28,58,0
1735,69.4,245,622,49,66,70,0
1735,69.4,250,1199,668,81,52,0
1735,69.4,254,0,237,27,11,0
1735,69.4,268,667,203,18,30,0
1735,69.4,274,0,60,25,35,0
1735,69.4,276,696,199,16,34,0
1735,69.4,282,645,196,26,25,0
1735,69.4,288,56,32,50,57,0
1735,69.4,297,160,585,9,23,0
1735,69.4,298,118,253,50,28,0
1735,69.4,299,60,405,11,24,0
1735,69.4,300,169,342,12,14,0
1735,69.4,304,760,182,20,49,0
1735,69.4,310,717,245,30,12,0
1735,69.4,311,0,114,24,66,0
1735,69.4,313,734,156,33,104,0
1735,69.4,314,724,224,15,17,0
1735,69.4,315,716,114,12,23,0
1735,69.4,316,761,148,17,30,0
1735,69.4,318,1120,306,14,14,0
1735,69.4,321,12,528,10,16,0
1735,69.4,322,31,90,17,12,0
1735,69.4,323,48,494,32,67,0
1735,69.4,324,184,298,21,19,0
1735,69.4,326,236,58,16,10,0
1735,69.4,327,441,311,24,15,0
1735,69.4,328,783,52,18,18,0
1735,69.4,329,1147,692,45,9,0
1735,69.4,330,1160,698,48,8,0
1735,69.4,331,1271,75,9,21,0
1735,69.4,332,43,558,135,94,0
1735,69.4,333,108,259,13,21,0
1736,69.44,32,924,496,12,16,0
1736,69.44,36,66,513,15,17,0
1736,69.44,42,28,525,12,26,0
1736,69.44,46,128,588,16,24,0
1736,69.44,49,160,355,14,25,0
1736,69.44,61,935,480,14,16,0
1736,69.44,67,69,323,48,129,0
1736,69.44,107,727,108,44,36,0
1736,69.44,112,587,228,93,23,0
1736,69.44,148,1267,296,13,40,0
1736,69.44,160,1175,89,85,175,0
1736,69.44,171,84,216,492,70,0
1736,69.44,206,461,441,27,25,0
1736,69.44,219,102,297,16,33,0
1736,69.44,231,24,104,28,58,0
1736,69.44,245,622,49,66,70,0
1736,69.44,250,1199,668,81,52,0
1736,69.44,254,0,237,27,11,0
1736,69.44,268,667,203,18,30,0
1736,69.44,274,0,60,25,35,0
1736,69.44,276,696,199,16,34,0
1736,69.44,282,645,196,26,25,0
1736,69.44,288,56,32,50,57,0
1736,69.44,297,160,585,9,23,0
1736,69.44,298,118,253,50,28,0
1736,69.44,299,60,405,11,24,0
1736,69.44,300,169,342,12,14,0
1736,69.44,304,760,182,20,49,0
1736,69.44,308,664,156,152,255,0
1736,69.44,311,0,114,24,66,0
1736,69.44,314,724,224,15,17,0
1736,69.44,315,716,114,12,23,0
1736,69.44,316,761,148,17,30,0
1736,69.44,318,1120,306,14,14,0
1736,69.44,321,12,528,10,16,0
1736,69.44,322,31,90,17,12,0
1736,69.44,323,48,494,32,67,0
1736,69.44,324,184,298,21,19,0
1736,69.44,326,236,58,16,10,0
1736,69.44,327,441,311,24,15,0
1736,69.44,328,783,52,18,18,0
1736,69.44,329,1147,692,45,9,0
1736,69.44,330,1160,698,48,8,0
1736,69.44,331,1271,75,9,21,0
1736,69.44,332,43,558,135,94,0
1736,69.44,333,108,259,13,21,0
1737,69.48,32,924,496,12,16,0
1737,69.48,36,66,513,15,17,0
1737,69.48,42,28,525,12,26,0
1737,69.48,46,128,588,16,24,0
1737,69.48,49,160,355,14,25,0
1737,69.48,61,935,480,14,16,0
1737,69.48,67,69,323,48,129,0
1737,69.48,107,727,108,44,36,0
1737,69.48,112,587,228,93,23,0
1737,69.48,148,1267,296,13,40,0
1737,69.48,160,1175,89,85,175,0
1737,69.48,171,84,216,492,70,0
1737,69.48,206,461,441,27,25,0
1737,69.48,219,102,297,16,33,0
1737,69.48,231,24,104,28,58,0
1737,69.48,245,622,49,66,70,0
1737,69.48,250,1199,668,81,52,0
1737,69.48,254,0,237,27,11,0
1737,69.48,268,667,203,18,30,0
1737,69.48,274,0,60,25,35,0
1737,69.48,276,696,199,16,33,0
1737,69.48,282,645,196,26,25,0
1737,69.48,288,56,32,50,57,0
1737,69.48,297,160,585,9,24,0
1737,69.48,298,118,253,50,28,0
1737,69.48,299,60,405,11,24,0
1737,69.48,300,169,342,12,14,0
1737,69.48,304,760,182,20,49,0
1737,69.48,308,665,156,153,253,0
1737,69.48,311,0,114,24,66,0
1737,69.48,314,724,224,15,17,0
1737,69.48,315,716,114,12,23,0
1737,69.48,316,761,148,17,30,0
1737,69.48,318,1120,306,14,14,0
1737,69.48,321,12,528,10,16,0
1737,69.48,322,31,90,17,12,0
1737,69.48,323,48,493,32,68,0
1737,69.48,324,184,298,21,19,0
1737,69.48,326,236,58,16,10,0
1737,69.48,327,441,311,24,15,0
1737,69.48,328,783,52,18,18,0
1737,69.48,329,1147,692,45,9,0
1737,69.48,330,1160,698,48,8,0
1737,69.48,331,1271,75,9,21,0
1737,69.48,332,43,558,135,94,0
1737,69.48,333,108,259,13,21,0
1738,69.52,32,924,496,12,16,0
1738,69.52,36,66,513,15,17,0
1738,69.52,42,28,525,12,26,0
1738,69.52,46,128,588,16,24,0
1738,69.52,49,160,355,14,25,0
1738,69.52,61,935,480,14,16,0
1738,69.52,67,69,323,48,129,0
1738,69.52,107,727,108,44,36,0
1738,69.52,112,587,228,93,23,0
1738,69.52,148,1267,296,13,40,0
1738,69.52,160,1175,89,85,175,0
1738,69.52,171,84,216,492,70,0
1738,69.52,206,461,441,27,25,0
1738,69.52,219,102,297,16,33,0
1738,69.52,231,24,104,28,58,0
1738,69.52,245,622,49,66,70,0
1738,69.52,250,1199,668,81,52,0
1738,69.52,254,0,237,27,11,0
1738,69.52,268,667,203,18,30,0
1738,69.52,274,0,60,25,35,0
1738,69.52,276,696,199,16,33,0
1738,69.52,282,645,196,26,25,0
1738,69.52,288,56,32,50,57,0
1738,69.52,297,160,585,9,24,0
1738,69.52,298,118,253,50,28,0
1738,69.52,299,60,405,11,24,0
1738,69.52,300,169,342,12,14,0
1738,69.52,304,760,182,20,49,0
1738,69.52,308,669,156,151,248,0
1738,69.52,311,0,114,24,66,0
1738,69.52,314,724,224,15,17,0
1738,69.52,315,716,114,12,23,0
1738,69.52,316,761,148,17,30,0
1738,69.52,318,1120,306,14,14,0
1738,69.52,321,12,528,10,16,0
1738,69.52,322,31,90,17,12,0
1738,69.52,323,48,493,32,68,0
1738,69.52,324,184,298,21,19,0
1738,69.52,326,236,58,16,10,0
1738,69.52,327,441,311,24,15,0
1738,69.52,328,783,53,18,17,0
1738,69.52,329,1147,692,45,9,0
1738,69.52,330,1160,698,48,8,0
1738,69.52,331,1271,75,9,21,0
1738,69.52,332,43,558,135,94,0
1738,69.52,333,108,259,13,21,0
1739,69.56,32,924,496,12,16,0
1739,69.56,36,66,513,15,17,0
1739,69.56,42,28,525,12,26,0
1739,69.56,46,128,588,16,24,0
1739,69.56,49,160,355,14,25,0
1739,69.56,61,935,480,14,16,0
1739,69.56,67,69,323,48,129,0
1739,69.56,107,727,108,44,36,0
1739,69.56,112,587,228,93,23,0
1739,69.56,148,1267,296,13,40,0
1739,69.56,160,1175,89,85,175,0
1739,69.56,171,84,216,492,70,0
1739,69.56,206,461,441,27,25,0
1739,69.56,210,695,286,13,18,0
1739,69.56,219,102,297,16,33,0
1739,69.56,231,24,104,28,58,0
1739,69.56,245,622,49,66,70,0
1739,69.56,250,1199,668,81,52,0
1739,69.56,254,0,237,27,11,0
1739,69.56,263,748,156,19,23,0
1739,69.56,268,667,203,18,30,0
1739,69.56,274,0,60,25,35,0
1739,69.56,276,696,199,16,34,0
1739,69.56,282,645,196,26,25,0
1739,69.56,288,56,32,50,57,0
1739,69.56,297,160,585,9,24,0
1739,69.56,298,118,253,50,28,0
1739,69.56,299,60,405,11,24,0
1739,69.56,300,169,342,12,14,0
1739,69.56,304,760,182,20,48,0
1739,69.56,307,682,219,140,171,0
1739,69.56,311,0,114,24,66,0
1739,69.56,313,717,156,52,100,0
1739,69.56,315,716,114,12,23,0
1739,69.56,316,761,148,17,30,0
1739,69.56,318,1120,306,14,14,0
1739,69.56,321,12,528,10,16,0
1739,69.56,322,31,90,17,12,0
1739,69.56,323,48,493,32,68,0
1739,69.56,324,184,298,21,19,0
1739,69.56,326,236,58,16,10,0
1739,69.56,327,441,311,24,15,0
1739,69.56,328,783,53,19,17,0
1739,69.56,329,1147,692,45,9,0
1739,69.56,330,1160,698,48,8,0
1739,69.56,331,1271,75,9,21,0
1739,69.56,332,43,558,135,94,0
1739,69.56,333,108,259,13,21,0
1740,69.6,32,924,496,12,16,0
1740,69.6,36,66,513,15,17,0
1740,69.6,42,28,525,12,26,0
1740,69.6,46,128,588,16,24,0
1740,69.6,49,160,355,14,25,0
1740,69.6,61,935,480,14,16,0
1740,69.6,67,69,323,48,129,0
1740,69.6,107,727,108,44,36,0
1740,69.6,112,587,229,93,22,0
1740,69.6,148,1267,296,13,40,0
1740,69.6,160,1175,89,85,175,0
1740,69.6,171,84,216,492,70,0
1740,69.6,206,461,441,27,25,0
1740,69.6,210,695,286,9,18,0
1740,69.6,219,102,297,16,33,0
1740,69.6,231,24,104,28,58,0
1740,69.6,245,622,49,66,70,0
1740,69.6,250,1199,668,81,52,0
1740,69.6,254,0,237,27,11,0
1740,69.6,268,667,203,18,30,0
1740,69.6,274,0,60,25,35,0
1740,69.6,276,696,199,16,34,0
1740,69.6,282,645,196,26,25,0
1740,69.6,288,56,32,50,57,0
1740,69.6,297,160,585,9,24,0
1740,69.6,298,118,253,50,28,0
1740,69.6,299,60,405,11,24,0
1740,69.6,300,169,342,12,14,0
1740,69.6,308,693,156,133,223,0
1740,69.6,311,0,114,24,66,0
1740,69.6,315,716,114,12,23,0
1740,69.6,316,761,148,17,30,0
1740,69.6,318,1120,306,14,14,0
1740,69.6,321,12,528,10,16,0
1740,69.6,322,31,90,17,12,0
1740,69.6,323,48,493,32,68,0
1740,69.6,324,184,298,21,19,0
1740,69.6,326,236,58,16,10,0
1740,69.6,327,441,311,24,15,0
1740,69.6,328,783,53,18,17,0
1740,69.6,329,1147,692,45,9,0
1740,69.6,330,1160,698,48,8,0
1740,69.6,331,1271,75,9,21,0
1740,69.6,332,43,558,135,94,0
1740,69.6,333,108,259,13,21,0
1741,69.64,32,924,496,12,16,0
1741,69.64,36,66,513,15,17,0
1741,69.64,42,28,525,12,26,0
1741,69.64,46,128,588,16,24,0
1741,69.64,49,160,355,14,25,0
1741,69.64,61,935,480,14,16,0
1741,69.64,67,69,323,48,129,0
1741,69.64,107,727,108,44,36,0
1741,69.64,112,587,228,93,23,0
1741,69.64,148,1267,296,13,40,0
1741,69.64,160,1175,89,85,175,0
1741,69.64,171,84,216,492,70,0
1741,69.64,206,461,441,27,25,0
1741,69.64,210,695,286,10,18,0
1741,69.64,219,102,297,16,33,0
1741,69.64,231,24,104,28,58,0
1741,69.64,245,622,49,66,70,0
1741,69.64,250,1199,668,81,52,0
1741,69.64,254,0,237,27,11,0
1741,69.64,263,734,148,44,83,0
1741,69.64,268,667,203,18,30,0
1741,69.64,274,0,60,25,35,0
1741,69.64,276,696,199,16,34,0
1741,69.64,282,645,196,26,25,0
1741,69.64,288,56,32,50,57,0
1741,69.64,297,160,585,9,24,0
1741,69.64,298,118,253,50,28,0
1741,69.64,299,60,405,11,24,0
1741,69.64,300,169,342,12,14,0
1741,69.64,304,760,182,20,45,0
1741,69.64,307,698,207,135,163,0
1741,69.64,310,701,305,10,13,0
1741,69.64,311,0,114,24,66,0
1741,69.64,315,716,114,12,23,0
1741,69.64,318,1120,306,14,14,0
1741,69.64,321,12,528,10,16,0
1741,69.64,322,31,90,17,12,0
1741,69.64,323,48,493,32,68,0
1741,69.64,324,184,298,21,19,0
1741,69.64,326,236,58,16,10,0
1741,69.64,327,441,311,24,15,0
1741,69.64,328,783,53,18,17,0
1741,69.64,329,1147,692,45,9,0
1741,69.64,330,1160,698,48,8,0
1741,69.64,331,1271,75,9,21,0
1741,69.64,332,43,558,135,94,0
1741,69.64,333,108,259,13,21,0
1742,69.68,32,924,496,12,16,0
1742,69.68,36,66,513,15,17,0
1742,69.68,42,28,525,12,26,0
1742,69.68,46,128,588,16,24,0
1742,69.68,49,160,355,14,25,0
1742,69.68,61,935,480,14,16,0
1742,69.68,67,69,323,48,129,0
1742,69.68,107,727,108,44,36,0
1742,69.68,112,587,228,93,23,0
1742,69.68,148,1267,296,13,40,0
1742,69.68,160,1175,89,85,175,0
1742,69.68,171,84,216,492,70,0
1742,69.68,206,461,441,27,25,0
1742,69.68,210,695,286,10,18,0
1742,69.68,219,102,297,16,33,0
1742,69.68,231,24,104,28,58,0
1742,69.68,245,622,49,66,70,0
1742,69.68,250,1199,668,81,52,0
1742,69.68,254,0,237,27,11,0
1742,69.68,268,667,203,18,30,0
1742,69.68,274,0,60,25,35,0
1742,69.68,276,696,199,16,34,0
1742,69.68,282,645,196,26,25,0
1742,69.68,288,56,32,50,57,0
1742,69.68,297,160,585,9,24,0
1742,69.68,298,118,253,50,28,0
1742,69.68,299,60,405,11,24,0
1742,69.68,300,169,342,12,14,0
1742,69.68,308,699,153,139,205,0
1742,69.68,310,701,305,10,13,0
1742,69.68,311,0,114,24,66,0
1742,69.68,315,716,114,12,23,0
1742,69.68,316,761,148,17,30,0
1742,69.68,318,1120,306,14,14,0
1742,69.68,321,12,528,10,16,0
1742,69.68,322,31,90,17,12,0
1742,69.68,323,48,493,32,68,0
1742,69.68,324,184,298,21,19,0
1742,69.68,326,236,58,16,10,0
1742,69.68,327,441,311,24,15,0
1742,69.68,328,783,53,18,17,0
1742,69.68,329,1147,692,45,9,0
1742,69.68,330,1160,698,48,8,0
1742,69.68,331,1271,75,9,21,0
1742,69.68,332,43,558,135,94,0
1742,69.68,333,108,259,13,21,0
1743,69.72,32,924,496,12,16,0
1743,69.72,36,66,513,15,17,0
1743,69.72,42,28,525,12,26,0
1743,69.72,46,128,588,16,24,0
1743,69.72,49,160,355,14,25,0
1743,69.72,61,935,480,14,16,0
1743,69.72,67,69,323,48,129,0
1743,69.72,107,727,108,44,36,0
1743,69.72,112,587,228,93,23,0
1743,69.72,148,1267,296,13,40,0
1743,69.72,160,1175,89,85,175,0
1743,69.72,171,84,216,492,70,0
1743,69.72,206,461,441,27,25,0
1743,69.72,210,695,286,10,18,0
1743,69.72,219,102,297,16,33,0
1743,69.72,231,24,104,28,58,0
1743,69.72,245,622,49,66,70,0
1743,69.72,250,1199,668,81,52,0
1743,69.72,254,0,237,27,11,0
1743,69.72,268,667,203,18,30,0
1743,69.72,274,0,60,25,35,0
1743,69.72,276,696,199,16,34,0
1743,69.72,282,645,196,26,25,0
1743,69.72,288,56,32,50,57,0
1743,69.72,297,160,585,9,24,0
1743,69.72,298,118,253,50,28,0
1743,69.72,299,60,405,11,24,0
1743,69.72,300,169,342,12,14,0
1743,69.72,308,699,156,140,193,0
1743,69.72,310,701,305,10,13,0
1743,69.72,311,0,114,24,66,0
1743,69.72,315,716,114,12,23,0
1743,69.72,316,761,148,17,30,0
1743,69.72,318,1120,306,14,14,0
1743,69.72,321,12,528,10,16,0
1743,69.72,322,31,90,17,12,0
1743,69.72,323,48,493,32,68,0
1743,69.72,324,184,298,21,19,0
1743,69.72,326,236,58,16,10,0
1743,69.72,327,441,311,24,15,0
1743,69.72,328,783,53,18,17,0
1743,69.72,329,1147,692,45,9,0
1743,69.72,330,1160,698,48,8,0
1743,69.72,331,1271,75,9,21,0
1743,69.72,332,43,558,135,94,0
1743,69.72,333,108,259,13,21,0
1744,69.76,32,924,496,12,16,0
1744,69.76,36,66,513,15,17,0
1744,69.76,42,28,525,12,26,0
1744,69.76,46,128,588,16,24,0
1744,69.76,49,160,355,14,25,0
1744,69.76,61,935,480,14,16,0
1744,69.76,67,69,323,48,129,0
1744,69.76,107,727,108,44,36,0
1744,69.76,112,587,228,93,23,0
1744,69.76,148,1267,296,13,40,0
1744,69.76,160,1175,89,85,175,0
1744,69.76,171,84,216,492,70,0
1744,69.76,206,461,441,27,25,0
1744,69.76,210,695,286,10,18,0
1744,69.76,219,102,297,16,33,0
1744,69.76,231,24,104,28,58,0
1744,69.76,245,622,49,66,70,0
1744,69.76,250,1199,668,81,52,0
1744,69.76,254,0,237,27,11,0
1744,69.76,268,667,203,18,30,0
1744,69.76,274,0,60,25,35,0
1744,69.76,276,696,199,16,34,0
1744,69.76,282,645,196,26,25,0
1744,69.76,288,56,32,50,57,0
1744,69.76,297,160,585,9,24,0
1744,69.76,298,118,253,50,28,0
1744,69.76,299,60,405,11,24,0
1744,69.76,300,169,342,12,14,0
1744,69.76,308,699,156,141,184,0
1744,69.76,311,0,114,24,66,0
1744,69.76,315,716,114,12,23,0
1744,69.76,316,761,148,17,30,0
1744,69.76,318,1120,306,14,14,0
1744,69.76,321,12,528,10,16,0
1744,69.76,322,31,90,17,12,0
1744,69.76,323,48,493,32,68,0
1744,69.76,324,184,298,21,19,0
1744,69.76,326,236,58,16,10,0
1744,69.76,327,441,311,24,15,0
1744,69.76,328,783,53,18,17,0
1744,69.76,329,1147,692,45,9,0
1744,69.76,330,1160,698,48,8,0
1744,69.76,331,1271,75,9,21,0
1744,69.76,332,43,558,135,94,0
1744,69.76,333,108,259,13,21,0
1745,69.8,32,924,496,12,16,0
1745,69.8,36,66,513,15,17,0
1745,69.8,42,28,525,12,26,0
1745,69.8,46,128,588,16,24,0
1745,69.8,49,160,355,14,25,0
1745,69.8,61,935,480,14,16,0
1745,69.8,67,69,323,48,129,0
1745,69.8,107,727,108,44,36,0
1745,69.8,112,587,229,93,22,0
1745,69.8,148,1267,296,13,40,0
1745,69.8,160,1175,89,85,175,0
1745,69.8,171,84,216,492,70,0
1745,69.8,206,461,441,27,25,0
1745,69.8,210,695,286,10,18,0
1745,69.8,219,102,297,16,33,0
1745,69.8,231,24,104,28,58,0
1745,69.8,245,622,49,66,70,0
1745,69.8,250,1199,668,81,52,0
1745,69.8,254,0,237,27,11,0
1745,69.8,268,667,203,18,30,0
1745,69.8,274,0,60,25,35,0
1745,69.8,276,696,199,16,33,0
1745,69.8,282,645,196,26,25,0
1745,69.8,288,56,32,50,57,0
1745,69.8,297,160,585,9,24,0
1745,69.8,298,118,253,50,28,0
1745,69.8,299,60,405,11,24,0
1745,69.8,300,169,342,12,14,0
1745,69.8,308,699,156,148,181,0
1745,69.8,311,0,114,24,66,0
1745,69.8,314,723,223,11,17,0
1745,69.8,315,716,114,12,23,0
1745,69.8,316,761,148,17,30,0
1745,69.8,318,1120,306,14,14,0
1745,69.8,321,12,528,10,16,0
1745,69.8,322,31,90,17,12,0
1745,69.8,323,48,493,32,68,0
1745,69.8,324,184,298,21,19,0
1745,69.8,326,236,58,16,10,0
1745,69.8,327,441,311,24,15,0
1745,69.8,328,783,53,18,17,0
1745,69.8,329,1147,692,45,9,0
1745,69.8,330,1160,698,48,8,0
1745,69.8,331,1271,75,9,21,0
1745,69.8,332,43,558,135,94,0
1745,69.8,333,108,259,13,21,0
1746,69.84,32,924,496,12,16,0
1746,69.84,36,66,513,15,17,0
1746,69.84,42,28,525,12,26,0
1746,69.84,46,128,588,16,24,0
1746,69.84,49,160,355,14,25,0
1746,69.84,61,935,480,14,16,0
1746,69.84,67,69,323,48,129,0
1746,69.84,107,727,108,44,36,0
1746,69.84,112,587,229,93,22,0
1746,69.84,148,1267,296,13,40,0
1746,69.84,160,1175,89,85,175,0
1746,69.84,171,84,216,492,70,0
1746,69.84,206,461,441,27,25,0
1746,69.84,210,695,286,10,18,0
1746,69.84,219,102,297,16,33,0
1746,69.84,231,24,104,28,58,0
1746,69.84,245,622,49,66,70,0
1746,69.84,250,1199,668,81,52,0
1746,69.84,254,0,237,27,11,0
1746,69.84,268,667,203,18,30,0
1746,69.84,274,0,60,25,35,0
1746,69.84,276,696,199,16,34,0
1746,69.84,282,645,196,26,25,0
1746,69.84,288,56,32,50,57,0
1746,69.84,297,160,585,9,24,0
1746,69.84,298,118,253,50,28,0
1746,69.84,299,60,405,11,24,0
1746,69.84,300,169,342,12,14,0
1746,69.84,308,700,156,150,181,0
1746,69.84,311,0,114,24,66,0
1746,69.84,315,716,114,12,23,0
1746,69.84,316,761,148,17,30,0
1746,69.84,318,1120,306,14,14,0
1746,69.84,321,12,528,10,16,0
1746,69.84,322,31,90,17,12,0
1746,69.84,323,48,493,32,69,0
1746,69.84,324,184,298,21,19,0
1746,69.84,326,236,58,16,10,0
1746,69.84,327,441,311,24,15,0
1746,69.84,328,783,53,18,17,0
1746,69.84,329,1147,692,45,9,0
1746,69.84,330,1160,698,48,8,0
1746,69.84,331,1271,75,9,21,0
1746,69.84,332,43,558,135,94,0
1746,69.84,333,108,259,13,21,0
1747,69.88,32,924,496,12,16,0
1747,69.88,36,66,513,15,17,0
1747,69.88,42,28,525,12,26,0
1747,69.88,46,128,588,16,24,0
1747,69.88,49,160,355,14,25,0
1747,69.88,61,935,480,14,16,0
1747,69.88,67,69,323,48,129,0
1747,69.88,107,727,108,44,36,0
1747,69.88,112,622,230,30,16,0
1747,69.88,148,1267,296,13,40,0
1747,69.88,160,1175,89,85,175,0
1747,69.88,171,84,216,492,70,0
1747,69.88,206,461,441,27,25,0
1747,69.88,219,102,297,16,33,0
1747,69.88,231,24,104,28,58,0
1747,69.88,245,622,49,66,70,0
1747,69.88,250,1199,668,81,52,0
1747,69.88,254,0,237,27,11,0
1747,69.88,268,667,203,18,30,0
1747,69.88,274,0,60,25,35,0
1747,69.88,276,696,199,16,34,0
1747,69.88,282,645,196,26,25,0
1747,69.88,288,56,32,50,57,0
1747,69.88,297,160,585,9,24,0
1747,69.88,298,118,253,50,28,0
1747,69.88,299,60,405,11,24,0
1747,69.88,300,169,342,12,14,0
1747,69.88,308,700,156,154,181,0
1747,69.88,311,0,114,24,66,0
1747,69.88,315,716,114,12,23,0
1747,69.88,316,761,148,17,30,0
1747,69.88,318,1120,306,14,14,0
1747,69.88,320,653,234,27,17,0
1747,69.88,321,12,528,10,16,0
1747,69.88,322,31,90,17,12,0
1747,69.88,323,48,493,32,69,0
1747,69.88,324,184,298,21,19,0
1747,69.88,326,236,58,16,10,0
1747,69.88,327,441,311,24,15,0
1747,69.88,328,783,53,18,17,0
1747,69.88,329,1147,692,45,9,0
1747,69.88,330,1160,698,48,8,0
1747,69.88,331,1271,75,9,21,0
1747,69.88,332,43,558,135,94,0
1747,69.88,333,108,259,13,21,0
1747,69.88,334,587,229,27,7,0
1748,69.92,32,924,496,12,16,0
1748,69.92,36,66,513,15,17,0
1748,69.92,42,28,525,12,26,0
1748,69.92,46,128,588,16,24,0
1748,69.92,49,160,355,14,25,0
1748,69.92,61,935,480,14,16,0
1748,69.92,67,69,323,48,129,0
1748,69.92,107,727,108,44,36,0
1748,69.92,112,622,230,30,16,0
1748,69.92,148,1267,296,13,40,0
1748,69.92,160,1175,89,85,175,0
1748,69.92,171,84,216,492,70,0
1748,69.92,206,461,441,27,25,0
1748,69.92,219,102,297,16,33,0
1748,69.92,231,24,104,28,58,0
1748,69.92,245,622,49,66,70,0
1748,69.92,250,1199,668,81,52,0
1748,69.92,254,0,237,27,11,0
1748,69.92,268,667,203,18,30,0
1748,69.92,274,0,60,25,35,0
1748,69.92,276,696,199,16,34,0
1748,69.92,282,645,196,26,25,0
1748,69.92,288,56,32,50,57,0
1748,69.92,297,160,585,9,24,0
1748,69.92,298,118,253,50,28,0
1748,69.92,299,60,405,11,24,0
1748,69.92,300,169,342,12,14,0
1748,69.92,308,700,156,154,181,0
1748,69.92,311,0,114,24,66,0
1748,69.92,315,716,114,12,23,0
1748,69.92,316,761,148,17,30,0
1748,69.92,318,1120,306,14,14,0
1748,69.92,320,653,234,27,17,0
1748,69.92,321,12,528,10,16,0
1748,69.92,322,31,90,17,12,0
1748,69.92,323,48,493,32,69,0
1748,69.92,324,184,298,21,19,0
1748,69.92,326,236,58,16,10,0
1748,69.92,327,441,311,24,15,0
1748,69.92,328,783,53,18,17,0
1748,69.92,329,1147,692,45,9,0
1748,69.92,330,1160,698,48,8,0
1748,69.92,331,1271,75,9,21,0
1748,69.92,332,43,558,135,94,0
1748,69.92,333,108,259,13,21,0
1748,69.92,334,587,229,27,7,0
1749,69.96,32,924,496,12,16,0
1749,69.96,36,66,513,15,17,0
1749,69.96,42,28,525,12,26,0
1749,69.96,46,128,588,16,24,0
1749,69.96,49,160,355,14,25,0
1749,69.96,61,935,480,14,16,0
1749,69.96,67,69,323,48,129,0
1749,69.96,107,727,108,44,36,0
1749,69.96,112,622,231,30,15,0
1749,69.96,148,1267,296,13,40,0
1749,69.96,160,1175,89,85,175,0
1749,69.96,171,84,216,492,70,0
1749,69.96,206,461,441,27,25,0
1749,69.96,219,102,297,16,33,0
1749,69.96,231,24,104,28,58,0
1749,69.96,245,622,49,66,70,0
1749,69.96,250,1199,668,81,52,0
1749,69.96,254,0,237,27,11,0
1749,69.96,268,667,203,18,30,0
1749,69.96,274,0,60,25,35,0
1749,69.96,276,696,199,16,34,0
1749,69.96,282,645,196,26,25,0
1749,69.96,288,56,32,50,57,0
1749,69.96,297,160,585,9,24,0
1749,69.96,298,118,253,50,28,0
1749,69.96,299,60,405,11,24,0
1749,69.96,300,169,342,12,14,0
1749,69.96,308,700,182,161,155,0
1749,69.96,311,0,114,24,66,0
1749,69.96,313,723,156,41,84,0
1749,69.96,315,716,114,12,23,0
1749,69.96,316,761,148,17,30,0
1749,69.96,318,1120,306,14,14,0
1749,69.96,320,653,234,27,17,0
1749,69.96,321,12,528,10,16,0
1749,69.96,322,31,90,17,12,0
1749,69.96,323,48,493,32,68,0
1749,69.96,324,184,298,21,19,0
1749,69.96,326,236,58,16,10,0
1749,69.96,327,441,311,24,15,0
1749,69.96,328,783,53,18,17,0
1749,69.96,329,1147,692,45,9,0
1749,69.96,330,1160,698,48,8,0
1749,69.96,331,1271,75,9,21,0
1749,69.96,332,43,558,135,94,0
1749,69.96,333,108,259,13,21,0
1749,69.96,334,587,229,27,7,0
1750,70.0,32,924,496,12,16,0
1750,70.0,36,66,513,12,15,0
1750,70.0,42,29,526,10,26,0
1750,70.0,46,128,600,16,10,0
1750,70.0,56,593,97,5,47,0
1750,70.0,61,935,480,14,16,0
1750,70.0,67,70,333,47,120,0
1750,70.0,107,728,108,42,35,0
1750,70.0,112,612,232,32,11,0
1750,70.0,148,1270,304,10,32,0
1750,70.0,160,1175,89,85,175,0
1750,70.0,171,83,215,493,71,0
1750,70.0,206,456,441,32,25,0
1750,70.0,219,102,297,16,31,0
1750,70.0,231,24,108,26,52,0
1750,70.0,245,622,50,64,63,0
1750,70.0,250,1201,665,79,55,0
1750,70.0,254,0,236,29,12,0
1750,70.0,268,668,205,16,28,0
1750,70.0,274,0,53,26,42,0
1750,70.0,276,696,200,16,33,0
1750,70.0,282,640,197,30,24,0
1750,70.0,288,56,31,58,58,0
1750,70.0,297,160,585,9,24,0
1750,70.0,298,117,253,47,28,0
1750,70.0,299,59,407,12,22,0
1750,70.0,300,170,332,18,24,0
1750,70.0,304,736,157,26,36,0
1750,70.0,308,700,183,162,154,0
1750,70.0,311,0,119,24,61,0
1750,70.0,313,727,175,14,31,0
1750,70.0,314,724,184,36,57,0
1750,70.0,315,716,107,27,43,0
1750,70.0,316,760,146,18,32,0
1750,70.0,317,903,237,9,19,0
1750,70.0,318,1120,306,14,14,0
1750,70.0,320,655,235,24,16,0
1750,70.0,321,60,470,12,18,0
1750,70.0,323,48,494,34,69,0
1750,70.0,324,187,298,18,19,0
1750,70.0,325,227,57,20,15,0
1750,70.0,327,440,311,25,14,0
1750,70.0,328,785,57,16,13,0
1750,70.0,329,1112,708,32,6,0
1750,70.0,330,1160,692,48,14,0
1750,70.0,332,44,552,140,99,0
1750,70.0,334,587,229,27,8,0
1750,70.0,335,588,164,6,54,0
1750,70.0,336,1208,518,11,16,0
1751,70.04,32,924,496,12,16,0
1751,70.04,36,66,513,12,15,0
1751,70.04,42,29,526,10,26,0
1751,70.04,46,128,600,16,10,0
1751,70.04,56,593,97,5,47,0
1751,70.04,61,935,480,14,16,0
1751,70.04,67,70,333,47,120,0
1751,70.04,107,728,108,42,35,0
1751,70.04,112,612,232,32,11,0
1751,70.04,148,1270,304,10,32,0
1751,70.04,160,1175,89,85,175,0
1751,70.04,171,83,215,493,71,0
1751,70.04,206,456,441,32,25,0
1751,70.04,219,102,297,16,31,0
1751,70.04,231,24,108,26,52,0
1751,70.04,245,622,50,64,63,0
1751,70.04,250,1201,665,79,55,0
1751,70.04,254,0,236,29,12,0
1751,70.04,268,668,205,16,28,0
1751,70.04,274,0,53,26,42,0
1751,70.04,276,696,200,16,33,0
1751,70.04,282,640,197,30,24,0
1751,70.04,288,56,31,58,58,0
1751,70.04,297,160,585,9,24,0
1751,70.04,298,117,253,47,28,0
1751,70.04,299,59,407,12,22,0
1751,70.04,300,170,332,18,24,0
1751,70.04,304,736,157,26,36,0
1751,70.04,308,702,181,164,152,0
1751,70.04,311,0,119,24,61,0
1751,70.04,313,727,175,14,31,0
1751,70.04,314,724,184,35,57,0
1751,70.04,315,716,107,27,43,0
1751,70.04,316,760,146,18,32,0
1751,70.04,317,903,237,9,19,0
1751,70.04,318,1120,306,14,14,0
1751,70.04,320,655,235,24,16,0
1751,70.04,321,60,470,12,18,0
1751,70.04,323,48,494,34,69,0
1751,70.04,324,187,298,18,19,0
1751,70.04,325,227,57,20,15,0
1751,70.04,327,440,311,25,14,0
1751,70.04,328,785,57,16,13,0
1751,70.04,329,1112,708,32,6,0
1751,70.04,330,1160,692,48,14,0
1751,70.04,332,44,552,140,99,0
1751,70.04,334,587,229,27,8,0
1751,70.04,335,588,164,6,54,0
1751,70.04,336,1208,518,11,16,0
1752,70.08,32,924,496,12,16,0
1752,70.08,36,66,513,12,15,0
1752,70.08,42,29,526,10,26,0
1752,70.08,46,128,600,16,10,0
1752,70.08,56,593,97,5,47,0
1752,70.08,61,935,480,14,16,0
1752,70.08,67,70,333,47,120,0
1752,70.08,107,728,108,42,35,0
1752,70.08,112,612,232,32,11,0
1752,70.08,148,1270,304,10,32,0
1752,70.08,160,1175,89,85,175,0
1752,70.08,171,83,215,493,71,0
1752,70.08,206,456,441,32,25,0
1752,70.08,219,102,297,16,31,0
1752,70.08,231,24,108,26,52,0
1752,70.08,245,622,50,64,63,0
1752,70.08,250,1201,665,79,55,0
1752,70.08,254,0,236,29,12,0
1752,70.08,268,668,205,16,28,0
1752,70.08,274,0,53,26,42,0
1752,70.08,276,696,200,16,33,0
1752,70.08,282,640,197,30,24,0
1752,70.08,288,56,31,58,58,0
1752,70.08,297,160,585,9,24,0
1752,70.08,298,117,253,47,28,0
1752,70.08,299,59,407,12,22,0
1752,70.08,300,170,332,18,24,0
1752,70.08,304,736,157,26,36,0
1752,70.08,308,708,178,164,150,0
1752,70.08,311,0,119,24,61,0
1752,70.08,313,727,175,14,31,0
1752,70.08,314,724,184,36,57,0
1752,70.08,315,716,107,27,43,0
1752,70.08,316,760,146,18,32,0
1752,70.08,317,903,237,9,19,0
1752,70.08,318,1120,306,14,14,0
1752,70.08,320,655,235,23,16,0
1752,70.08,321,60,470,12,18,0
1752,70.08,323,48,494,34,69,0
1752,70.08,324,187,298,18,19,0
1752,70.08,325,227,57,20,15,0
1752,70.08,327,440,311,25,14,0
1752,70.08,328,785,57,16,13,0
1752,70.08,329,1112,708,32,6,0
1752,70.08,330,1160,692,48,14,0
1752,70.08,332,44,552,140,99,0
1752,70.08,334,587,229,27,8,0
1752,70.08,335,588,164,6,54,0
1752,70.08,336,1208,518,11,16,0
1753,70.12,32,924,496,12,16,0
1753,70.12,36,66,513,12,15,0
1753,70.12,42,29,526,10,26,0
1753,70.12,46,128,600,16,10,0
1753,70.12,56,593,97,5,47,0
1753,70.12,61,935,480,14,16,0
1753,70.12,67,70,333,47,120,0
1753,70.12,107,728,108,42,35,0
1753,70.12,112,615,232,29,11,0
1753,70.12,148,1270,304,10,32,0
1753,70.12,160,1175,89,85,175,0
1753,70.12,171,83,215,493,71,0
1753,70.12,206,456,441,32,25,0
1753,70.12,219,102,297,16,31,0
1753,70.12,231,24,108,26,52,0
1753,70.12,245,622,50,64,63,0
1753,70.12,250,1201,665,79,55,0
1753,70.12,254,0,236,29,12,0
1753,70.12,268,668,205,16,28,0
1753,70.12,274,0,53,26,42,0
1753,70.12,276,696,200,16,33,0
1753,70.12,282,640,197,30,24,0
1753,70.12,288,56,31,58,58,0
1753,70.12,297,160,585,9,24,0
1753,70.12,298,117,253,47,28,0
1753,70.12,299,59,407,12,22,0
1753,70.12,300,170,332,18,24,0
1753,70.12,304,736,157,26,36,0
1753,70.12,307,760,184,21,43,0
1753,70.12,308,717,177,161,140,0
1753,70.12,311,0,119,24,61,0
1753,70.12,313,727,175,14,31,0
1753,70.12,314,724,184,36,57,0
1753,70.12,315,716,107,27,43,0
1753,70.12,316,760,146,18,32,0
1753,70.12,317,903,237,9,19,0
1753,70.12,318,1120,306,14,14,0
1753,70.12,320,655,235,23,16,0
1753,70.12,321,60,470,12,18,0
1753,70.12,323,48,494,34,69,0
1753,70.12,324,187,298,18,19,0
1753,70.12,325,227,57,20,15,0
1753,70.12,327,440,311,25,14,0
1753,70.12,328,785,57,16,13,0
1753,70.12,329,1112,708,32,6,0
1753,70.12,330,1160,692,48,14,0
1753,70.12,332,44,552,140,99,0
1753,70.12,334,587,229,27,8,0
1753,70.12,335,588,164,6,54,0
1753,70.12,336,1208,518,11,16,0
1754,70.16,32,924,496,12,16,0
1754,70.16,36,66,513,12,15,0
1754,70.16,42,29,526,10,26,0
1754,70.16,46,128,600,16,10,0
1754,70.16,56,593,97,5,47,0
1754,70.16,61,935,480,14,16,0
1754,70.16,67,70,333,47,120,0
1754,70.16,107,728,108,42,35,0
1754,70.16,112,612,232,32,11,0
1754,70.16,148,1270,304,10,32,0
1754,70.16,160,1175,89,85,175,0
1754,70.16,171,83,215,493,71,0
1754,70.16,206,456,441,32,25,0
1754,70.16,219,102,297,16,31,0
1754,70.16,231,24,108,26,52,0
1754,70.16,245,622,50,64,63,0
1754,70.16,250,1201,665,79,55,0
1754,70.16,254,0,236,29,12,0
1754,70.16,268,668,205,16,28,0
1754,70.16,274,0,53,26,42,0
1754,70.16,276,696,200,16,33,0
1754,70.16,282,640,197,30,24,0
1754,70.16,288,56,31,58,58,0
1754,70.16,297,160,585,9,24,0
1754,70.16,298,117,253,47,28,0
1754,70.16,299,59,407,12,22,0
1754,70.16,300,170,332,18,24,0
1754,70.16,304,736,157,26,36,0
1754,70.16,307,760,184,21,46,0
1754,70.16,308,714,176,170,133,0
1754,70.16,311,0,119,24,61,0
1754,70.16,313,727,175,14,31,0
1754,70.16,314,724,184,36,57,0
1754,70.16,315,716,107,27,43,0
1754,70.16,316,760,146,18,32,0
1754,70.16,317,903,237,9,19,0
1754,70.16,318,1120,306,14,14,0
1754,70.16,320,655,235,23,16,0
1754,70.16,321,60,470,12,18,0
1754,70.16,323,48,494,34,69,0
1754,70.16,324,187,298,18,19,0
1754,70.16,325,227,57,20,15,0
1754,70.16,327,440,311,25,14,0
1754,70.16,328,785,57,16,13,0
1754,70.16,329,1112,708,32,6,0
1754,70.16,330,1160,692,48,14,0
1754,70.16,332,44,552,140,99,0
1754,70.16,334,587,229,27,8,0
1754,70.16,335,588,164,6,54,0
1754,70.16,336,1208,518,11,16,0
1755,70.2,32,924,496,12,16,0
1755,70.2,36,66,513,12,15,0
1755,70.2,42,29,526,10,26,0
1755,70.2,46,128,600,16,10,0
1755,70.2,56,593,97,5,47,0
1755,70.2,61,935,480,14,16,0
1755,70.2,67,70,333,47,120,0
1755,70.2,107,728,108,42,35,0
1755,70.2,112,615,232,29,11,0
1755,70.2,148,1270,304,10,32,0
1755,70.2,160,1175,89,85,175,0
1755,70.2,171,83,215,493,71,0
1755,70.2,206,456,441,32,25,0
1755,70.2,219,102,297,16,31,0
1755,70.2,231,24,108,26,52,0
1755,70.2,245,622,50,64,63,0
1755,70.2,250,1201,665,79,55,0
1755,70.2,254,0,236,29,12,0
1755,70.2,268,668,205,16,28,0
1755,70.2,274,0,53,26,42,0
1755,70.2,276,696,200,16,33,0
1755,70.2,282,640,197,30,24,0
1755,70.2,288,56,31,58,58,0
1755,70.2,297,160,585,9,24,0
1755,70.2,298,117,253,47,28,0
1755,70.2,299,59,407,12,22,0
1755,70.2,300,170,332,18,24,0
1755,70.2,304,736,157,26,36,0
1755,70.2,307,760,184,21,44,0
1755,70.2,308,735,174,153,128,0
1755,70.2,311,0,119,24,61,0
1755,70.2,313,727,175,14,31,0
1755,70.2,314,724,184,36,58,0
1755,70.2,315,716,107,27,43,0
1755,70.2,316,760,146,18,32,0
1755,70.2,317,903,237,9,19,0
1755,70.2,318,1120,306,14,14,0
1755,70.2,320,655,235,23,16,0
1755,70.2,321,60,470,12,18,0
1755,70.2,323,48,494,34,69,0
1755,70.2,324,187,298,18,19,0
1755,70.2,325,227,57,20,15,0
1755,70.2,327,440,311,25,14,0
1755,70.2,328,785,57,16,13,0
1755,70.2,329,1112,708,32,6,0
1755,70.2,330,1160,692,48,14,0
1755,70.2,332,44,552,140,99,0
1755,70.2,334,587,229,27,8,0
1755,70.2,335,588,164,6,54,0
1755,70.2,336,1208,518,11,16,0
1756,70.24,32,924,496,12,16,0
1756,70.24,36,66,513,12,15,0
1756,70.24,42,29,526,10,26,0
1756,70.24,46,128,600,16,10,0
1756,70.24,56,593,97,5,47,0
1756,70.24,61,935,480,14,16,0
1756,70.24,67,70,333,47,120,0
1756,70.24,107,728,108,42,35,0
1756,70.24,112,615,232,29,11,0
1756,70.24,148,1270,304,10,32,0
1756,70.24,160,1175,89,85,175,0
1756,70.24,171,83,215,493,71,0
1756,70.24,206,456,441,32,25,0
1756,70.24,219,102,297,16,31,0
1756,70.24,231,24,108,26,52,0
1756,70.24,245,622,50,64,63,0
1756,70.24,250,1201,665,79,55,0
1756,70.24,254,0,236,29,12,0
1756,70.24,268,668,205,16,28,0
1756,70.24,274,0,53,26,42,0
1756,70.24,276,696,200,16,33,0
1756,70.24,282,640,197,30,24,0
1756,70.24,288,56,31,58,58,0
1756,70.24,297,160,585,9,24,0
1756,70.24,298,117,253,47,28,0
1756,70.24,299,59,407,12,22,0
1756,70.24,300,170,332,18,24,0
1756,70.24,304,736,157,26,36,0
1756,70.24,307,760,184,21,44,0
1756,70.24,308,739,171,153,131,0
1756,70.24,311,0,119,24,61,0
1756,70.24,313,727,175,14,31,0
1756,70.24,314,724,184,36,57,0
1756,70.24,315,716,107,27,43,0
1756,70.24,316,760,146,18,32,0
1756,70.24,317,903,237,9,19,0
1756,70.24,318,1120,306,14,14,0
1756,70.24,320,655,235,23,14,0
1756,70.24,321,60,470,12,18,0
1756,70.24,323,48,494,34,69,0
1756,70.24,324,187,298,18,19,0
1756,70.24,325,227,57,20,15,0
1756,70.24,327,440,311,25,14,0
1756,70.24,328,785,57,16,13,0
1756,70.24,329,1112,708,32,6,0
1756,70.24,330,1160,692,48,14,0
1756,70.24,332,44,552,140,99,0
1756,70.24,334,587,229,27,8,0
1756,70.24,335,588,164,6,54,0
1756,70.24,336,1208,518,11,16,0
1757,70.28,32,924,496,12,16,0
1757,70.28,36,66,513,12,15,0
1757,70.28,42,29,526,10,26,0
1757,70.28,46,128,600,16,10,0
1757,70.28,56,593,97,5,47,0
1757,70.28,61,935,480,14,16,0
1757,70.28,67,70,333,47,120,0
1757,70.28,107,728,108,42,35,0
1757,70.28,112,615,232,29,11,0
1757,70.28,148,1270,304,10,32,0
1757,70.28,160,1175,89,85,175,0
1757,70.28,171,83,215,493,71,0
1757,70.28,206,456,441,32,25,0
1757,70.28,210,747,243,20,24,0
1757,70.28,219,102,297,16,31,0
1757,70.28,231,24,108,26,52,0
1757,70.28,245,622,50,64,63,0
1757,70.28,250,1201,665,79,55,0
1757,70.28,254,0,236,29,12,0
1757,70.28,268,668,205,16,28,0
1757,70.28,274,0,53,26,42,0
1757,70.28,276,696,200,16,33,0
1757,70.28,282,640,197,30,24,0
1757,70.28,288,56,31,58,58,0
1757,70.28,297,160,585,9,24,0
1757,70.28,298,117,253,47,28,0
1757,70.28,299,59,407,12,22,0
1757,70.28,300,170,332,18,24,0
1757,70.28,304,736,157,26,36,0
1757,70.28,307,760,184,21,44,0
1757,70.28,308,750,168,148,134,0
1757,70.28,311,0,119,24,61,0
1757,70.28,313,727,175,14,31,0
1757,70.28,314,724,184,36,58,0
1757,70.28,315,716,107,27,43,0
1757,70.28,316,760,146,18,32,0
1757,70.28,317,903,237,9,19,0
1757,70.28,318,1120,306,14,14,0
1757,70.28,320,655,235,23,16,0
1757,70.28,321,60,470,12,18,0
1757,70.28,323,48,494,34,69,0
1757,70.28,324,187,298,18,19,0
1757,70.28,325,227,57,20,15,0
1757,70.28,327,440,311,25,14,0
1757,70.28,328,785,57,16,13,0
1757,70.28,329,1112,708,32,6,0
1757,70.28,330,1160,692,48,14,0
1757,70.28,332,44,552,140,99,0
1757,70.28,334,587,229,27,8,0
1757,70.28,335,588,164,6,54,0
1757,70.28,336,1208,518,11,16,0
1758,70.32,32,924,496,12,16,0
1758,70.32,36,66,513,12,15,0
1758,70.32,42,29,526,10,26,0
1758,70.32,46,128,600,16,10,0
1758,70.32,56,593,97,5,47,0
1758,70.32,61,935,480,14,16,0
1758,70.32,67,70,333,47,120,0
1758,70.32,107,728,108,42,35,0
1758,70.32,112,612,232,32,11,0
1758,70.32,148,1270,304,10,32,0
1758,70.32,160,1175,89,85,175,0
1758,70.32,171,83,215,493,71,0
1758,70.32,206,456,441,32,25,0
1758,70.32,210,747,243,22,24,0
1758,70.32,219,102,297,16,31,0
1758,70.32,231,24,108,26,52,0
1758,70.32,245,622,50,64,63,0
1758,70.32,250,1201,665,79,55,0
1758,70.32,254,0,236,29,12,0
1758,70.32,268,668,205,16,28,0
1758,70.32,274,0,53,26,42,0
1758,70.32,276,696,200,16,33,0
1758,70.32,282,640,199,30,22,0
1758,70.32,288,56,31,58,58,0
1758,70.32,297,160,585,9,24,0
1758,70.32,298,117,253,47,28,0
1758,70.32,299,59,407,12,22,0
1758,70.32,300,170,332,18,24,0
1758,70.32,304,736,157,26,36,0
1758,70.32,307,760,184,21,43,0
1758,70.32,308,765,167,137,135,0
1758,70.32,311,0,119,24,61,0
1758,70.32,313,727,175,14,31,0
1758,70.32,314,724,184,36,57,0
1758,70.32,315,716,107,27,43,0
1758,70.32,316,760,146,18,32,0
1758,70.32,317,903,237,9,19,0
1758,70.32,318,1120,306,14,14,0
1758,70.32,320,655,235,23,16,0
1758,70.32,321,60,470,12,18,0
1758,70.32,323,48,494,34,69,0
1758,70.32,324,187,298,18,19,0
1758,70.32,325,227,57,20,15,0
1758,70.32,327,440,311,25,14,0
1758,70.32,328,785,57,16,13,0
1758,70.32,329,1112,708,32,6,0
1758,70.32,330,1160,692,48,14,0
1758,70.32,332,44,552,140,99,0
1758,70.32,334,587,229,27,8,0
1758,70.32,335,588,164,6,54,0
1758,70.32,336,1208,518,11,16,0
1759,70.36,32,920,501,25,19,0
1759,70.36,36,112,512,18,24,0
1759,70.36,42,27,514,13,30,0
1759,70.36,46,80,578,15,18,0
1759,70.36,56,592,98,6,44,0
1759,70.36,61,935,480,24,19,0
1759,70.36,67,70,281,49,170,0
1759,70.36,112,592,229,60,17,0
1759,70.36,148,1270,304,10,32,0
1759,70.36,160,1189,114,71,144,0
1759,70.36,171,84,216,492,70,0
1759,70.36,206,456,442,32,24,0
1759,70.36,219,112,344,11,20,0
1759,70.36,231,22,106,32,60,0
1759,70.36,245,624,50,63,63,0
1759,70.36,254,0,236,29,12,0
1759,70.36,274,0,60,26,35,0
1759,70.36,276,704,206,8,20,0
1759,70.36,282,655,200,9,15,0
1759,70.36,288,56,31,57,58,0
1759,70.36,297,176,588,23,24,0
1759,70.36,298,108,250,55,38,0
1759,70.36,299,59,385,16,44,0
1759,70.36,300,167,328,19,15,0
1759,70.36,304,715,107,62,144,0
1759,70.36,308,764,162,142,140,0
1759,70.36,311,0,118,24,62,0
1759,70.36,316,749,142,31,39,0
1759,70.36,318,1120,306,16,14,0
1759,70.36,320,651,236,26,13,0
1759,70.36,321,59,464,15,24,0
1759,70.36,322,25,90,18,13,0
1759,70.36,323,11,496,15,45,0
1759,70.36,324,185,298,10,19,0
1759,70.36,325,221,56,20,17,0
1759,70.36,328,785,57,16,14,0
1759,70.36,330,1112,665,168,55,0
1759,70.36,332,44,492,140,162,0
1759,70.36,336,1207,516,9,18,0
1759,70.36,337,10,542,21,34,0
1759,70.36,338,116,655,28,9,0
1759,70.36,339,118,491,17,8,0
1759,70.36,340,144,41,22,19,0
1759,70.36,341,176,640,16,24,0
1759,70.36,342,208,600,16,8,0
1759,70.36,343,288,676,14,11,0
1759,70.36,344,392,596,16,18,0
1759,70.36,345,637,653,19,31,0
1759,70.36,346,765,554,11,21,0
1759,70.36,347,1162,78,34,40,0
1759,70.36,348,1253,256,15,32,0
1759,70.36,349,1270,176,10,13,0
1760,70.4,32,920,501,25,19,0
1760,70.4,36,44,492,140,162,0
1760,70.4,42,27,514,13,30,0
1760,70.4,46,80,578,15,18,0
1760,70.4,56,592,98,6,38,0
1760,70.4,61,935,480,24,19,0
1760,70.4,67,112,344,11,20,0
1760,70.4,112,592,229,60,17,0
1760,70.4,148,1270,304,10,32,0
1760,70.4,160,1189,114,71,144,0
1760,70.4,171,84,216,492,70,0
1760,70.4,206,456,442,32,24,0
1760,70.4,219,70,281,49,170,0
1760,70.4,231,22,106,32,60,0
1760,70.4,245,624,50,63,63,0
1760,70.4,254,0,236,29,12,0
1760,70.4,274,0,60,26,35,0
1760,70.4,276,704,206,8,20,0
1760,70.4,282,655,200,9,15,0
1760,70.4,288,56,31,58,58,0
1760,70.4,297,176,588,23,24,0
1760,70.4,298,108,250,55,38,0
1760,70.4,299,59,385,16,44,0
1760,70.4,300,167,328,19,15,0
1760,70.4,304,715,107,62,132,0
1760,70.4,308,765,160,144,142,0
1760,70.4,311,0,118,24,62,0
1760,70.4,316,749,142,31,39,0
1760,70.4,318,1120,306,16,14,0
1760,70.4,320,651,236,26,13,0
1760,70.4,321,59,464,15,24,0
1760,70.4,322,25,90,18,13,0
1760,70.4,323,11,496,15,45,0
1760,70.4,324,185,298,10,19,0
1760,70.4,325,221,56,20,17,0
1760,70.4,328,785,57,16,14,0
1760,70.4,330,1112,665,168,55,0
1760,70.4,332,112,512,18,24,0
1760,70.4,336,1207,516,9,18,0
1760,70.4,337,10,542,21,34,0
1760,70.4,338,116,655,28,9,0
1760,70.4,339,118,491,17,8,0
1760,70.4,340,144,41,22,19,0
1760,70.4,341,176,640,16,24,0
1760,70.4,342,208,600,16,8,0
1760,70.4,343,288,676,14,11,0
1760,70.4,344,392,596,16,18,0
1760,70.4,345,637,653,19,31,0
1760,70.4,346,765,554,11,21,0
1760,70.4,347,1162,78,34,40,0
1760,70.4,348,1253,256,15,32,0
1760,70.4,349,1270,176,10,13,0
1761,70.44,32,920,501,25,19,0
1761,70.44,36,44,492,140,162,0
1761,70.44,42,27,514,13,30,0
1761,70.44,46,80,578,15,18,0
1761,70.44,56,592,98,6,38,0
1761,70.44,61,935,480,24,19,0
1761,70.44,67,112,344,11,20,0
1761,70.44,112,592,229,60,17,0
1761,70.44,148,1270,304,10,32,0
1761,70.44,160,1189,114,71,144,0
1761,70.44,171,84,216,492,70,0
1761,70.44,206,456,442,32,24,0
1761,70.44,219,70,281,49,170,0
1761,70.44,231,22,106,32,60,0
1761,70.44,245,624,50,63,63,0
1761,70.44,254,0,236,29,12,0
1761,70.44,274,0,60,26,35,0
1761,70.44,276,704,206,8,20,0
1761,70.44,282,655,200,9,15,0
1761,70.44,288,56,31,58,58,0
1761,70.44,297,176,588,23,24,0
1761,70.44,298,108,250,55,38,0
1761,70.44,299,59,385,16,44,0
1761,70.44,300,167,328,19,15,0
1761,70.44,304,715,107,62,132,0
1761,70.44,308,765,161,147,141,0
1761,70.44,311,0,118,24,62,0
1761,70.44,316,749,142,31,39,0
1761,70.44,318,1120,306,16,14,0
1761,70.44,320,651,236,26,13,0
1761,70.44,321,59,464,15,24,0
1761,70.44,322,25,90,18,13,0
1761,70.44,323,11,496,15,45,0
1761,70.44,324,185,298,10,19,0
1761,70.44,325,221,56,20,17,0
1761,70.44,328,785,57,16,14,0
1761,70.44,330,1112,665,168,55,0
1761,70.44,332,112,512,18,24,0
1761,70.44,336,1207,516,9,18,0
1761,70.44,337,10,542,21,34,0
1761,70.44,338,116,655,28,9,0
1761,70.44,339,118,491,17,8,0
1761,70.44,340,144,41,22,19,0
1761,70.44,341,176,640,16,24,0
1761,70.44,342,208,600,16,8,0
1761,70.44,343,288,676,14,11,0
1761,70.44,344,392,596,16,18,0
1761,70.44,345,637,653,19,31,0
1761,70.44,346,765,554,11,21,0
1761,70.44,347,1162,78,34,40,0
1761,70.44,348,1253,256,15,32,0
1761,70.44,349,1270,176,10,13,0
1762,70.48,32,920,501,25,19,0
1762,70.48,36,44,492,140,162,0
1762,70.48,42,27,514,13,30,0
1762,70.48,46,80,578,15,18,0
1762,70.48,56,592,98,6,38,0
1762,70.48,61,935,480,24,19,0
1762,70.48,67,112,344,11,20,0
1762,70.48,112,592,229,60,17,0
1762,70.48,148,1270,304,10,32,0
1762,70.48,160,1189,114,71,144,0
1762,70.48,171,84,216,492,70,0
1762,70.48,206,456,442,32,24,0
1762,70.48,219,70,281,49,170,0
1762,70.48,231,22,106,32,60,0
1762,70.48,245,624,50,63,63,0
1762,70.48,254,0,236,29,12,0
1762,70.48,274,0,60,26,35,0
1762,70.48,276,704,206,8,20,0
1762,70.48,282,655,200,9,15,0
1762,70.48,288,56,31,58,58,0
1762,70.48,297,176,588,23,24,0
1762,70.48,298,108,250,55,38,0
1762,70.48,299,59,385,16,44,0
1762,70.48,300,167,328,19,15,0
1762,70.48,304,715,107,62,132,0
1762,70.48,308,765,163,150,139,0
1762,70.48,311,0,118,24,62,0
1762,70.48,316,749,142,31,39,0
1762,70.48,318,1120,306,16,14,0
1762,70.48,320,651,236,26,13,0
1762,70.48,321,59,464,15,24,0
1762,70.48,322,25,90,18,13,0
1762,70.48,323,11,496,15,45,0
1762,70.48,324,185,298,10,19,0
1762,70.48,325,221,56,20,17,0
1762,70.48,328,785,57,16,14,0
1762,70.48,330,1112,665,168,55,0
1762,70.48,332,112,512,18,24,0
1762,70.48,336,1207,516,9,18,0
1762,70.48,338,116,655,28,9,0
1762,70.48,339,118,491,17,8,0
1762,70.48,340,144,41,22,19,0
1762,70.48,341,176,640,16,24,0
1762,70.48,342,208,600,16,8,0
1762,70.48,343,288,676,14,11,0
1762,70.48,344,392,596,16,18,0
1762,70.48,345,637,653,19,31,0
1762,70.48,346,765,554,11,21,0
1762,70.48,347,1162,78,34,40,0
1762,70.48,348,1253,256,15,32,0
1762,70.48,349,1270,176,10,13,0
1763,70.52,32,920,501,24,19,0
1763,70.52,36,44,492,140,162,0
1763,70.52,42,27,514,13,30,0
1763,70.52,46,79,577,17,19,0
1763,70.52,56,592,98,6,38,0
1763,70.52,61,935,480,24,17,0
1763,70.52,67,112,344,11,20,0
1763,70.52,112,592,229,60,17,0
1763,70.52,148,1270,304,10,32,0
1763,70.52,160,1189,114,71,144,0
1763,70.52,171,84,216,492,70,0
1763,70.52,206,456,442,32,24,0
1763,70.52,219,70,281,49,170,0
1763,70.52,231,22,106,32,60,0
1763,70.52,245,624,50,63,63,0
1763,70.52,254,0,236,29,12,0
1763,70.52,268,660,152,4,20,0
1763,70.52,274,0,60,26,35,0
1763,70.52,276,704,206,8,18,0
1763,70.52,282,654,200,10,15,0
1763,70.52,288,56,32,50,57,0
1763,70.52,297,176,588,23,24,0
1763,70.52,298,108,250,55,38,0
1763,70.52,299,59,385,16,44,0
1763,70.52,300,167,328,19,15,0
1763,70.52,304,715,107,62,131,0
1763,70.52,308,765,161,153,139,0
1763,70.52,311,0,118,24,62,0
1763,70.52,316,749,142,30,31,0
1763,70.52,318,1120,306,16,14,0
1763,70.52,320,651,236,26,13,0
1763,70.52,321,59,464,15,24,0
1763,70.52,322,25,90,18,13,0
1763,70.52,323,11,496,15,45,0
1763,70.52,324,185,298,10,19,0
1763,70.52,325,227,56,19,17,0
1763,70.52,328,785,57,16,14,0
1763,70.52,330,1112,665,168,55,0
1763,70.52,332,112,512,18,24,0
1763,70.52,336,1207,516,9,18,0
1763,70.52,337,10,542,22,35,0
1763,70.52,338,116,655,28,9,0
1763,70.52,339,118,491,17,8,0
1763,70.52,340,144,41,22,19,0
1763,70.52,341,176,640,16,24,0
1763,70.52,342,208,598,16,10,0
1763,70.52,343,288,676,14,11,0
1763,70.52,344,392,596,16,18,0
1763,70.52,345,637,653,19,31,0
1763,70.52,346,765,554,11,21,0
1763,70.52,347,1162,78,34,40,0
1763,70.52,348,1253,256,15,32,0
1763,70.52,349,1270,176,10,13,0
1763,70.52,350,1053,208,18,8,0
1764,70.56,32,920,501,24,19,0
1764,70.56,36,44,492,140,162,0
1764,70.56,42,27,514,13,30,0
1764,70.56,46,79,576,14,20,0
1764,70.56,56,592,98,6,38,0
1764,70.56,61,935,480,24,17,0
1764,70.56,67,112,344,11,20,0
1764,70.56,112,592,229,60,17,0
1764,70.56,148,1270,304,10,32,0
1764,70.56,160,1189,114,71,144,0
1764,70.56,171,84,216,492,70,0
1764,70.56,206,456,442,32,24,0
1764,70.56,219,70,281,49,170,0
1764,70.56,231,22,106,32,60,0
1764,70.56,245,624,50,63,63,0
1764,70.56,254,0,236,29,12,0
1764,70.56,268,660,152,4,20,0
1764,70.56,274,0,60,26,35,0
1764,70.56,276,704,206,8,18,0
1764,70.56,282,654,200,10,15,0
1764,70.56,288,56,32,50,57,0
1764,70.56,297,176,588,23,24,0
1764,70.56,298,108,250,55,38,0
1764,70.56,299,59,385,16,44,0
1764,70.56,300,167,328,19,15,0
1764,70.56,304,715,107,62,132,0
1764,70.56,308,766,161,155,141,0
1764,70.56,311,0,118,24,62,0
1764,70.56,316,749,142,30,31,0
1764,70.56,318,1120,306,16,14,0
1764,70.56,320,651,236,26,13,0
1764,70.56,321,59,464,15,24,0
1764,70.56,322,25,90,18,13,0
1764,70.56,323,11,496,15,45,0
1764,70.56,324,185,298,10,19,0
1764,70.56,325,221,56,20,17,0
1764,70.56,328,785,57,16,14,0
1764,70.56,330,1112,665,168,55,0
1764,70.56,332,112,512,18,24,0
1764,70.56,336,1207,516,9,18,0
1764,70.56,338,116,655,28,9,0
1764,70.56,339,118,491,17,8,0
1764,70.56,340,144,41,22,19,0
1764,70.56,341,176,640,16,24,0
1764,70.56,342,208,598,16,10,0
1764,70.56,343,288,676,14,11,0
1764,70.56,344,392,596,16,18,0
1764,70.56,345,637,653,19,31,0
1764,70.56,346,765,554,11,21,0
1764,70.56,347,1162,78,34,40,0
1764,70.56,348,1253,256,15,32,0
1764,70.56,349,1270,176,10,13,0
1764,70.56,350,1053,208,18,8,0
1765,70.6,32,920,501,25,19,0
1765,70.6,36,44,492,140,162,0
1765,70.6,42,27,514,13,30,0
1765,70.6,46,79,575,17,21,0
1765,70.6,56,592,98,6,38,0
1765,70.6,61,935,480,25,19,0
1765,70.6,67,112,344,11,20,0
1765,70.6,112,592,229,60,17,0
1765,70.6,148,1270,304,10,32,0
1765,70.6,160,1189,114,71,144,0
1765,70.6,171,84,216,492,70,0
1765,70.6,206,456,442,32,24,0
1765,70.6,219,70,281,49,170,0
1765,70.6,231,22,106,32,60,0
1765,70.6,245,624,50,63,63,0
1765,70.6,254,0,236,29,12,0
1765,70.6,268,660,152,4,20,0
1765,70.6,274,0,60,26,35,0
1765,70.6,276,696,200,16,24,0
1765,70.6,282,654,200,10,15,0
1765,70.6,288,56,32,50,57,0
1765,70.6,297,176,588,23,24,0
1765,70.6,298,108,250,55,38,0
1765,70.6,299,59,385,16,44,0
1765,70.6,300,167,328,19,15,0
1765,70.6,304,715,107,62,132,0
1765,70.6,308,768,161,156,141,0
1765,70.6,311,0,118,24,62,0
1765,70.6,316,749,142,30,31,0
1765,70.6,318,1120,306,16,14,0
1765,70.6,320,651,236,26,13,0
1765,70.6,321,59,464,15,24,0
1765,70.6,322,25,90,18,13,0
1765,70.6,323,11,496,15,45,0
1765,70.6,324,185,298,10,19,0
1765,70.6,326,227,56,19,17,0
1765,70.6,328,785,57,16,14,0
1765,70.6,330,1112,665,168,55,0
1765,70.6,332,112,512,18,24,0
1765,70.6,336,1207,516,9,18,0
1765,70.6,338,116,655,28,9,0
1765,70.6,339,118,491,17,8,0
1765,70.6,340,144,41,22,19,0
1765,70.6,341,176,640,16,24,0
1765,70.6,342,208,598,16,10,0
1765,70.6,343,288,676,14,11,0
1765,70.6,344,392,596,16,18,0
1765,70.6,345,637,653,19,31,0
1765,70.6,346,765,554,11,21,0
1765,70.6,347,1162,78,34,40,0
1765,70.6,348,1253,256,15,32,0
1765,70.6,349,1270,176,10,13,0
1765,70.6,350,1053,208,18,8,0
1766,70.64,32,920,501,25,19,0
1766,70.64,36,44,492,140,162,0
1766,70.64,42,27,514,13,30,0
1766,70.64,46,79,575,16,21,0
1766,70.64,56,592,98,6,38,0
1766,70.64,61,935,480,24,19,0
1766,70.64,67,112,344,11,20,0
1766,70.64,112,592,229,60,17,0
1766,70.64,148,1270,304,10,32,0
1766,70.64,160,1189,114,71,144,0
1766,70.64,171,84,216,492,70,0
1766,70.64,206,456,442,32,24,0
1766,70.64,219,70,281,49,170,0
1766,70.64,231,22,106,32,60,0
1766,70.64,245,624,50,63,63,0
1766,70.64,254,0,236,29,12,0
1766,70.64,268,660,152,4,20,0
1766,70.64,274,0,60,26,35,0
1766,70.64,276,704,206,8,18,0
1766,70.64,282,654,200,10,15,0
1766,70.64,288,56,32,50,57,0
1766,70.64,297,176,588,23,24,0
1766,70.64,298,108,250,55,38,0
1766,70.64,299,59,387,16,42,0
1766,70.64,300,167,328,19,15,0
1766,70.64,304,715,107,62,132,0
1766,70.64,308,776,159,152,139,0
1766,70.64,311,0,118,24,62,0
1766,70.64,316,749,142,30,31,0
1766,70.64,317,888,249,10,15,0
1766,70.64,318,1120,306,16,14,0
1766,70.64,320,651,236,26,13,0
1766,70.64,321,59,464,15,24,0
1766,70.64,322,25,90,18,13,0
1766,70.64,323,11,496,15,45,0
1766,70.64,324,185,298,10,19,0
1766,70.64,326,221,56,25,17,0
1766,70.64,328,785,57,16,14,0
1766,70.64,330,1112,665,168,55,0
1766,70.64,332,112,512,18,24,0
1766,70.64,336,1207,516,9,18,0
1766,70.64,338,116,655,28,9,0
1766,70.64,339,118,491,17,8,0
1766,70.64,340,144,41,22,19,0
1766,70.64,341,176,640,16,24,0
1766,70.64,342,208,598,16,8,0
1766,70.64,343,288,676,14,11,0
1766,70.64,344,392,596,16,18,0
1766,70.64,345,637,653,19,31,0
1766,70.64,346,765,554,11,21,0
1766,70.64,347,1162,78,34,40,0
1766,70.64,348,1253,256,15,32,0
1766,70.64,349,1270,176,10,13,0
1766,70.64,350,1053,208,18,8,0
1767,70.68,32,920,501,25,19,0
1767,70.68,36,44,492,140,162,0
1767,70.68,42,27,514,13,30,0
1767,70.68,46,79,575,17,21,0
1767,70.68,56,592,98,6,38,0
1767,70.68,61,935,480,24,19,0
1767,70.68,67,112,344,11,20,0
1767,70.68,112,592,229,60,17,0
1767,70.68,148,1270,304,10,32,0
1767,70.68,160,1189,114,71,144,0
1767,70.68,171,84,216,492,70,0
1767,70.68,206,456,442,32,24,0
1767,70.68,219,70,281,49,170,0
1767,70.68,231,22,106,32,60,0
1767,70.68,245,624,50,63,63,0
1767,70.68,254,0,236,29,12,0
1767,70.68,268,660,152,4,20,0
1767,70.68,274,0,60,26,35,0
1767,70.68,276,704,206,8,18,0
1767,70.68,282,654,200,10,15,0
1767,70.68,288,56,32,50,57,0
1767,70.68,297,176,588,23,24,0
1767,70.68,298,108,250,55,38,0
1767,70.68,299,59,387,16,42,0
1767,70.68,300,167,328,19,15,0
1767,70.68,304,715,107,62,132,0
1767,70.68,308,796,157,136,125,0
1767,70.68,311,0,118,24,62,0
1767,70.68,316,749,142,30,31,0
1767,70.68,318,1120,306,16,14,0
1767,70.68,320,651,236,26,13,0
1767,70.68,321,59,464,15,24,0
1767,70.68,322,25,90,18,13,0
1767,70.68,323,11,496,15,45,0
1767,70.68,324,185,298,10,19,0
1767,70.68,326,221,56,25,17,0
1767,70.68,328,785,57,16,14,0
1767,70.68,330,1112,665,168,55,0
1767,70.68,332,112,512,18,24,0
1767,70.68,336,1207,516,9,18,0
1767,70.68,338,116,655,28,9,0
1767,70.68,339,118,491,17,8,0
1767,70.68,340,144,41,22,19,0
1767,70.68,341,176,640,16,24,0
1767,70.68,342,208,598,16,8,0
1767,70.68,343,288,676,14,11,0
1767,70.68,344,392,596,16,18,0
1767,70.68,345,636,653,20,31,0
1767,70.68,346,765,554,11,21,0
1767,70.68,347,1162,78,34,40,0
1767,70.68,348,1253,256,15,32,0
1767,70.68,349,1270,176,10,13,0
1767,70.68,350,1053,208,18,8,0
1768,70.72,32,920,501,25,19,0
1768,70.72,36,44,492,140,162,0
1768,70.72,42,27,514,13,30,0
1768,70.72,46,79,575,17,21,0
1768,70.72,56,592,98,6,38,0
1768,70.72,61,935,480,24,19,0
1768,70.72,67,112,344,11,20,0
1768,70.72,112,592,229,60,17,0
1768,70.72,148,1270,304,10,32,0
1768,70.72,160,1189,114,71,144,0
1768,70.72,171,84,216,492,70,0
1768,70.72,206,456,442,32,24,0
1768,70.72,219,70,281,49,170,0
1768,70.72,231,22,106,32,60,0
1768,70.72,245,624,50,63,63,0
1768,70.72,254,0,236,29,12,0
1768,70.72,268,660,152,4,20,0
1768,70.72,274,0,60,26,35,0
1768,70.72,276,704,206,8,18,0
1768,70.72,282,654,200,10,15,0
1768,70.72,288,56,32,50,57,0
1768,70.72,297,176,588,23,24,0
1768,70.72,298,108,250,55,38,0
1768,70.72,299,59,387,16,42,0
1768,70.72,300,167,328,19,15,0
1768,70.72,304,715,107,62,132,0
1768,70.72,307,767,208,10,11,0
1768,70.72,308,800,152,136,125,0
1768,70.72,311,0,118,24,62,0
1768,70.72,316,749,142,30,31,0
1768,70.72,318,1120,306,16,14,0
1768,70.72,320,651,236,26,13,0
1768,70.72,321,59,464,15,24,0
1768,70.72,322,25,90,18,13,0
1768,70.72,323,11,496,15,45,0
1768,70.72,324,185,298,10,19,0
1768,70.72,326,221,56,25,17,0
1768,70.72,328,785,57,16,14,0
1768,70.72,330,1112,665,168,55,0
1768,70.72,332,112,512,18,24,0
1768,70.72,336,1207,516,9,18,0
1768,70.72,338,116,655,28,9,0
1768,70.72,339,118,491,17,8,0
1768,70.72,340,144,41,22,19,0
1768,70.72,341,176,640,16,24,0
1768,70.72,342,208,598,16,8,0
1768,70.72,343,288,676,14,11,0
1768,70.72,344,392,596,16,18,0
1768,70.72,345,636,653,20,31,0
1768,70.72,346,765,554,11,21,0
1768,70.72,347,1162,78,34,40,0
1768,70.72,348,1253,256,15,32,0
1768,70.72,349,1270,176,10,13,0
1768,70.72,350,1053,208,18,8,0
1768,70.72,351,927,161,16,26,0
1769,70.76,32,920,501,25,19,0
1769,70.76,36,44,492,140,162,0
1769,70.76,42,27,514,13,30,0
1769,70.76,46,79,575,16,21,0
1769,70.76,56,592,98,6,38,0
1769,70.76,61,935,480,24,19,0
1769,70.76,67,112,344,11,20,0
1769,70.76,112,592,229,60,17,0
1769,70.76,148,1270,304,10,32,0
1769,70.76,160,1189,114,71,144,0
1769,70.76,171,84,216,492,70,0
1769,70.76,206,456,442,32,24,0
1769,70.76,219,70,281,49,170,0
1769,70.76,231,22,106,32,60,0
1769,70.76,245,624,50,63,63,0
1769,70.76,254,0,236,29,12,0
1769,70.76,268,660,152,4,20,0
1769,70.76,274,0,60,26,35,0
1769,70.76,276,704,206,8,18,0
1769,70.76,282,654,200,10,15,0
1769,70.76,288,56,32,50,57,0
1769,70.76,297,176,588,23,24,0
1769,70.76,298,108,250,55,38,0
1769,70.76,299,59,387,16,42,0
1769,70.76,300,167,327,19,16,0
1769,70.76,304,715,107,62,123,0
1769,70.76,308,809,152,133,123,0
1769,70.76,311,0,118,24,62,0
1769,70.76,316,749,142,30,31,0
1769,70.76,318,1120,306,16,14,0
1769,70.76,320,651,236,26,13,0
1769,70.76,321,59,464,15,24,0
1769,70.76,322,25,90,18,13,0
1769,70.76,323,11,496,15,45,0
1769,70.76,324,185,298,10,19,0
1769,70.76,326,221,56,25,17,0
1769,70.76,328,785,57,16,14,0
1769,70.76,330,1112,665,168,55,0
1769,70.76,332,112,512,18,24,0
1769,70.76,336,1207,516,9,18,0
1769,70.76,338,116,655,28,9,0
1769,70.76,339,118,491,17,8,0
1769,70.76,340,144,41,22,19,0
1769,70.76,341,176,640,16,24,0
1769,70.76,342,208,598,16,8,0
1769,70.76,343,288,676,14,11,0
1769,70.76,344,392,596,16,18,0
1769,70.76,345,636,653,20,31,0
1769,70.76,346,765,554,11,21,0
1769,70.76,347,1162,78,34,40,0
1769,70.76,348,1253,256,15,32,0
1769,70.76,349,1270,176,10,13,0
1769,70.76,350,1053,208,18,8,0
1770,70.8,32,920,501,25,19,0
1770,70.8,36,44,492,140,162,0
1770,70.8,42,27,514,13,30,0
1770,70.8,46,80,576,15,20,0
1770,70.8,56,592,98,6,38,0
1770,70.8,61,935,480,24,19,0
1770,70.8,67,112,344,11,20,0
1770,70.8,112,592,229,60,17,0
1770,70.8,148,1270,304,10,32,0
1770,70.8,160,1189,114,71,144,0
1770,70.8,171,84,216,492,70,0
1770,70.8,206,456,442,32,24,0
1770,70.8,219,70,281,49,170,0
1770,70.8,231,22,106,32,60,0
1770,70.8,245,624,50,63,63,0
1770,70.8,254,0,236,29,12,0
1770,70.8,268,660,152,4,20,0
1770,70.8,274,0,60,26,35,0
1770,70.8,276,704,206,8,18,0
1770,70.8,282,654,200,10,15,0
1770,70.8,288,56,32,50,57,0
1770,70.8,297,176,588,23,24,0
1770,70.8,298,108,250,55,38,0
1770,70.8,299,59,387,16,42,0
1770,70.8,300,167,328,19,15,0
1770,70.8,304,715,107,62,123,0
1770,70.8,308,815,146,136,127,0
1770,70.8,310,714,336,33,18,0
1770,70.8,311,0,118,24,62,0
1770,70.8,316,749,142,30,31,0
1770,70.8,318,1120,306,16,14,0
1770,70.8,320,651,236,26,13,0
1770,70.8,321,59,464,15,24,0
1770,70.8,322,25,90,18,13,0
1770,70.8,323,11,496,15,45,0
1770,70.8,324,185,298,10,19,0
1770,70.8,326,221,56,25,17,0
1770,70.8,328,785,57,16,14,0
1770,70.8,330,1112,665,168,55,0
1770,70.8,332,112,512,15,24,0
1770,70.8,336,1207,516,9,18,0
1770,70.8,338,116,655,28,9,0
1770,70.8,339,118,491,17,8,0
1770,70.8,340,144,41,22,19,0
1770,70.8,341,176,640,16,24,0
1770,70.8,342,208,598,16,8,0
1770,70.8,343,288,676,14,11,0
1770,70.8,344,392,596,16,18,0
1770,70.8,345,636,653,20,31,0
1770,70.8,346,765,554,11,21,0
1770,70.8,347,1162,78,34,40,0
1770,70.8,348,1253,256,15,32,0
1770,70.8,349,1270,176,10,13,0
1770,70.8,350,1053,208,18,8,0
1771,70.84,32,920,501,25,19,0
1771,70.84,36,44,492,140,162,0
1771,70.84,42,27,514,13,30,0
1771,70.84,46,80,576,15,20,0
1771,70.84,56,592,98,6,38,0
1771,70.84,61,935,480,24,19,0
1771,70.84,67,112,344,11,20,0
1771,70.84,112,592,229,60,17,0
1771,70.84,148,1270,304,10,32,0
1771,70.84,160,1189,114,71,144,0
1771,70.84,171,84,216,492,70,0
1771,70.84,206,456,442,32,24,0
1771,70.84,219,70,281,49,170,0
1771,70.84,231,22,106,32,60,0
1771,70.84,245,624,50,63,63,0
1771,70.84,254,0,236,29,12,0
1771,70.84,268,660,152,4,20,0
1771,70.84,274,0,60,26,35,0
1771,70.84,276,704,206,8,18,0
1771,70.84,282,654,200,10,15,0
1771,70.84,288,56,32,50,57,0
1771,70.84,297,176,588,23,24,0
1771,70.84,298,108,250,55,38,0
1771,70.84,299,59,387,16,42,0
1771,70.84,300,167,327,19,16,0
1771,70.84,304,715,107,62,123,0
1771,70.84,308,817,155,134,116,0
1771,70.84,310,714,336,39,15,0
1771,70.84,311,0,118,24,62,0
1771,70.84,316,749,142,30,31,0
1771,70.84,318,1120,306,16,14,0
1771,70.84,320,651,236,26,13,0
1771,70.84,321,59,464,15,24,0
1771,70.84,322,25,90,18,13,0
1771,70.84,323,11,496,15,45,0
1771,70.84,324,185,298,10,19,0
1771,70.84,326,221,56,25,17,0
1771,70.84,328,785,57,16,14,0
1771,70.84,330,1112,665,168,55,0
1771,70.84,332,112,512,15,24,0
1771,70.84,336,1207,516,9,18,0
1771,70.84,338,116,655,28,9,0
1771,70.84,339,118,491,17,8,0
1771,70.84,340,144,41,22,19,0
1771,70.84,341,176,640,16,24,0
1771,70.84,342,208,598,16,8,0
1771,70.84,343,288,676,14,11,0
1771,70.84,344,392,596,16,18,0
1771,70.84,345,636,653,20,31,0
1771,70.84,346,765,554,11,21,0
1771,70.84,347,1162,78,34,40,0
1771,70.84,348,1253,256,15,32,0
1771,70.84,349,1270,176,10,13,0
1771,70.84,350,1053,208,18,8,0
1771,70.84,351,920,146,25,15,0
1772,70.88,32,920,501,25,19,0
1772,70.88,36,44,492,140,162,0
1772,70.88,42,27,514,13,30,0
1772,70.88,46,80,576,15,20,0
1772,70.88,56,592,98,6,38,0
1772,70.88,61,935,480,24,19,0
1772,70.88,67,112,344,11,20,0
1772,70.88,112,592,229,60,17,0
1772,70.88,148,1270,304,10,32,0
1772,70.88,160,1189,114,71,144,0
1772,70.88,171,84,216,492,70,0
1772,70.88,206,456,442,32,24,0
1772,70.88,219,70,281,49,170,0
1772,70.88,231,22,106,32,60,0
1772,70.88,245,624,50,63,63,0
1772,70.88,254,0,236,29,12,0
1772,70.88,268,660,152,4,20,0
1772,70.88,274,0,60,26,35,0
1772,70.88,276,704,206,8,18,0
1772,70.88,282,654,200,10,15,0
1772,70.88,288,56,32,50,57,0
1772,70.88,297,176,588,23,24,0
1772,70.88,298,108,250,55,38,0
1772,70.88,299,59,387,16,42,0
1772,70.88,300,167,327,19,16,0
1772,70.88,304,715,107,62,123,0
1772,70.88,307,768,208,9,11,0
1772,70.88,308,816,150,143,123,0
1772,70.88,310,714,334,42,17,0
1772,70.88,311,0,118,24,62,0
1772,70.88,316,749,142,30,31,0
1772,70.88,318,1120,306,16,14,0
1772,70.88,320,651,236,26,13,0
1772,70.88,321,59,464,15,24,0
1772,70.88,322,25,90,18,13,0
1772,70.88,323,11,496,15,45,0
1772,70.88,324,185,298,10,19,0
1772,70.88,326,221,56,25,17,0
1772,70.88,328,785,57,16,14,0
1772,70.88,330,1112,665,168,55,0
1772,70.88,332,112,512,15,24,0
1772,70.88,336,1207,516,9,18,0
1772,70.88,338,116,655,28,9,0
1772,70.88,339,118,491,17,8,0
1772,70.88,340,144,41,22,19,0
1772,70.88,341,176,640,16,24,0
1772,70.88,342,208,598,16,8,0
1772,70.88,343,288,676,14,11,0
1772,70.88,344,392,596,16,18,0
1772,70.88,345,636,653,20,31,0
1772,70.88,346,765,554,11,21,0
1772,70.88,347,1162,78,34,40,0
1772,70.88,348,1253,256,15,32,0
1772,70.88,349,1270,176,10,13,0
1772,70.88,350,1053,208,18,8,0
1773,70.92,32,920,501,25,19,0
1773,70.92,36,44,492,140,162,0
1773,70.92,42,27,514,13,30,0
1773,70.92,46,80,576,15,20,0
1773,70.92,56,592,98,6,38,0
1773,70.92,61,935,480,24,19,0
1773,70.92,67,112,344,11,20,0
1773,70.92,112,592,229,60,17,0
1773,70.92,148,1270,304,10,32,0
1773,70.92,160,1189,114,71,144,0
1773,70.92,171,84,216,492,70,0
1773,70.92,206,456,442,32,24,0
1773,70.92,219,70,281,49,170,0
1773,70.92,231,22,106,32,60,0
1773,70.92,245,624,50,63,63,0
1773,70.92,254,0,236,29,12,0
1773,70.92,268,660,152,4,20,0
1773,70.92,274,0,60,26,35,0
1773,70.92,276,704,206,8,18,0
1773,70.92,282,654,200,10,15,0
1773,70.92,288,56,32,50,57,0
1773,70.92,297,176,588,23,24,0
1773,70.92,298,108,250,55,38,0
1773,70.92,299,59,387,16,42,0
1773,70.92,300,167,327,19,16,0
1773,70.92,304,715,107,62,123,0
1773,70.92,308,816,150,145,128,0
1773,70.92,310,714,336,42,15,0
1773,70.92,311,0,118,24,62,0
1773,70.92,316,749,142,30,31,0
1773,70.92,318,1120,306,16,14,0
1773,70.92,320,651,236,26,13,0
1773,70.92,321,59,464,15,24,0
1773,70.92,322,25,90,18,13,0
1773,70.92,323,11,496,15,45,0
1773,70.92,324,185,298,10,19,0
1773,70.92,326,221,56,25,17,0
1773,70.92,328,785,57,16,14,0
1773,70.92,330,1112,665,168,55,0
1773,70.92,332,112,512,15,24,0
1773,70.92,336,1207,516,9,18,0
1773,70.92,338,116,655,28,9,0
1773,70.92,339,118,491,17,8,0
1773,70.92,340,144,41,22,19,0
1773,70.92,341,176,640,16,24,0
1773,70.92,342,208,598,16,8,0
1773,70.92,343,288,676,14,11,0
1773,70.92,344,392,596,16,18,0
1773,70.92,345,636,653,20,31,0
1773,70.92,346,765,554,11,21,0
1773,70.92,347,1162,78,34,40,0
1773,70.92,348,1253,256,15,32,0
1773,70.92,349,1270,176,10,13,0
1773,70.92,350,1053,208,18,8,0
1774,70.96,32,920,501,25,19,0
1774,70.96,36,44,492,140,162,0
1774,70.96,42,27,514,13,30,0
1774,70.96,46,80,576,15,20,0
1774,70.96,56,592,98,6,38,0
1774,70.96,61,935,480,24,19,0
1774,70.96,67,112,344,11,20,0
1774,70.96,112,592,229,60,17,0
1774,70.96,148,1270,304,10,32,0
1774,70.96,160,1189,114,71,144,0
1774,70.96,171,84,216,492,70,0
1774,70.96,206,456,442,32,24,0
1774,70.96,219,70,281,49,170,0
1774,70.96,231,22,106,32,60,0
1774,70.96,245,624,50,63,63,0
1774,70.96,254,0,236,29,12,0
1774,70.96,268,660,152,4,20,0
1774,70.96,274,0,60,26,35,0
1774,70.96,276,704,206,8,18,0
1774,70.96,282,654,200,10,15,0
1774,70.96,288,56,32,50,57,0
1774,70.96,297,176,588,23,24,0
1774,70.96,298,108,250,55,38,0
1774,70.96,299,59,387,16,42,0
1774,70.96,300,167,328,19,15,0
1774,70.96,304,715,107,62,123,0
1774,70.96,308,816,153,148,128,0
1774,70.96,310,714,336,42,15,0
1774,70.96,311,0,118,24,62,0
1774,70.96,316,749,142,30,31,0
1774,70.96,318,1120,306,16,14,0
1774,70.96,320,651,236,26,13,0
1774,70.96,321,59,464,15,24,0
1774,70.96,322,25,90,18,13,0
1774,70.96,323,11,496,15,45,0
1774,70.96,324,185,298,10,19,0
1774,70.96,326,221,56,25,17,0
1774,70.96,328,785,57,16,14,0
1774,70.96,330,1112,665,168,55,0
1774,70.96,332,112,512,15,24,0
1774,70.96,336,1207,516,9,18,0
1774,70.96,338,116,655,28,9,0
1774,70.96,339,118,491,17,8,0
1774,70.96,340,144,41,22,19,0
1774,70.96,341,176,640,16,24,0
1774,70.96,342,208,598,16,8,0
1774,70.96,343,288,676,14,11,0
1774,70.96,344,392,596,16,18,0
1774,70.96,345,637,653,19,31,0
1774,70.96,346,765,554,11,21,0
1774,70.96,347,1162,78,34,40,0
1774,70.96,348,1253,256,15,32,0
1774,70.96,349,1270,176,10,13,0
1774,70.96,350,1053,208,18,8,0
1774,70.96,351,952,163,19,23,0
1775,71.0,32,920,501,25,19,0
1775,71.0,36,44,492,140,162,0
1775,71.0,42,27,514,13,30,0
1775,71.0,46,80,576,15,20,0
1775,71.0,56,592,98,6,38,0
1775,71.0,61,935,480,24,19,0
1775,71.0,67,112,344,11,20,0
1775,71.0,112,592,229,60,17,0
1775,71.0,148,1270,304,10,32,0
1775,71.0,160,1189,114,71,144,0
1775,71.0,171,84,216,492,70,0
1775,71.0,206,456,442,32,24,0
1775,71.0,219,70,281,49,170,0
1775,71.0,231,22,106,32,60,0
1775,71.0,245,624,50,63,63,0
1775,71.0,254,0,236,29,12,0
1775,71.0,268,660,152,4,20,0
1775,71.0,274,0,60,26,35,0
1775,71.0,276,704,206,8,18,0
1775,71.0,282,654,200,10,15,0
1775,71.0,288,56,32,50,57,0
1775,71.0,297,176,588,23,24,0
1775,71.0,298,108,250,55,38,0
1775,71.0,299,59,387,16,42,0
1775,71.0,300,167,327,19,16,0
1775,71.0,304,715,107,62,124,0
1775,71.0,308,816,156,152,126,0
1775,71.0,310,714,336,42,15,0
1775,71.0,311,0,118,24,62,0
1775,71.0,316,749,142,30,31,0
1775,71.0,318,1120,306,16,14,0
1775,71.0,320,651,236,26,13,0
1775,71.0,321,59,464,15,24,0
1775,71.0,322,25,90,18,13,0
1775,71.0,323,11,496,15,45,0
1775,71.0,324,185,298,10,19,0
1775,71.0,326,221,56,25,17,0
1775,71.0,328,785,57,16,14,0
1775,71.0,330,1112,665,168,55,0
1775,71.0,332,112,512,15,24,0
1775,71.0,336,1207,516,9,18,0
1775,71.0,338,116,655,28,9,0
1775,71.0,339,118,491,17,8,0
1775,71.0,340,144,41,22,19,0
1775,71.0,341,176,640,16,24,0
1775,71.0,342,208,598,16,8,0
1775,71.0,343,288,676,14,11,0
1775,71.0,344,392,596,16,18,0
1775,71.0,345,636,653,20,31,0
1775,71.0,346,765,554,11,21,0
1775,71.0,347,1162,78,34,40,0
1775,71.0,348,1253,256,15,32,0
1775,71.0,349,1270,176,10,13,0
1775,71.0,350,1053,208,18,8,0
1776,71.04,32,920,501,25,19,0
1776,71.04,36,44,492,140,162,0
1776,71.04,42,27,514,13,30,0
1776,71.04,46,80,576,15,20,0
1776,71.04,56,592,98,6,38,0
1776,71.04,61,935,480,24,19,0
1776,71.04,67,112,344,11,20,0
1776,71.04,112,592,229,60,17,0
1776,71.04,148,1270,304,10,32,0
1776,71.04,160,1189,114,71,144,0
1776,71.04,171,84,216,492,70,0
1776,71.04,206,456,442,32,24,0
1776,71.04,219,70,281,49,170,0
1776,71.04,231,22,106,32,60,0
1776,71.04,245,624,50,63,63,0
1776,71.04,254,0,236,29,12,0
1776,71.04,268,660,152,4,20,0
1776,71.04,274,0,60,26,35,0
1776,71.04,276,704,206,8,18,0
1776,71.04,282,654,200,10,15,0
1776,71.04,288,56,32,50,57,0
1776,71.04,297,176,588,23,24,0
1776,71.04,298,108,250,55,38,0
1776,71.04,299,59,387,16,42,0
1776,71.04,300,167,327,19,16,0
1776,71.04,304,715,107,62,123,0
1776,71.04,308,816,157,157,127,0
1776,71.04,310,714,336,42,15,0
1776,71.04,311,0,118,24,62,0
1776,71.04,316,749,142,30,31,0
1776,71.04,318,1120,306,16,14,0
1776,71.04,320,651,236,26,13,0
1776,71.04,321,59,464,15,24,0
1776,71.04,322,25,90,18,13,0
1776,71.04,323,11,496,15,45,0
1776,71.04,324,185,298,10,19,0
1776,71.04,326,221,56,25,17,0
1776,71.04,328,785,57,16,14,0
1776,71.04,330,1112,665,168,55,0
1776,71.04,332,112,512,15,24,0
1776,71.04,336,1207,516,9,18,0
1776,71.04,338,116,655,28,9,0
1776,71.04,339,118,491,17,8,0
1776,71.04,340,144,41,22,19,0
1776,71.04,341,176,640,16,24,0
1776,71.04,342,208,598,16,8,0
1776,71.04,343,288,676,14,11,0
1776,71.04,344,392,596,16,18,0
1776,71.04,345,636,653,20,31,0
1776,71.04,346,765,554,11,21,0
1776,71.04,347,1162,78,34,40,0
1776,71.04,348,1253,256,15,32,0
1776,71.04,349,1270,176,10,13,0
1776,71.04,350,1053,208,18,8,0
1777,71.08,32,920,501,25,19,0
1777,71.08,36,44,492,140,162,0
1777,71.08,42,27,514,13,30,0
1777,71.08,46,80,576,15,20,0
1777,71.08,56,592,98,6,38,0
1777,71.08,61,935,480,24,19,0
1777,71.08,67,112,344,11,20,0
1777,71.08,112,592,229,60,17,0
1777,71.08,148,1270,304,10,32,0
1777,71.08,160,1189,114,71,144,0
1777,71.08,171,84,216,492,70,0
1777,71.08,206,456,442,32,24,0
1777,71.08,219,70,281,49,170,0
1777,71.08,231,22,106,32,60,0
1777,71.08,245,624,50,63,63,0
1777,71.08,254,0,236,29,12,0
1777,71.08,268,660,152,4,20,0
1777,71.08,274,0,60,26,35,0
1777,71.08,276,704,206,8,18,0
1777,71.08,282,654,200,10,15,0
1777,71.08,288,56,32,50,57,0
1777,71.08,297,176,588,23,24,0
1777,71.08,298,108,250,55,38,0
1777,71.08,299,59,387,16,42,0
1777,71.08,300,167,327,19,16,0
1777,71.08,304,715,107,62,124,0
1777,71.08,308,816,162,160,123,0
1777,71.08,310,714,336,42,15,0
1777,71.08,311,0,118,24,62,0
1777,71.08,316,749,142,30,31,0
1777,71.08,318,1120,306,16,14,0
1777,71.08,320,651,236,26,13,0
1777,71.08,321,59,464,15,24,0
1777,71.08,322,25,90,18,13,0
1777,71.08,323,11,496,15,45,0
1777,71.08,324,185,298,10,19,0
1777,71.08,326,221,56,25,17,0
1777,71.08,328,785,57,16,14,0
1777,71.08,330,1112,665,168,55,0
1777,71.08,332,112,512,15,24,0
1777,71.08,336,1207,516,9,18,0
1777,71.08,338,116,655,28,9,0
1777,71.08,339,118,491,17,8,0
1777,71.08,340,144,41,22,19,0
1777,71.08,341,176,640,16,24,0
1777,71.08,342,208,598,16,8,0
1777,71.08,343,288,676,14,11,0
1777,71.08,344,392,596,16,18,0
1777,71.08,345,636,653,20,31,0
1777,71.08,346,765,554,11,21,0
1777,71.08,347,1162,78,34,40,0
1777,71.08,348,1253,256,15,32,0
1777,71.08,349,1270,176,10,13,0
1777,71.08,350,1053,208,18,8,0
1778,71.12,32,920,501,25,19,0
1778,71.12,36,44,492,140,162,0
1778,71.12,42,27,514,13,30,0
1778,71.12,46,80,576,15,20,0
1778,71.12,56,592,98,6,38,0
1778,71.12,61,935,480,24,19,0
1778,71.12,67,112,344,11,20,0
1778,71.12,112,592,229,60,17,0
1778,71.12,148,1270,304,10,32,0
1778,71.12,160,1189,114,71,144,0
1778,71.12,171,84,216,492,70,0
1778,71.12,206,456,442,32,24,0
1778,71.12,219,70,281,49,170,0
1778,71.12,231,22,106,32,60,0
1778,71.12,245,624,50,63,63,0
1778,71.12,254,0,236,29,12,0
1778,71.12,268,660,152,4,20,0
1778,71.12,274,0,60,26,35,0
1778,71.12,276,704,206,8,18,0
1778,71.12,282,655,200,9,15,0
1778,71.12,288,56,32,50,57,0
1778,71.12,297,176,588,23,24,0
1778,71.12,298,108,250,55,38,0
1778,71.12,299,59,387,16,42,0
1778,71.12,300,167,328,19,15,0
1778,71.12,304,715,107,62,123,0
1778,71.12,308,817,163,165,107,0
1778,71.12,310,714,336,42,15,0
1778,71.12,311,0,118,24,62,0
1778,71.12,316,749,142,30,31,0
1778,71.12,317,880,244,13,12,0
1778,71.12,318,1120,306,16,14,0
1778,71.12,320,651,236,26,13,0
1778,71.12,321,59,464,15,24,0
1778,71.12,322,25,90,18,13,0
1778,71.12,323,11,496,15,45,0
1778,71.12,324,185,298,10,19,0
1778,71.12,326,221,56,25,17,0
1778,71.12,328,785,57,16,14,0
1778,71.12,330,1112,665,168,55,0
1778,71.12,332,112,512,15,24,0
1778,71.12,336,1207,516,9,18,0
1778,71.12,338,116,655,28,9,0
1778,71.12,339,118,491,17,8,0
1778,71.12,340,144,41,22,19,0
1778,71.12,341,176,640,16,24,0
1778,71.12,342,208,598,16,8,0
1778,71.12,343,288,676,14,11,0
1778,71.12,344,392,596,16,18,0
1778,71.12,345,636,653,20,31,0
1778,71.12,346,765,554,11,21,0
1778,71.12,347,1162,78,34,40,0
1778,71.12,348,1253,256,15,32,0
1778,71.12,349,1270,176,10,13,0
1778,71.12,350,1053,208,18,8,0
1778,71.12,351,931,157,14,12,0
1778,71.12,352,887,270,25,16,0
1779,71.16,32,920,501,25,19,0
1779,71.16,36,44,492,140,162,0
1779,71.16,42,27,514,13,30,0
1779,71.16,46,80,576,15,20,0
1779,71.16,56,592,98,6,38,0
1779,71.16,61,935,480,24,19,0
1779,71.16,67,112,344,11,20,0
1779,71.16,112,592,229,60,17,0
1779,71.16,148,1270,304,10,32,0
1779,71.16,160,1189,114,71,144,0
1779,71.16,171,84,216,492,70,0
1779,71.16,206,456,442,32,24,0
1779,71.16,219,70,281,49,170,0
1779,71.16,231,22,106,32,60,0
1779,71.16,245,624,50,63,63,0
1779,71.16,254,0,236,29,12,0
1779,71.16,268,660,152,4,20,0
1779,71.16,274,0,60,26,35,0
1779,71.16,276,704,206,8,18,0
1779,71.16,282,655,200,9,15,0
1779,71.16,288,56,32,50,57,0
1779,71.16,297,176,588,23,24,0
1779,71.16,298,108,250,55,38,0
1779,71.16,299,59,387,16,42,0
1779,71.16,300,167,327,19,16,0
1779,71.16,304,715,107,62,123,0
1779,71.16,308,826,166,161,110,0
1779,71.16,310,714,336,42,15,0
1779,71.16,311,0,118,24,62,0
1779,71.16,316,749,142,30,31,0
1779,71.16,317,882,245,16,19,0
1779,71.16,318,1120,306,16,14,0
1779,71.16,320,651,236,26,13,0
1779,71.16,321,59,464,15,24,0
1779,71.16,322,25,90,18,13,0
1779,71.16,323,11,496,15,45,0
1779,71.16,324,185,298,10,19,0
1779,71.16,326,221,56,25,17,0
1779,71.16,328,785,57,16,14,0
1779,71.16,330,1112,665,168,55,0
1779,71.16,332,112,512,15,24,0
1779,71.16,336,1207,516,9,18,0
1779,71.16,338,116,655,28,9,0
1779,71.16,339,118,491,17,8,0
1779,71.16,340,144,41,22,19,0
1779,71.16,341,176,640,16,24,0
1779,71.16,342,208,598,16,8,0
1779,71.16,343,288,676,14,11,0
1779,71.16,344,392,596,16,18,0
1779,71.16,345,636,653,20,31,0
1779,71.16,346,765,554,11,21,0
1779,71.16,347,1162,78,34,40,0
1779,71.16,348,1253,256,15,32,0
1779,71.16,349,1270,176,10,13,0
1779,71.16,350,1053,208,18,8,0
1779,71.16,352,887,272,24,19,0
1780,71.2,32,920,501,25,19,0
1780,71.2,36,44,492,140,162,0
1780,71.2,42,27,514,13,30,0
1780,71.2,46,80,576,15,20,0
1780,71.2,56,592,98,6,38,0
1780,71.2,61,935,480,24,19,0
1780,71.2,67,112,344,11,20,0
1780,71.2,112,592,229,60,17,0
1780,71.2,148,1270,304,10,32,0
1780,71.2,160,1189,114,71,144,0
1780,71.2,171,84,216,492,70,0
1780,71.2,206,456,442,32,24,0
1780,71.2,219,70,281,49,170,0
1780,71.2,231,22,106,32,60,0
1780,71.2,245,624,50,63,63,0
1780,71.2,254,0,236,29,12,0
1780,71.2,268,660,152,4,20,0
1780,71.2,274,0,60,26,35,0
1780,71.2,276,704,206,8,18,0
1780,71.2,282,655,200,9,15,0
1780,71.2,288,56,32,50,57,0
1780,71.2,297,176,588,23,24,0
1780,71.2,298,108,250,55,38,0
1780,71.2,299,59,387,16,42,0
1780,71.2,300,167,327,19,16,0
1780,71.2,304,715,107,62,123,0
1780,71.2,308,836,168,156,108,0
1780,71.2,310,714,336,42,15,0
1780,71.2,311,0,118,24,62,0
1780,71.2,316,749,142,30,31,0
1780,71.2,317,890,248,14,16,0
1780,71.2,318,1120,306,16,14,0
1780,71.2,320,651,236,26,13,0
1780,71.2,321,59,464,15,24,0
1780,71.2,322,25,90,18,13,0
1780,71.2,323,11,496,15,45,0
1780,71.2,324,185,298,10,19,0
1780,71.2,326,216,56,30,17,0
1780,71.2,328,785,57,16,14,0
1780,71.2,330,1112,665,168,55,0
1780,71.2,332,112,512,15,24,0
1780,71.2,336,1207,516,9,18,0
1780,71.2,338,116,655,28,9,0
1780,71.2,339,118,491,17,8,0
1780,71.2,340,144,41,22,19,0
1780,71.2,341,176,640,16,24,0
1780,71.2,342,208,598,16,8,0
1780,71.2,343,288,676,14,11,0
1780,71.2,344,392,596,16,18,0
1780,71.2,345,636,653,20,31,0
1780,71.2,346,765,554,11,21,0
1780,71.2,347,1162,78,34,40,0
1780,71.2,348,1253,256,15,32,0
1780,71.2,349,1270,176,10,13,0
1780,71.2,350,1053,208,18,8,0
1780,71.2,352,886,272,25,19,0
1781,71.24,32,920,501,25,19,0
1781,71.24,36,44,492,140,162,0
1781,71.24,42,27,514,13,30,0
1781,71.24,46,80,576,15,20,0
1781,71.24,56,592,98,6,38,0
1781,71.24,61,935,480,24,19,0
1781,71.24,67,112,344,11,20,0
1781,71.24,112,592,229,60,17,0
1781,71.24,148,1270,304,10,32,0
1781,71.24,160,1189,114,71,144,0
1781,71.24,171,84,216,492,70,0
1781,71.24,206,456,442,32,24,0
1781,71.24,219,70,281,49,170,0
1781,71.24,231,22,106,32,60,0
1781,71.24,245,624,50,63,63,0
1781,71.24,254,0,236,29,12,0
1781,71.24,268,660,152,4,20,0
1781,71.24,274,0,60,26,35,0
1781,71.24,276,704,206,8,18,0
1781,71.24,282,655,200,9,15,0
1781,71.24,288,56,32,50,57,0
1781,71.24,297,176,588,23,24,0
1781,71.24,298,108,250,55,38,0
1781,71.24,299,59,387,16,42,0
1781,71.24,300,167,328,19,15,0
1781,71.24,304,715,107,62,123,0
1781,71.24,308,846,170,154,106,0
1781,71.24,310,714,336,42,15,0
1781,71.24,311,0,118,24,62,0
1781,71.24,316,749,142,30,31,0
1781,71.24,318,1120,306,16,14,0
1781,71.24,320,651,236,26,13,0
1781,71.24,321,59,464,15,24,0
1781,71.24,322,25,90,18,13,0
1781,71.24,323,11,496,15,45,0
1781,71.24,324,185,298,10,19,0
1781,71.24,326,216,56,30,17,0
1781,71.24,328,785,57,16,14,0
1781,71.24,330,1112,665,168,55,0
1781,71.24,332,112,512,15,24,0
1781,71.24,336,1207,516,9,18,0
1781,71.24,338,116,655,28,9,0
1781,71.24,339,118,491,17,8,0
1781,71.24,340,144,41,22,19,0
1781,71.24,341,176,640,16,24,0
1781,71.24,342,208,598,16,8,0
1781,71.24,343,288,676,14,11,0
1781,71.24,344,392,596,16,18,0
1781,71.24,345,636,653,20,31,0
1781,71.24,346,765,554,11,21,0
1781,71.24,347,1162,78,34,40,0
1781,71.24,348,1253,256,15,32,0
1781,71.24,349,1270,176,10,13,0
1781,71.24,350,1053,208,18,8,0
1781,71.24,352,886,272,25,19,0
1782,71.28,32,920,501,25,19,0
1782,71.28,36,44,492,140,162,0
1782,71.28,42,27,514,13,30,0
1782,71.28,46,80,576,15,20,0
1782,71.28,56,592,98,6,38,0
1782,71.28,61,935,480,24,19,0
1782,71.28,67,112,344,11,20,0
1782,71.28,112,592,229,60,17,0
1782,71.28,148,1270,304,10,32,0
1782,71.28,160,1189,114,71,144,0
1782,71.28,171,84,216,492,70,0
1782,71.28,206,456,442,32,24,0
1782,71.28,219,70,281,49,170,0
1782,71.28,231,22,106,32,60,0
1782,71.28,245,624,50,63,63,0
1782,71.28,254,0,236,29,12,0
1782,71.28,268,660,152,4,20,0
1782,71.28,274,0,60,26,35,0
1782,71.28,276,704,206,8,18,0
1782,71.28,282,655,200,9,15,0
1782,71.28,288,56,32,50,57,0
1782,71.28,297,176,588,23,24,0
1782,71.28,298,108,250,55,38,0
1782,71.28,299,59,387,16,42,0
1782,71.28,300,167,327,19,16,0
1782,71.28,304,715,107,62,123,0
1782,71.28,308,857,175,147,101,0
1782,71.28,310,714,336,42,15,0
1782,71.28,311,0,118,24,62,0
1782,71.28,316,749,142,30,31,0
1782,71.28,318,1120,306,16,14,0
1782,71.28,320,651,236,26,13,0
1782,71.28,321,59,464,15,24,0
1782,71.28,322,25,90,18,13,0
1782,71.28,323,11,496,15,45,0
1782,71.28,324,185,298,10,19,0
1782,71.28,326,216,56,30,17,0
1782,71.28,328,785,57,16,14,0
1782,71.28,330,1112,665,168,55,0
1782,71.28,332,112,512,15,24,0
1782,71.28,336,1207,516,9,18,0
1782,71.28,338,116,655,28,9,0
1782,71.28,339,118,491,17,8,0
1782,71.28,340,144,41,22,19,0
1782,71.28,341,176,640,16,24,0
1782,71.28,342,208,598,16,8,0
1782,71.28,343,288,676,14,11,0
1782,71.28,344,392,596,16,18,0
1782,71.28,345,636,653,20,31,0
1782,71.28,346,765,554,11,21,0
1782,71.28,347,1162,78,34,40,0
1782,71.28,348,1253,256,15,32,0
1782,71.28,349,1270,176,10,13,0
1782,71.28,350,1053,208,18,8,0
1782,71.28,352,886,272,25,19,0
1783,71.32,32,920,501,25,19,0
1783,71.32,36,44,492,140,162,0
1783,71.32,42,27,514,13,30,0
1783,71.32,46,80,576,15,20,0
1783,71.32,56,592,98,6,38,0
1783,71.32,61,935,480,24,19,0
1783,71.32,67,112,344,11,20,0
1783,71.32,112,592,229,60,17,0
1783,71.32,148,1270,304,10,32,0
1783,71.32,160,1189,114,71,144,0
1783,71.32,171,84,216,492,70,0
1783,71.32,206,456,442,32,24,0
1783,71.32,219,70,281,49,170,0
1783,71.32,231,22,106,32,60,0
1783,71.32,245,624,50,63,63,0
1783,71.32,254,0,236,29,12,0
1783,71.32,268,660,152,4,20,0
1783,71.32,274,0,60,26,35,0
1783,71.32,276,704,206,8,18,0
1783,71.32,282,655,200,9,15,0
1783,71.32,288,56,32,50,57,0
1783,71.32,297,176,588,23,24,0
1783,71.32,298,108,250,55,38,0
1783,71.32,299,59,387,16,42,0
1783,71.32,300,167,327,19,16,0
1783,71.32,304,715,107,62,123,0
1783,71.32,308,864,176,145,100,0
1783,71.32,310,714,336,42,15,0
1783,71.32,311,0,118,24,62,0
1783,71.32,316,749,142,30,31,0
1783,71.32,318,1120,306,16,14,0
1783,71.32,320,651,236,26,13,0
1783,71.32,321,59,464,15,24,0
1783,71.32,322,25,90,18,13,0
1783,71.32,323,11,496,15,45,0
1783,71.32,324,185,298,10,19,0
1783,71.32,326,216,56,30,17,0
1783,71.32,328,785,57,16,14,0
1783,71.32,330,1112,665,168,55,0
1783,71.32,332,112,512,15,24,0
1783,71.32,336,1207,516,9,18,0
1783,71.32,338,116,655,28,9,0
1783,71.32,339,118,491,17,8,0
1783,71.32,340,144,41,22,19,0
1783,71.32,341,176,640,16,24,0
1783,71.32,342,208,598,16,8,0
1783,71.32,343,288,676,14,11,0
1783,71.32,344,392,596,16,18,0
1783,71.32,345,636,653,20,31,0
1783,71.32,346,765,554,11,21,0
1783,71.32,347,1162,78,34,40,0
1783,71.32,348,1253,256,15,32,0
1783,71.32,349,1270,176,10,13,0
1783,71.32,350,1053,208,18,8,0
1783,71.32,352,886,272,25,19,0
1784,71.36,32,920,501,25,19,0
1784,71.36,36,44,492,140,162,0
1784,71.36,42,27,514,13,30,0
1784,71.36,46,80,576,15,20,0
1784,71.36,56,592,98,6,38,0
1784,71.36,61,935,480,24,19,0
1784,71.36,67,112,344,11,20,0
1784,71.36,112,592,229,60,17,0
1784,71.36,148,1270,304,10,32,0
1784,71.36,160,1189,114,71,144,0
1784,71.36,171,84,216,492,70,0
1784,71.36,206,456,442,32,24,0
1784,71.36,219,70,281,49,170,0
1784,71.36,231,22,106,32,60,0
1784,71.36,245,624,50,63,63,0
1784,71.36,254,0,236,29,12,0
1784,71.36,268,660,152,4,20,0
1784,71.36,274,0,60,26,35,0
1784,71.36,276,704,206,8,18,0
1784,71.36,282,655,200,9,15,0
1784,71.36,288,56,32,50,57,0
1784,71.36,297,176,588,23,24,0
1784,71.36,298,108,250,55,38,0
1784,71.36,299,59,387,16,42,0
1784,71.36,300,167,327,19,16,0
1784,71.36,304,715,107,62,123,0
1784,71.36,308,873,177,143,114,0
1784,71.36,310,714,336,42,15,0
1784,71.36,311,0,118,24,62,0
1784,71.36,316,749,142,30,31,0
1784,71.36,318,1120,306,16,14,0
1784,71.36,320,651,236,26,13,0
1784,71.36,321,59,464,15,24,0
1784,71.36,322,25,90,18,13,0
1784,71.36,323,11,496,15,45,0
1784,71.36,324,185,298,10,19,0
1784,71.36,326,216,56,30,17,0
1784,71.36,328,785,57,16,14,0
1784,71.36,330,1112,665,168,55,0
1784,71.36,332,112,512,15,24,0
1784,71.36,336,1207,516,9,18,0
1784,71.36,338,116,655,28,9,0
1784,71.36,339,118,491,17,8,0
1784,71.36,340,144,41,22,19,0
1784,71.36,341,176,640,16,24,0
1784,71.36,342,208,598,16,8,0
1784,71.36,343,288,676,14,11,0
1784,71.36,344,392,596,16,18,0
1784,71.36,345,636,653,20,31,0
1784,71.36,346,765,554,11,21,0
1784,71.36,347,1162,78,34,40,0
1784,71.36,348,1253,256,15,32,0
1784,71.36,349,1270,176,10,13,0
1784,71.36,350,1053,208,18,8,0
1785,71.4,32,920,501,25,19,0
1785,71.4,36,44,492,140,162,0
1785,71.4,42,27,514,13,30,0
1785,71.4,46,80,576,15,20,0
1785,71.4,56,592,98,6,38,0
1785,71.4,61,935,480,24,19,0
1785,71.4,67,112,344,11,20,0
1785,71.4,112,592,229,60,17,0
1785,71.4,148,1270,304,10,32,0
1785,71.4,160,1189,114,71,144,0
1785,71.4,171,84,216,492,70,0
1785,71.4,206,456,442,32,24,0
1785,71.4,219,70,281,49,170,0
1785,71.4,231,22,106,32,60,0
1785,71.4,245,624,50,63,63,0
1785,71.4,254,0,236,29,12,0
1785,71.4,268,660,152,4,20,0
1785,71.4,274,0,60,26,35,0
1785,71.4,276,704,206,8,18,0
1785,71.4,282,655,200,9,15,0
1785,71.4,288,56,32,50,57,0
1785,71.4,297,176,588,23,24,0
1785,71.4,298,108,250,55,38,0
1785,71.4,299,59,387,16,42,0
1785,71.4,300,167,328,19,15,0
1785,71.4,304,715,107,62,123,0
1785,71.4,308,886,177,135,114,0
1785,71.4,310,714,336,42,15,0
1785,71.4,311,0,118,24,62,0
1785,71.4,316,749,142,30,31,0
1785,71.4,318,1120,306,16,14,0
1785,71.4,320,651,236,26,13,0
1785,71.4,321,59,464,15,24,0
1785,71.4,322,25,90,18,13,0
1785,71.4,323,11,496,15,45,0
1785,71.4,324,185,298,10,19,0
1785,71.4,326,216,56,30,17,0
1785,71.4,328,785,57,16,14,0
1785,71.4,330,1112,665,168,55,0
1785,71.4,332,112,512,15,24,0
1785,71.4,336,1207,516,9,18,0
1785,71.4,338,116,655,28,9,0
1785,71.4,339,118,491,17,8,0
1785,71.4,340,144,41,22,19,0
1785,71.4,341,176,640,16,24,0
1785,71.4,342,208,598,16,8,0
1785,71.4,343,288,676,14,11,0
1785,71.4,344,392,596,16,18,0
1785,71.4,345,637,653,19,31,0
1785,71.4,346,765,554,11,21,0
1785,71.4,347,1162,78,34,40,0
1785,71.4,348,1253,256,15,32,0
1785,71.4,349,1270,176,10,13,0
1785,71.4,350,1053,208,18,8,0
1785,71.4,352,880,249,15,15,0
1786,71.44,32,920,501,25,19,0
1786,71.44,36,44,492,140,162,0
1786,71.44,42,27,514,13,30,0
1786,71.44,46,80,576,15,20,0
1786,71.44,56,592,98,6,38,0
1786,71.44,61,935,480,24,19,0
1786,71.44,67,112,344,11,20,0
1786,71.44,112,592,229,60,17,0
1786,71.44,148,1270,304,10,32,0
1786,71.44,160,1189,114,71,144,0
1786,71.44,171,84,216,492,70,0
1786,71.44,206,456,442,32,24,0
1786,71.44,219,70,281,49,170,0
1786,71.44,231,22,106,32,60,0
1786,71.44,245,624,50,63,63,0
1786,71.44,254,0,236,29,12,0
1786,71.44,268,660,152,4,20,0
1786,71.44,274,0,60,26,35,0
1786,71.44,276,704,206,8,18,0
1786,71.44,282,655,200,9,15,0
1786,71.44,288,56,32,50,57,0
1786,71.44,297,176,588,23,24,0
1786,71.44,298,108,250,55,38,0
1786,71.44,299,59,387,16,42,0
1786,71.44,300,167,327,19,16,0
1786,71.44,304,715,107,62,123,0
1786,71.44,308,886,178,137,113,0
1786,71.44,310,714,336,42,15,0
1786,71.44,311,0,118,24,62,0
1786,71.44,316,749,142,30,31,0
1786,71.44,318,1120,306,16,14,0
1786,71.44,320,651,236,26,13,0
1786,71.44,321,59,464,15,24,0
1786,71.44,322,25,90,18,13,0
1786,71.44,323,11,496,15,45,0
1786,71.44,324,185,298,10,19,0
1786,71.44,326,216,56,30,17,0
1786,71.44,328,785,57,16,14,0
1786,71.44,330,1112,665,168,55,0
1786,71.44,332,112,512,15,24,0
1786,71.44,336,1207,516,9,18,0
1786,71.44,338,116,655,28,9,0
1786,71.44,339,118,491,17,8,0
1786,71.44,340,144,41,22,19,0
1786,71.44,341,176,640,16,24,0
1786,71.44,342,208,598,16,8,0
1786,71.44,343,288,676,14,11,0
1786,71.44,344,392,596,16,18,0
1786,71.44,345,637,653,19,31,0
1786,71.44,346,765,554,11,21,0
1786,71.44,347,1162,78,34,40,0
1786,71.44,348,1253,256,15,32,0
1786,71.44,349,1270,176,10,13,0
1786,71.44,350,1053,208,18,8,0
1787,71.48,32,920,501,25,19,0
1787,71.48,36,44,492,140,162,0
1787,71.48,42,27,514,13,30,0
1787,71.48,46,80,576,15,20,0
1787,71.48,56,592,98,6,38,0
1787,71.48,61,935,480,24,19,0
1787,71.48,67,112,344,11,20,0
1787,71.48,112,592,229,60,17,0
1787,71.48,148,1270,304,10,32,0
1787,71.48,160,1189,114,71,144,0
1787,71.48,171,84,216,492,70,0
1787,71.48,206,456,442,32,24,0
1787,71.48,219,70,281,49,170,0
1787,71.48,231,22,106,32,60,0
1787,71.48,245,624,50,63,63,0
1787,71.48,254,0,236,29,12,0
1787,71.48,268,660,152,4,20,0
1787,71.48,274,0,60,26,35,0
1787,71.48,276,704,206,8,18,0
1787,71.48,282,655,200,9,15,0
1787,71.48,288,56,32,50,57,0
1787,71.48,297,176,588,23,24,0
1787,71.48,298,108,250,55,38,0
1787,71.48,299,59,387,16,42,0
1787,71.48,300,167,327,19,16,0
1787,71.48,304,715,107,62,123,0
1787,71.48,308,888,182,138,109,0
1787,71.48,310,714,336,42,15,0
1787,71.48,311,0,118,24,62,0
1787,71.48,316,749,142,30,31,0
1787,71.48,318,1120,306,16,14,0
1787,71.48,320,651,236,26,13,0
1787,71.48,321,59,464,15,24,0
1787,71.48,322,25,90,18,13,0
1787,71.48,323,11,496,15,45,0
1787,71.48,324,185,298,10,19,0
1787,71.48,326,216,56,30,17,0
1787,71.48,328,785,57,16,14,0
1787,71.48,330,1112,665,168,55,0
1787,71.48,332,112,512,15,24,0
1787,71.48,336,1207,516,9,18,0
1787,71.48,338,116,655,28,9,0
1787,71.48,339,118,491,17,8,0
1787,71.48,340,144,41,22,19,0
1787,71.48,341,176,640,16,24,0
1787,71.48,342,208,598,16,8,0
1787,71.48,343,288,676,14,11,0
1787,71.48,344,392,596,16,18,0
1787,71.48,345,637,653,19,31,0
1787,71.48,346,765,554,11,21,0
1787,71.48,347,1162,78,34,40,0
1787,71.48,348,1253,256,15,32,0
1787,71.48,349,1270,176,10,13,0
1787,71.48,350,1053,208,18,8,0
1788,71.52,32,920,501,25,19,0
1788,71.52,36,44,492,140,162,0
1788,71.52,42,27,514,13,30,0
1788,71.52,46,80,576,15,20,0
1788,71.52,56,592,98,6,38,0
1788,71.52,61,935,480,24,19,0
1788,71.52,67,112,344,11,20,0
1788,71.52,112,592,229,60,17,0
1788,71.52,148,1270,304,10,32,0
1788,71.52,160,1189,114,71,144,0
1788,71.52,171,84,216,492,70,0
1788,71.52,206,456,442,32,24,0
1788,71.52,219,70,281,49,170,0
1788,71.52,231,22,106,32,60,0
1788,71.52,245,624,50,63,63,0
1788,71.52,254,0,236,29,12,0
1788,71.52,268,660,152,4,20,0
1788,71.52,274,0,60,26,35,0
1788,71.52,276,704,206,8,18,0
1788,71.52,282,655,200,9,15,0
1788,71.52,288,56,32,50,57,0
1788,71.52,297,176,588,23,24,0
1788,71.52,298,108,250,55,38,0
1788,71.52,299,59,387,16,42,0
1788,71.52,300,167,327,19,16,0
1788,71.52,304,715,107,62,123,0
1788,71.52,308,897,183,133,93,0
1788,71.52,310,714,336,42,15,0
1788,71.52,311,0,118,24,62,0
1788,71.52,316,749,142,30,31,0
1788,71.52,317,916,275,19,14,0
1788,71.52,318,1120,306,16,14,0
1788,71.52,320,651,236,26,13,0
1788,71.52,321,59,464,15,24,0
1788,71.52,322,25,90,18,13,0
1788,71.52,323,11,496,15,45,0
1788,71.52,324,185,298,10,19,0
1788,71.52,326,216,56,30,17,0
1788,71.52,328,785,57,16,14,0
1788,71.52,330,1112,665,168,55,0
1788,71.52,332,112,512,15,24,0
1788,71.52,336,1207,516,9,18,0
1788,71.52,338,116,655,28,9,0
1788,71.52,339,118,491,17,8,0
1788,71.52,340,144,41,22,19,0
1788,71.52,341,176,640,16,24,0
1788,71.52,342,208,598,16,8,0
1788,71.52,343,288,676,14,11,0
1788,71.52,344,392,596,16,18,0
1788,71.52,345,637,653,19,31,0
1788,71.52,346,765,554,11,21,0
1788,71.52,347,1162,78,34,40,0
1788,71.52,348,1253,256,15,32,0
1788,71.52,349,1270,176,10,13,0
1788,71.52,350,1053,208,18,8,0
1788,71.52,352,888,271,22,18,0
1789,71.56,32,920,501,25,19,0
1789,71.56,36,44,492,140,162,0
1789,71.56,42,27,514,13,30,0
1789,71.56,46,80,576,15,20,0
1789,71.56,56,592,98,6,38,0
1789,71.56,61,935,480,24,19,0
1789,71.56,67,112,344,11,20,0
1789,71.56,112,592,229,60,17,0
1789,71.56,148,1270,304,10,32,0
1789,71.56,160,1189,114,71,144,0
1789,71.56,171,84,216,492,70,0
1789,71.56,206,456,442,32,24,0
1789,71.56,219,70,281,49,170,0
1789,71.56,231,22,106,32,60,0
1789,71.56,245,624,50,63,63,0
1789,71.56,254,0,236,29,12,0
1789,71.56,268,660,152,4,20,0
1789,71.56,274,0,60,26,35,0
1789,71.56,276,704,206,8,18,0
1789,71.56,282,655,200,9,15,0
1789,71.56,288,56,32,50,57,0
1789,71.56,297,176,588,23,24,0
1789,71.56,298,108,250,55,38,0
1789,71.56,299,59,387,16,42,0
1789,71.56,300,167,328,19,15,0
1789,71.56,304,715,107,62,123,0
1789,71.56,308,886,189,148,100,0
1789,71.56,310,714,336,42,15,0
1789,71.56,311,0,118,24,62,0
1789,71.56,316,749,142,30,31,0
1789,71.56,317,930,276,24,17,0
1789,71.56,318,1120,306,16,14,0
1789,71.56,320,651,236,26,13,0
1789,71.56,321,59,464,15,24,0
1789,71.56,322,25,90,18,13,0
1789,71.56,323,11,496,15,45,0
1789,71.56,324,185,298,10,19,0
1789,71.56,326,216,56,30,17,0
1789,71.56,328,785,57,16,14,0
1789,71.56,330,1112,665,168,55,0
1789,71.56,332,112,512,15,24,0
1789,71.56,336,1207,516,9,18,0
1789,71.56,338,116,655,28,9,0
1789,71.56,339,118,491,17,8,0
1789,71.56,340,144,41,22,19,0
1789,71.56,341,176,640,16,24,0
1789,71.56,342,208,598,16,8,0
1789,71.56,343,288,676,14,11,0
1789,71.56,344,392,596,16,18,0
1789,71.56,345,637,653,19,31,0
1789,71.56,346,765,554,11,21,0
1789,71.56,347,1162,78,34,40,0
1789,71.56,348,1253,256,15,32,0
1789,71.56,349,1270,176,10,13,0
1789,71.56,350,1053,208,18,8,0
1790,71.6,32,920,501,25,19,0
1790,71.6,36,44,492,140,162,0
1790,71.6,42,30,514,10,26,0
1790,71.6,46,80,576,15,20,0
1790,71.6,56,592,98,6,38,0
1790,71.6,61,935,480,24,19,0
1790,71.6,67,112,344,11,20,0
1790,71.6,112,592,229,60,17,0
1790,71.6,148,1270,304,10,32,0
1790,71.6,160,1189,114,71,144,0
1790,71.6,171,84,216,492,70,0
1790,71.6,206,456,442,32,24,0
1790,71.6,219,70,281,49,170,0
1790,71.6,231,22,106,32,60,0
1790,71.6,245,624,50,63,63,0
1790,71.6,254,0,236,29,12,0
1790,71.6,268,660,152,4,20,0
1790,71.6,274,0,60,26,35,0
1790,71.6,276,704,206,8,18,0
1790,71.6,282,655,200,9,15,0
1790,71.6,288,56,32,50,57,0
1790,71.6,297,176,588,23,24,0
1790,71.6,298,108,250,55,38,0
1790,71.6,299,59,387,16,42,0
1790,71.6,300,167,327,19,16,0
1790,71.6,304,715,107,56,123,0
1790,71.6,307,760,184,17,23,0
1790,71.6,308,899,192,139,107,0
1790,71.6,310,714,336,42,15,0
1790,71.6,311,0,118,24,62,0
1790,71.6,316,749,142,30,31,0
1790,71.6,318,1120,306,16,14,0
1790,71.6,320,651,236,26,13,0
1790,71.6,321,59,464,15,24,0
1790,71.6,322,25,90,18,13,0
1790,71.6,323,9,496,17,45,0
1790,71.6,324,185,298,10,19,0
1790,71.6,326,216,56,30,17,0
1790,71.6,328,785,57,16,14,0
1790,71.6,330,1112,665,168,55,0
1790,71.6,332,112,512,15,24,0
1790,71.6,336,1207,516,9,18,0
1790,71.6,338,116,655,28,9,0
1790,71.6,339,118,491,17,8,0
1790,71.6,340,144,41,22,19,0
1790,71.6,341,176,640,16,24,0
1790,71.6,342,208,598,16,8,0
1790,71.6,343,288,676,14,11,0
1790,71.6,344,392,596,16,18,0
1790,71.6,345,637,653,19,31,0
1790,71.6,346,765,554,11,21,0
1790,71.6,347,1162,78,34,40,0
1790,71.6,348,1253,256,15,32,0
1790,71.6,349,1270,176,10,13,0
1790,71.6,350,1053,208,18,8,0
1790,71.6,352,886,271,24,20,0
1790,71.6,353,157,355,13,17,0
1791,71.64,32,920,495,25,23,0
1791,71.64,36,132,598,18,8,0
1791,71.64,42,47,494,35,74,0
1791,71.64,46,57,560,111,90,0
1791,71.64,56,592,98,6,38,0
1791,71.64,61,935,480,14,16,0
1791,71.64,67,112,344,10,20,0
1791,71.64,112,587,229,65,18,0
1791,71.64,148,1270,304,10,23,0
1791,71.64,160,1185,111,74,145,0
1791,71.64,171,84,216,492,70,0
1791,71.64,206,456,441,32,25,0
1791,71.64,219,59,330,50,114,0
1791,71.64,231,22,117,34,43,0
1791,71.64,245,624,51,62,62,0
1791,71.64,254,0,237,30,11,0
1791,71.64,268,675,144,8,19,0
1791,71.64,274,0,60,25,34,0
1791,71.64,276,703,206,9,21,0
1791,71.64,282,655,200,9,15,0
1791,71.64,288,56,32,50,60,0
1791,71.64,297,152,588,24,36,0
1791,71.64,298,119,257,14,23,0
1791,71.64,299,106,400,12,30,0
1791,71.64,300,171,344,15,12,0
1791,71.64,304,734,156,28,23,0
1791,71.64,307,752,175,20,29,0
1791,71.64,308,887,193,155,111,0
1791,71.64,310,720,322,34,33,0
1791,71.64,311,0,129,21,36,0
1791,71.64,316,760,143,13,36,0
1791,71.64,318,1120,304,16,16,0
1791,71.64,320,653,232,26,19,0
1791,71.64,322,7,118,12,10,0
1791,71.64,323,43,552,13,38,0
1791,71.64,324,186,298,17,20,0
1791,71.64,328,721,109,45,35,0
1791,71.64,330,1160,696,58,10,0
1791,71.64,337,26,540,14,14,0
1791,71.64,338,83,640,10,12,0
1791,71.64,343,271,652,17,26,0
1791,71.64,347,1176,95,14,17,0
1791,71.64,353,108,368,6,32,0
1791,71.64,354,10,141,14,39,0
1791,71.64,355,55,592,9,22,0
1791,71.64,356,105,296,14,17,0
1791,71.64,357,134,256,27,24,0
1791,71.64,358,443,310,21,14,0
1791,71.64,359,668,209,16,24,0
1791,71.64,360,728,140,14,25,0
1791,71.64,361,734,181,23,59,0
1791,71.64,362,753,371,12,11,0
1791,71.64,363,1138,665,142,55,0
1792,71.68,32,920,495,25,23,0
1792,71.68,36,152,588,24,36,0
1792,71.68,42,47,494,35,74,0
1792,71.68,46,57,560,111,90,0
1792,71.68,56,592,98,6,38,0
1792,71.68,61,935,480,14,16,0
1792,71.68,67,112,344,10,20,0
1792,71.68,112,587,229,65,18,0
1792,71.68,148,1270,304,10,23,0
1792,71.68,160,1185,111,74,145,0
1792,71.68,171,84,216,492,70,0
1792,71.68,206,456,441,32,25,0
1792,71.68,219,59,330,50,114,0
1792,71.68,231,22,117,34,43,0
1792,71.68,245,624,51,62,62,0
1792,71.68,254,0,237,30,11,0
1792,71.68,268,675,144,8,19,0
1792,71.68,274,0,60,25,34,0
1792,71.68,276,703,206,9,21,0
1792,71.68,282,655,200,9,15,0
1792,71.68,288,56,32,50,60,0
1792,71.68,297,132,598,18,8,0
1792,71.68,298,119,257,14,23,0
1792,71.68,299,106,400,12,30,0
1792,71.68,300,171,344,15,12,0
1792,71.68,304,734,156,28,23,0
1792,71.68,307,752,175,20,29,0
1792,71.68,308,892,196,153,114,0
1792,71.68,310,720,322,34,33,0
1792,71.68,311,0,129,21,36,0
1792,71.68,316,760,143,13,36,0
1792,71.68,318,1120,304,16,16,0
1792,71.68,320,653,232,26,19,0
1792,71.68,322,7,118,12,10,0
1792,71.68,323,83,640,10,12,0
1792,71.68,324,186,298,17,20,0
1792,71.68,328,672,165,13,18,0
1792,71.68,330,1160,696,58,10,0
1792,71.68,337,26,540,14,14,0
1792,71.68,338,43,552,13,38,0
1792,71.68,343,271,652,17,26,0
1792,71.68,347,1176,95,14,17,0
1792,71.68,353,108,368,6,32,0
1792,71.68,354,10,141,14,39,0
1792,71.68,355,55,592,9,22,0
1792,71.68,356,105,296,14,17,0
1792,71.68,357,134,256,27,24,0
1792,71.68,358,443,310,21,14,0
1792,71.68,359,668,209,16,24,0
1792,71.68,360,728,140,14,25,0
1792,71.68,361,734,181,23,59,0
1792,71.68,362,753,371,12,11,0
1792,71.68,363,1138,665,142,55,0
1792,71.68,364,721,109,45,35,0
1793,71.72,32,920,495,25,23,0
1793,71.72,36,152,588,24,36,0
1793,71.72,42,47,494,35,74,0
1793,71.72,46,57,560,111,90,0
1793,71.72,56,592,98,6,38,0
1793,71.72,61,935,480,14,16,0
1793,71.72,67,112,344,10,20,0
1793,71.72,112,587,229,65,18,0
1793,71.72,148,1270,304,10,23,0
1793,71.72,160,1185,111,74,145,0
1793,71.72,171,84,216,492,70,0
1793,71.72,206,456,441,32,25,0
1793,71.72,219,59,330,50,114,0
1793,71.72,231,22,117,34,43,0
1793,71.72,245,624,51,62,62,0
1793,71.72,254,0,237,30,11,0
1793,71.72,268,676,144,7,19,0
1793,71.72,274,0,60,25,34,0
1793,71.72,276,703,206,9,21,0
1793,71.72,282,655,200,9,15,0
1793,71.72,288,56,32,48,60,0
1793,71.72,297,132,598,18,8,0
1793,71.72,298,119,257,14,23,0
1793,71.72,299,106,400,12,30,0
1793,71.72,300,171,344,15,12,0
1793,71.72,304,734,156,28,23,0
1793,71.72,307,752,175,20,29,0
1793,71.72,308,905,200,144,117,0
1793,71.72,310,720,322,34,33,0
1793,71.72,311,0,129,21,36,0
1793,71.72,316,760,143,13,36,0
1793,71.72,318,1120,304,16,16,0
1793,71.72,320,653,232,26,19,0
1793,71.72,322,7,118,12,10,0
1793,71.72,324,186,298,17,20,0
1793,71.72,330,1160,696,58,10,0
1793,71.72,337,26,540,14,14,0
1793,71.72,343,271,652,17,26,0
1793,71.72,347,1176,95,14,17,0
1793,71.72,352,896,270,14,21,0
1793,71.72,353,108,368,6,32,0
1793,71.72,354,10,141,14,39,0
1793,71.72,355,55,592,9,22,0
1793,71.72,356,105,296,14,17,0
1793,71.72,357,134,256,27,24,0
1793,71.72,358,443,310,21,14,0
1793,71.72,359,668,209,16,24,0
1793,71.72,360,728,140,14,25,0
1793,71.72,361,734,181,23,59,0
1793,71.72,362,753,371,12,11,0
1793,71.72,363,1138,665,142,55,0
1793,71.72,364,721,109,45,35,0
1793,71.72,365,43,552,13,38,0
1793,71.72,366,83,640,10,12,0
1794,71.76,32,920,495,25,23,0
1794,71.76,36,151,604,17,20,0
1794,71.76,42,47,494,35,74,0
1794,71.76,46,57,560,111,90,0
1794,71.76,56,592,98,6,38,0
1794,71.76,61,935,480,14,16,0
1794,71.76,67,112,344,10,20,0
1794,71.76,112,587,229,65,18,0
1794,71.76,148,1270,302,10,25,0
1794,71.76,160,1185,111,74,145,0
1794,71.76,171,84,216,492,70,0
1794,71.76,206,456,441,32,25,0
1794,71.76,219,59,330,50,114,0
1794,71.76,231,22,117,34,43,0
1794,71.76,245,624,51,62,62,0
1794,71.76,254,0,237,30,11,0
1794,71.76,268,676,144,7,19,0
1794,71.76,274,0,60,25,34,0
1794,71.76,276,703,206,9,21,0
1794,71.76,282,655,200,9,15,0
1794,71.76,288,56,32,48,60,0
1794,71.76,297,162,588,14,14,0
1794,71.76,298,119,257,14,23,0
1794,71.76,299,106,400,12,30,0
1794,71.76,300,171,344,15,12,0
1794,71.76,304,734,157,28,22,0
1794,71.76,307,752,175,20,25,0
1794,71.76,308,908,202,145,117,0
1794,71.76,310,717,322,37,33,0
1794,71.76,311,0,129,24,51,0
1794,71.76,316,760,143,13,36,0
1794,71.76,318,1120,304,16,16,0
1794,71.76,320,653,232,26,19,0
1794,71.76,322,7,118,12,10,0
1794,71.76,324,186,298,17,20,0
1794,71.76,330,1160,697,55,9,0
1794,71.76,337,26,539,14,15,0
1794,71.76,343,271,652,17,26,0
1794,71.76,347,1176,95,14,17,0
1794,71.76,353,108,368,6,32,0
1794,71.76,355,55,592,9,22,0
1794,71.76,356,103,296,16,32,0
1794,71.76,357,134,256,28,24,0
1794,71.76,358,443,310,21,14,0
1794,71.76,359,668,209,16,24,0
1794,71.76,360,728,140,14,25,0
1794,71.76,361,734,181,23,59,0
1794,71.76,362,753,371,12,11,0
1794,71.76,363,1138,665,142,55,0
1794,71.76,364,736,109,32,38,0
1794,71.76,365,43,552,13,38,0
1794,71.76,366,83,640,10,12,0
1794,71.76,367,721,117,19,15,0
1795,71.8,32,920,495,25,23,0
1795,71.8,36,151,604,17,20,0
1795,71.8,42,52,494,30,74,0
1795,71.8,46,57,560,111,90,0
1795,71.8,56,592,98,6,38,0
1795,71.8,61,935,480,14,16,0
1795,71.8,67,112,344,10,20,0
1795,71.8,112,587,229,65,18,0
1795,71.8,148,1270,304,10,23,0
1795,71.8,160,1185,111,74,145,0
1795,71.8,171,84,216,492,70,0
1795,71.8,206,456,441,32,25,0
1795,71.8,219,59,330,50,114,0
1795,71.8,231,22,117,34,43,0
1795,71.8,245,624,51,62,62,0
1795,71.8,254,0,237,30,11,0
1795,71.8,268,676,144,7,19,0
1795,71.8,274,0,60,25,34,0
1795,71.8,276,703,206,9,21,0
1795,71.8,282,655,200,9,15,0
1795,71.8,288,56,32,48,60,0
1795,71.8,297,160,588,16,16,0
1795,71.8,298,119,257,14,23,0
1795,71.8,299,106,400,12,30,0
1795,71.8,300,171,344,15,12,0
1795,71.8,304,734,157,28,22,0
1795,71.8,307,752,175,20,25,0
1795,71.8,308,924,195,139,115,0
1795,71.8,310,717,322,37,33,0
1795,71.8,311,0,130,24,50,0
1795,71.8,316,760,143,13,36,0
1795,71.8,318,1120,304,16,16,0
1795,71.8,320,653,232,26,19,0
1795,71.8,322,7,118,12,14,0
1795,71.8,324,186,298,17,20,0
1795,71.8,330,1160,697,55,9,0
1795,71.8,337,26,539,14,15,0
1795,71.8,343,272,652,16,26,0
1795,71.8,347,1176,95,14,17,0
1795,71.8,352,947,298,20,20,0
1795,71.8,353,108,368,6,32,0
1795,71.8,355,55,592,9,22,0
1795,71.8,356,103,296,16,32,0
1795,71.8,357,134,256,28,24,0
1795,71.8,358,443,310,21,14,0
1795,71.8,359,668,209,16,24,0
1795,71.8,360,728,140,14,25,0
1795,71.8,361,734,181,23,59,0
1795,71.8,362,753,371,12,11,0
1795,71.8,363,1138,665,142,55,0
1795,71.8,364,736,109,32,38,0
1795,71.8,365,43,552,13,38,0
1795,71.8,366,83,640,10,12,0
1795,71.8,367,721,117,19,15,0
1796,71.84,32,920,495,25,23,0
1796,71.84,36,151,604,17,20,0
1796,71.84,42,52,494,30,74,0
1796,71.84,46,57,560,111,90,0
1796,71.84,56,592,98,6,38,0
1796,71.84,61,935,480,14,16,0
1796,71.84,67,112,344,10,20,0
1796,71.84,112,587,229,65,18,0
1796,71.84,148,1270,304,10,23,0
1796,71.84,160,1185,111,74,145,0
1796,71.84,171,84,216,492,70,0
1796,71.84,206,456,441,32,25,0
1796,71.84,219,59,330,50,114,0
1796,71.84,231,22,117,34,43,0
1796,71.84,245,624,51,62,62,0
1796,71.84,254,0,237,30,11,0
1796,71.84,268,676,144,7,19,0
1796,71.84,274,0,60,25,34,0
1796,71.84,276,703,206,9,21,0
1796,71.84,282,655,200,9,15,0
1796,71.84,288,56,32,48,60,0
1796,71.84,297,160,588,16,16,0
1796,71.84,298,119,257,14,23,0
1796,71.84,299,106,400,12,30,0
1796,71.84,300,171,344,15,12,0
1796,71.84,304,734,157,28,22,0
1796,71.84,307,752,175,20,25,0
1796,71.84,308,934,195,130,124,0
1796,71.84,310,717,322,37,33,0
1796,71.84,311,0,129,24,51,0
1796,71.84,316,760,143,13,36,0
1796,71.84,318,1120,304,16,16,0
1796,71.84,320,653,232,26,19,0
1796,71.84,322,7,118,12,14,0
1796,71.84,324,186,298,17,20,0
1796,71.84,330,1160,697,55,9,0
1796,71.84,337,26,539,14,15,0
1796,71.84,343,271,652,17,26,0
1796,71.84,347,1176,95,14,17,0
1796,71.84,353,108,368,6,32,0
1796,71.84,355,55,592,9,22,0
1796,71.84,356,103,296,15,32,0
1796,71.84,357,134,256,28,24,0
1796,71.84,358,443,310,21,14,0
1796,71.84,359,668,209,16,24,0
1796,71.84,360,728,140,14,25,0
1796,71.84,361,734,181,23,59,0
1796,71.84,362,753,371,12,11,0
1796,71.84,363,1138,665,142,55,0
1796,71.84,364,736,109,32,38,0
1796,71.84,365,43,552,13,38,0
1796,71.84,366,83,640,10,12,0
1796,71.84,367,721,117,19,15,0
1796,71.84,368,672,165,13,18,0
1797,71.88,32,920,495,25,23,0
1797,71.88,36,151,604,17,20,0
1797,71.88,42,52,494,30,74,0
1797,71.88,46,57,560,111,90,0
1797,71.88,56,592,98,6,38,0
1797,71.88,61,935,480,14,16,0
1797,71.88,67,112,344,10,20,0
1797,71.88,112,587,229,65,18,0
1797,71.88,148,1270,302,10,25,0
1797,71.88,160,1185,111,74,145,0
1797,71.88,171,84,216,492,70,0
1797,71.88,206,456,441,32,25,0
1797,71.88,219,59,330,50,114,0
1797,71.88,231,22,117,34,43,0
1797,71.88,245,624,51,62,62,0
1797,71.88,254,0,237,30,11,0
1797,71.88,268,676,144,7,19,0
1797,71.88,274,0,60,25,34,0
1797,71.88,276,703,206,9,21,0
1797,71.88,282,655,200,9,15,0
1797,71.88,288,56,32,48,60,0
1797,71.88,297,162,588,14,14,0
1797,71.88,298,119,257,14,23,0
1797,71.88,299,106,400,12,30,0
1797,71.88,300,171,344,15,12,0
1797,71.88,304,734,157,28,22,0
1797,71.88,307,752,175,20,25,0
1797,71.88,308,944,211,123,108,0
1797,71.88,310,717,322,37,33,0
1797,71.88,311,0,129,24,51,0
1797,71.88,316,760,143,13,36,0
1797,71.88,318,1120,304,16,16,0
1797,71.88,320,653,232,26,19,0
1797,71.88,322,7,118,12,14,0
1797,71.88,324,186,298,17,20,0
1797,71.88,330,1160,697,55,9,0
1797,71.88,337,26,539,14,15,0
1797,71.88,343,271,652,17,26,0
1797,71.88,347,1176,95,14,17,0
1797,71.88,350,1052,195,10,15,0
1797,71.88,353,108,368,6,32,0
1797,71.88,355,55,592,9,22,0
1797,71.88,356,103,296,15,32,0
1797,71.88,357,134,256,28,24,0
1797,71.88,358,443,310,21,14,0
1797,71.88,359,668,209,16,24,0
1797,71.88,360,728,140,14,25,0
1797,71.88,361,734,181,23,59,0
1797,71.88,362,753,371,12,11,0
1797,71.88,363,1138,665,142,55,0
1797,71.88,364,736,109,32,38,0
1797,71.88,365,43,552,13,38,0
1797,71.88,366,83,640,10,12,0
1797,71.88,367,721,117,19,15,0
1798,71.92,32,920,495,25,23,0
1798,71.92,36,151,604,17,20,0
1798,71.92,42,52,494,30,74,0
1798,71.92,46,57,560,111,90,0
1798,71.92,56,592,98,6,38,0
1798,71.92,61,935,480,14,16,0
1798,71.92,67,112,344,10,20,0
1798,71.92,112,587,229,65,18,0
1798,71.92,148,1270,304,10,23,0
1798,71.92,160,1185,111,74,145,0
1798,71.92,171,84,216,492,70,0
1798,71.92,206,456,441,32,25,0
1798,71.92,219,59,330,50,114,0
1798,71.92,231,22,117,34,43,0
1798,71.92,245,624,51,62,62,0
1798,71.92,254,0,237,30,11,0
1798,71.92,268,676,144,7,19,0
1798,71.92,274,0,60,25,34,0
1798,71.92,276,703,206,9,21,0
1798,71.92,282,655,200,9,15,0
1798,71.92,288,56,32,48,60,0
1798,71.92,297,162,588,14,14,0
1798,71.92,298,119,257,14,23,0
1798,71.92,299,106,400,12,30,0
1798,71.92,300,171,344,15,12,0
1798,71.92,304,734,157,28,22,0
1798,71.92,307,752,175,20,25,0
1798,71.92,308,947,214,125,105,0
1798,71.92,310,717,322,37,33,0
1798,71.92,311,0,129,24,51,0
1798,71.92,316,760,143,13,36,0
1798,71.92,318,1120,304,16,16,0
1798,71.92,320,653,232,26,19,0
1798,71.92,322,7,118,12,14,0
1798,71.92,324,186,298,17,20,0
1798,71.92,330,1160,697,55,9,0
1798,71.92,337,26,539,14,15,0
1798,71.92,343,271,652,17,26,0
1798,71.92,347,1176,95,14,17,0
1798,71.92,350,1049,195,17,18,0
1798,71.92,353,108,368,6,32,0
1798,71.92,355,55,592,9,22,0
1798,71.92,356,103,296,15,32,0
1798,71.92,357,134,256,28,24,0
1798,71.92,358,443,310,21,14,0
1798,71.92,359,668,209,16,24,0
1798,71.92,360,728,140,14,25,0
1798,71.92,361,734,181,23,59,0
1798,71.92,362,753,371,12,11,0
1798,71.92,363,1138,665,142,55,0
1798,71.92,364,736,109,32,38,0
1798,71.92,365,43,552,13,38,0
1798,71.92,366,83,640,10,12,0
1798,71.92,367,721,117,19,15,0
1799,71.96,32,920,495,25,23,0
1799,71.96,36,151,604,17,20,0
1799,71.96,42,52,494,30,74,0
1799,71.96,46,57,560,111,90,0
1799,71.96,56,592,98,6,38,0
1799,71.96,61,935,480,14,16,0
1799,71.96,67,112,344,10,20,0
1799,71.96,112,587,229,65,18,0
1799,71.96,148,1270,302,10,25,0
1799,71.96,160,1185,111,74,145,0
1799,71.96,171,84,216,492,70,0
1799,71.96,206,456,441,32,25,0
1799,71.96,219,59,330,50,114,0
1799,71.96,231,22,117,34,43,0
1799,71.96,245,624,51,62,62,0
1799,71.96,254,0,237,30,11,0
1799,71.96,268,676,144,7,19,0
1799,71.96,274,0,60,25,34,0
1799,71.96,276,703,206,9,21,0
1799,71.96,282,655,200,9,15,0
1799,71.96,288,56,32,48,60,0
1799,71.96,297,162,588,14,14,0
1799,71.96,298,119,257,14,23,0
1799,71.96,299,106,400,12,30,0
1799,71.96,300,171,344,15,12,0
1799,71.96,304,734,157,28,22,0
1799,71.96,307,752,175,20,25,0
1799,71.96,308,952,217,124,102,0
1799,71.96,310,717,322,37,33,0
1799,71.96,311,0,129,24,51,0
1799,71.96,316,760,143,13,36,0
1799,71.96,318,1120,304,16,16,0
1799,71.96,320,653,232,26,19,0
1799,71.96,322,7,118,12,14,0
1799,71.96,324,186,298,17,20,0
1799,71.96,330,1160,697,55,9,0
1799,71.96,337,26,539,14,15,0
1799,71.96,343,271,652,17,26,0
1799,71.96,347,1176,95,14,17,0
1799,71.96,350,1055,195,16,21,0
1799,71.96,353,108,368,6,32,0
1799,71.96,355,55,592,9,22,0
1799,71.96,356,103,296,15,32,0
1799,71.96,357,134,256,28,24,0
1799,71.96,358,443,310,21,14,0
1799,71.96,359,668,209,16,24,0
1799,71.96,360,728,140,14,25,0
1799,71.96,361,734,181,23,59,0
1799,71.96,362,753,371,12,11,0
1799,71.96,363,1138,665,142,55,0
1799,71.96,364,736,109,32,38,0
1799,71.96,365,43,552,13,38,0
1799,71.96,366,83,640,10,12,0
1799,71.96,367,721,117,19,15,0
1799,71.96,369,880,236,20,20,0
1799,71.96,370,888,240,24,24,0
1800,72.0,32,920,495,25,23,0
1800,72.0,36,151,604,17,20,0
1800,72.0,42,52,494,30,74,0
1800,72.0,46,57,560,111,90,0
1800,72.0,56,592,98,6,38,0
1800,72.0,61,935,480,14,16,0
1800,72.0,67,112,344,10,20,0
1800,72.0,112,587,229,65,18,0
1800,72.0,148,1270,304,10,23,0
1800,72.0,160,1185,111,74,145,0
1800,72.0,171,84,216,492,70,0
1800,72.0,206,456,441,32,25,0
1800,72.0,219,59,330,50,114,0
1800,72.0,231,22,117,34,43,0
1800,72.0,245,624,51,62,62,0
1800,72.0,254,0,237,30,11,0
1800,72.0,268,676,144,7,19,0
1800,72.0,274,0,60,25,34,0
1800,72.0,276,703,206,9,21,0
1800,72.0,282,655,200,9,15,0
1800,72.0,288,56,32,48,60,0
1800,72.0,297,162,588,14,14,0
1800,72.0,298,119,257,14,23,0
1800,72.0,299,106,400,12,30,0
1800,72.0,300,171,344,15,12,0
1800,72.0,304,734,157,28,22,0
1800,72.0,307,752,175,20,25,0
1800,72.0,308,946,220,137,105,0
1800,72.0,310,717,322,37,33,0
1800,72.0,311,0,129,24,51,0
1800,72.0,316,760,143,13,36,0
1800,72.0,318,1120,304,16,16,0
1800,72.0,320,653,232,26,19,0
1800,72.0,322,7,118,12,14,0
1800,72.0,324,186,298,17,20,0
1800,72.0,330,1160,697,55,9,0
1800,72.0,343,271,652,17,26,0
1800,72.0,347,1176,95,14,17,0
1800,72.0,350,1056,195,18,24,0
1800,72.0,353,108,368,6,32,0
1800,72.0,355,55,592,9,22,0
1800,72.0,356,103,296,15,32,0
1800,72.0,357,134,256,28,24,0
1800,72.0,358,443,310,21,14,0
1800,72.0,359,668,209,16,24,0
1800,72.0,360,728,140,14,25,0
1800,72.0,361,734,181,23,59,0
1800,72.0,362,753,371,12,11,0
1800,72.0,363,1138,665,142,55,0
1800,72.0,364,736,109,32,38,0
1800,72.0,365,43,552,13,38,0
1800,72.0,366,83,640,10,12,0
1800,72.0,367,721,117,19,15,0
1800,72.0,368,672,165,13,18,0
1800,72.0,369,880,236,20,20,0
1800,72.0,370,888,240,24,24,0
1801,72.04,32,920,495,25,23,0
1801,72.04,36,151,604,17,20,0
1801,72.04,42,52,494,30,74,0
1801,72.04,46,57,560,111,90,0
1801,72.04,56,592,98,6,38,0
1801,72.04,61,935,480,14,16,0
1801,72.04,67,112,344,10,20,0
1801,72.04,112,587,229,65,18,0
1801,72.04,148,1270,304,10,23,0
1801,72.04,160,1185,111,74,145,0
1801,72.04,171,84,216,492,70,0
1801,72.04,206,456,441,32,25,0
1801,72.04,219,59,330,50,114,0
1801,72.04,231,22,117,34,43,0
1801,72.04,245,624,51,62,62,0
1801,72.04,254,0,237,30,11,0
1801,72.04,268,676,144,7,19,0
1801,72.04,274,0,60,25,34,0
1801,72.04,276,703,206,9,21,0
1801,72.04,282,655,200,9,15,0
1801,72.04,288,56,32,48,60,0
1801,72.04,297,162,588,14,14,0
1801,72.04,298,119,257,14,23,0
1801,72.04,299,106,400,12,30,0
1801,72.04,300,171,344,15,12,0
1801,72.04,304,734,157,28,22,0
1801,72.04,307,752,175,20,25,0
1801,72.04,308,946,222,137,127,0
1801,72.04,310,717,322,37,33,0
1801,72.04,311,0,129,24,51,0
1801,72.04,316,760,143,13,36,0
1801,72.04,318,1120,304,16,16,0
1801,72.04,320,653,232,26,19,0
1801,72.04,322,7,118,12,14,0
1801,72.04,324,186,298,17,20,0
1801,72.04,330,1160,697,55,9,0
1801,72.04,343,272,652,16,26,0
1801,72.04,347,1176,95,14,17,0
1801,72.04,350,1056,195,10,21,0
1801,72.04,353,108,368,6,32,0
1801,72.04,355,55,592,9,22,0
1801,72.04,356,103,296,15,32,0
1801,72.04,357,134,256,28,24,0
1801,72.04,358,443,310,21,14,0
1801,72.04,359,668,209,16,24,0
1801,72.04,360,728,140,14,25,0
1801,72.04,361,734,181,23,59,0
1801,72.04,362,753,371,12,11,0
1801,72.04,363,1138,665,142,55,0
1801,72.04,364,736,109,32,38,0
1801,72.04,365,43,552,13,38,0
1801,72.04,366,83,640,10,12,0
1801,72.04,367,721,117,19,15,0
1801,72.04,370,886,240,26,24,0
1802,72.08,32,920,495,25,23,0
1802,72.08,36,151,604,17,20,0
1802,72.08,42,52,494,30,74,0
1802,72.08,46,57,560,111,90,0
1802,72.08,56,592,98,6,38,0
1802,72.08,61,935,480,14,16,0
1802,72.08,67,112,344,10,20,0
1802,72.08,112,587,229,65,18,0
1802,72.08,148,1270,304,10,23,0
1802,72.08,160,1185,111,74,145,0
1802,72.08,171,84,216,492,70,0
1802,72.08,206,456,441,32,25,0
1802,72.08,219,59,330,50,114,0
1802,72.08,231,22,117,34,43,0
1802,72.08,245,624,51,62,62,0
1802,72.08,254,0,237,30,11,0
1802,72.08,268,676,144,7,19,0
1802,72.08,274,0,60,25,34,0
1802,72.08,276,703,206,9,21,0
1802,72.08,282,655,200,9,15,0
1802,72.08,288,56,32,48,60,0
1802,72.08,297,162,588,14,14,0
1802,72.08,298,119,257,14,23,0
1802,72.08,299,106,400,12,30,0
1802,72.08,300,171,344,15,12,0
1802,72.08,304,734,157,28,22,0
1802,72.08,307,752,175,20,25,0
1802,72.08,308,947,222,140,137,0
1802,72.08,310,717,322,37,33,0
1802,72.08,311,0,129,24,51,0
1802,72.08,316,760,143,13,36,0
1802,72.08,318,1120,304,16,16,0
1802,72.08,320,653,232,26,19,0
1802,72.08,322,7,118,12,14,0
1802,72.08,324,186,298,17,20,0
1802,72.08,330,1160,697,55,9,0
1802,72.08,337,26,539,14,22,0
1802,72.08,343,272,652,16,26,0
1802,72.08,347,1176,95,14,17,0
1802,72.08,350,1056,195,10,21,0
1802,72.08,353,108,368,6,32,0
1802,72.08,355,55,592,9,22,0
1802,72.08,356,103,296,15,32,0
1802,72.08,357,134,256,28,24,0
1802,72.08,358,443,310,21,14,0
1802,72.08,359,668,209,16,24,0
1802,72.08,360,728,140,14,25,0
1802,72.08,361,734,181,23,59,0
1802,72.08,362,753,371,12,11,0
1802,72.08,363,1138,665,142,55,0
1802,72.08,364,736,109,32,38,0
1802,72.08,365,43,552,13,38,0
1802,72.08,366,83,640,10,12,0
1802,72.08,367,721,117,19,15,0
1802,72.08,368,672,165,13,18,0
1802,72.08,370,903,240,9,16,0
1803,72.12,32,920,495,25,23,0
1803,72.12,36,151,604,17,20,0
1803,72.12,42,52,494,30,74,0
1803,72.12,46,57,560,111,90,0
1803,72.12,56,592,98,6,38,0
1803,72.12,61,935,480,14,16,0
1803,72.12,67,112,344,10,20,0
1803,72.12,112,587,229,65,18,0
1803,72.12,148,1270,302,10,25,0
1803,72.12,160,1185,111,74,145,0
1803,72.12,171,84,216,492,70,0
1803,72.12,206,456,441,32,25,0
1803,72.12,219,59,330,50,114,0
1803,72.12,231,22,117,34,43,0
1803,72.12,245,624,51,62,62,0
1803,72.12,254,0,237,30,11,0
1803,72.12,268,676,144,7,19,0
1803,72.12,274,0,60,25,34,0
1803,72.12,276,703,206,9,21,0
1803,72.12,282,655,200,9,15,0
1803,72.12,288,56,32,48,60,0
1803,72.12,297,162,588,14,14,0
1803,72.12,298,119,257,14,23,0
1803,72.12,299,106,400,12,30,0
1803,72.12,300,171,344,15,12,0
1803,72.12,304,734,157,28,22,0
1803,72.12,307,752,175,20,25,0
1803,72.12,308,947,232,143,114,0
1803,72.12,310,717,322,37,33,0
1803,72.12,311,0,129,24,51,0
1803,72.12,316,760,143,13,36,0
1803,72.12,318,1120,304,16,16,0
1803,72.12,320,653,232,26,19,0
1803,72.12,322,7,118,12,14,0
1803,72.12,324,186,298,17,20,0
1803,72.12,330,1160,697,55,9,0
1803,72.12,337,26,539,14,22,0
1803,72.12,343,271,652,17,26,0
1803,72.12,347,1176,95,14,17,0
1803,72.12,350,1046,195,18,21,0
1803,72.12,353,108,368,6,32,0
1803,72.12,355,55,592,9,22,0
1803,72.12,356,103,296,15,32,0
1803,72.12,357,134,256,28,24,0
1803,72.12,358,443,310,21,14,0
1803,72.12,359,668,209,16,24,0
1803,72.12,360,728,140,14,25,0
1803,72.12,361,734,181,23,59,0
1803,72.12,362,753,371,12,11,0
1803,72.12,363,1138,665,142,55,0
1803,72.12,364,736,109,32,38,0
1803,72.12,365,43,552,13,38,0
1803,72.12,366,83,640,10,12,0
1803,72.12,367,721,117,19,15,0
1803,72.12,370,903,240,9,16,0
1803,72.12,371,993,346,23,19,0
1803,72.12,372,1073,249,20,19,0
1804,72.16,32,920,495,25,23,0
1804,72.16,36,151,604,17,20,0
1804,72.16,42,52,494,30,74,0
1804,72.16,46,57,560,111,90,0
1804,72.16,56,592,98,6,38,0
1804,72.16,61,935,480,14,16,0
1804,72.16,67,112,344,10,20,0
1804,72.16,112,587,229,65,18,0
1804,72.16,148,1270,302,10,25,0
1804,72.16,160,1185,111,74,145,0
1804,72.16,171,84,216,492,70,0
1804,72.16,206,456,441,32,25,0
1804,72.16,219,59,330,50,114,0
1804,72.16,231,22,117,34,43,0
1804,72.16,245,624,51,62,62,0
1804,72.16,254,0,237,30,11,0
1804,72.16,268,676,144,7,19,0
1804,72.16,274,0,60,25,34,0
1804,72.16,276,703,206,9,21,0
1804,72.16,282,655,200,9,15,0
1804,72.16,288,56,32,48,60,0
1804,72.16,297,162,588,14,14,0
1804,72.16,298,119,257,14,23,0
1804,72.16,299,106,400,12,30,0
1804,72.16,300,171,344,15,12,0
1804,72.16,304,734,157,28,22,0
1804,72.16,307,752,175,20,25,0
1804,72.16,308,947,230,149,120,0
1804,72.16,310,717,322,37,33,0
1804,72.16,311,0,129,24,51,0
1804,72.16,316,760,143,13,36,0
1804,72.16,318,1120,304,16,16,0
1804,72.16,320,653,232,26,19,0
1804,72.16,322,7,118,12,14,0
1804,72.16,324,186,298,17,20,0
1804,72.16,330,1160,697,55,9,0
1804,72.16,337,26,539,14,22,0
1804,72.16,343,272,652,16,26,0
1804,72.16,347,1176,95,14,17,0
1804,72.16,350,1056,195,10,21,0
1804,72.16,353,108,368,6,32,0
1804,72.16,355,55,592,9,22,0
1804,72.16,356,103,296,15,32,0
1804,72.16,357,134,256,28,24,0
1804,72.16,358,443,310,21,14,0
1804,72.16,359,668,209,16,24,0
1804,72.16,360,728,140,14,25,0
1804,72.16,361,734,181,23,59,0
1804,72.16,362,753,371,12,11,0
1804,72.16,363,1138,665,142,55,0
1804,72.16,364,736,109,32,38,0
1804,72.16,365,43,552,13,38,0
1804,72.16,366,83,640,10,12,0
1804,72.16,367,721,117,19,15,0
1804,72.16,368,672,165,13,18,0
1804,72.16,370,903,240,9,16,0
1804,72.16,371,997,351,25,17,0
1805,72.2,32,920,495,25,23,0
1805,72.2,36,151,604,17,20,0
1805,72.2,42,52,494,30,74,0
1805,72.2,46,57,560,111,90,0
1805,72.2,56,592,98,6,38,0
1805,72.2,61,935,480,14,16,0
1805,72.2,67,112,344,10,20,0
1805,72.2,112,587,229,65,18,0
1805,72.2,148,1270,304,10,23,0
1805,72.2,160,1185,111,74,145,0
1805,72.2,171,84,216,492,70,0
1805,72.2,206,456,441,32,25,0
1805,72.2,219,59,330,50,114,0
1805,72.2,231,22,117,34,43,0
1805,72.2,245,624,51,62,62,0
1805,72.2,254,0,237,30,11,0
1805,72.2,268,676,144,7,19,0
1805,72.2,274,0,60,25,34,0
1805,72.2,276,703,206,9,21,0
1805,72.2,282,655,200,9,15,0
1805,72.2,288,56,32,48,60,0
1805,72.2,297,162,588,14,14,0
1805,72.2,298,119,257,14,23,0
1805,72.2,299,106,400,12,30,0
1805,72.2,300,171,344,15,12,0
1805,72.2,304,734,157,28,22,0
1805,72.2,307,752,175,20,25,0
1805,72.2,308,949,240,152,112,0
1805,72.2,310,717,322,37,33,0
1805,72.2,311,0,129,24,51,0
1805,72.2,316,760,143,13,36,0
1805,72.2,318,1120,304,16,16,0
1805,72.2,320,653,232,26,19,0
1805,72.2,322,7,118,12,14,0
1805,72.2,324,186,298,17,20,0
1805,72.2,330,1160,697,55,9,0
1805,72.2,337,26,539,14,22,0
1805,72.2,343,272,652,16,26,0
1805,72.2,347,1176,95,14,17,0
1805,72.2,350,1046,195,19,21,0
1805,72.2,353,108,368,6,32,0
1805,72.2,355,55,592,9,22,0
1805,72.2,356,103,296,15,32,0
1805,72.2,357,134,256,28,24,0
1805,72.2,358,443,310,21,14,0
1805,72.2,359,668,209,16,24,0
1805,72.2,360,728,140,14,25,0
1805,72.2,361,734,181,23,59,0
1805,72.2,362,753,371,12,11,0
1805,72.2,363,1138,665,142,55,0
1805,72.2,364,736,109,32,38,0
1805,72.2,365,43,552,13,38,0
1805,72.2,366,83,640,10,12,0
1805,72.2,367,721,117,19,15,0
1805,72.2,370,903,240,9,16,0
1805,72.2,371,998,349,24,22,0
1806,72.24,32,920,495,25,23,0
1806,72.24,36,151,604,17,20,0
1806,72.24,42,52,494,30,74,0
1806,72.24,46,57,560,111,90,0
1806,72.24,56,592,98,6,38,0
1806,72.24,61,935,480,14,16,0
1806,72.24,67,112,344,10,20,0
1806,72.24,112,587,229,65,18,0
1806,72.24,148,1270,302,10,25,0
1806,72.24,160,1185,111,74,145,0
1806,72.24,171,84,216,492,70,0
1806,72.24,206,456,441,32,25,0
1806,72.24,219,59,330,50,114,0
1806,72.24,231,22,117,34,43,0
1806,72.24,245,624,51,62,62,0
1806,72.24,254,0,237,30,11,0
1806,72.24,268,676,144,7,19,0
1806,72.24,274,0,60,25,34,0
1806,72.24,276,703,206,9,21,0
1806,72.24,282,655,200,9,15,0
1806,72.24,288,56,32,48,60,0
1806,72.24,297,162,588,14,14,0
1806,72.24,298,119,257,14,23,0
1806,72.24,299,106,400,12,30,0
1806,72.24,300,171,344,15,12,0
1806,72.24,304,734,157,28,22,0
1806,72.24,307,752,175,20,25,0
1806,72.24,308,951,244,153,110,0
1806,72.24,310,717,322,37,33,0
1806,72.24,311,0,129,24,51,0
1806,72.24,316,760,143,13,36,0
1806,72.24,318,1120,304,16,16,0
1806,72.24,320,653,232,26,19,0
1806,72.24,322,7,118,12,14,0
1806,72.24,324,186,298,17,20,0
1806,72.24,330,1160,697,55,9,0
1806,72.24,337,26,539,14,22,0
1806,72.24,343,272,652,16,26,0
1806,72.24,347,1176,95,14,17,0
1806,72.24,350,1046,195,22,21,0
1806,72.24,353,108,368,6,32,0
1806,72.24,355,55,592,9,22,0
1806,72.24,356,103,296,15,32,0
1806,72.24,357,134,256,28,24,0
1806,72.24,358,443,310,21,14,0
1806,72.24,359,668,209,16,24,0
1806,72.24,360,728,140,14,25,0
1806,72.24,361,734,181,23,59,0
1806,72.24,362,753,371,12,11,0
1806,72.24,363,1138,665,142,55,0
1806,72.24,364,736,109,32,38,0
1806,72.24,365,43,552,13,38,0
1806,72.24,366,83,640,10,12,0
1806,72.24,367,721,117,19,15,0
1806,72.24,368,672,165,13,18,0
1806,72.24,370,903,240,9,16,0
1806,72.24,371,999,354,21,20,0
1806,72.24,372,1044,240,18,20,0
1807,72.28,32,920,495,25,23,0
1807,72.28,36,151,604,17,20,0
1807,72.28,42,52,494,30,74,0
1807,72.28,46,57,560,111,90,0
1807,72.28,56,592,98,6,38,0
1807,72.28,61,935,480,14,16,0
1807,72.28,67,112,344,10,20,0
1807,72.28,112,587,229,65,18,0
1807,72.28,148,1270,302,10,25,0
1807,72.28,160,1185,111,74,145,0
1807,72.28,171,84,216,492,70,0
1807,72.28,206,456,441,32,25,0
1807,72.28,219,59,330,50,114,0
1807,72.28,231,22,117,34,43,0
1807,72.28,245,624,51,62,62,0
1807,72.28,254,0,237,30,11,0
1807,72.28,268,676,144,7,19,0
1807,72.28,274,0,60,25,34,0
1807,72.28,276,703,206,9,21,0
1807,72.28,282,655,200,9,15,0
1807,72.28,288,56,32,48,60,0
1807,72.28,297,162,588,14,14,0
1807,72.28,298,119,257,14,23,0
1807,72.28,299,106,400,12,30,0
1807,72.28,300,171,344,15,12,0
1807,72.28,304,734,157,28,22,0
1807,72.28,307,752,175,20,25,0
1807,72.28,308,956,248,150,110,0
1807,72.28,310,717,322,37,33,0
1807,72.28,311,0,129,24,51,0
1807,72.28,316,760,143,13,36,0
1807,72.28,318,1120,304,16,16,0
1807,72.28,320,653,232,26,19,0
1807,72.28,322,7,118,12,14,0
1807,72.28,324,186,298,17,20,0
1807,72.28,330,1160,697,55,9,0
1807,72.28,337,26,539,14,22,0
1807,72.28,343,271,652,17,26,0
1807,72.28,347,1176,95,14,17,0
1807,72.28,350,1053,195,12,21,0
1807,72.28,353,108,368,6,32,0
1807,72.28,355,55,592,9,22,0
1807,72.28,356,103,296,15,32,0
1807,72.28,357,134,256,28,24,0
1807,72.28,358,443,310,21,14,0
1807,72.28,359,668,209,16,24,0
1807,72.28,360,728,140,14,25,0
1807,72.28,361,734,181,23,59,0
1807,72.28,362,753,371,12,11,0
1807,72.28,363,1138,665,142,55,0
1807,72.28,364,736,109,32,38,0
1807,72.28,365,43,552,13,38,0
1807,72.28,366,83,640,10,12,0
1807,72.28,367,721,117,19,15,0
1807,72.28,370,903,240,9,16,0
1807,72.28,371,997,352,22,25,0
1807,72.28,372,1055,239,17,13,0
1808,72.32,32,920,495,25,23,0
1808,72.32,36,151,604,17,20,0
1808,72.32,42,52,494,30,74,0
1808,72.32,46,57,560,111,90,0
1808,72.32,56,592,98,6,38,0
1808,72.32,61,935,480,14,16,0
1808,72.32,67,112,344,10,20,0
1808,72.32,112,587,229,65,18,0
1808,72.32,148,1270,302,10,25,0
1808,72.32,160,1185,111,74,145,0
1808,72.32,171,84,216,492,70,0
1808,72.32,206,456,441,32,25,0
1808,72.32,219,59,330,50,114,0
1808,72.32,231,22,117,34,43,0
1808,72.32,245,624,51,62,62,0
1808,72.32,254,0,237,30,11,0
1808,72.32,268,676,144,7,19,0
1808,72.32,274,0,60,25,34,0
1808,72.32,276,703,206,9,21,0
1808,72.32,282,655,200,9,15,0
1808,72.32,288,56,32,48,60,0
1808,72.32,297,162,588,14,14,0
1808,72.32,298,119,257,14,23,0
1808,72.32,299,106,400,12,30,0
1808,72.32,300,171,344,15,12,0
1808,72.32,304,734,157,28,22,0
1808,72.32,307,752,175,20,25,0
1808,72.32,308,962,256,148,121,0
1808,72.32,310,717,322,37,33,0
1808,72.32,311,0,129,24,51,0
1808,72.32,316,760,143,13,36,0
1808,72.32,318,1120,304,16,16,0
1808,72.32,320,653,232,26,19,0
1808,72.32,322,7,118,12,14,0
1808,72.32,324,186,298,17,20,0
1808,72.32,330,1160,697,55,9,0
1808,72.32,337,26,539,14,22,0
1808,72.32,343,272,652,16,26,0
1808,72.32,347,1176,95,14,17,0
1808,72.32,350,1053,195,12,21,0
1808,72.32,353,108,368,6,32,0
1808,72.32,355,55,592,9,22,0
1808,72.32,356,103,296,15,32,0
1808,72.32,357,134,256,28,24,0
1808,72.32,358,443,310,21,14,0
1808,72.32,359,668,209,16,24,0
1808,72.32,360,728,140,14,25,0
1808,72.32,361,734,181,23,59,0
1808,72.32,362,753,371,12,11,0
1808,72.32,363,1138,665,142,55,0
1808,72.32,364,736,109,32,38,0
1808,72.32,365,43,552,13,38,0
1808,72.32,366,83,640,10,12,0
1808,72.32,367,721,117,19,15,0
1808,72.32,368,672,165,13,18,0
1809,72.36,32,920,495,25,23,0
1809,72.36,36,151,604,17,20,0
1809,72.36,42,52,494,30,74,0
1809,72.36,46,57,560,111,90,0
1809,72.36,56,592,98,6,38,0
1809,72.36,61,935,480,14,16,0
1809,72.36,67,112,344,10,20,0
1809,72.36,112,587,229,65,18,0
1809,72.36,148,1270,304,10,23,0
1809,72.36,160,1185,111,74,145,0
1809,72.36,171,84,216,492,70,0
1809,72.36,206,456,441,32,25,0
1809,72.36,219,59,330,50,114,0
1809,72.36,231,22,117,34,43,0
1809,72.36,245,624,51,62,62,0
1809,72.36,254,0,237,30,11,0
1809,72.36,268,676,144,7,19,0
1809,72.36,274,0,60,25,34,0
1809,72.36,276,703,206,9,21,0
1809,72.36,282,655,200,9,15,0
1809,72.36,288,56,32,48,60,0
1809,72.36,297,162,588,14,14,0
1809,72.36,298,119,257,14,23,0
1809,72.36,299,106,400,12,30,0
1809,72.36,300,171,344,15,12,0
1809,72.36,304,734,157,28,22,0
1809,72.36,307,752,175,20,25,0
1809,72.36,308,980,256,135,121,0
1809,72.36,310,717,322,37,33,0
1809,72.36,311,0,129,24,51,0
1809,72.36,316,760,143,13,36,0
1809,72.36,318,1120,304,16,16,0
1809,72.36,320,653,232,26,19,0
1809,72.36,322,7,118,12,14,0
1809,72.36,324,186,298,17,20,0
1809,72.36,330,1160,697,55,9,0
1809,72.36,337,26,539,14,22,0
1809,72.36,343,272,652,16,26,0
1809,72.36,347,1176,95,14,17,0
1809,72.36,350,1053,195,12,21,0
1809,72.36,353,108,368,6,32,0
1809,72.36,355,55,592,9,22,0
1809,72.36,356,103,296,15,32,0
1809,72.36,357,134,256,28,24,0
1809,72.36,358,443,310,21,14,0
1809,72.36,359,668,209,16,24,0
1809,72.36,360,728,140,14,25,0
1809,72.36,361,734,181,23,59,0
1809,72.36,362,753,371,12,11,0
1809,72.36,363,1138,665,142,55,0
1809,72.36,364,736,109,32,38,0
1809,72.36,365,43,552,13,38,0
1809,72.36,366,83,640,10,12,0
1809,72.36,367,721,117,19,15,0
1810,72.4,32,920,495,25,23,0
1810,72.4,36,151,604,17,20,0
1810,72.4,42,52,494,30,74,0
1810,72.4,46,57,560,111,90,0
1810,72.4,56,592,98,6,38,0
1810,72.4,61,935,480,14,16,0
1810,72.4,67,112,344,10,20,0
1810,72.4,112,587,229,65,18,0
1810,72.4,148,1270,302,10,25,0
1810,72.4,160,1185,111,74,145,0
1810,72.4,171,84,216,492,70,0
1810,72.4,206,456,441,32,25,0
1810,72.4,219,59,330,50,114,0
1810,72.4,231,22,117,34,43,0
1810,72.4,245,624,51,62,62,0
1810,72.4,254,0,237,30,11,0
1810,72.4,268,676,144,7,19,0
1810,72.4,274,0,60,25,34,0
1810,72.4,276,703,206,9,21,0
1810,72.4,282,655,200,9,15,0
1810,72.4,288,56,32,48,60,0
1810,72.4,297,162,588,14,14,0
1810,72.4,298,119,257,14,23,0
1810,72.4,299,106,400,12,30,0
1810,72.4,300,171,344,15,12,0
1810,72.4,304,734,157,28,22,0
1810,72.4,307,752,175,20,25,0
1810,72.4,308,984,259,134,118,0
1810,72.4,310,717,322,37,33,0
1810,72.4,311,0,129,24,51,0
1810,72.4,316,760,143,13,36,0
1810,72.4,318,1120,304,16,16,0
1810,72.4,320,653,232,26,19,0
1810,72.4,322,7,118,12,14,0
1810,72.4,324,186,298,17,20,0
1810,72.4,330,1160,697,55,9,0
1810,72.4,337,26,539,14,22,0
1810,72.4,343,272,652,16,26,0
1810,72.4,347,1176,95,14,17,0
1810,72.4,350,1053,195,15,21,0
1810,72.4,353,108,368,6,32,0
1810,72.4,355,55,592,9,22,0
1810,72.4,356,103,296,15,32,0
1810,72.4,357,134,256,28,24,0
1810,72.4,358,443,310,21,14,0
1810,72.4,359,668,209,16,24,0
1810,72.4,360,728,140,14,25,0
1810,72.4,361,734,181,23,59,0
1810,72.4,362,753,371,12,11,0
1810,72.4,363,1138,665,142,55,0
1810,72.4,364,736,109,32,38,0
1810,72.4,365,43,552,13,38,0
1810,72.4,366,83,640,10,12,0
1810,72.4,367,721,117,19,15,0
1810,72.4,368,672,165,13,18,0
1811,72.44,32,920,495,25,23,0
1811,72.44,36,151,604,17,20,0
1811,72.44,42,52,494,30,74,0
1811,72.44,46,57,560,111,90,0
1811,72.44,56,592,98,6,38,0
1811,72.44,61,935,480,14,16,0
1811,72.44,67,112,344,10,20,0
1811,72.44,112,587,229,65,18,0
1811,72.44,148,1270,302,10,25,0
1811,72.44,160,1185,111,74,145,0
1811,72.44,171,84,216,492,70,0
1811,72.44,206,456,441,32,25,0
1811,72.44,219,59,330,50,114,0
1811,72.44,231,22,117,34,43,0
1811,72.44,245,624,51,62,62,0
1811,72.44,254,0,237,30,11,0
1811,72.44,268,676,144,7,19,0
1811,72.44,274,0,60,25,34,0
1811,72.44,276,703,206,9,21,0
1811,72.44,282,655,200,9,15,0
1811,72.44,288,56,32,48,60,0
1811,72.44,297,162,588,14,14,0
1811,72.44,298,119,257,14,23,0
1811,72.44,299,106,400,12,30,0
1811,72.44,300,171,344,15,12,0
1811,72.44,304,734,157,28,22,0
1811,72.44,307,752,175,20,25,0
1811,72.44,308,998,259,125,118,0
1811,72.44,310,717,322,37,33,0
1811,72.44,311,0,129,24,51,0
1811,72.44,316,760,143,13,36,0
1811,72.44,318,1120,306,16,14,0
1811,72.44,320,653,232,26,19,0
1811,72.44,322,7,118,12,14,0
1811,72.44,324,186,298,17,20,0
1811,72.44,330,1160,697,55,9,0
1811,72.44,337,26,539,14,22,0
1811,72.44,343,271,652,17,26,0
1811,72.44,347,1176,95,14,17,0
1811,72.44,350,1053,195,12,21,0
1811,72.44,353,108,368,6,32,0
1811,72.44,355,55,592,9,22,0
1811,72.44,356,103,296,15,32,0
1811,72.44,357,134,256,28,24,0
1811,72.44,358,443,310,21,14,0
1811,72.44,359,668,209,16,24,0
1811,72.44,360,728,140,14,25,0
1811,72.44,361,734,181,23,59,0
1811,72.44,362,753,371,12,11,0
1811,72.44,363,1138,665,142,55,0
1811,72.44,364,736,109,32,38,0
1811,72.44,365,43,552,13,38,0
1811,72.44,366,83,640,10,12,0
1811,72.44,367,721,117,19,15,0
1812,72.48,32,920,495,25,23,0
1812,72.48,36,151,604,17,20,0
1812,72.48,42,52,494,30,74,0
1812,72.48,46,57,560,111,90,0
1812,72.48,56,592,98,6,38,0
1812,72.48,61,935,480,14,16,0
1812,72.48,67,112,344,10,20,0
1812,72.48,112,587,229,65,18,0
1812,72.48,148,1270,302,10,25,0
1812,72.48,160,1185,111,74,145,0
1812,72.48,171,84,216,492,70,0
1812,72.48,206,456,441,32,25,0
1812,72.48,219,59,330,50,114,0
1812,72.48,231,22,117,34,43,0
1812,72.48,245,624,51,62,62,0
1812,72.48,254,0,237,30,11,0
1812,72.48,268,676,144,7,19,0
1812,72.48,274,0,60,25,34,0
1812,72.48,276,703,206,9,21,0
1812,72.48,282,654,200,10,15,0
1812,72.48,288,56,32,48,60,0
1812,72.48,297,162,588,14,14,0
1812,72.48,298,119,257,14,23,0
1812,72.48,299,106,400,12,30,0
1812,72.48,300,171,344,15,12,0
1812,72.48,304,734,157,28,22,0
1812,72.48,307,752,175,20,25,0
1812,72.48,308,998,266,129,111,0
1812,72.48,310,717,322,37,33,0
1812,72.48,311,0,129,24,51,0
1812,72.48,316,760,143,13,36,0
1812,72.48,318,1120,306,16,14,0
1812,72.48,320,653,232,26,19,0
1812,72.48,322,7,118,12,14,0
1812,72.48,324,186,298,17,20,0
1812,72.48,330,1160,697,55,9,0
1812,72.48,337,26,539,14,22,0
1812,72.48,343,272,652,16,26,0
1812,72.48,347,1176,95,14,17,0
1812,72.48,350,1046,193,19,23,0
1812,72.48,353,108,368,6,32,0
1812,72.48,355,55,592,9,22,0
1812,72.48,356,103,296,15,32,0
1812,72.48,357,134,256,28,24,0
1812,72.48,358,443,310,21,14,0
1812,72.48,359,668,209,16,24,0
1812,72.48,360,728,140,14,25,0
1812,72.48,361,734,181,23,59,0
1812,72.48,362,753,371,12,11,0
1812,72.48,363,1138,665,142,55,0
1812,72.48,364,736,109,32,38,0
1812,72.48,365,43,552,13,38,0
1812,72.48,366,83,640,10,12,0
1812,72.48,367,721,117,19,15,0
1812,72.48,368,672,165,13,18,0
1812,72.48,372,1067,268,15,11,0
1813,72.52,32,920,495,25,23,0
1813,72.52,36,151,604,17,20,0
1813,72.52,42,52,494,30,74,0
1813,72.52,46,57,560,111,90,0
1813,72.52,56,592,98,6,38,0
1813,72.52,61,935,480,14,16,0
1813,72.52,67,112,344,10,20,0
1813,72.52,112,587,229,65,18,0
1813,72.52,148,1270,304,10,23,0
1813,72.52,160,1185,111,74,145,0
1813,72.52,171,84,216,492,70,0
1813,72.52,206,456,441,32,25,0
1813,72.52,219,59,330,50,114,0
1813,72.52,231,22,117,34,43,0
1813,72.52,245,624,51,62,62,0
1813,72.52,254,0,237,30,11,0
1813,72.52,268,676,144,7,19,0
1813,72.52,274,0,60,25,34,0
1813,72.52,276,703,206,9,21,0
1813,72.52,282,654,200,10,15,0
1813,72.52,288,56,32,48,60,0
1813,72.52,297,162,588,14,14,0
1813,72.52,298,119,257,14,23,0
1813,72.52,299,106,400,12,30,0
1813,72.52,300,171,344,15,12,0
1813,72.52,304,734,157,28,22,0
1813,72.52,307,752,175,20,25,0
1813,72.52,308,998,267,133,110,0
1813,72.52,310,717,322,37,33,0
1813,72.52,311,0,129,24,51,0
1813,72.52,316,760,143,13,36,0
1813,72.52,318,1120,306,16,14,0
1813,72.52,320,653,232,26,19,0
1813,72.52,322,7,118,12,14,0
1813,72.52,324,186,298,17,20,0
1813,72.52,330,1160,697,55,9,0
1813,72.52,337,26,539,14,22,0
1813,72.52,343,272,652,16,26,0
1813,72.52,347,1176,95,14,17,0
1813,72.52,350,1046,193,19,23,0
1813,72.52,353,108,368,6,32,0
1813,72.52,355,55,592,9,22,0
1813,72.52,356,103,296,15,32,0
1813,72.52,357,134,256,28,24,0
1813,72.52,358,443,310,21,14,0
1813,72.52,359,668,209,16,24,0
1813,72.52,360,728,140,14,25,0
1813,72.52,361,734,181,23,59,0
1813,72.52,362,753,371,12,11,0
1813,72.52,363,1138,665,142,55,0
1813,72.52,364,736,109,32,38,0
1813,72.52,365,43,552,13,38,0
1813,72.52,366,83,640,10,12,0
1813,72.52,367,721,117,19,15,0
1813,72.52,372,1068,271,16,15,0
1814,72.56,32,920,495,25,23,0
1814,72.56,36,151,604,17,20,0
1814,72.56,42,52,494,30,74,0
1814,72.56,46,57,560,111,90,0
1814,72.56,56,592,98,6,38,0
1814,72.56,61,935,480,14,16,0
1814,72.56,67,112,344,10,20,0
1814,72.56,112,587,229,65,18,0
1814,72.56,148,1270,302,10,25,0
1814,72.56,160,1185,111,74,145,0
1814,72.56,171,84,216,492,70,0
1814,72.56,206,456,441,32,25,0
1814,72.56,219,59,330,50,114,0
1814,72.56,231,22,117,34,43,0
1814,72.56,245,624,51,62,62,0
1814,72.56,254,0,237,30,11,0
1814,72.56,268,676,144,7,19,0
1814,72.56,274,0,60,25,34,0
1814,72.56,276,703,206,9,21,0
1814,72.56,282,654,200,10,15,0
1814,72.56,288,56,32,48,60,0
1814,72.56,297,162,588,14,14,0
1814,72.56,298,119,257,14,23,0
1814,72.56,299,106,400,12,30,0
1814,72.56,300,171,344,15,12,0
1814,72.56,304,734,157,28,22,0
1814,72.56,307,752,175,20,25,0
1814,72.56,308,998,268,136,109,0
1814,72.56,310,717,322,37,33,0
1814,72.56,311,0,129,24,51,0
1814,72.56,316,760,143,13,36,0
1814,72.56,318,1120,307,16,13,0
1814,72.56,320,653,232,26,19,0
1814,72.56,322,7,118,12,14,0
1814,72.56,324,186,298,17,20,0
1814,72.56,330,1160,697,55,9,0
1814,72.56,337,26,539,14,22,0
1814,72.56,343,272,652,16,26,0
1814,72.56,347,1176,95,14,17,0
1814,72.56,350,1046,193,19,23,0
1814,72.56,353,108,368,6,32,0
1814,72.56,355,55,592,9,22,0
1814,72.56,356,103,296,15,32,0
1814,72.56,357,134,256,28,24,0
1814,72.56,358,443,310,21,14,0
1814,72.56,359,668,209,16,24,0
1814,72.56,360,728,140,14,25,0
1814,72.56,361,734,181,23,59,0
1814,72.56,362,753,371,12,11,0
1814,72.56,363,1138,665,142,55,0
1814,72.56,364,736,109,32,38,0
1814,72.56,365,43,552,13,38,0
1814,72.56,366,83,640,10,12,0
1814,72.56,367,721,117,19,15,0
1814,72.56,368,672,165,13,18,0
1815,72.6,32,920,495,25,23,0
1815,72.6,36,151,604,17,20,0
1815,72.6,42,52,494,30,74,0
1815,72.6,46,57,560,111,90,0
1815,72.6,56,592,98,6,38,0
1815,72.6,61,935,480,14,16,0
1815,72.6,67,112,344,10,20,0
1815,72.6,112,587,229,65,18,0
1815,72.6,148,1270,302,10,25,0
1815,72.6,160,1185,111,74,145,0
1815,72.6,171,84,216,492,70,0
1815,72.6,206,456,441,32,25,0
1815,72.6,219,59,330,50,114,0
1815,72.6,231,22,117,34,43,0
1815,72.6,245,624,51,62,62,0
1815,72.6,254,0,237,30,11,0
1815,72.6,268,676,144,7,19,0
1815,72.6,274,0,60,25,34,0
1815,72.6,276,703,206,9,21,0
1815,72.6,282,654,200,10,15,0
1815,72.6,288,56,32,48,60,0
1815,72.6,297,162,588,14,14,0
1815,72.6,298,119,257,14,23,0
1815,72.6,299,106,400,12,30,0
1815,72.6,300,171,344,15,12,0
1815,72.6,304,734,157,28,22,0
1815,72.6,307,752,175,20,25,0
1815,72.6,308,998,268,139,108,0
1815,72.6,310,717,322,37,33,0
1815,72.6,311,0,129,24,51,0
1815,72.6,316,760,143,13,36,0
1815,72.6,318,1118,312,18,10,0
1815,72.6,320,653,232,26,19,0
1815,72.6,322,7,118,12,14,0
1815,72.6,324,186,298,17,20,0
1815,72.6,330,1160,697,55,9,0
1815,72.6,337,26,539,14,22,0
1815,72.6,343,271,652,17,26,0
1815,72.6,347,1176,95,14,17,0
1815,72.6,350,1046,193,19,23,0
1815,72.6,353,108,368,6,32,0
1815,72.6,355,55,592,9,22,0
1815,72.6,356,103,296,15,32,0
1815,72.6,357,134,256,28,24,0
1815,72.6,358,443,310,21,14,0
1815,72.6,359,668,209,16,24,0
1815,72.6,360,728,140,14,25,0
1815,72.6,361,734,181,23,59,0
1815,72.6,362,753,371,12,11,0
1815,72.6,363,1138,665,142,55,0
1815,72.6,364,736,109,32,38,0
1815,72.6,365,43,552,13,38,0
1815,72.6,366,83,640,10,12,0
1815,72.6,367,721,117,19,15,0
1816,72.64,32,920,495,25,23,0
1816,72.64,36,151,604,17,20,0
1816,72.64,42,52,494,30,74,0
1816,72.64,46,57,560,111,90,0
1816,72.64,56,592,98,6,38,0
1816,72.64,61,935,480,14,16,0
1816,72.64,67,112,344,10,20,0
1816,72.64,112,592,229,60,18,0
1816,72.64,148,1270,304,10,23,0
1816,72.64,160,1185,111,74,145,0
1816,72.64,171,84,216,492,70,0
1816,72.64,206,456,441,32,25,0
1816,72.64,219,59,330,50,114,0
1816,72.64,231,22,117,34,43,0
1816,72.64,245,624,51,62,62,0
1816,72.64,254,0,237,30,11,0
1816,72.64,268,676,144,7,19,0
1816,72.64,274,0,60,25,34,0
1816,72.64,276,703,206,9,21,0
1816,72.64,282,654,200,10,15,0
1816,72.64,288,56,32,48,60,0
1816,72.64,297,162,588,14,14,0
1816,72.64,298,119,257,14,23,0
1816,72.64,299,106,400,12,30,0
1816,72.64,300,171,344,15,12,0
1816,72.64,304,734,157,28,22,0
1816,72.64,307,752,175,20,25,0
1816,72.64,308,1000,276,140,101,0
1816,72.64,310,717,322,37,33,0
1816,72.64,311,0,129,24,51,0
1816,72.64,316,760,143,13,36,0
1816,72.64,320,653,232,26,19,0
1816,72.64,322,7,118,12,14,0
1816,72.64,324,186,298,17,20,0
1816,72.64,330,1160,697,55,9,0
1816,72.64,337,26,539,14,22,0
1816,72.64,343,272,652,16,26,0
1816,72.64,347,1176,95,14,17,0
1816,72.64,350,1046,193,19,23,0
1816,72.64,353,108,368,6,32,0
1816,72.64,355,55,592,9,22,0
1816,72.64,356,103,296,15,32,0
1816,72.64,357,134,256,28,24,0
1816,72.64,358,443,310,21,14,0
1816,72.64,359,668,209,16,24,0
1816,72.64,360,728,140,14,25,0
1816,72.64,361,734,181,23,59,0
1816,72.64,362,753,371,12,11,0
1816,72.64,363,1138,665,142,55,0
1816,72.64,364,736,109,32,38,0
1816,72.64,365,43,552,13,38,0
1816,72.64,366,83,640,10,12,0
1816,72.64,367,721,117,19,15,0
1817,72.68,32,920,495,25,23,0
1817,72.68,36,151,604,17,20,0
1817,72.68,42,52,494,30,74,0
1817,72.68,46,57,560,111,90,0
1817,72.68,56,592,98,6,38,0
1817,72.68,61,935,480,14,16,0
1817,72.68,67,112,344,10,20,0
1817,72.68,112,592,229,60,18,0
1817,72.68,148,1270,302,10,25,0
1817,72.68,160,1185,111,74,145,0
1817,72.68,171,84,216,492,70,0
1817,72.68,206,456,441,32,25,0
1817,72.68,219,59,330,50,114,0
1817,72.68,231,22,117,34,43,0
1817,72.68,245,624,51,62,62,0
1817,72.68,254,0,237,30,11,0
1817,72.68,268,676,144,7,19,0
1817,72.68,274,0,60,25,34,0
1817,72.68,276,703,206,9,21,0
1817,72.68,282,654,200,10,15,0
1817,72.68,288,56,32,48,60,0
1817,72.68,297,162,588,14,14,0
1817,72.68,298,119,257,14,23,0
1817,72.68,299,106,400,12,30,0
1817,72.68,300,171,344,15,12,0
1817,72.68,304,734,157,28,22,0
1817,72.68,307,752,175,20,25,0
1817,72.68,308,998,279,144,98,0
1817,72.68,310,717,322,37,33,0
1817,72.68,311,0,129,24,51,0
1817,72.68,316,760,143,13,36,0
1817,72.68,320,653,232,26,19,0
1817,72.68,322,7,118,12,14,0
1817,72.68,324,186,298,17,20,0
1817,72.68,330,1160,697,55,9,0
1817,72.68,337,26,539,14,22,0
1817,72.68,343,271,652,17,26,0
1817,72.68,347,1176,95,14,17,0
1817,72.68,350,1046,193,19,23,0
1817,72.68,353,108,368,6,32,0
1817,72.68,355,55,592,9,22,0
1817,72.68,356,103,296,15,32,0
1817,72.68,357,134,256,28,24,0
1817,72.68,358,443,310,21,14,0
1817,72.68,359,668,209,16,24,0
1817,72.68,360,728,140,14,25,0
1817,72.68,361,734,181,23,59,0
1817,72.68,362,753,371,12,11,0
1817,72.68,363,1138,665,142,55,0
1817,72.68,364,736,109,32,38,0
1817,72.68,365,43,552,13,38,0
1817,72.68,366,83,640,10,12,0
1817,72.68,367,721,117,19,15,0
1817,72.68,371,1035,377,19,12,0
1818,72.72,32,920,495,25,23,0
1818,72.72,36,151,604,17,20,0
1818,72.72,42,52,494,30,74,0
1818,72.72,46,57,560,111,90,0
1818,72.72,56,592,98,6,38,0
1818,72.72,61,935,480,14,16,0
1818,72.72,67,112,344,10,20,0
1818,72.72,112,592,229,60,18,0
1818,72.72,148,1270,304,10,23,0
1818,72.72,160,1185,111,74,145,0
1818,72.72,171,84,216,492,70,0
1818,72.72,206,456,441,32,25,0
1818,72.72,219,59,330,50,114,0
1818,72.72,231,22,117,34,43,0
1818,72.72,245,624,51,62,62,0
1818,72.72,254,0,237,30,11,0
1818,72.72,268,676,144,7,19,0
1818,72.72,274,0,60,25,34,0
1818,72.72,276,703,206,9,21,0
1818,72.72,282,654,200,10,15,0
1818,72.72,288,56,32,48,60,0
1818,72.72,297,162,588,14,14,0
1818,72.72,298,119,257,14,23,0
1818,72.72,299,106,400,12,30,0
1818,72.72,300,171,344,15,12,0
1818,72.72,304,734,157,28,22,0
1818,72.72,307,752,175,20,25,0
1818,72.72,308,998,283,146,110,0
1818,72.72,310,717,322,37,33,0
1818,72.72,311,0,129,24,51,0
1818,72.72,316,760,143,13,36,0
1818,72.72,320,653,232,26,19,0
1818,72.72,322,7,118,12,14,0
1818,72.72,324,186,298,17,20,0
1818,72.72,330,1160,697,55,9,0
1818,72.72,337,26,539,14,22,0
1818,72.72,343,272,652,16,26,0
1818,72.72,347,1176,95,14,17,0
1818,72.72,350,1046,193,19,23,0
1818,72.72,353,108,368,6,32,0
1818,72.72,355,55,592,9,22,0
1818,72.72,356,103,296,15,32,0
1818,72.72,357,134,256,28,24,0
1818,72.72,358,443,310,21,14,0
1818,72.72,359,668,209,16,24,0
1818,72.72,360,728,140,14,25,0
1818,72.72,361,734,181,23,59,0
1818,72.72,362,753,371,12,11,0
1818,72.72,363,1138,665,142,55,0
1818,72.72,364,736,109,32,38,0
1818,72.72,365,43,552,13,38,0
1818,72.72,366,83,640,10,12,0
1818,72.72,367,721,117,19,15,0
1819,72.76,32,920,495,25,23,0
1819,72.76,36,151,604,17,20,0
1819,72.76,42,52,494,30,74,0
1819,72.76,46,57,560,111,90,0
1819,72.76,56,592,98,6,38,0
1819,72.76,61,935,480,14,16,0
1819,72.76,67,112,344,10,20,0
1819,72.76,112,592,229,60,18,0
1819,72.76,148,1270,302,10,25,0
1819,72.76,160,1185,111,74,145,0
1819,72.76,171,84,216,492,70,0
1819,72.76,206,456,441,32,25,0
1819,72.76,219,59,330,50,114,0
1819,72.76,231,22,117,34,43,0
1819,72.76,245,624,51,62,62,0
1819,72.76,254,0,237,30,11,0
1819,72.76,268,676,144,7,19,0
1819,72.76,274,0,60,25,34,0
1819,72.76,276,703,206,9,21,0
1819,72.76,282,632,200,32,21,0
1819,72.76,288,56,32,48,60,0
1819,72.76,297,162,588,14,14,0
1819,72.76,298,119,257,14,23,0
1819,72.76,299,106,400,12,30,0
1819,72.76,300,171,344,15,12,0
1819,72.76,304,734,157,28,22,0
1819,72.76,307,752,175,20,25,0
1819,72.76,308,998,289,148,97,0
1819,72.76,310,717,322,37,33,0
1819,72.76,311,0,129,24,51,0
1819,72.76,316,760,143,13,36,0
1819,72.76,320,653,232,26,19,0
1819,72.76,322,7,118,12,14,0
1819,72.76,324,186,298,17,20,0
1819,72.76,330,1160,697,55,9,0
1819,72.76,337,26,539,14,22,0
1819,72.76,343,272,652,16,26,0
1819,72.76,347,1176,95,14,17,0
1819,72.76,350,1046,193,19,23,0
1819,72.76,353,108,368,6,32,0
1819,72.76,355,55,592,9,22,0
1819,72.76,356,103,296,15,32,0
1819,72.76,357,134,256,28,24,0
1819,72.76,358,443,310,21,14,0
1819,72.76,359,668,209,16,24,0
1819,72.76,360,728,140,14,25,0
1819,72.76,361,734,181,23,59,0
1819,72.76,362,753,371,12,11,0
1819,72.76,363,1138,665,142,55,0
1819,72.76,364,736,109,32,38,0
1819,72.76,365,43,552,13,38,0
1819,72.76,366,83,640,10,12,0
1819,72.76,367,721,117,19,15,0
1819,72.76,368,672,165,13,18,0
1819,72.76,371,1047,387,22,9,0
1820,72.8,32,920,495,25,23,0
1820,72.8,36,151,604,17,20,0
1820,72.8,42,52,494,30,74,0
1820,72.8,46,57,560,111,90,0
1820,72.8,56,592,98,6,38,0
1820,72.8,61,935,480,14,16,0
1820,72.8,67,112,344,10,20,0
1820,72.8,112,592,229,60,18,0
1820,72.8,148,1270,302,10,25,0
1820,72.8,160,1185,111,74,145,0
1820,72.8,171,84,216,492,70,0
1820,72.8,206,456,441,32,25,0
1820,72.8,219,59,330,50,114,0
1820,72.8,231,22,117,34,43,0
1820,72.8,245,624,51,62,62,0
1820,72.8,254,0,237,30,11,0
1820,72.8,268,676,144,7,19,0
1820,72.8,274,0,60,25,34,0
1820,72.8,276,703,206,9,21,0
1820,72.8,282,632,200,32,21,0
1820,72.8,288,56,32,48,60,0
1820,72.8,297,162,588,14,14,0
1820,72.8,298,119,257,14,23,0
1820,72.8,299,106,400,12,30,0
1820,72.8,300,171,344,15,12,0
1820,72.8,304,734,157,28,22,0
1820,72.8,307,752,175,20,25,0
1820,72.8,308,1004,292,146,92,0
1820,72.8,310,717,322,37,33,0
1820,72.8,311,0,129,24,51,0
1820,72.8,316,760,143,13,36,0
1820,72.8,320,653,232,26,19,0
1820,72.8,322,7,118,12,14,0
1820,72.8,324,186,298,17,20,0
1820,72.8,330,1160,697,55,9,0
1820,72.8,337,26,539,14,22,0
1820,72.8,343,271,652,17,26,0
1820,72.8,347,1176,95,14,17,0
1820,72.8,350,1053,195,12,21,0
1820,72.8,353,108,368,6,32,0
1820,72.8,355,55,592,9,22,0
1820,72.8,356,103,296,15,32,0
1820,72.8,357,134,256,28,24,0
1820,72.8,358,443,310,21,14,0
1820,72.8,359,668,209,16,24,0
1820,72.8,360,728,140,14,25,0
1820,72.8,361,734,181,23,59,0
1820,72.8,362,753,371,12,11,0
1820,72.8,363,1138,665,142,55,0
1820,72.8,364,736,109,32,38,0
1820,72.8,365,43,552,13,38,0
1820,72.8,366,83,640,10,12,0
1820,72.8,367,721,117,19,15,0
1820,72.8,371,1047,389,20,11,0
1821,72.84,32,920,495,25,23,0
1821,72.84,36,151,604,17,20,0
1821,72.84,42,52,494,30,74,0
1821,72.84,46,57,560,111,90,0
1821,72.84,56,592,98,6,38,0
1821,72.84,61,935,480,14,16,0
1821,72.84,67,112,344,10,20,0
1821,72.84,112,592,229,60,18,0
1821,72.84,148,1270,302,10,25,0
1821,72.84,160,1185,111,74,145,0
1821,72.84,171,84,216,492,70,0
1821,72.84,206,456,441,32,25,0
1821,72.84,219,59,330,50,114,0
1821,72.84,231,22,117,34,43,0
1821,72.84,245,624,51,62,62,0
1821,72.84,254,0,237,30,11,0
1821,72.84,268,676,144,7,19,0
1821,72.84,274,0,60,25,34,0
1821,72.84,276,703,206,9,21,0
1821,72.84,282,632,200,32,21,0
1821,72.84,288,56,32,50,60,0
1821,72.84,297,162,588,14,14,0
1821,72.84,298,119,257,14,23,0
1821,72.84,299,106,400,12,30,0
1821,72.84,300,171,344,15,12,0
1821,72.84,304,734,165,28,17,0
1821,72.84,308,1004,295,150,95,0
1821,72.84,310,717,322,37,33,0
1821,72.84,311,0,129,24,51,0
1821,72.84,316,760,146,12,33,0
1821,72.84,320,653,232,26,19,0
1821,72.84,322,7,118,12,14,0
1821,72.84,324,186,298,17,20,0
1821,72.84,330,1160,697,55,9,0
1821,72.84,337,26,539,14,22,0
1821,72.84,343,272,652,16,26,0
1821,72.84,347,1176,95,14,17,0
1821,72.84,350,1054,195,11,21,0
1821,72.84,353,108,368,6,32,0
1821,72.84,355,55,592,9,22,0
1821,72.84,356,103,296,15,32,0
1821,72.84,357,134,256,28,24,0
1821,72.84,358,443,310,21,14,0
1821,72.84,359,668,209,16,24,0
1821,72.84,360,728,140,14,25,0
1821,72.84,361,734,174,38,66,0
1821,72.84,362,753,371,12,11,0
1821,72.84,363,1138,665,142,55,0
1821,72.84,364,736,109,32,37,0
1821,72.84,365,43,552,13,38,0
1821,72.84,366,83,640,10,12,0
1821,72.84,367,721,117,19,15,0
1821,72.84,368,672,165,13,18,0
1821,72.84,371,1048,390,20,16,0
1822,72.88,32,920,495,25,23,0
1822,72.88,36,151,604,17,20,0
1822,72.88,42,52,494,30,74,0
1822,72.88,46,57,560,111,90,0
1822,72.88,56,592,98,6,38,0
1822,72.88,61,935,480,14,16,0
1822,72.88,67,112,344,10,20,0
1822,72.88,112,592,229,60,18,0
1822,72.88,148,1270,304,10,23,0
1822,72.88,160,1185,111,74,145,0
1822,72.88,171,84,216,492,70,0
1822,72.88,206,456,441,32,25,0
1822,72.88,219,59,330,50,114,0
1822,72.88,231,22,117,34,43,0
1822,72.88,245,624,51,62,62,0
1822,72.88,254,0,237,30,11,0
1822,72.88,268,676,144,7,19,0
1822,72.88,274,0,60,25,34,0
1822,72.88,276,703,206,9,21,0
1822,72.88,282,632,200,32,21,0
1822,72.88,288,56,32,50,60,0
1822,72.88,297,162,588,14,14,0
1822,72.88,298,119,257,14,23,0
1822,72.88,299,106,400,12,30,0
1822,72.88,300,171,344,15,12,0
1822,72.88,304,734,157,28,22,0
1822,72.88,307,752,174,20,26,0
1822,72.88,308,1012,299,146,94,0
1822,72.88,310,717,322,37,33,0
1822,72.88,311,0,129,24,51,0
1822,72.88,316,763,146,9,33,0
1822,72.88,320,653,232,26,19,0
1822,72.88,322,7,118,12,14,0
1822,72.88,324,186,298,17,20,0
1822,72.88,330,1160,697,55,9,0
1822,72.88,337,26,539,14,22,0
1822,72.88,343,272,652,16,26,0
1822,72.88,347,1176,95,14,17,0
1822,72.88,353,108,368,6,32,0
1822,72.88,355,55,592,9,22,0
1822,72.88,356,103,296,15,32,0
1822,72.88,357,134,256,28,24,0
1822,72.88,358,443,310,21,14,0
1822,72.88,359,668,209,16,24,0
1822,72.88,360,727,140,15,25,0
1822,72.88,361,734,181,23,59,0
1822,72.88,362,753,371,12,11,0
1822,72.88,363,1138,665,142,55,0
1822,72.88,364,736,109,32,38,0
1822,72.88,365,43,552,13,38,0
1822,72.88,366,83,640,10,12,0
1822,72.88,367,721,117,19,15,0
1822,72.88,371,1048,390,19,17,0
1823,72.92,42,48,513,26,59,0
1823,72.92,46,72,590,88,59,0
1823,72.92,61,933,480,16,16,0
1823,72.92,112,592,229,60,18,0
1823,72.92,160,1207,149,52,109,0
1823,72.92,171,84,217,492,69,0
1823,72.92,206,456,441,32,25,0
1823,72.92,219,70,331,39,111,0
1823,72.92,231,27,119,18,41,0
1823,72.92,245,624,52,62,46,0
1823,72.92,254,0,237,29,11,0
1823,72.92,268,668,128,12,26,0
1823,72.92,274,0,53,24,41,0
1823,72.92,276,703,206,9,22,0
1823,72.92,282,644,200,25,21,0
1823,72.92,288,58,32,48,54,0
1823,72.92,300,169,333,19,19,0
1823,72.92,304,749,160,13,16,0
1823,72.92,307,724,191,15,23,0
1823,72.92,308,1018,301,142,96,0
1823,72.92,310,732,333,20,22,0
1823,72.92,311,2,130,21,36,0
1823,72.92,316,760,153,12,25,0
1823,72.92,320,651,232,28,19,0
1823,72.92,330,1176,698,24,7,0
1823,72.92,337,56,496,15,15,0
1823,72.92,347,1176,89,14,24,0
1823,72.92,354,9,160,13,14,0
1823,72.92,355,63,578,8,21,0
1823,72.92,357,118,256,43,24,0
1823,72.92,359,668,209,16,24,0
1823,72.92,361,733,181,26,60,0
1823,72.92,362,738,405,19,21,0
1823,72.92,363,1156,679,124,40,0
1823,72.92,364,736,110,30,26,0
1823,72.92,367,730,118,14,13,0
1823,72.92,368,648,94,36,19,0
1823,72.92,369,880,240,16,16,0
1823,72.92,370,884,248,19,16,0
1823,72.92,371,1048,390,18,18,0
1823,72.92,373,697,296,13,22,0
1823,72.92,374,744,304,18,27,0
1823,72.92,375,1186,111,22,37,0
1824,72.96,42,48,513,26,59,0
1824,72.96,46,72,590,88,59,0
1824,72.96,61,933,480,16,16,0
1824,72.96,112,592,229,60,18,0
1824,72.96,160,1207,149,52,109,0
1824,72.96,171,84,217,492,69,0
1824,72.96,206,456,441,32,25,0
1824,72.96,219,70,331,39,111,0
1824,72.96,231,27,119,18,41,0
1824,72.96,245,624,52,62,46,0
1824,72.96,254,0,237,29,11,0
1824,72.96,268,668,128,12,26,0
1824,72.96,274,0,53,24,41,0
1824,72.96,276,703,206,9,22,0
1824,72.96,282,644,200,25,21,0
1824,72.96,288,58,32,48,54,0
1824,72.96,300,169,333,19,19,0
1824,72.96,304,749,160,13,16,0
1824,72.96,307,724,191,15,23,0
1824,72.96,308,1040,304,124,104,0
1824,72.96,310,732,333,20,22,0
1824,72.96,311,2,130,21,36,0
1824,72.96,316,760,153,12,25,0
1824,72.96,320,651,232,28,19,0
1824,72.96,330,1176,698,24,7,0
1824,72.96,337,56,496,15,15,0
1824,72.96,347,1176,89,14,24,0
1824,72.96,354,9,160,13,14,0
1824,72.96,355,63,578,8,21,0
1824,72.96,357,118,256,43,24,0
1824,72.96,359,668,209,16,24,0
1824,72.96,361,733,181,26,60,0
1824,72.96,362,738,405,19,21,0
1824,72.96,363,1156,679,124,40,0
1824,72.96,364,736,110,30,26,0
1824,72.96,367,730,118,14,13,0
1824,72.96,368,648,94,36,19,0
1824,72.96,369,880,240,16,16,0
1824,72.96,370,884,248,19,16,0
1824,72.96,373,697,296,13,22,0
1824,72.96,374,744,304,18,27,0
1824,72.96,375,1186,111,22,37,0
1825,73.0,36,146,616,18,9,0
1825,73.0,42,48,513,26,59,0
1825,73.0,46,72,590,88,59,0
1825,73.0,61,933,480,16,16,0
1825,73.0,112,592,229,60,18,0
1825,73.0,160,1207,149,52,109,0
1825,73.0,171,84,217,492,69,0
1825,73.0,206,456,441,32,25,0
1825,73.0,219,70,331,39,111,0
1825,73.0,231,27,119,18,41,0
1825,73.0,245,624,52,62,46,0
1825,73.0,254,0,237,29,11,0
1825,73.0,268,668,128,12,26,0
1825,73.0,274,0,53,24,41,0
1825,73.0,276,703,206,9,22,0
1825,73.0,282,644,200,25,21,0
1825,73.0,288,58,32,48,54,0
1825,73.0,300,169,333,19,19,0
1825,73.0,304,749,158,13,18,0
1825,73.0,307,724,191,15,23,0
1825,73.0,308,1048,306,119,102,0
1825,73.0,310,732,333,20,22,0
1825,73.0,311,2,130,21,36,0
1825,73.0,316,760,153,12,25,0
1825,73.0,320,651,232,28,19,0
1825,73.0,330,1176,698,24,7,0
1825,73.0,337,56,495,15,16,0
1825,73.0,347,1176,89,14,24,0
1825,73.0,354,9,160,13,14,0
1825,73.0,355,64,578,7,21,0
1825,73.0,357,118,256,43,24,0
1825,73.0,359,668,209,16,24,0
1825,73.0,361,734,181,25,67,0
1825,73.0,362,738,405,19,21,0
1825,73.0,363,1156,679,124,40,0
1825,73.0,364,736,110,32,34,0
1825,73.0,367,730,118,14,13,0
1825,73.0,368,648,94,36,19,0
1825,73.0,369,880,240,16,16,0
1825,73.0,370,884,248,19,16,0
1825,73.0,373,697,296,13,22,0
1825,73.0,374,744,304,18,27,0
1825,73.0,375,1186,111,22,37,0
1826,73.04,36,146,616,18,9,0
1826,73.04,42,48,513,26,59,0
1826,73.04,46,72,590,88,59,0
1826,73.04,61,933,480,16,16,0
1826,73.04,112,592,229,60,18,0
1826,73.04,160,1207,149,52,109,0
1826,73.04,171,86,218,490,68,0
1826,73.04,206,456,441,32,25,0
1826,73.04,219,70,331,39,111,0
1826,73.04,231,27,119,18,41,0
1826,73.04,245,624,52,62,46,0
1826,73.04,254,0,237,29,11,0
1826,73.04,268,668,128,12,26,0
1826,73.04,274,0,53,24,41,0
1826,73.04,276,703,206,9,22,0
1826,73.04,282,644,200,25,21,0
1826,73.04,288,58,32,48,54,0
1826,73.04,300,169,333,19,19,0
1826,73.04,304,749,158,13,18,0
1826,73.04,307,724,191,15,23,0
1826,73.04,308,1047,308,123,98,0
1826,73.04,310,732,333,20,22,0
1826,73.04,311,2,130,21,36,0
1826,73.04,316,760,153,12,25,0
1826,73.04,320,651,232,28,19,0
1826,73.04,330,1176,698,24,7,0
1826,73.04,337,56,495,15,16,0
1826,73.04,347,1176,89,14,24,0
1826,73.04,354,9,160,13,14,0
1826,73.04,355,63,578,8,21,0
1826,73.04,357,118,256,43,24,0
1826,73.04,359,668,209,16,24,0
1826,73.04,361,733,181,26,67,0
1826,73.04,362,738,405,19,21,0
1826,73.04,363,1156,679,124,40,0
1826,73.04,364,736,110,32,34,0
1826,73.04,367,730,118,14,13,0
1826,73.04,368,648,94,36,19,0
1826,73.04,369,880,240,16,16,0
1826,73.04,370,884,248,19,16,0
1826,73.04,373,697,296,13,22,0
1826,73.04,374,744,304,18,27,0
1826,73.04,375,1186,111,22,37,0
1827,73.08,36,146,616,18,9,0
1827,73.08,42,48,513,26,59,0
1827,73.08,46,72,590,88,59,0
1827,73.08,61,933,480,16,16,0
1827,73.08,112,592,229,60,18,0
1827,73.08,160,1207,149,52,109,0
1827,73.08,171,86,218,490,68,0
1827,73.08,206,456,441,32,25,0
1827,73.08,219,70,331,39,111,0
1827,73.08,231,27,119,18,41,0
1827,73.08,245,624,52,62,46,0
1827,73.08,254,0,237,29,11,0
1827,73.08,268,668,128,12,26,0
1827,73.08,274,0,53,24,41,0
1827,73.08,276,703,206,9,22,0
1827,73.08,282,644,200,25,21,0
1827,73.08,288,58,32,48,54,0
1827,73.08,300,169,333,19,19,0
1827,73.08,304,749,158,13,18,0
1827,73.08,307,724,191,15,23,0
1827,73.08,310,732,333,20,22,0
1827,73.08,311,2,130,21,36,0
1827,73.08,316,760,153,12,25,0
1827,73.08,318,1054,310,120,96,0
1827,73.08,320,651,232,28,19,0
1827,73.08,330,1176,698,24,7,0
1827,73.08,337,56,495,15,16,0
1827,73.08,347,1176,89,14,24,0
1827,73.08,354,9,160,13,14,0
1827,73.08,355,63,578,8,21,0
1827,73.08,357,118,256,43,24,0
1827,73.08,359,668,209,16,24,0
1827,73.08,361,733,181,26,67,0
1827,73.08,362,738,405,19,21,0
1827,73.08,363,1156,679,124,40,0
1827,73.08,364,736,110,32,34,0
1827,73.08,367,730,118,14,13,0
1827,73.08,368,648,94,36,19,0
1827,73.08,369,880,240,16,16,0
1827,73.08,370,884,248,19,16,0
1827,73.08,373,697,296,13,22,0
1827,73.08,374,744,304,18,27,0
1827,73.08,375,1186,111,22,37,0
1828,73.12,36,146,616,18,9,0
1828,73.12,42,48,513,26,59,0
1828,73.12,46,72,590,88,59,0
1828,73.12,61,931,480,18,16,0
1828,73.12,112,592,229,60,18,0
1828,73.12,160,1207,149,52,109,0
1828,73.12,171,86,218,490,68,0
1828,73.12,206,456,441,32,25,0
1828,73.12,219,70,331,39,111,0
1828,73.12,231,27,119,18,41,0
1828,73.12,245,624,52,62,46,0
1828,73.12,254,0,237,29,11,0
1828,73.12,268,668,128,12,26,0
1828,73.12,274,0,53,24,41,0
1828,73.12,276,703,206,9,22,0
1828,73.12,282,644,200,25,21,0
1828,73.12,288,58,32,48,54,0
1828,73.12,300,169,333,19,19,0
1828,73.12,304,749,158,13,18,0
1828,73.12,307,724,191,15,23,0
1828,73.12,310,732,333,20,22,0
1828,73.12,311,2,130,21,36,0
1828,73.12,316,760,153,12,25,0
1828,73.12,318,1058,312,118,93,0
1828,73.12,320,651,232,28,19,0
1828,73.12,330,1176,698,24,7,0
1828,73.12,337,56,495,15,16,0
1828,73.12,347,1176,89,14,24,0
1828,73.12,354,9,160,13,14,0
1828,73.12,355,63,578,8,21,0
1828,73.12,357,118,256,43,24,0
1828,73.12,359,668,209,16,24,0
1828,73.12,361,733,181,26,60,0
1828,73.12,362,738,405,19,21,0
1828,73.12,363,1156,679,124,40,0
1828,73.12,364,736,110,32,34,0
1828,73.12,367,730,118,14,13,0
1828,73.12,368,648,94,36,19,0
1828,73.12,369,880,240,16,16,0
1828,73.12,370,884,248,19,16,0
1828,73.12,371,1048,390,22,24,0
1828,73.12,373,697,296,13,22,0
1828,73.12,374,744,304,18,27,0
1828,73.12,375,1186,111,22,37,0
1829,73.16,36,146,616,18,9,0
1829,73.16,42,48,513,26,59,0
1829,73.16,46,72,590,88,59,0
1829,73.16,61,931,480,18,16,0
1829,73.16,112,592,229,60,18,0
1829,73.16,160,1207,149,52,109,0
1829,73.16,171,86,218,490,68,0
1829,73.16,206,456,441,32,25,0
1829,73.16,219,70,331,39,111,0
1829,73.16,231,27,119,18,41,0
1829,73.16,245,624,52,62,46,0
1829,73.16,254,0,237,29,11,0
1829,73.16,268,668,128,12,26,0
1829,73.16,274,0,53,24,41,0
1829,73.16,276,703,206,9,22,0
1829,73.16,282,644,200,25,21,0
1829,73.16,288,58,32,48,54,0
1829,73.16,300,169,333,19,19,0
1829,73.16,304,749,158,13,18,0
1829,73.16,307,724,191,15,23,0
1829,73.16,308,1120,306,16,14,0
1829,73.16,310,732,333,20,22,0
1829,73.16,311,2,130,21,36,0
1829,73.16,316,760,153,12,25,0
1829,73.16,318,1058,315,120,96,0
1829,73.16,320,651,232,28,19,0
1829,73.16,330,1176,698,24,7,0
1829,73.16,337,56,495,15,16,0
1829,73.16,347,1176,89,14,24,0
1829,73.16,354,9,160,13,14,0
1829,73.16,355,63,578,8,21,0
1829,73.16,357,118,256,43,24,0
1829,73.16,359,668,209,16,24,0
1829,73.16,361,733,181,26,60,0
1829,73.16,362,738,405,19,21,0
1829,73.16,363,1156,679,124,40,0
1829,73.16,364,736,110,32,34,0
1829,73.16,367,730,118,14,13,0
1829,73.16,368,648,94,36,19,0
1829,73.16,369,880,240,16,16,0
1829,73.16,370,884,248,19,16,0
1829,73.16,371,1048,390,16,16,0
1829,73.16,372,1067,410,15,20,0
1829,73.16,373,697,296,13,22,0
1829,73.16,374,744,304,18,27,0
1829,73.16,375,1186,111,22,37,0
1830,73.2,36,146,616,18,9,0
1830,73.2,42,48,513,26,59,0
1830,73.2,46,72,590,88,59,0
1830,73.2,61,933,480,16,16,0
1830,73.2,112,592,229,60,18,0
1830,73.2,160,1207,149,52,109,0
1830,73.2,171,86,218,490,68,0
1830,73.2,206,456,441,32,25,0
1830,73.2,219,70,331,39,111,0
1830,73.2,231,27,119,18,41,0
1830,73.2,245,624,52,62,46,0
1830,73.2,254,0,237,29,11,0
1830,73.2,268,668,128,12,26,0
1830,73.2,274,0,53,24,41,0
1830,73.2,276,703,206,9,22,0
1830,73.2,282,644,200,25,21,0
1830,73.2,288,58,32,48,54,0
1830,73.2,300,169,333,19,19,0
1830,73.2,304,749,158,13,18,0
1830,73.2,307,724,191,15,23,0
1830,73.2,308,1120,306,16,14,0
1830,73.2,310,732,333,20,22,0
1830,73.2,311,2,130,21,36,0
1830,73.2,316,760,153,12,25,0
1830,73.2,318,1058,317,124,97,0
1830,73.2,320,651,232,28,19,0
1830,73.2,330,1176,698,24,7,0
1830,73.2,337,56,495,15,16,0
1830,73.2,347,1176,89,14,24,0
1830,73.2,354,9,160,13,14,0
1830,73.2,355,63,578,8,21,0
1830,73.2,357,118,256,43,24,0
1830,73.2,359,668,209,16,24,0
1830,73.2,361,733,181,26,60,0
1830,73.2,362,738,405,19,21,0
1830,73.2,363,1156,679,124,40,0
1830,73.2,364,730,111,38,33,0
1830,73.2,368,648,94,36,19,0
1830,73.2,369,880,240,16,16,0
1830,73.2,370,884,248,19,16,0
1830,73.2,371,1048,390,16,16,0
1830,73.2,372,1077,416,17,16,0
1830,73.2,373,697,296,13,22,0
1830,73.2,374,744,304,18,27,0
1830,73.2,375,1186,111,22,37,0
1831,73.24,36,146,616,18,9,0
1831,73.24,42,48,513,26,59,0
1831,73.24,46,72,590,88,59,0
1831,73.24,61,933,480,16,16,0
1831,73.24,112,592,229,60,18,0
1831,73.24,160,1207,149,52,109,0
1831,73.24,171,86,218,490,68,0
1831,73.24,206,456,441,32,25,0
1831,73.24,219,70,331,39,111,0
1831,73.24,231,27,119,18,41,0
1831,73.24,245,624,52,62,46,0
1831,73.24,254,0,237,29,11,0
1831,73.24,268,668,128,12,26,0
1831,73.24,274,0,53,24,41,0
1831,73.24,276,703,206,9,22,0
1831,73.24,282,644,200,25,21,0
1831,73.24,288,58,32,48,54,0
1831,73.24,300,169,333,19,19,0
1831,73.24,304,749,158,13,18,0
1831,73.24,307,724,191,15,23,0
1831,73.24,308,1120,306,16,14,0
1831,73.24,310,732,333,20,22,0
1831,73.24,311,2,130,21,36,0
1831,73.24,316,760,153,12,25,0
1831,73.24,318,1058,320,126,98,0
1831,73.24,320,651,232,28,19,0
1831,73.24,330,1176,698,24,7,0
1831,73.24,337,56,495,15,16,0
1831,73.24,347,1176,89,14,24,0
1831,73.24,354,9,160,13,14,0
1831,73.24,355,63,578,8,21,0
1831,73.24,357,118,256,43,24,0
1831,73.24,359,668,209,16,24,0
1831,73.24,361,733,181,26,60,0
1831,73.24,362,738,405,19,21,0
1831,73.24,363,1156,679,124,40,0
1831,73.24,364,736,110,32,34,0
1831,73.24,367,730,118,14,13,0
1831,73.24,368,648,94,36,19,0
1831,73.24,369,880,240,16,16,0
1831,73.24,370,884,248,19,16,0
1831,73.24,371,1048,390,17,16,0
1831,73.24,372,1085,419,20,13,0
1831,73.24,373,697,296,13,22,0
1831,73.24,374,744,304,18,27,0
1831,73.24,375,1186,111,22,37,0
1832,73.28,36,146,616,18,9,0
1832,73.28,42,48,513,26,59,0
1832,73.28,46,72,590,88,59,0
1832,73.28,61,933,480,16,15,0
1832,73.28,112,592,229,60,18,0
1832,73.28,160,1207,149,52,109,0
1832,73.28,171,86,218,490,68,0
1832,73.28,206,456,441,32,25,0
1832,73.28,219,70,331,39,111,0
1832,73.28,231,27,119,18,41,0
1832,73.28,245,624,52,62,46,0
1832,73.28,254,0,237,29,11,0
1832,73.28,268,668,128,12,26,0
1832,73.28,274,0,53,24,41,0
1832,73.28,276,703,206,9,22,0
1832,73.28,282,644,200,25,21,0
1832,73.28,288,58,32,48,54,0
1832,73.28,300,169,333,19,19,0
1832,73.28,304,749,158,13,18,0
1832,73.28,307,724,191,15,23,0
1832,73.28,308,1120,306,16,14,0
1832,73.28,310,732,333,20,22,0
1832,73.28,311,2,130,21,36,0
1832,73.28,316,760,153,12,25,0
1832,73.28,318,1057,322,130,96,0
1832,73.28,320,651,232,28,19,0
1832,73.28,330,1176,698,24,7,0
1832,73.28,337,56,495,15,17,0
1832,73.28,347,1176,89,14,24,0
1832,73.28,354,9,160,13,14,0
1832,73.28,355,63,578,8,21,0
1832,73.28,357,118,256,43,24,0
1832,73.28,359,668,209,16,23,0
1832,73.28,361,733,181,26,60,0
1832,73.28,362,738,404,19,22,0
1832,73.28,363,1156,679,124,40,0
1832,73.28,364,736,110,33,34,0
1832,73.28,367,730,118,14,13,0
1832,73.28,368,648,94,36,19,0
1832,73.28,369,880,240,16,16,0
1832,73.28,370,884,248,19,16,0
1832,73.28,371,1049,390,15,16,0
1832,73.28,372,1090,419,20,11,0
1832,73.28,373,697,296,13,22,0
1832,73.28,374,744,304,18,27,0
1832,73.28,375,1186,111,22,37,0
1833,73.32,36,146,616,18,9,0
1833,73.32,42,48,513,26,59,0
1833,73.32,46,72,590,88,59,0
1833,73.32,61,933,480,16,15,0
1833,73.32,112,592,229,60,18,0
1833,73.32,160,1207,149,52,109,0
1833,73.32,171,86,218,490,68,0
1833,73.32,206,456,441,32,25,0
1833,73.32,219,70,331,39,111,0
1833,73.32,231,27,119,18,41,0
1833,73.32,245,624,52,62,46,0
1833,73.32,254,0,237,29,11,0
1833,73.32,268,668,128,12,26,0
1833,73.32,274,0,53,24,41,0
1833,73.32,276,703,206,9,22,0
1833,73.32,282,644,200,25,21,0
1833,73.32,288,58,32,48,54,0
1833,73.32,300,169,333,19,19,0
1833,73.32,304,749,158,13,18,0
1833,73.32,307,724,191,15,23,0
1833,73.32,308,1120,306,16,14,0
1833,73.32,310,732,333,20,22,0
1833,73.32,311,2,130,21,36,0
1833,73.32,316,760,153,12,25,0
1833,73.32,318,1058,325,131,94,0
1833,73.32,320,651,232,28,19,0
1833,73.32,330,1176,698,24,7,0
1833,73.32,337,56,495,15,17,0
1833,73.32,347,1176,89,14,24,0
1833,73.32,354,9,160,13,14,0
1833,73.32,355,63,578,8,21,0
1833,73.32,357,118,256,43,24,0
1833,73.32,359,668,209,16,23,0
1833,73.32,361,733,181,26,60,0
1833,73.32,362,738,404,19,22,0
1833,73.32,363,1156,679,124,40,0
1833,73.32,364,736,110,32,34,0
1833,73.32,367,730,118,14,13,0
1833,73.32,368,648,94,36,19,0
1833,73.32,369,880,240,16,16,0
1833,73.32,370,884,248,19,16,0
1833,73.32,371,1051,390,13,16,0
1833,73.32,372,1090,418,20,10,0
1833,73.32,373,697,296,13,22,0
1833,73.32,374,744,304,18,27,0
1833,73.32,375,1186,111,22,37,0
1834,73.36,36,146,616,18,9,0
1834,73.36,42,48,513,26,59,0
1834,73.36,46,72,590,88,59,0
1834,73.36,61,933,480,16,15,0
1834,73.36,112,592,229,60,18,0
1834,73.36,160,1207,149,52,109,0
1834,73.36,171,86,218,490,68,0
1834,73.36,206,456,441,32,25,0
1834,73.36,219,70,331,39,111,0
1834,73.36,231,27,119,18,41,0
1834,73.36,245,624,52,62,46,0
1834,73.36,254,0,237,29,11,0
1834,73.36,268,668,128,12,26,0
1834,73.36,274,0,53,24,41,0
1834,73.36,276,703,206,9,22,0
1834,73.36,282,644,200,25,21,0
1834,73.36,288,58,32,48,54,0
1834,73.36,300,169,333,19,19,0
1834,73.36,304,749,158,13,18,0
1834,73.36,307,724,191,15,23,0
1834,73.36,308,1120,306,16,14,0
1834,73.36,310,732,333,20,22,0
1834,73.36,311,2,130,21,36,0
1834,73.36,316,760,153,12,25,0
1834,73.36,318,1061,327,129,101,0
1834,73.36,320,651,232,28,19,0
1834,73.36,330,1176,698,24,7,0
1834,73.36,337,56,496,12,16,0
1834,73.36,347,1176,89,14,24,0
1834,73.36,354,9,160,13,14,0
1834,73.36,355,63,578,8,21,0
1834,73.36,357,118,256,43,24,0
1834,73.36,359,668,209,16,23,0
1834,73.36,361,733,181,26,60,0
1834,73.36,362,738,404,19,22,0
1834,73.36,363,1156,679,124,40,0
1834,73.36,364,736,110,32,34,0
1834,73.36,367,730,118,14,13,0
1834,73.36,368,648,94,36,19,0
1834,73.36,369,880,240,16,16,0
1834,73.36,370,884,248,19,16,0
1834,73.36,371,1054,389,10,17,0
1834,73.36,373,697,296,13,22,0
1834,73.36,374,744,304,18,27,0
1834,73.36,375,1186,111,22,37,0
1835,73.4,36,146,616,18,9,0
1835,73.4,42,48,513,26,59,0
1835,73.4,46,72,590,88,59,0
1835,73.4,61,931,480,18,15,0
1835,73.4,112,592,229,60,18,0
1835,73.4,160,1207,149,52,109,0
1835,73.4,171,86,218,490,68,0
1835,73.4,206,456,441,32,25,0
1835,73.4,219,70,331,39,111,0
1835,73.4,231,27,119,18,41,0
1835,73.4,245,624,52,62,46,0
1835,73.4,254,0,237,29,11,0
1835,73.4,268,668,128,12,26,0
1835,73.4,274,0,53,24,41,0
1835,73.4,276,703,206,9,22,0
1835,73.4,282,644,200,25,21,0
1835,73.4,288,58,32,48,54,0
1835,73.4,300,169,333,19,19,0
1835,73.4,304,749,158,13,18,0
1835,73.4,307,724,191,15,23,0
1835,73.4,308,1120,306,16,14,0
1835,73.4,310,732,333,20,22,0
1835,73.4,311,2,130,21,36,0
1835,73.4,316,760,153,12,25,0
1835,73.4,318,1060,329,134,100,0
1835,73.4,320,651,232,28,19,0
1835,73.4,330,1176,698,24,7,0
1835,73.4,337,60,495,11,17,0
1835,73.4,347,1176,89,14,24,0
1835,73.4,354,9,160,13,14,0
1835,73.4,355,63,578,8,21,0
1835,73.4,357,118,256,43,24,0
1835,73.4,359,668,209,16,23,0
1835,73.4,361,733,181,26,60,0
1835,73.4,362,738,404,19,22,0
1835,73.4,363,1156,679,124,40,0
1835,73.4,364,736,110,31,34,0
1835,73.4,367,730,118,14,13,0
1835,73.4,368,648,94,36,19,0
1835,73.4,369,880,240,16,16,0
1835,73.4,370,884,248,19,16,0
1835,73.4,373,697,296,13,22,0
1835,73.4,374,744,304,18,27,0
1835,73.4,375,1186,111,22,37,0
1836,73.44,36,146,616,18,9,0
1836,73.44,42,48,513,26,59,0
1836,73.44,46,72,590,88,59,0
1836,73.44,61,933,480,16,15,0
1836,73.44,112,592,229,60,18,0
1836,73.44,160,1207,149,52,109,0
1836,73.44,171,86,218,490,68,0
1836,73.44,206,456,441,32,25,0
1836,73.44,219,70,331,39,111,0
1836,73.44,231,27,119,18,41,0
1836,73.44,245,624,52,62,46,0
1836,73.44,254,0,237,29,11,0
1836,73.44,268,668,128,12,26,0
1836,73.44,274,0,53,24,41,0
1836,73.44,276,703,206,9,22,0
1836,73.44,282,644,200,25,21,0
1836,73.44,288,58,32,48,54,0
1836,73.44,300,169,333,19,19,0
1836,73.44,304,749,158,13,18,0
1836,73.44,307,724,191,15,23,0
1836,73.44,308,1120,306,16,14,0
1836,73.44,310,732,333,20,22,0
1836,73.44,311,2,130,21,36,0
1836,73.44,316,760,153,12,25,0
1836,73.44,318,1069,330,127,99,0
1836,73.44,320,651,232,28,19,0
1836,73.44,330,1176,698,24,7,0
1836,73.44,337,60,495,11,17,0
1836,73.44,347,1176,89,14,24,0
1836,73.44,354,9,160,13,14,0
1836,73.44,355,63,578,8,21,0
1836,73.44,357,118,256,43,24,0
1836,73.44,359,668,209,16,23,0
1836,73.44,361,733,181,26,60,0
1836,73.44,362,738,404,19,22,0
1836,73.44,363,1156,679,124,40,0
1836,73.44,364,736,110,31,34,0
1836,73.44,367,730,118,14,13,0
1836,73.44,368,648,94,36,19,0
1836,73.44,369,880,240,16,16,0
1836,73.44,370,884,248,19,16,0
1836,73.44,373,697,296,13,22,0
1836,73.44,374,744,304,18,27,0
1836,73.44,375,1186,111,22,37,0
1837,73.48,36,146,616,18,9,0
1837,73.48,42,48,513,26,59,0
1837,73.48,46,72,590,88,59,0
1837,73.48,61,933,480,16,15,0
1837,73.48,112,592,229,60,18,0
1837,73.48,160,1207,149,52,109,0
1837,73.48,171,86,218,490,68,0
1837,73.48,206,456,441,32,25,0
1837,73.48,219,70,331,39,111,0
1837,73.48,231,27,119,18,41,0
1837,73.48,245,624,52,62,46,0
1837,73.48,254,0,237,29,11,0
1837,73.48,268,668,128,12,26,0
1837,73.48,274,0,53,24,41,0
1837,73.48,276,703,206,9,22,0
1837,73.48,282,644,200,25,21,0
1837,73.48,288,58,32,48,54,0
1837,73.48,300,169,333,19,19,0
1837,73.48,304,749,158,13,18,0
1837,73.48,307,724,191,15,23,0
1837,73.48,308,1120,306,16,14,0
1837,73.48,310,732,333,20,22,0
1837,73.48,311,2,130,21,36,0
1837,73.48,316,760,153,12,25,0
1837,73.48,318,1076,331,122,98,0
1837,73.48,320,651,232,28,19,0
1837,73.48,330,1176,698,24,7,0
1837,73.48,337,60,495,11,17,0
1837,73.48,347,1176,89,14,24,0
1837,73.48,354,9,160,13,14,0
1837,73.48,355,63,578,8,21,0
1837,73.48,357,118,256,43,24,0
1837,73.48,359,668,209,16,23,0
1837,73.48,361,733,181,26,60,0
1837,73.48,362,738,404,19,22,0
1837,73.48,363,1156,679,124,40,0
1837,73.48,364,736,110,31,34,0
1837,73.48,367,730,118,14,13,0
1837,73.48,368,648,94,36,19,0
1837,73.48,369,880,240,16,16,0
1837,73.48,370,884,248,19,16,0
1837,73.48,373,697,296,13,22,0
1837,73.48,374,744,304,18,27,0
1837,73.48,375,1186,111,22,37,0
1838,73.52,36,146,616,18,9,0
1838,73.52,42,48,513,26,59,0
1838,73.52,46,72,590,88,59,0
1838,73.52,61,933,480,16,15,0
1838,73.52,112,592,229,60,18,0
1838,73.52,160,1207,149,52,109,0
1838,73.52,171,86,218,490,68,0
1838,73.52,206,456,441,32,25,0
1838,73.52,219,70,331,39,111,0
1838,73.52,231,27,119,18,41,0
1838,73.52,245,624,52,62,46,0
1838,73.52,254,0,237,29,11,0
1838,73.52,268,668,128,12,26,0
1838,73.52,274,0,53,24,41,0
1838,73.52,276,703,206,9,22,0
1838,73.52,282,644,200,25,21,0
1838,73.52,288,58,32,48,54,0
1838,73.52,300,169,333,19,19,0
1838,73.52,304,749,158,13,18,0
1838,73.52,307,724,191,15,23,0
1838,73.52,308,1120,306,16,14,0
1838,73.52,310,732,333,20,22,0
1838,73.52,311,2,130,21,36,0
1838,73.52,316,760,153,12,25,0
1838,73.52,318,1081,332,121,97,0
1838,73.52,320,651,232,28,19,0
1838,73.52,330,1176,698,24,7,0
1838,73.52,337,60,495,11,17,0
1838,73.52,347,1176,89,14,24,0
1838,73.52,354,9,160,13,14,0
1838,73.52,355,63,578,8,21,0
1838,73.52,357,118,256,43,24,0
1838,73.52,359,668,209,16,23,0
1838,73.52,361,733,181,26,60,0
1838,73.52,362,738,404,19,22,0
1838,73.52,363,1156,679,124,40,0
1838,73.52,364,736,110,31,34,0
1838,73.52,367,730,118,14,13,0
1838,73.52,368,648,94,36,19,0
1838,73.52,369,880,240,16,16,0
1838,73.52,370,884,248,19,16,0
1838,73.52,373,697,296,13,22,0
1838,73.52,374,744,304,18,27,0
1838,73.52,375,1186,111,22,37,0
1839,73.56,36,146,616,18,9,0
1839,73.56,42,48,513,26,59,0
1839,73.56,46,72,590,88,59,0
1839,73.56,61,933,480,16,15,0
1839,73.56,112,592,229,60,18,0
1839,73.56,160,1207,149,52,109,0
1839,73.56,171,86,218,490,68,0
1839,73.56,206,456,441,32,25,0
1839,73.56,219,70,331,39,111,0
1839,73.56,231,27,119,18,41,0
1839,73.56,245,624,52,62,46,0
1839,73.56,254,0,237,29,11,0
1839,73.56,268,668,128,12,26,0
1839,73.56,274,0,53,24,41,0
1839,73.56,276,703,206,9,22,0
1839,73.56,282,644,200,25,21,0
1839,73.56,288,58,32,48,54,0
1839,73.56,300,169,333,19,19,0
1839,73.56,304,749,158,13,18,0
1839,73.56,307,724,191,15,23,0
1839,73.56,308,1120,306,16,14,0
1839,73.56,310,732,333,20,22,0
1839,73.56,311,2,130,21,36,0
1839,73.56,316,760,153,12,25,0
1839,73.56,318,1086,331,118,98,0
1839,73.56,320,651,232,28,19,0
1839,73.56,330,1176,698,24,7,0
1839,73.56,337,60,495,11,17,0
1839,73.56,347,1176,89,14,24,0
1839,73.56,354,9,160,13,14,0
1839,73.56,355,63,578,8,21,0
1839,73.56,357,118,256,43,24,0
1839,73.56,359,668,209,16,23,0
1839,73.56,361,733,181,26,60,0
1839,73.56,362,738,404,19,22,0
1839,73.56,363,1156,679,124,40,0
1839,73.56,364,736,110,31,34,0
1839,73.56,367,730,118,14,13,0
1839,73.56,368,648,94,36,19,0
1839,73.56,369,880,240,16,16,0
1839,73.56,370,884,248,19,16,0
1839,73.56,373,697,296,13,22,0
1839,73.56,374,744,304,18,27,0
1839,73.56,375,1186,111,22,37,0
1840,73.6,36,146,616,18,9,0
1840,73.6,42,48,513,26,59,0
1840,73.6,46,72,590,88,59,0
1840,73.6,61,933,480,16,15,0
1840,73.6,112,592,229,60,18,0
1840,73.6,160,1207,149,52,109,0
1840,73.6,171,86,218,490,68,0
1840,73.6,206,456,441,32,25,0
1840,73.6,219,70,331,39,111,0
1840,73.6,231,27,119,18,41,0
1840,73.6,245,624,52,62,46,0
1840,73.6,254,0,237,29,11,0
1840,73.6,268,668,128,12,26,0
1840,73.6,274,0,53,24,41,0
1840,73.6,276,695,206,17,25,0
1840,73.6,282,644,200,25,21,0
1840,73.6,288,58,32,48,54,0
1840,73.6,300,169,333,19,19,0
1840,73.6,304,749,158,13,18,0
1840,73.6,307,724,191,15,23,0
1840,73.6,308,1120,306,16,14,0
1840,73.6,310,732,333,20,22,0
1840,73.6,311,2,130,21,36,0
1840,73.6,316,760,153,12,25,0
1840,73.6,318,1090,333,116,96,0
1840,73.6,320,651,232,28,19,0
1840,73.6,330,1176,698,24,7,0
1840,73.6,337,60,495,11,17,0
1840,73.6,347,1176,89,14,24,0
1840,73.6,354,9,160,13,14,0
1840,73.6,355,63,578,8,21,0
1840,73.6,357,118,256,43,24,0
1840,73.6,359,668,209,16,23,0
1840,73.6,361,733,181,26,60,0
1840,73.6,362,738,404,19,22,0
1840,73.6,363,1156,679,124,40,0
1840,73.6,364,736,110,31,34,0
1840,73.6,367,730,118,14,13,0
1840,73.6,368,648,94,36,19,0
1840,73.6,369,880,240,16,16,0
1840,73.6,370,884,248,19,16,0
1840,73.6,373,697,296,13,22,0
1840,73.6,374,744,304,18,27,0
1840,73.6,375,1186,111,22,37,0
1841,73.64,36,146,616,18,9,0
1841,73.64,42,48,513,26,59,0
1841,73.64,46,72,590,88,59,0
1841,73.64,61,933,480,16,15,0
1841,73.64,112,592,229,60,18,0
1841,73.64,160,1207,149,52,109,0
1841,73.64,171,86,218,490,68,0
1841,73.64,206,456,441,32,25,0
1841,73.64,219,70,331,39,111,0
1841,73.64,231,27,119,18,41,0
1841,73.64,245,624,52,62,46,0
1841,73.64,254,0,237,29,11,0
1841,73.64,268,668,128,12,26,0
1841,73.64,274,0,53,24,41,0
1841,73.64,276,695,206,17,25,0
1841,73.64,282,644,200,25,21,0
1841,73.64,288,58,32,48,54,0
1841,73.64,300,169,333,19,19,0
1841,73.64,304,749,158,13,18,0
1841,73.64,307,724,191,15,23,0
1841,73.64,308,1120,306,16,14,0
1841,73.64,310,732,333,20,22,0
1841,73.64,311,2,130,21,36,0
1841,73.64,316,760,153,12,25,0
1841,73.64,318,1092,330,116,98,0
1841,73.64,320,651,232,28,19,0
1841,73.64,330,1176,698,24,7,0
1841,73.64,337,60,495,11,17,0
1841,73.64,347,1176,89,14,24,0
1841,73.64,354,9,160,13,14,0
1841,73.64,355,63,578,8,21,0
1841,73.64,357,118,256,43,24,0
1841,73.64,359,668,209,16,23,0
1841,73.64,361,733,181,26,60,0
1841,73.64,362,738,404,19,22,0
1841,73.64,363,1156,679,124,40,0
1841,73.64,364,736,110,31,34,0
1841,73.64,367,730,118,14,13,0
1841,73.64,368,648,94,36,19,0
1841,73.64,369,880,240,16,16,0
1841,73.64,370,884,248,19,16,0
1841,73.64,373,697,296,13,22,0
1841,73.64,374,744,304,18,27,0
1841,73.64,375,1186,111,22,37,0
1842,73.68,36,146,616,18,9,0
1842,73.68,42,48,513,26,59,0
1842,73.68,46,72,590,88,59,0
1842,73.68,61,933,480,16,15,0
1842,73.68,112,592,229,60,18,0
1842,73.68,160,1207,149,52,109,0
1842,73.68,171,86,218,490,68,0
1842,73.68,206,456,441,32,25,0
1842,73.68,219,70,331,39,111,0
1842,73.68,231,27,119,18,41,0
1842,73.68,245,624,52,62,46,0
1842,73.68,254,0,237,29,11,0
1842,73.68,268,668,128,12,26,0
1842,73.68,274,0,53,24,41,0
1842,73.68,276,695,206,17,25,0
1842,73.68,282,644,200,25,21,0
1842,73.68,288,58,32,48,54,0
1842,73.68,300,169,333,19,19,0
1842,73.68,304,749,158,13,18,0
1842,73.68,307,724,191,15,23,0
1842,73.68,308,1120,306,16,14,0
1842,73.68,310,732,333,20,22,0
1842,73.68,311,2,130,21,36,0
1842,73.68,316,760,153,12,25,0
1842,73.68,318,1092,330,118,98,0
1842,73.68,320,651,232,28,19,0
1842,73.68,330,1176,698,24,7,0
1842,73.68,337,60,495,11,17,0
1842,73.68,347,1176,89,14,24,0
1842,73.68,354,9,160,13,14,0
1842,73.68,355,63,578,8,21,0
1842,73.68,357,118,256,43,24,0
1842,73.68,359,668,209,16,23,0
1842,73.68,361,733,181,26,60,0
1842,73.68,362,738,404,19,22,0
1842,73.68,363,1156,679,124,40,0
1842,73.68,364,736,110,31,34,0
1842,73.68,367,730,118,14,13,0
1842,73.68,368,648,94,36,19,0
1842,73.68,369,880,240,16,16,0
1842,73.68,370,884,248,19,16,0
1842,73.68,373,697,296,13,22,0
1842,73.68,374,744,304,18,27,0
1842,73.68,375,1186,111,22,37,0
1843,73.72,36,146,616,18,9,0
1843,73.72,42,48,513,26,59,0
1843,73.72,46,72,590,88,59,0
1843,73.72,61,933,480,16,15,0
1843,73.72,112,592,229,60,18,0
1843,73.72,160,1207,149,52,109,0
1843,73.72,171,86,218,490,68,0
1843,73.72,206,456,441,32,25,0
1843,73.72,219,70,331,39,111,0
1843,73.72,231,27,119,18,41,0
1843,73.72,245,624,52,62,46,0
1843,73.72,254,0,237,29,11,0
1843,73.72,268,668,128,12,26,0
1843,73.72,274,0,53,24,41,0
1843,73.72,276,695,206,17,25,0
1843,73.72,282,644,200,25,21,0
1843,73.72,288,58,32,48,54,0
1843,73.72,300,169,333,19,19,0
1843,73.72,304,749,158,13,18,0
1843,73.72,307,724,191,15,23,0
1843,73.72,308,1120,306,16,14,0
1843,73.72,310,732,333,20,22,0
1843,73.72,311,2,130,21,36,0
1843,73.72,316,760,153,12,25,0
1843,73.72,318,1092,332,118,96,0
1843,73.72,320,651,232,28,19,0
1843,73.72,330,1176,698,24,7,0
1843,73.72,337,60,495,11,17,0
1843,73.72,347,1176,89,14,24,0
1843,73.72,354,9,160,13,14,0
1843,73.72,355,63,578,8,21,0
1843,73.72,357,118,256,43,24,0
1843,73.72,359,668,209,16,23,0
1843,73.72,361,733,181,26,60,0
1843,73.72,362,738,404,19,22,0
1843,73.72,363,1156,679,124,40,0
1843,73.72,364,736,110,31,34,0
1843,73.72,367,730,118,14,13,0
1843,73.72,368,648,94,36,19,0
1843,73.72,369,880,240,16,16,0
1843,73.72,370,884,248,19,16,0
1843,73.72,373,697,296,13,22,0
1843,73.72,374,744,304,18,27,0
1843,73.72,375,1186,111,22,37,0
1844,73.76,36,146,616,18,9,0
1844,73.76,42,48,513,26,59,0
1844,73.76,46,72,590,88,59,0
1844,73.76,61,933,480,16,15,0
1844,73.76,112,592,229,60,18,0
1844,73.76,160,1207,149,52,109,0
1844,73.76,171,86,218,490,68,0
1844,73.76,206,456,441,32,25,0
1844,73.76,219,70,331,39,111,0
1844,73.76,231,27,119,18,41,0
1844,73.76,245,624,52,62,46,0
1844,73.76,254,0,237,29,11,0
1844,73.76,268,668,128,12,26,0
1844,73.76,274,0,53,24,41,0
1844,73.76,276,695,206,17,25,0
1844,73.76,282,644,200,25,21,0
1844,73.76,288,58,32,48,54,0
1844,73.76,300,169,333,19,19,0
1844,73.76,304,749,158,13,18,0
1844,73.76,307,724,191,15,23,0
1844,73.76,308,1120,306,16,14,0
1844,73.76,310,732,333,20,22,0
1844,73.76,311,2,130,21,36,0
1844,73.76,316,760,153,12,25,0
1844,73.76,318,1090,332,122,97,0
1844,73.76,320,651,232,28,19,0
1844,73.76,330,1176,698,24,7,0
1844,73.76,337,60,495,11,17,0
1844,73.76,347,1176,89,14,24,0
1844,73.76,354,9,160,13,14,0
1844,73.76,355,63,578,8,21,0
1844,73.76,357,118,256,43,24,0
1844,73.76,359,668,209,16,23,0
1844,73.76,361,733,181,26,60,0
1844,73.76,362,738,404,19,22,0
1844,73.76,363,1156,679,124,40,0
1844,73.76,364,736,110,31,34,0
1844,73.76,367,730,118,14,13,0
1844,73.76,368,648,94,36,19,0
1844,73.76,369,880,240,16,16,0
1844,73.76,370,884,248,19,16,0
1844,73.76,373,697,296,13,22,0
1844,73.76,374,744,304,18,27,0
1844,73.76,375,1186,111,22,37,0
1845,73.8,36,146,616,18,9,0
1845,73.8,42,48,513,26,59,0
1845,73.8,46,72,590,88,59,0
1845,73.8,61,933,480,16,15,0
1845,73.8,112,592,229,60,18,0
1845,73.8,160,1207,149,52,109,0
1845,73.8,171,86,218,490,68,0
1845,73.8,206,456,441,32,25,0
1845,73.8,219,70,331,39,111,0
1845,73.8,231,27,119,18,41,0
1845,73.8,245,624,52,62,46,0
1845,73.8,254,0,237,29,11,0
1845,73.8,268,668,128,12,26,0
1845,73.8,274,0,53,24,41,0
1845,73.8,276,695,206,17,25,0
1845,73.8,282,644,200,25,21,0
1845,73.8,288,58,32,48,54,0
1845,73.8,300,169,333,19,19,0
1845,73.8,304,749,158,13,18,0
1845,73.8,307,724,191,15,23,0
1845,73.8,308,1120,306,16,14,0
1845,73.8,310,732,333,20,22,0
1845,73.8,311,2,130,21,36,0
1845,73.8,316,760,153,12,25,0
1845,73.8,318,1090,333,122,96,0
1845,73.8,320,651,232,28,19,0
1845,73.8,330,1176,698,24,7,0
1845,73.8,337,60,495,11,17,0
1845,73.8,347,1176,89,14,24,0
1845,73.8,354,9,160,13,14,0
1845,73.8,355,63,578,8,21,0
1845,73.8,357,118,256,43,24,0
1845,73.8,359,668,209,16,23,0
1845,73.8,361,733,181,26,60,0
1845,73.8,362,738,404,19,22,0
1845,73.8,363,1156,679,124,40,0
1845,73.8,364,736,110,31,34,0
1845,73.8,367,730,118,14,13,0
1845,73.8,368,648,94,36,19,0
1845,73.8,369,880,240,16,16,0
1845,73.8,370,884,248,19,16,0
1845,73.8,373,697,296,13,22,0
1845,73.8,374,744,304,18,27,0
1845,73.8,375,1186,111,22,37,0
1846,73.84,36,146,616,18,9,0
1846,73.84,42,48,513,26,59,0
1846,73.84,46,72,590,88,59,0
1846,73.84,61,933,480,16,15,0
1846,73.84,112,592,229,60,18,0
1846,73.84,160,1207,149,52,109,0
1846,73.84,171,86,218,490,68,0
1846,73.84,206,456,441,32,25,0
1846,73.84,219,70,331,39,111,0
1846,73.84,231,27,119,18,41,0
1846,73.84,245,624,52,62,46,0
1846,73.84,254,0,237,29,11,0
1846,73.84,268,668,128,12,26,0
1846,73.84,274,0,53,24,41,0
1846,73.84,276,695,206,17,25,0
1846,73.84,282,644,200,25,21,0
1846,73.84,288,58,32,48,54,0
1846,73.84,300,169,333,19,19,0
1846,73.84,304,749,158,13,18,0
1846,73.84,307,724,191,15,23,0
1846,73.84,308,1120,306,16,14,0
1846,73.84,310,732,333,20,22,0
1846,73.84,311,2,130,21,36,0
1846,73.84,316,760,153,12,25,0
1846,73.84,318,1103,333,109,86,0
1846,73.84,320,651,232,28,19,0
1846,73.84,330,1176,698,24,7,0
1846,73.84,337,60,495,11,17,0
1846,73.84,347,1176,89,14,24,0
1846,73.84,354,9,160,13,14,0
1846,73.84,355,63,578,8,21,0
1846,73.84,357,118,256,43,24,0
1846,73.84,359,668,209,16,23,0
1846,73.84,361,733,181,26,60,0
1846,73.84,362,738,404,19,22,0
1846,73.84,363,1156,679,124,40,0
1846,73.84,364,736,110,31,34,0
1846,73.84,367,730,118,14,13,0
1846,73.84,368,648,94,36,19,0
1846,73.84,369,880,240,16,16,0
1846,73.84,370,884,248,19,16,0
1846,73.84,372,1091,416,14,13,0
1846,73.84,373,697,296,13,22,0
1846,73.84,374,744,304,18,27,0
1846,73.84,375,1186,111,22,37,0
1847,73.88,36,146,616,18,9,0
1847,73.88,42,48,513,26,59,0
1847,73.88,46,72,590,88,59,0
1847,73.88,61,933,480,16,15,0
1847,73.88,112,592,229,60,18,0
1847,73.88,160,1207,149,52,109,0
1847,73.88,171,86,218,490,68,0
1847,73.88,206,456,441,32,25,0
1847,73.88,219,70,331,39,111,0
1847,73.88,231,27,119,18,41,0
1847,73.88,245,624,52,62,46,0
1847,73.88,254,0,237,29,11,0
1847,73.88,268,668,128,12,26,0
1847,73.88,274,0,53,24,41,0
1847,73.88,276,703,206,9,22,0
1847,73.88,282,644,200,25,21,0
1847,73.88,288,58,32,48,54,0
1847,73.88,300,169,333,19,19,0
1847,73.88,304,749,158,13,18,0
1847,73.88,307,724,191,15,23,0
1847,73.88,308,1120,306,16,14,0
1847,73.88,310,732,333,20,22,0
1847,73.88,311,2,130,21,36,0
1847,73.88,316,760,153,12,25,0
1847,73.88,318,1097,330,117,99,0
1847,73.88,320,651,232,28,19,0
1847,73.88,330,1176,698,24,7,0
1847,73.88,337,60,495,11,17,0
1847,73.88,347,1176,89,14,24,0
1847,73.88,354,9,160,13,14,0
1847,73.88,355,63,578,8,21,0
1847,73.88,357,118,256,43,24,0
1847,73.88,359,668,209,16,23,0
1847,73.88,361,733,181,26,60,0
1847,73.88,362,738,404,19,22,0
1847,73.88,363,1156,679,124,40,0
1847,73.88,364,736,110,31,34,0
1847,73.88,367,730,118,14,13,0
1847,73.88,368,648,94,36,19,0
1847,73.88,369,880,240,16,16,0
1847,73.88,370,884,248,19,16,0
1847,73.88,373,697,296,13,22,0
1847,73.88,374,744,304,18,27,0
1847,73.88,375,1186,111,22,37,0
1848,73.92,36,146,616,18,9,0
1848,73.92,42,48,513,26,59,0
1848,73.92,46,72,590,88,59,0
1848,73.92,61,933,480,16,15,0
1848,73.92,112,592,229,60,18,0
1848,73.92,160,1207,149,52,109,0
1848,73.92,171,86,218,490,68,0
1848,73.92,206,456,441,32,25,0
1848,73.92,219,70,331,39,111,0
1848,73.92,231,27,119,18,41,0
1848,73.92,245,624,52,62,46,0
1848,73.92,254,0,237,29,11,0
1848,73.92,268,668,128,12,26,0
1848,73.92,274,0,53,24,41,0
1848,73.92,276,703,206,9,22,0
1848,73.92,282,644,200,25,21,0
1848,73.92,288,58,32,48,54,0
1848,73.92,300,169,333,19,19,0
1848,73.92,304,749,158,13,18,0
1848,73.92,307,724,191,15,23,0
1848,73.92,308,1120,306,16,14,0
1848,73.92,310,732,333,20,22,0
1848,73.92,311,2,130,21,36,0
1848,73.92,316,760,153,12,25,0
1848,73.92,318,1109,330,105,88,0
1848,73.92,320,651,232,28,19,0
1848,73.92,330,1176,698,24,7,0
1848,73.92,337,60,495,11,17,0
1848,73.92,347,1176,89,14,24,0
1848,73.92,354,9,160,13,14,0
1848,73.92,355,63,578,8,21,0
1848,73.92,357,118,256,43,24,0
1848,73.92,359,668,209,16,23,0
1848,73.92,361,733,181,26,60,0
1848,73.92,362,738,404,19,22,0
1848,73.92,363,1156,679,124,40,0
1848,73.92,364,736,110,31,34,0
1848,73.92,367,730,118,14,13,0
1848,73.92,368,648,94,36,19,0
1848,73.92,369,880,240,16,16,0
1848,73.92,370,884,248,19,16,0
1848,73.92,373,697,296,13,22,0
1848,73.92,374,744,304,18,27,0
1848,73.92,375,1186,111,22,37,0
1849,73.96,36,146,616,18,9,0
1849,73.96,42,48,513,26,59,0
1849,73.96,46,72,590,88,59,0
1849,73.96,61,933,480,16,15,0
1849,73.96,112,592,229,60,18,0
1849,73.96,160,1207,149,52,109,0
1849,73.96,171,86,218,490,68,0
1849,73.96,206,465,441,23,23,0
1849,73.96,219,70,331,39,111,0
1849,73.96,231,27,119,18,41,0
1849,73.96,245,624,52,62,46,0
1849,73.96,254,0,237,29,11,0
1849,73.96,268,668,128,12,26,0
1849,73.96,274,0,53,24,41,0
1849,73.96,276,703,206,9,22,0
1849,73.96,282,644,200,25,21,0
1849,73.96,288,58,32,48,54,0
1849,73.96,300,169,333,19,19,0
1849,73.96,304,749,158,13,18,0
1849,73.96,307,724,191,15,23,0
1849,73.96,308,1120,306,16,14,0
1849,73.96,310,732,333,20,22,0
1849,73.96,311,2,130,21,36,0
1849,73.96,316,760,153,12,25,0
1849,73.96,318,1115,329,100,89,0
1849,73.96,320,651,232,28,19,0
1849,73.96,330,1176,698,24,7,0
1849,73.96,337,60,495,11,17,0
1849,73.96,347,1176,89,14,24,0
1849,73.96,354,9,160,13,14,0
1849,73.96,355,63,578,8,21,0
1849,73.96,357,118,256,43,24,0
1849,73.96,359,668,209,16,23,0
1849,73.96,361,733,181,26,60,0
1849,73.96,362,738,404,19,22,0
1849,73.96,363,1156,679,124,40,0
1849,73.96,364,736,110,31,34,0
1849,73.96,367,730,118,14,13,0
1849,73.96,368,648,94,36,19,0
1849,73.96,369,880,240,16,16,0
1849,73.96,370,884,248,19,16,0
1849,73.96,373,697,296,13,22,0
1849,73.96,374,744,304,18,27,0
1849,73.96,375,1186,111,22,37,0
1850,74.0,36,146,616,18,9,0
1850,74.0,42,48,513,26,59,0
1850,74.0,46,72,590,88,59,0
1850,74.0,61,933,480,16,15,0
1850,74.0,112,592,229,60,18,0
1850,74.0,160,1207,149,52,109,0
1850,74.0,171,86,218,490,68,0
1850,74.0,206,465,441,23,23,0
1850,74.0,219,70,331,39,111,0
1850,74.0,231,27,119,18,41,0
1850,74.0,245,624,52,62,46,0
1850,74.0,254,0,237,29,11,0
1850,74.0,268,668,128,12,26,0
1850,74.0,274,0,53,24,41,0
1850,74.0,276,703,206,9,22,0
1850,74.0,282,644,200,25,21,0
1850,74.0,288,58,32,48,54,0
1850,74.0,300,169,333,19,19,0
1850,74.0,304,749,158,13,18,0
1850,74.0,307,724,191,15,23,0
1850,74.0,308,1120,306,16,14,0
1850,74.0,310,732,333,20,22,0
1850,74.0,311,2,130,21,36,0
1850,74.0,316,760,153,12,25,0
1850,74.0,318,1119,325,97,93,0
1850,74.0,320,651,232,28,19,0
1850,74.0,330,1176,698,24,7,0
1850,74.0,337,60,495,11,17,0
1850,74.0,347,1176,89,14,24,0
1850,74.0,354,9,160,13,14,0
1850,74.0,355,63,578,8,21,0
1850,74.0,357,118,256,43,24,0
1850,74.0,359,668,209,16,23,0
1850,74.0,361,733,181,26,60,0
1850,74.0,362,738,404,19,22,0
1850,74.0,363,1156,679,124,40,0
1850,74.0,364,736,110,31,34,0
1850,74.0,367,730,118,14,13,0
1850,74.0,368,648,94,36,19,0
1850,74.0,369,880,240,16,16,0
1850,74.0,370,884,248,19,16,0
1850,74.0,373,697,296,13,22,0
1850,74.0,374,744,304,18,27,0
1850,74.0,375,1186,111,22,37,0
1851,74.04,36,146,616,18,9,0
1851,74.04,42,48,513,26,59,0
1851,74.04,46,72,590,88,59,0
1851,74.04,61,933,480,16,15,0
1851,74.04,112,592,229,60,18,0
1851,74.04,160,1207,149,52,109,0
1851,74.04,171,86,218,490,68,0
1851,74.04,206,465,441,23,23,0
1851,74.04,219,70,331,39,111,0
1851,74.04,231,27,119,18,41,0
1851,74.04,245,624,52,62,46,0
1851,74.04,254,0,237,29,11,0
1851,74.04,268,668,128,12,26,0
1851,74.04,274,0,53,24,41,0
1851,74.04,276,703,206,9,22,0
1851,74.04,282,644,200,25,21,0
1851,74.04,288,58,32,48,54,0
1851,74.04,300,169,333,19,19,0
1851,74.04,304,749,158,13,18,0
1851,74.04,307,724,191,15,23,0
1851,74.04,308,1120,306,16,14,0
1851,74.04,310,732,333,20,22,0
1851,74.04,311,2,130,21,36,0
1851,74.04,316,760,153,12,25,0
1851,74.04,318,1120,324,98,91,0
1851,74.04,320,651,232,28,19,0
1851,74.04,330,1176,698,24,7,0
1851,74.04,337,60,495,11,17,0
1851,74.04,347,1176,89,14,24,0
1851,74.04,354,9,160,13,14,0
1851,74.04,355,63,578,8,21,0
1851,74.04,357,118,256,43,24,0
1851,74.04,359,668,209,16,23,0
1851,74.04,361,733,181,26,60,0
1851,74.04,362,738,404,19,22,0
1851,74.04,363,1156,679,124,40,0
1851,74.04,364,736,110,31,34,0
1851,74.04,367,730,118,14,13,0
1851,74.04,368,648,94,36,19,0
1851,74.04,369,880,240,16,16,0
1851,74.04,370,884,248,19,16,0
1851,74.04,373,697,296,13,22,0
1851,74.04,374,744,304,18,27,0
1851,74.04,375,1186,111,22,37,0
1852,74.08,36,146,616,18,9,0
1852,74.08,42,48,513,26,59,0
1852,74.08,46,72,590,88,59,0
1852,74.08,61,933,480,16,15,0
1852,74.08,112,592,229,60,18,0
1852,74.08,160,1207,149,51,107,0
1852,74.08,171,86,218,490,68,0
1852,74.08,206,465,441,23,23,0
1852,74.08,219,70,331,39,111,0
1852,74.08,231,27,119,18,41,0
1852,74.08,245,624,52,62,46,0
1852,74.08,254,0,237,29,11,0
1852,74.08,268,671,128,9,24,0
1852,74.08,274,0,53,24,41,0
1852,74.08,276,703,206,9,22,0
1852,74.08,282,644,200,25,21,0
1852,74.08,288,58,32,48,54,0
1852,74.08,300,169,333,19,19,0
1852,74.08,304,749,158,13,18,0
1852,74.08,307,724,191,15,25,0
1852,74.08,308,1120,306,16,14,0
1852,74.08,310,732,333,20,22,0
1852,74.08,311,2,130,21,36,0
1852,74.08,316,760,153,12,23,0
1852,74.08,318,1120,322,100,92,0
1852,74.08,320,651,232,28,19,0
1852,74.08,330,1176,698,24,7,0
1852,74.08,337,60,495,11,17,0
1852,74.08,347,1176,89,14,24,0
1852,74.08,354,9,160,13,14,0
1852,74.08,355,63,578,8,21,0
1852,74.08,357,118,256,43,24,0
1852,74.08,359,668,209,16,23,0
1852,74.08,361,734,181,24,67,0
1852,74.08,362,738,404,19,22,0
1852,74.08,363,1156,679,124,40,0
1852,74.08,364,736,110,31,34,0
1852,74.08,367,730,118,14,13,0
1852,74.08,368,648,94,36,19,0
1852,74.08,369,880,240,16,16,0
1852,74.08,370,884,248,19,16,0
1852,74.08,373,697,296,13,22,0
1852,74.08,374,744,304,18,27,0
1852,74.08,375,1186,111,22,37,0
1853,74.12,32,920,503,15,17,0
1853,74.12,36,146,616,18,9,0
1853,74.12,42,48,513,26,59,0
1853,74.12,46,72,590,71,59,0
1853,74.12,61,933,480,16,15,0
1853,74.12,112,592,229,60,18,0
1853,74.12,160,1207,149,52,109,0
1853,74.12,171,86,218,490,68,0
1853,74.12,206,465,441,23,23,0
1853,74.12,219,70,331,39,111,0
1853,74.12,231,27,119,18,41,0
1853,74.12,245,624,52,62,46,0
1853,74.12,254,0,237,29,11,0
1853,74.12,268,668,128,12,26,0
1853,74.12,274,0,53,24,41,0
1853,74.12,276,703,206,9,22,0
1853,74.12,282,644,200,25,21,0
1853,74.12,288,58,32,49,54,0
1853,74.12,300,169,333,19,19,0
1853,74.12,304,749,158,13,18,0
1853,74.12,307,724,191,15,25,0
1853,74.12,308,1120,306,16,14,0
1853,74.12,310,732,333,20,22,0
1853,74.12,311,2,130,21,36,0
1853,74.12,316,760,153,12,24,0
1853,74.12,318,1120,321,100,93,0
1853,74.12,320,651,232,28,19,0
1853,74.12,330,1176,698,24,7,0
1853,74.12,337,60,495,11,17,0
1853,74.12,347,1176,89,14,24,0
1853,74.12,354,9,160,13,14,0
1853,74.12,355,63,578,8,21,0
1853,74.12,357,118,256,43,24,0
1853,74.12,359,668,209,16,23,0
1853,74.12,361,733,181,25,60,0
1853,74.12,362,738,404,19,22,0
1853,74.12,363,1156,679,124,40,0
1853,74.12,364,736,110,31,34,0
1853,74.12,367,730,118,14,13,0
1853,74.12,368,648,94,36,19,0
1853,74.12,369,880,240,16,16,0
1853,74.12,370,884,248,19,16,0
1853,74.12,373,697,296,13,22,0
1853,74.12,374,744,304,18,27,0
1853,74.12,375,1186,111,22,37,0
1854,74.16,32,920,504,15,16,0
1854,74.16,36,146,616,18,9,0
1854,74.16,42,48,513,26,59,0
1854,74.16,46,72,590,71,59,0
1854,74.16,61,933,480,16,15,0
1854,74.16,112,592,229,60,18,0
1854,74.16,160,1207,149,52,109,0
1854,74.16,171,86,218,490,68,0
1854,74.16,206,465,441,23,23,0
1854,74.16,219,70,334,39,108,0
1854,74.16,231,27,119,18,41,0
1854,74.16,245,624,52,62,46,0
1854,74.16,254,0,237,29,11,0
1854,74.16,268,668,128,12,26,0
1854,74.16,274,0,53,24,41,0
1854,74.16,276,703,206,9,22,0
1854,74.16,282,644,200,25,21,0
1854,74.16,288,58,32,49,54,0
1854,74.16,300,169,333,19,19,0
1854,74.16,304,749,158,13,18,0
1854,74.16,307,724,191,15,23,0
1854,74.16,308,1120,306,16,14,0
1854,74.16,310,732,333,20,22,0
1854,74.16,311,2,130,21,36,0
1854,74.16,316,760,153,12,24,0
1854,74.16,318,1120,320,102,90,0
1854,74.16,320,651,232,28,19,0
1854,74.16,330,1176,698,24,7,0
1854,74.16,337,60,495,11,17,0
1854,74.16,347,1176,89,14,24,0
1854,74.16,354,9,160,13,14,0
1854,74.16,355,63,578,8,21,0
1854,74.16,357,118,256,43,24,0
1854,74.16,359,668,209,16,23,0
1854,74.16,361,733,181,25,60,0
1854,74.16,362,738,404,19,22,0
1854,74.16,363,1156,679,124,40,0
1854,74.16,364,736,110,31,34,0
1854,74.16,367,730,118,14,13,0
1854,74.16,368,648,94,36,19,0
1854,74.16,369,880,240,16,16,0
1854,74.16,370,884,248,19,16,0
1854,74.16,373,697,296,13,22,0
1854,74.16,374,744,304,18,27,0
1854,74.16,375,1186,111,22,37,0
1855,74.2,32,925,502,19,12,0
1855,74.2,36,120,622,22,18,0
1855,74.2,42,52,496,21,80,0
1855,74.2,46,72,590,43,46,0
1855,74.2,61,925,480,24,15,0
1855,74.2,112,592,228,60,18,0
1855,74.2,160,1235,213,21,42,0
1855,74.2,171,84,217,492,69,0
1855,74.2,206,465,448,23,18,0
1855,74.2,219,73,375,30,73,0
1855,74.2,231,26,122,24,37,0
1855,74.2,245,624,51,62,57,0
1855,74.2,254,0,237,25,11,0
1855,74.2,268,696,199,10,17,0
1855,74.2,274,0,60,24,34,0
1855,74.2,276,702,206,10,22,0
1855,74.2,282,653,200,16,10,0
1855,74.2,288,59,32,45,54,0
1855,74.2,304,749,157,11,19,0
1855,74.2,307,726,190,10,26,0
1855,74.2,308,1120,306,16,14,0
1855,74.2,310,734,333,20,17,0
1855,74.2,311,2,130,19,36,0
1855,74.2,316,738,166,14,27,0
1855,74.2,318,1128,318,94,92,0
1855,74.2,320,651,234,28,17,0
1855,74.2,347,1176,89,15,23,0
1855,74.2,354,9,158,8,16,0
1855,74.2,355,92,638,42,13,0
1855,74.2,357,120,253,41,27,0
1855,74.2,359,668,207,16,26,0
1855,74.2,361,732,188,28,59,0
1855,74.2,362,741,371,24,14,0
1855,74.2,363,1200,679,80,16,0
1855,74.2,364,752,125,12,11,0
1855,74.2,367,730,110,21,19,0
1855,74.2,369,880,240,16,16,0
1855,74.2,373,713,319,19,23,0
1855,74.2,374,734,360,15,10,0
1855,74.2,375,1186,111,56,103,0
1855,74.2,376,89,341,14,28,0
1855,74.2,377,441,310,21,13,0
1856,74.24,32,925,502,19,12,0
1856,74.24,36,92,638,42,13,0
1856,74.24,42,52,496,21,82,0
1856,74.24,46,72,590,43,46,0
1856,74.24,112,587,226,65,20,0
1856,74.24,160,1241,213,15,42,0
1856,74.24,171,84,217,492,69,0
1856,74.24,219,73,375,30,73,0
1856,74.24,231,26,122,23,38,0
1856,74.24,245,624,51,62,57,0
1856,74.24,254,0,237,25,11,0
1856,74.24,274,0,60,24,34,0
1856,74.24,276,696,199,16,29,0
1856,74.24,282,653,200,16,10,0
1856,74.24,288,59,32,45,54,0
1856,74.24,304,749,157,11,19,0
1856,74.24,307,726,190,10,26,0
1856,74.24,308,1120,306,16,14,0
1856,74.24,310,713,319,41,31,0
1856,74.24,311,2,130,19,44,0
1856,74.24,318,1128,317,95,89,0
1856,74.24,320,651,234,28,17,0
1856,74.24,347,1176,89,15,23,0
1856,74.24,355,120,620,22,20,0
1856,74.24,357,120,253,41,27,0
1856,74.24,359,668,206,16,27,0
1856,74.24,361,732,166,28,81,0
1856,74.24,362,741,371,24,13,0
1856,74.24,363,1200,679,80,16,0
1856,74.24,364,752,125,12,11,0
1856,74.24,367,730,110,21,19,0
1856,74.24,369,880,240,16,16,0
1856,74.24,373,734,360,15,10,0
1856,74.24,375,1186,111,56,101,0
1856,74.24,376,89,341,14,28,0
1856,74.24,377,441,310,21,13,0
1857,74.28,32,925,502,19,12,0
1857,74.28,36,92,638,42,13,0
1857,74.28,42,52,496,21,82,0
1857,74.28,46,72,590,43,46,0
1857,74.28,112,587,228,65,18,0
1857,74.28,160,1244,233,12,22,0
1857,74.28,171,84,217,492,69,0
1857,74.28,219,73,375,30,73,0
1857,74.28,231,27,122,23,38,0
1857,74.28,245,624,51,62,57,0
1857,74.28,254,0,237,25,11,0
1857,74.28,268,720,333,34,17,0
1857,74.28,274,0,60,24,34,0
1857,74.28,276,696,199,16,29,0
1857,74.28,282,653,200,16,10,0
1857,74.28,288,59,32,45,54,0
1857,74.28,304,749,157,11,19,0
1857,74.28,307,726,190,10,26,0
1857,74.28,308,1120,306,16,14,0
1857,74.28,311,3,130,18,36,0
1857,74.28,318,1128,316,95,86,0
1857,74.28,320,651,234,28,17,0
1857,74.28,347,1176,89,15,23,0
1857,74.28,354,9,161,9,13,0
1857,74.28,355,120,620,22,20,0
1857,74.28,357,120,253,41,27,0
1857,74.28,359,668,208,16,25,0
1857,74.28,361,732,166,28,81,0
1857,74.28,362,741,371,24,13,0
1857,74.28,363,1200,679,80,16,0
1857,74.28,364,752,125,12,11,0
1857,74.28,367,730,110,21,19,0
1857,74.28,369,880,240,16,16,0
1857,74.28,373,737,360,12,10,0
1857,74.28,375,1186,111,55,100,0
1857,74.28,376,89,341,14,28,0
1857,74.28,377,441,310,21,13,0
1858,74.32,36,92,638,42,13,0
1858,74.32,42,52,496,21,82,0
1858,74.32,46,72,590,43,46,0
1858,74.32,112,592,228,60,18,0
1858,74.32,160,1244,234,12,21,0
1858,74.32,171,84,217,492,69,0
1858,74.32,219,73,375,30,73,0
1858,74.32,231,27,122,22,38,0
1858,74.32,245,624,51,62,57,0
1858,74.32,254,0,237,25,11,0
1858,74.32,274,0,60,24,34,0
1858,74.32,276,696,199,16,29,0
1858,74.32,282,653,200,16,10,0
1858,74.32,288,59,32,45,54,0
1858,74.32,304,749,157,11,19,0
1858,74.32,307,726,190,10,26,0
1858,74.32,308,1120,306,16,14,0
1858,74.32,310,713,319,41,31,0
1858,74.32,311,2,130,19,44,0
1858,74.32,318,1128,315,95,87,0
1858,74.32,320,651,234,28,17,0
1858,74.32,347,1176,89,15,23,0
1858,74.32,355,120,620,22,20,0
1858,74.32,357,120,253,41,27,0
1858,74.32,359,668,206,16,27,0
1858,74.32,361,732,166,28,81,0
1858,74.32,362,741,371,24,13,0
1858,74.32,363,1200,679,80,16,0
1858,74.32,364,752,125,12,11,0
1858,74.32,367,730,110,21,19,0
1858,74.32,369,880,240,16,16,0
1858,74.32,373,734,360,15,10,0
1858,74.32,375,1186,111,55,100,0
1858,74.32,376,89,341,14,28,0
1858,74.32,377,441,310,21,13,0
1859,74.36,36,92,638,42,13,0
1859,74.36,42,52,496,21,80,0
1859,74.36,46,72,590,43,46,0
1859,74.36,112,608,229,22,12,0
1859,74.36,160,1244,234,12,21,0
1859,74.36,171,299,236,111,23,0
1859,74.36,219,73,375,30,73,0
1859,74.36,231,27,122,23,38,0
1859,74.36,245,624,51,62,57,0
1859,74.36,254,0,237,25,11,0
1859,74.36,274,0,62,24,32,0
1859,74.36,276,738,166,14,27,0
1859,74.36,282,653,200,16,10,0
1859,74.36,288,59,32,45,54,0
1859,74.36,304,749,157,11,19,0
1859,74.36,307,726,190,10,26,0
1859,74.36,308,1120,306,16,14,0
1859,74.36,310,713,319,41,31,0
1859,74.36,311,2,130,19,36,0
1859,74.36,316,627,232,25,14,0
1859,74.36,318,1118,314,105,97,0
1859,74.36,320,651,234,28,17,0
1859,74.36,347,1176,89,15,23,0
1859,74.36,354,9,160,8,14,0
1859,74.36,355,120,620,22,20,0
1859,74.36,357,120,254,41,26,0
1859,74.36,359,668,207,16,26,0
1859,74.36,361,732,188,28,59,0
1859,74.36,362,741,371,24,14,0
1859,74.36,363,1200,679,80,16,0
1859,74.36,364,752,125,12,11,0
1859,74.36,367,730,110,21,19,0
1859,74.36,369,880,240,16,16,0
1859,74.36,373,734,360,15,10,0
1859,74.36,375,1186,111,55,100,0
1859,74.36,376,89,341,14,28,0
1859,74.36,377,441,310,21,13,0
1859,74.36,378,84,217,117,19,0
1859,74.36,379,199,224,55,16,0
1859,74.36,380,255,232,55,17,0
1859,74.36,381,413,252,67,16,0
1859,74.36,382,481,260,44,12,0
1859,74.36,383,522,267,54,19,0
1859,74.36,384,592,228,15,9,0
1860,74.4,42,58,534,10,32,0
1860,74.4,46,83,616,28,17,0
1860,74.4,219,88,376,14,44,0
1860,74.4,245,624,51,62,57,0
1860,74.4,304,739,173,13,20,0
1860,74.4,307,726,197,10,19,0
1860,74.4,308,1120,306,16,14,0
1860,74.4,310,713,319,41,31,0
1860,74.4,311,2,130,19,36,0
1860,74.4,318,1128,313,95,89,0
1860,74.4,320,657,234,22,12,0
1860,74.4,337,52,496,15,37,0
1860,74.4,355,120,620,18,13,0
1860,74.4,357,124,258,36,22,0
1860,74.4,359,672,213,12,20,0
1860,74.4,361,732,195,28,52,0
1860,74.4,362,741,371,24,13,0
1860,74.4,369,880,240,16,16,0
1860,74.4,373,737,360,12,10,0
1860,74.4,375,1186,115,32,48,0
1860,74.4,376,89,341,14,28,0
1860,74.4,385,73,418,23,30,0
1861,74.44,308,1120,306,16,14,0
1861,74.44,310,713,319,41,31,0
1861,74.44,311,4,130,17,19,0
1861,74.44,318,1124,314,100,93,0
1861,74.44,361,739,207,21,40,0
1861,74.44,362,741,371,24,13,0
1861,74.44,369,880,240,16,16,0
1861,74.44,373,734,360,15,10,0
1862,74.48,308,1120,306,16,14,0
1862,74.48,310,713,319,41,31,0
1862,74.48,318,1132,309,92,87,0
1862,74.48,361,739,207,21,40,0
1862,74.48,362,741,371,24,13,0
1862,74.48,369,880,240,16,16,0
1862,74.48,373,734,360,15,10,0
1863,74.52,310,713,319,41,31,0
1863,74.52,318,1134,307,92,84,0
1863,74.52,361,739,207,21,40,0
1863,74.52,362,741,371,24,13,0
1863,74.52,369,880,240,16,16,0
1863,74.52,373,734,360,15,10,0
1864,74.56,310,713,319,41,31,0
1864,74.56,318,1133,305,93,87,0
1864,74.56,361,742,207,18,40,0
1864,74.56,362,741,371,24,13,0
1864,74.56,369,880,240,16,16,0
1864,74.56,373,734,360,15,10,0
1865,74.6,310,713,319,41,31,0
1865,74.6,318,1135,302,93,85,0
1865,74.6,361,744,207,16,40,0
1865,74.6,362,741,371,24,13,0
1865,74.6,369,880,240,16,16,0
1865,74.6,373,734,360,15,10,0
1866,74.64,310,713,319,41,31,0
1866,74.64,318,1136,300,95,84,0
1866,74.64,361,748,228,12,19,0
1866,74.64,362,741,371,24,13,0
1866,74.64,369,880,240,16,14,0
1866,74.64,373,734,360,15,10,0
1867,74.68,310,713,319,41,31,0
1867,74.68,318,1134,297,97,86,0
1867,74.68,361,751,228,9,19,0
1867,74.68,362,741,371,24,13,0
1867,74.68,369,880,240,16,14,0
1867,74.68,373,734,360,15,10,0
1868,74.72,308,1131,362,12,21,0
1868,74.72,310,713,319,41,31,0
1868,74.72,318,1138,294,90,80,0
1868,74.72,362,741,371,24,13,0
1868,74.72,369,880,240,16,14,0
1868,74.72,373,734,360,15,10,0
1869,74.76,310,713,319,41,31,0
1869,74.76,318,1136,292,92,82,0
1869,74.76,362,741,371,24,13,0
1869,74.76,373,734,360,15,10,0
1870,74.8,310,713,319,41,31,0
1870,74.8,318,1136,289,92,85,0
1870,74.8,362,741,371,24,13,0
1870,74.8,373,734,360,15,10,0
1871,74.84,310,713,319,41,31,0
1871,74.84,318,1134,286,94,97,0
1871,74.84,362,741,371,24,13,0
1871,74.84,373,734,360,15,10,0
1872,74.88,310,713,319,41,31,0
1872,74.88,318,1136,284,88,98,0
1872,74.88,362,741,371,24,13,0
1872,74.88,373,734,360,15,10,0
1873,74.92,310,713,319,41,31,0
1873,74.92,318,1136,281,86,95,0
1873,74.92,362,741,371,24,13,0
1873,74.92,373,734,360,15,10,0
1873,74.92,386,1125,311,7,21,0
1874,74.96,310,713,319,41,31,0
1874,74.96,318,1136,278,84,97,0
1874,74.96,362,741,371,24,13,0
1874,74.96,373,734,360,15,10,0
1875,75.0,310,713,319,41,31,0
1875,75.0,318,1132,274,88,98,0
1875,75.0,362,741,371,24,13,0
1875,75.0,373,734,360,15,10,0
1876,75.04,310,713,319,41,31,0
1876,75.04,318,1132,271,86,95,0
1876,75.04,362,741,371,24,13,0
1876,75.04,373,734,360,15,10,0
1877,75.08,310,713,319,41,31,0
1877,75.08,318,1132,267,86,90,0
1877,75.08,362,741,371,24,13,0
1877,75.08,373,734,360,15,10,0
1878,75.12,310,713,319,41,31,0
1878,75.12,318,1132,263,84,94,0
1878,75.12,362,741,371,24,13,0
1878,75.12,373,734,360,15,10,0
1879,75.16,310,713,319,41,31,0
1879,75.16,318,1132,258,84,92,0
1879,75.16,362,741,371,24,13,0
1879,75.16,373,734,360,15,10,0
1880,75.2,310,713,319,41,31,0
1880,75.2,318,1132,255,82,87,0
1880,75.2,362,741,371,24,13,0
1880,75.2,373,734,360,15,10,0
1881,75.24,160,1198,251,16,19,0
1881,75.24,310,713,319,41,31,0
1881,75.24,318,1132,266,78,70,0
1881,75.24,362,741,371,24,13,0
1881,75.24,373,734,360,15,10,0
1882,75.28,310,713,319,41,31,0
1882,75.28,318,1132,248,82,78,0
1882,75.28,362,741,371,24,13,0
1882,75.28,373,734,360,15,10,0
1883,75.32,310,713,319,41,31,0
1883,75.32,318,1132,245,80,81,0
1883,75.32,362,741,371,24,13,0
1883,75.32,373,734,360,15,10,0
1884,75.36,310,713,319,41,31,0
1884,75.36,318,1136,242,74,77,0
1884,75.36,362,741,371,24,13,0
1884,75.36,373,734,360,15,10,0
1885,75.4,310,713,319,41,31,0
1885,75.4,318,1134,239,75,81,0
1885,75.4,362,741,371,24,13,0
1885,75.4,373,734,360,15,10,0
1886,75.44,310,713,319,41,31,0
1886,75.44,318,1132,236,76,82,0
1886,75.44,362,741,371,24,13,0
1886,75.44,373,734,360,15,10,0
1887,75.48,310,735,332,20,18,0
1887,75.48,318,1130,233,76,87,0
1888,75.52,310,735,332,20,18,0
1888,75.52,318,1130,230,74,86,0
1888,75.52,373,738,359,14,25,0
1889,75.56,310,735,332,20,18,0
1889,75.56,318,1128,227,76,87,0
1889,75.56,373,738,359,14,25,0
1890,75.6,310,735,332,20,18,0
1890,75.6,318,1123,224,79,87,0
1890,75.6,373,738,359,14,25,0
1891,75.64,310,735,332,20,18,0
1891,75.64,318,1124,221,78,85,0
1891,75.64,373,738,359,14,25,0
1892,75.68,310,735,332,20,18,0
1892,75.68,318,1122,217,78,81,0
1892,75.68,373,738,359,14,25,0
1893,75.72,310,735,332,20,18,0
1893,75.72,318,1121,214,79,84,0
1893,75.72,373,738,359,14,25,0
1894,75.76,310,736,332,19,18,0
1894,75.76,318,1122,210,78,80,0
1894,75.76,373,738,359,14,25,0
1895,75.8,310,741,333,14,17,0
1895,75.8,318,1122,206,76,78,0
1895,75.8,373,738,359,14,25,0
1896,75.84,318,1113,203,85,81,0
1896,75.84,373,738,359,14,25,0
1897,75.88,318,1117,199,79,78,0
1897,75.88,373,738,359,14,25,0
1898,75.92,318,1114,196,80,81,0
1898,75.92,373,738,359,14,25,0
1899,75.96,318,1114,193,78,84,0
1899,75.96,373,738,359,14,25,0
1900,76.0,318,1106,190,84,86,0
1900,76.0,373,738,359,14,20,0
1901,76.04,318,1104,187,84,87,0
1901,76.04,373,738,359,14,20,0
1902,76.08,318,1104,184,80,90,0
1902,76.08,373,738,359,14,20,0
1903,76.12,318,1102,181,80,91,0
1903,76.12,373,738,359,14,20,0
1904,76.16,318,1100,177,80,93,0
1904,76.16,373,738,359,14,20,0
1905,76.2,318,1088,174,90,87,0
1906,76.24,318,1098,170,78,90,0
1907,76.28,318,1098,166,76,86,0
1908,76.32,318,1098,162,77,84,0
1909,76.36,318,1098,159,74,81,0
1910,76.4,160,1085,219,13,18,0
1910,76.4,318,1098,155,74,81,0
1911,76.44,318,1098,152,72,79,0
1912,76.48,318,1098,149,70,81,0
1913,76.52,318,1092,146,74,85,0
1914,76.56,318,1090,144,72,86,0
1915,76.6,318,1088,141,71,89,0
1916,76.64,318,1084,138,73,91,0
1917,76.68,318,1084,135,70,91,0
1918,76.72,318,1082,132,70,90,0
1919,76.76,318,1064,128,86,88,0
1920,76.8,318,1081,139,65,75,0
1920,76.8,387,1134,125,15,16,0
1921,76.84,318,1077,135,66,77,0
1921,76.84,387,1133,121,15,16,0
1922,76.88,318,1076,117,70,83,0
1923,76.92,318,1073,114,71,78,0
1924,76.96,318,1073,110,69,76,0
1925,77.0,318,1073,112,67,72,0
1926,77.04,318,1068,104,70,81,0
1927,77.08,318,1064,101,71,84,0
1928,77.12,318,1054,98,82,87,0
1929,77.16,160,1037,136,17,18,0
1929,77.16,318,1050,96,79,86,0
1930,77.2,318,1050,109,73,71,0
1930,77.2,387,1112,90,17,22,0
1931,77.24,160,1032,132,18,19,0
1931,77.24,318,1050,88,79,92,0
1932,77.28,318,1048,83,81,95,0
1933,77.32,318,1043,80,79,94,0
1934,77.36,318,1040,80,83,91,0
1935,77.4,318,1029,76,91,87,0
1936,77.44,318,1029,92,80,64,0
1936,77.44,387,1097,72,21,25,0
1937,77.48,318,1029,88,79,62,0
1937,77.48,387,1095,68,23,22,0
1938,77.52,318,1042,86,62,62,0
1938,77.52,387,1090,68,24,20,0
1939,77.56,318,1041,62,71,82,0
1940,77.6,318,1029,60,77,90,0
1941,77.64,318,1029,57,75,93,0
1942,77.68,318,1029,56,75,94,0
1943,77.72,318,1024,52,76,90,0
1944,77.76,318,1021,69,69,72,0
1944,77.76,387,1077,49,19,24,0
1945,77.8,318,1018,66,70,73,0
1945,77.8,387,1075,48,19,21,0
1946,77.84,318,1005,62,79,74,0
1946,77.84,387,1074,44,18,23,0
1947,77.88,318,1002,44,88,89,0
1948,77.92,318,1011,40,78,88,0
1949,77.96,318,1010,36,78,90,0
1950,78.0,318,1009,32,77,88,0
1951,78.04,318,1003,29,81,84,0
1952,78.08,318,1003,28,78,81,0
1953,78.12,318,1012,24,67,74,0
1954,78.16,318,1008,38,58,64,0
1954,78.16,387,1056,22,20,28,0
1955,78.2,318,1002,20,72,90,0
1956,78.24,318,998,19,74,89,0
1957,78.28,318,994,17,75,84,0
1958,78.32,318,992,15,75,88,0
1959,78.36,318,992,12,71,90,0
1960,78.4,318,990,8,68,92,0
1961,78.44,318,988,8,70,92,0
1962,78.48,318,986,5,71,85,0
1963,78.52,318,986,1,69,83,0
1964,78.56,318,986,0,70,80,0
1965,78.6,318,986,0,62,77,0
1966,78.64,318,986,0,62,68,0
1967,78.68,318,986,0,62,68,0
1968,78.72,318,982,0,62,64,0
1969,78.76,318,984,0,59,66,0
1970,78.8,318,980,0,62,64,0
1971,78.84,318,978,0,62,62,0
1972,78.88,318,978,0,61,62,0
1973,78.92,318,978,0,61,62,0
1974,78.96,318,974,0,64,67,0
1975,79.0,318,978,0,60,61,0
1976,79.04,318,978,0,62,52,0
1977,79.08,318,976,0,61,46,0
1978,79.12,318,974,0,64,47,0
1979,79.16,318,976,0,60,41,0
1980,79.2,318,972,0,63,39,0
1981,79.24,318,966,0,68,42,0
1982,79.28,318,965,0,69,36,0
1983,79.32,318,972,0,61,38,0
1984,79.36,318,967,0,66,43,0
1985,79.4,318,970,0,63,37,0
1986,79.44,318,968,0,66,42,0
1987,79.48,318,968,0,66,41,0
1988,79.52,318,968,0,66,42,0
1989,79.56,318,971,0,52,38,0
1990,79.6,318,974,0,49,33,0
1991,79.64,318,975,0,49,32,0
1992,79.68,318,980,0,44,30,0
1993,79.72,318,980,0,45,31,0
1994,79.76,318,981,0,45,32,0
1995,79.8,318,982,0,44,31,0
1996,79.84,318,982,0,45,26,0
1997,79.88,318,982,0,45,30,0
1998,79.92,318,982,0,46,30,0
1999,79.96,318,984,0,46,32,0
2000,80.0,318,980,0,59,32,0
2001,80.04,318,975,0,65,32,0
2002,80.08,318,981,0,61,36,0
2003,80.12,318,984,0,61,34,0
2004,80.16,318,987,0,61,34,0
2005,80.2,318,991,0,59,32,0
2006,80.24,318,995,0,60,33,0
2007,80.28,318,999,0,57,35,0
2008,80.32,318,997,0,62,35,0
2009,80.36,318,1002,0,57,35,0
2010,80.4,318,1006,0,55,35,0
2011,80.44,318,1014,0,48,35,0
2012,80.48,318,1010,0,54,40,0
2013,80.52,318,1004,0,61,44,0
2014,80.56,318,1003,0,65,44,0
2015,80.6,318,1016,0,58,38,0
2016,80.64,318,1016,0,63,40,0
2017,80.68,318,1017,0,59,42,0
2018,80.72,318,1014,0,73,45,0
2019,80.76,318,1021,0,67,49,0
2020,80.8,318,1026,0,65,50,0
2021,80.84,318,1028,0,65,52,0
2022,80.88,318,1033,0,63,56,0
2023,80.92,318,1040,0,57,56,0
2024,80.96,318,1044,0,53,60,0
2025,81.0,318,1044,8,56,54,0
2026,81.04,318,1042,10,60,56,0
2027,81.08,318,1042,12,59,60,0
2028,81.12,318,1045,14,47,62,0
2028,81.12,388,1090,11,14,15,0
2029,81.16,318,1046,20,50,57,0
2030,81.2,318,1047,23,50,55,0
2031,81.24,318,1042,33,48,47,0
2031,81.24,388,1083,20,29,18,0
2031,81.24,389,1087,43,12,16,0
2032,81.28,318,1046,36,46,44,0
2032,81.28,388,1086,22,27,21,0
2033,81.32,389,1051,24,65,54,0
2034,81.36,318,1056,40,44,40,0
2034,81.36,388,1092,24,28,23,0
2035,81.4,318,1060,44,39,36,0
2035,81.4,388,1093,25,29,23,0
2036,81.44,318,1062,45,39,35,0
2036,81.44,388,1096,27,28,21,0
2037,81.48,318,1070,48,34,33,0
2037,81.48,388,1101,27,23,25,0
2038,81.52,318,1070,49,34,42,0
2038,81.52,388,1105,31,23,25,0
2039,81.56,318,1072,53,40,35,0
2039,81.56,388,1103,31,27,26,0
2040,81.6,318,1072,35,61,56,0
2041,81.64,318,1074,37,59,57,0
2042,81.68,318,1073,39,63,56,0
2043,81.72,318,1074,44,62,52,0
2044,81.76,318,1076,46,62,52,0
2045,81.8,318,1078,49,64,53,0
2046,81.84,318,1081,52,63,54,0
2047,81.88,318,1078,53,66,56,0
2048,81.92,318,1090,56,54,55,0
2049,81.96,318,1087,59,60,55,0
2050,82.0,318,1096,64,46,50,0
2051,82.04,318,1098,63,55,53,0
2052,82.08,318,1096,65,58,57,0
2053,82.12,318,1100,68,55,58,0
2054,82.16,318,1100,71,53,59,0
2055,82.2,318,1099,74,60,60,0
2056,82.24,318,1100,78,60,60,0
2057,82.28,318,1100,80,62,60,0
2058,82.32,318,1102,84,62,60,0
2059,82.36,318,1102,83,64,61,0
2060,82.4,318,1113,89,55,59,0
2061,82.44,318,1109,92,61,56,0
2062,82.48,318,1112,94,60,54,0
2063,82.52,318,1115,96,59,52,0
2064,82.56,318,1114,99,63,51,0
2065,82.6,318,1117,102,61,53,0
2066,82.64,318,1116,105,64,53,0
2067,82.68,318,1116,106,66,54,0
2068,82.72,318,1116,111,66,55,0
2069,82.76,318,1118,114,66,54,0
2070,82.8,318,1118,117,68,53,0
2071,82.84,318,1120,120,68,51,0
2072,82.88,318,1118,123,71,51,0
2073,82.92,318,1122,126,70,54,0
2074,82.96,318,1122,128,72,54,0
2075,83.0,318,1130,130,66,53,0
2076,83.04,318,1134,132,64,55,0
2077,83.08,318,1137,134,63,54,0
2078,83.12,318,1135,133,66,55,0
2079,83.16,318,1140,138,64,52,0
2080,83.2,318,1140,140,68,54,0
2081,83.24,318,1140,144,68,58,0
2082,83.28,318,1138,144,70,60,0
2083,83.32,318,1138,150,72,58,0
2084,83.36,318,1141,154,71,58,0
2085,83.4,318,1144,158,68,56,0
2086,83.44,318,1146,162,68,56,0
2087,83.48,318,1150,162,68,60,0
2088,83.52,318,1149,164,71,58,0
2089,83.56,318,1154,166,68,56,0
2090,83.6,318,1158,169,65,53,0
2091,83.64,318,1160,173,67,51,0
2092,83.68,318,1159,174,70,50,0
2093,83.72,318,1163,173,65,56,0
2094,83.76,318,1160,179,70,51,0
2095,83.8,318,1161,184,59,55,0
2095,83.8,390,1214,177,18,22,0
2096,83.84,318,1161,187,69,59,0
2096,83.84,390,1214,181,18,19,0
2097,83.88,318,1162,184,74,60,0
2098,83.92,318,1162,192,76,56,0
2099,83.96,318,1164,192,75,56,0
2100,84.0,318,1164,199,64,53,0
2100,84.0,390,1223,194,20,21,0
2101,84.04,318,1166,198,78,56,0
2102,84.08,318,1170,204,62,56,0
2102,84.08,390,1225,200,21,21,0
2103,84.12,318,1175,203,71,57,0
2104,84.16,318,1179,206,69,55,0
2105,84.2,318,1183,211,55,51,0
2105,84.2,390,1230,206,20,22,0
2106,84.24,318,1192,213,47,53,0
2106,84.24,390,1232,208,20,23,0
2107,84.28,318,1187,216,54,54,0
2107,84.28,390,1232,209,20,25,0
2108,84.32,318,1190,218,53,54,0
2108,84.32,390,1234,213,20,23,0
2109,84.36,318,1190,220,66,56,0
2110,84.4,318,1190,223,55,56,0
2110,84.4,390,1238,219,18,22,0
2111,84.44,318,1190,226,57,56,0
2111,84.44,390,1246,225,11,13,0
2112,84.48,318,1191,229,58,55,0
2112,84.48,390,1247,228,11,15,0
2113,84.52,318,1197,231,52,55,0
2113,84.52,390,1249,230,11,16,0
2114,84.56,318,1198,234,53,56,0
2114,84.56,390,1251,233,13,15,0
2115,84.6,318,1200,235,53,57,0
2115,84.6,390,1253,235,11,16,0
2116,84.64,318,1196,237,60,57,0
2116,84.64,390,1255,237,11,15,0
2117,84.68,318,1201,239,57,55,0
2117,84.68,390,1257,239,13,15,0
2118,84.72,318,1204,238,67,56,0
2119,84.76,318,1207,242,55,52,0
2119,84.76,390,1260,242,11,15,0
2120,84.8,318,1210,243,53,53,0
2120,84.8,390,1264,244,8,13,0
2121,84.84,318,1208,245,58,51,0
2121,84.84,390,1265,245,9,13,0
2122,84.88,318,1210,246,64,55,0
2123,84.92,318,1214,248,62,55,0
2124,84.96,318,1214,246,56,60,0
2124,84.96,390,1268,251,8,12,0
2125,85.0,318,1214,251,56,56,0
2126,85.04,318,1214,253,64,61,0
2127,85.08,318,1214,254,58,58,0
2128,85.12,318,1208,251,67,59,0
2129,85.16,318,1213,254,63,56,0
2130,85.2,318,1217,255,60,63,0
2131,85.24,318,1221,258,59,54,0
2132,85.28,318,1227,258,53,54,0
2133,85.32,318,1229,259,51,55,0
2134,85.36,318,1228,260,52,55,0
2135,85.4,318,1232,260,48,56,0
2136,85.44,318,1232,258,48,59,0
2137,85.48,318,1232,261,48,55,0
2138,85.52,318,1232,260,48,56,0
2139,85.56,318,1234,263,46,52,0
2140,85.6,318,1233,262,47,54,0
2141,85.64,318,1229,264,51,56,0
2142,85.68,318,1230,262,50,54,0
2143,85.72,318,1233,265,47,51,0
2144,85.76,318,1234,263,46,53,0
2145,85.8,318,1236,263,44,53,0
2146,85.84,318,1236,263,44,53,0
2147,85.88,318,1237,265,43,51,0
2148,85.92,318,1237,265,43,51,0
2149,85.96,318,1243,264,37,52,0
2150,86.0,318,1243,264,37,52,0
2151,86.04,318,1244,264,36,52,0
2152,86.08,318,1244,263,36,55,0
2153,86.12,318,1238,264,42,48,0
2154,86.16,318,1242,263,38,49,0
2155,86.2,318,1246,262,34,49,0
2156,86.24,318,1243,261,37,53,0
2157,86.28,318,1245,259,35,53,0
2158,86.32,318,1244,258,36,53,0
2159,86.36,318,1245,256,35,54,0
2160,86.4,318,1245,254,35,53,0
2161,86.44,318,1243,254,37,49,0
2162,86.48,318,1243,253,37,43,0
2163,86.52,318,1243,252,37,46,0
2164,86.56,318,1243,251,37,44,0
2165,86.6,318,1242,250,38,44,0
2166,86.64,318,1246,249,34,43,0
2167,86.68,318,1247,247,33,45,0
2168,86.72,318,1245,247,35,45,0
2169,86.76,318,1244,245,36,45,0
2170,86.8,318,1243,244,37,44,0
2171,86.84,318,1246,243,34,41,0
2172,86.88,318,1244,242,36,47,0
2173,86.92,318,1245,240,35,45,0
2174,86.96,318,1244,239,36,44,0
2175,87.0,318,1244,237,36,41,0
2176,87.04,318,1240,236,40,44,0
2177,87.08,318,1244,235,36,39,0
2178,87.12,318,1244,234,36,41,0
2179,87.16,318,1244,233,36,41,0
2180,87.2,318,1245,232,35,41,0
2181,87.24,318,1238,230,42,42,0
2182,87.28,318,1238,229,42,41,0
2183,87.32,318,1241,227,39,44,0
2184,87.36,318,1244,225,36,46,0
2185,87.4,318,1240,223,40,46,0
2186,87.44,318,1240,216,40,56,0
2187,87.48,318,1238,219,42,49,0
2188,87.52,318,1238,217,42,50,0
2189,87.56,318,1238,214,42,46,0
2190,87.6,318,1239,211,41,47,0
2191,87.64,318,1230,210,50,46,0
2192,87.68,318,1238,204,42,42,0
2193,87.72,318,1238,208,42,40,0
2194,87.76,318,1238,202,42,44,0
2195,87.8,318,1238,202,42,44,0
2196,87.84,318,1238,204,39,40,0
2197,87.88,318,1236,203,40,41,0
2198,87.92,318,1236,201,39,41,0
2199,87.96,318,1234,200,41,39,0
2200,88.0,318,1233,198,41,47,0
2201,88.04,318,1233,197,40,44,0
2202,88.08,318,1232,192,48,45,0
2203,88.12,318,1232,192,48,42,0
2204,88.16,318,1230,189,50,42,0
2205,88.2,318,1232,187,44,39,0
2206,88.24,318,1232,186,44,40,0
2207,88.28,318,1232,188,40,38,0
2208,88.32,318,1229,181,44,45,0
2209,88.36,318,1229,180,42,46,0
2210,88.4,318,1229,178,43,44,0
2211,88.44,318,1227,177,42,45,0
2212,88.48,318,1227,181,43,41,0
2213,88.52,318,1224,179,40,42,0
2214,88.56,318,1223,177,41,47,0
2215,88.6,318,1224,175,41,46,0
2216,88.64,318,1224,172,42,45,0
2217,88.68,318,1223,163,43,49,0
2218,88.72,318,1223,164,40,45,0
2219,88.76,318,1222,161,40,45,0
2220,88.8,318,1222,160,44,38,0
2221,88.84,318,1223,160,42,38,0
2222,88.88,318,1221,160,41,38,0
2223,88.92,318,1216,160,47,38,0
2224,88.96,318,1209,156,49,42,0
2225,89.0,318,1213,156,43,40,0
2226,89.04,318,1216,156,38,40,0
2227,89.08,318,1216,155,39,39,0
2228,89.12,318,1216,152,40,45,0
2229,89.16,318,1216,151,40,43,0
2230,89.2,318,1213,148,42,42,0
2231,89.24,318,1214,148,36,38,0
2232,89.28,318,1211,147,41,40,0
2233,89.32,318,1210,144,41,35,0
2234,89.36,318,1208,143,43,33,0
2235,89.4,318,1212,143,38,33,0
2236,89.44,318,1211,137,42,38,0
2237,89.48,318,1211,134,43,40,0
2238,89.52,318,1210,133,43,41,0
2239,89.56,318,1206,133,46,42,0
2240,89.6,318,1205,133,46,50,0
2241,89.64,318,1203,130,48,52,0
2242,89.68,318,1204,128,47,52,0
2243,89.72,318,1206,131,45,44,0
2244,89.76,318,1205,129,46,43,0
2245,89.8,318,1205,128,46,40,0
2246,89.84,318,1206,123,45,42,0
2247,89.88,318,1205,124,46,38,0
2247,89.88,391,198,7,12,17,0
2248,89.92,318,1202,124,41,36,0
2248,89.92,391,198,7,12,17,0
2249,89.96,318,1206,121,37,33,0
2249,89.96,391,198,7,12,17,0
2250,90.0,318,1205,120,39,34,0
2250,90.0,391,197,6,13,18,0
2251,90.04,318,1204,120,39,34,0
2251,90.04,391,197,6,13,18,0
2252,90.08,318,1203,119,40,33,0
2252,90.08,391,197,6,13,18,0
2253,90.12,318,1203,119,40,35,0
2253,90.12,391,197,6,13,18,0
2254,90.16,318,1202,117,36,34,0
2254,90.16,391,197,6,13,18,0
2255,90.2,318,1198,117,40,42,0
2255,90.2,391,197,6,13,18,0
2256,90.24,318,1199,117,39,40,0
2256,90.24,391,197,6,13,18,0
2257,90.28,318,1200,116,38,37,0
2257,90.28,391,197,6,13,18,0
2258,90.32,318,1200,114,40,36,0
2258,90.32,391,197,6,13,18,0
2259,90.36,318,1200,112,42,35,0
2259,90.36,391,197,6,13,18,0
2260,90.4,318,1201,114,41,33,0
2260,90.4,391,197,6,13,18,0
2261,90.44,318,1200,112,40,35,0
2261,90.44,391,197,6,13,18,0
2262,90.48,318,1200,112,39,31,0
2262,90.48,391,197,6,13,18,0
2263,90.52,318,1199,112,40,31,0
2263,90.52,391,197,6,13,18,0
2264,90.56,318,1201,112,38,35,0
2264,90.56,391,197,6,13,18,0
2265,90.6,318,1202,111,41,32,0
2265,90.6,391,197,6,13,18,0
2266,90.64,318,1200,111,42,33,0
2266,90.64,391,197,6,13,18,0
2267,90.68,318,1200,111,38,34,0
2267,90.68,391,197,6,13,18,0
2268,90.72,318,1199,110,40,36,0
2268,90.72,391,197,6,13,18,0
2269,90.76,318,1200,110,39,35,0
2269,90.76,391,197,6,13,18,0
2270,90.8,318,1198,110,44,37,0
2270,90.8,391,197,6,13,18,0
2271,90.84,318,1202,109,40,36,0
2271,90.84,391,198,6,12,18,0
2272,90.88,318,1202,109,40,35,0
2272,90.88,391,198,6,12,18,0
2273,90.92,318,1203,108,40,36,0
2273,90.92,391,198,6,12,18,0
2274,90.96,318,1203,108,39,34,0
2274,90.96,391,198,6,12,18,0
2275,91.0,318,1204,108,34,34,0
2275,91.0,391,198,6,12,18,0
2276,91.04,318,1204,108,34,35,0
2276,91.04,391,198,6,12,18,0
2277,91.08,318,1204,108,34,35,0
2277,91.08,391,198,6,12,18,0
2278,91.12,318,1205,108,34,34,0
2278,91.12,391,198,6,12,18,0
2279,91.16,318,1205,109,34,34,0
2279,91.16,391,198,6,12,18,0
2280,91.2,318,1205,109,38,34,0
2280,91.2,391,198,6,12,18,0
2281,91.24,318,1205,109,35,34,0
2281,91.24,391,198,6,12,18,0
2282,91.28,318,1205,109,36,35,0
2282,91.28,391,198,6,12,18,0
2283,91.32,318,1202,112,38,32,0
2283,91.32,391,198,6,12,18,0
2284,91.36,318,1202,112,41,32,0
2284,91.36,391,198,6,12,18,0
2285,91.4,318,1203,112,41,33,0
2285,91.4,391,198,6,12,18,0
2286,91.44,318,1205,115,40,31,0
2286,91.44,391,198,6,12,18,0
2287,91.48,318,1206,116,40,32,0
2287,91.48,391,198,6,12,18,0
2288,91.52,318,1209,116,37,30,0
2288,91.52,391,198,6,12,18,0
2289,91.56,318,1210,117,37,30,0
2289,91.56,391,198,6,12,18,0
2290,91.6,318,1212,118,38,29,0
2290,91.6,391,198,6,12,18,0
2291,91.64,318,1215,119,34,29,0
2291,91.64,391,198,6,12,18,0
2292,91.68,318,1219,121,31,29,0
2292,91.68,391,198,6,12,18,0
2293,91.72,318,1219,120,32,32,0
2293,91.72,391,198,6,12,18,0
2294,91.76,318,1219,122,33,30,0
2294,91.76,391,198,6,12,18,0
2295,91.8,318,1219,119,33,33,0
2295,91.8,391,198,6,12,18,0
2296,91.84,318,1220,124,41,30,0
2296,91.84,391,198,6,12,18,0
2297,91.88,318,1220,127,35,27,0
2297,91.88,391,198,6,12,18,0
2298,91.92,318,1215,129,40,39,0
2298,91.92,391,198,6,12,18,0
2299,91.96,318,1217,130,37,38,0
2299,91.96,391,198,6,12,18,0
2300,92.0,318,1218,130,38,37,0
2300,92.0,391,198,6,12,18,0
2301,92.04,318,1221,133,39,35,0
2301,92.04,391,198,6,12,18,0
2302,92.08,318,1223,138,36,30,0
2302,92.08,391,198,6,12,18,0
2303,92.12,318,1227,136,33,31,0
2303,92.12,391,198,6,12,18,0
2304,92.16,318,1228,137,36,31,0
2304,92.16,391,198,6,12,18,0
2305,92.2,318,1230,140,31,31,0
2305,92.2,391,198,6,12,18,0
2306,92.24,318,1231,142,32,33,0
2306,92.24,391,198,6,12,18,0
2307,92.28,318,1231,143,34,33,0
2307,92.28,391,198,6,12,18,0
2308,92.32,318,1231,144,34,31,0
2308,92.32,391,198,6,12,18,0
2309,92.36,318,1231,147,34,27,0
2309,92.36,391,198,6,12,18,0
2310,92.4,318,1230,149,35,27,0
2310,92.4,391,198,6,12,18,0
2311,92.44,318,1230,151,36,26,0
2311,92.44,391,198,6,12,18,0
2312,92.48,318,1230,154,38,30,0
2312,92.48,391,198,6,12,18,0
2313,92.52,318,1245,155,22,27,0
2313,92.52,391,198,6,12,18,0
2314,92.56,318,1246,153,32,31,0
2314,92.56,391,198,6,12,18,0
2315,92.6,318,1248,157,26,29,0
2315,92.6,391,198,6,12,18,0
2316,92.64,318,1237,160,38,28,0
2316,92.64,391,198,6,12,18,0
2317,92.68,318,1250,159,26,29,0
2317,92.68,391,198,6,12,18,0
2318,92.72,318,1243,162,35,28,0
2318,92.72,391,198,6,12,18,0
2319,92.76,318,1246,163,33,27,0
2319,92.76,391,198,6,12,18,0
2320,92.8,318,1252,165,26,27,0
2320,92.8,391,198,6,12,18,0
2321,92.84,318,1252,166,26,28,0
2321,92.84,391,198,6,12,18,0
2322,92.88,318,1252,168,28,28,0
2322,92.88,391,198,6,12,18,0
2323,92.92,318,1252,170,28,28,0
2323,92.92,391,198,6,12,18,0
2324,92.96,318,1252,172,28,28,0
2324,92.96,391,198,6,12,18,0
2325,93.0,318,1253,174,27,28,0
2325,93.0,391,198,6,12,18,0
2326,93.04,318,1254,176,26,26,0
2326,93.04,391,198,6,12,18,0
2327,93.08,318,1254,178,26,28,0
2327,93.08,391,198,6,12,18,0
2328,93.12,318,1253,180,27,28,0
2328,93.12,391,198,6,12,18,0
2329,93.16,318,1258,182,22,28,0
2329,93.16,391,198,6,12,18,0
2330,93.2,318,1258,184,22,28,0
2330,93.2,391,198,6,12,18,0
2331,93.24,318,1253,185,27,29,0
2331,93.24,391,198,6,12,18,0
2332,93.28,318,1262,192,18,25,0
2332,93.28,391,198,6,12,18,0
2333,93.32,318,1262,192,18,24,0
2333,93.32,391,198,6,12,18,0
2334,93.36,318,1264,189,16,29,0
2334,93.36,391,198,6,12,18,0
2335,93.4,318,1262,192,18,28,0
2335,93.4,391,198,6,12,18,0
2336,93.44,318,1262,192,18,32,0
2336,93.44,391,198,6,12,18,0
2337,93.48,318,1262,194,18,30,0
2337,93.48,391,198,6,12,18,0
2338,93.52,318,1262,198,18,26,0
2338,93.52,391,198,6,12,18,0
2339,93.56,318,1265,201,15,25,0
2339,93.56,391,198,6,12,18,0
2340,93.6,318,1266,208,14,20,0
2340,93.6,391,198,6,12,18,0
2341,93.64,318,1266,209,14,21,0
2341,93.64,391,198,6,12,18,0
2342,93.68,318,1268,210,12,24,0
2342,93.68,391,198,6,12,18,0
2343,93.72,318,1268,214,12,21,0
2343,93.72,391,198,6,12,18,0
2344,93.76,318,1269,220,11,17,0
2344,93.76,391,198,6,12,18,0
2345,93.8,318,1270,226,10,12,0
2345,93.8,391,198,6,12,18,0
2346,93.84,318,1269,226,11,14,0
2346,93.84,391,198,6,12,18,0
2347,93.88,391,198,6,12,18,0
2348,93.92,391,198,6,12,18,0
2349,93.96,391,198,6,12,18,0
2350,94.0,391,198,6,12,18,0
2351,94.04,391,198,6,12,18,0
2352,94.08,391,198,6,12,18,0
2353,94.12,391,198,6,12,18,0
2354,94.16,391,198,6,12,18,0
2355,94.2,391,198,6,12,18,0
2356,94.24,391,198,6,12,18,0
2357,94.28,391,198,6,12,18,0
2358,94.32,391,198,6,12,18,0
2359,94.36,391,198,6,12,18,0
2360,94.4,391,198,6,12,18,0
2361,94.44,391,198,6,12,18,0
2362,94.48,391,198,6,12,18,0
2363,94.52,391,198,6,12,18,0
2364,94.56,391,198,6,12,18,0
2365,94.6,391,198,6,12,18,0
2366,94.64,391,198,6,12,18,0
2367,94.68,391,198,6,12,18,0
2368,94.72,391,198,6,12,18,0
2369,94.76,391,198,6,12,18,0
2370,94.8,391,198,6,12,18,0
2371,94.84,391,198,6,12,18,0
2372,94.88,391,198,6,12,18,0
2373,94.92,391,198,6,12,18,0
2374,94.96,391,198,6,12,18,0
2375,95.0,391,198,6,12,18,0
2376,95.04,391,198,6,12,18,0
2377,95.08,391,198,6,12,18,0
2378,95.12,,,,,,0
2379,95.16,,,,,,0
2380,95.2,,,,,,0
2381,95.24,,,,,,0
2382,95.28,,,,,,0
2383,95.32,,,,,,0
2384,95.36,,,,,,0
2385,95.4,,,,,,0
2386,95.44,,,,,,0
2387,95.48,,,,,,0
2388,95.52,,,,,,0
2389,95.56,,,,,,0
2390,95.6,,,,,,0
2391,95.64,,,,,,0
2392,95.68,,,,,,0
2393,95.72,,,,,,0
2394,95.76,,,,,,0
2395,95.8,,,,,,0
2396,95.84,,,,,,0
2397,95.88,,,,,,0
2398,95.92,,,,,,0
2399,95.96,,,,,,0
2400,96.0,,,,,,0
2401,96.04,,,,,,0
2402,96.08,,,,,,0
2403,96.12,,,,,,0
2404,96.16,,,,,,0
2405,96.2,,,,,,0
2406,96.24,,,,,,0
2407,96.28,,,,,,0
2408,96.32,,,,,,0
2409,96.36,,,,,,0
2410,96.4,,,,,,0
2411,96.44,,,,,,0
2412,96.48,,,,,,0
2413,96.52,,,,,,0
2414,96.56,,,,,,0
2415,96.6,,,,,,0
2416,96.64,,,,,,0
2417,96.68,,,,,,0
2418,96.72,,,,,,0
2419,96.76,,,,,,0
2420,96.8,,,,,,0
2421,96.84,,,,,,0
2422,96.88,,,,,,0
2423,96.92,,,,,,0
2424,96.96,,,,,,0
2425,97.0,,,,,,0
2426,97.04,,,,,,0
2427,97.08,392,1271,302,9,21,0
2428,97.12,392,1270,299,10,24,0
2429,97.16,392,1270,300,10,21,0
2430,97.2,392,1269,298,11,24,0
2431,97.24,392,1268,298,12,23,0
2432,97.28,392,1268,298,12,22,0
2433,97.32,392,1266,296,14,31,0
2434,97.36,392,1259,296,21,29,0
2435,97.4,392,1266,296,14,28,0
2436,97.44,392,1268,294,12,28,0
2437,97.48,392,1258,294,22,26,0
2438,97.52,392,1263,295,17,24,0
2439,97.56,392,1256,292,24,27,0
2440,97.6,392,1255,288,25,32,0
2441,97.64,392,1259,284,21,41,0
2442,97.68,392,1256,284,24,41,0
2443,97.72,392,1254,284,26,41,0
2444,97.76,392,1251,284,29,40,0
2445,97.8,392,1248,283,32,37,0
2446,97.84,392,1252,282,28,37,0
2447,97.88,392,1248,282,32,40,0
2448,97.92,392,1248,280,32,42,0
2449,97.96,392,1248,280,32,42,0
2450,98.0,392,1248,280,32,42,0
2451,98.04,392,1248,278,32,46,0
2452,98.08,392,1248,275,32,49,0
2453,98.12,392,1246,274,34,50,0
2454,98.16,392,1245,274,35,48,0
2455,98.2,392,1246,272,34,50,0
2456,98.24,392,1245,272,35,50,0
2457,98.28,392,1243,269,37,49,0
2458,98.32,392,1240,270,40,52,0
2459,98.36,392,1244,269,36,47,0
2460,98.4,392,1244,266,36,52,0
2461,98.44,392,1242,268,38,51,0
2462,98.48,392,1232,268,48,52,0
2463,98.52,392,1233,267,47,52,0
2464,98.56,392,1233,267,47,52,0
2465,98.6,392,1232,268,48,51,0
2466,98.64,392,1231,268,49,51,0
2467,98.68,392,1230,268,50,51,0
2468,98.72,392,1230,270,50,49,0
2469,98.76,392,1230,268,50,50,0
2470,98.8,392,1227,269,53,50,0
2471,98.84,392,1224,269,56,49,0
2472,98.88,392,1232,269,48,49,0
2473,98.92,392,1230,267,50,51,0
2474,98.96,392,1222,267,58,56,0
2475,99.0,392,1227,265,53,53,0
2476,99.04,392,1214,267,66,51,0
2477,99.08,392,1228,267,52,51,0
2478,99.12,392,1226,267,54,51,0
2479,99.16,392,1222,266,58,52,0
2480,99.2,392,1220,265,60,53,0
2481,99.24,392,1218,266,62,52,0
2482,99.28,392,1218,266,62,52,0
2483,99.32,392,1218,266,62,54,0
2484,99.36,392,1216,266,64,51,0
2485,99.4,392,1218,266,62,52,0
2486,99.44,392,1218,264,62,54,0
2487,99.48,392,1217,264,63,54,0
2488,99.52,392,1217,264,63,56,0
2489,99.56,392,1217,264,63,55,0
2490,99.6,392,1215,267,63,52,0
2491,99.64,392,1205,268,72,55,0
2492,99.68,392,1204,265,73,58,0
2493,99.72,392,1205,270,72,49,0
2494,99.76,392,1213,268,63,52,0
2495,99.8,392,1204,266,72,54,0
2496,99.84,392,1202,266,70,54,0
2497,99.88,392,1199,265,76,57,0
2498,99.92,392,1206,267,68,54,0
2499,99.96,392,1202,267,69,57,0
2500,100.0,392,1198,268,71,56,0
2501,100.04,392,1203,267,65,57,0
2502,100.08,392,1194,267,74,57,0
2503,100.12,392,1196,271,71,53,0
2504,100.16,392,1193,269,72,55,0
2505,100.2,392,1192,270,72,54,0
2506,100.24,392,1190,271,74,55,0
2507,100.28,392,1188,268,76,57,0
2508,100.32,392,1186,268,80,62,0
2509,100.36,392,1186,267,80,63,0
2510,100.4,392,1186,267,80,65,0
2511,100.44,392,1186,268,75,60,0
2512,100.48,392,1186,268,74,61,0
2513,100.52,392,1184,269,76,61,0
2514,100.56,392,1186,270,73,64,0
2515,100.6,392,1186,271,72,63,0
2516,100.64,392,1185,270,74,65,0
2517,100.68,392,1176,272,79,65,0
2518,100.72,392,1173,272,81,66,0
2519,100.76,392,1183,273,70,62,0
2520,100.8,392,1170,274,83,65,0
2521,100.84,392,1170,275,82,65,0
2522,100.88,392,1170,276,80,64,0
2523,100.92,392,1168,277,84,63,0
2524,100.96,392,1165,276,86,64,0
2525,101.0,392,1172,277,79,63,0
2526,101.04,392,1164,277,86,63,0
2527,101.08,392,1166,278,81,62,0
2528,101.12,392,1163,278,83,62,0
2529,101.16,392,1158,279,88,68,0
2530,101.2,392,1159,282,85,65,0
2531,101.24,392,1159,282,83,65,0
2532,101.28,392,1152,282,90,65,0
2533,101.32,392,1154,284,85,63,0
2534,101.36,392,1152,282,88,65,0
2535,101.4,392,1150,283,90,64,0
2536,101.44,392,1152,285,87,63,0
2537,101.48,392,1152,284,88,66,0
2538,101.52,392,1150,284,88,71,0
2539,101.56,392,1149,283,89,76,0
2540,101.6,392,1150,285,87,72,0
2541,101.64,392,1150,287,88,71,0
2542,101.68,392,1150,287,88,74,0
2543,101.72,392,1149,289,86,73,0
2544,101.76,392,1141,292,90,77,0
2545,101.8,392,1138,294,93,76,0
2546,101.84,392,1135,296,95,74,0
2547,101.88,392,1134,297,95,75,0
2548,101.92,392,1133,298,95,76,0
2549,101.96,392,1134,299,93,75,0
2550,102.0,392,1134,300,92,74,0
2551,102.04,392,1130,300,97,74,0
2552,102.08,392,1125,302,101,72,0
2552,102.08,393,1120,371,12,12,0
2553,102.12,392,1120,301,105,73,0
2554,102.16,392,1130,301,94,73,0
2554,102.16,393,1121,371,11,12,0
2555,102.2,392,1126,305,96,69,0
2555,102.2,393,1120,371,12,12,0
2556,102.24,392,1122,305,98,69,0
2556,102.24,393,1120,371,13,12,0
2556,102.24,394,1183,354,15,10,0
2557,102.28,392,1105,308,114,75,0
2558,102.32,392,1108,309,108,73,0
2559,102.36,392,1108,311,106,71,0
2560,102.4,392,1092,312,122,78,0
2561,102.44,392,1104,312,108,70,0
2562,102.48,392,1105,310,107,72,0
2562,102.48,393,1089,382,15,11,0
2563,102.52,392,1105,310,105,74,0
2563,102.52,393,1089,382,15,10,0
2564,102.56,392,1105,310,105,75,0
2564,102.56,393,1089,382,15,10,0
2565,102.6,392,1089,313,119,79,0
2566,102.64,392,1089,314,119,80,0
2567,102.68,392,1102,315,106,77,0
2567,102.68,393,1089,383,15,9,0
2567,102.68,395,1103,386,13,14,0
2568,102.72,392,1089,315,117,81,0
2568,102.72,395,1095,392,13,13,0
2569,102.76,392,1101,317,103,81,0
2569,102.76,393,1089,383,15,9,0
2569,102.76,395,1089,398,11,13,0
2570,102.8,392,1096,318,107,88,0
2570,102.8,393,1089,383,16,9,0
2570,102.8,395,1080,404,14,14,0
2571,102.84,392,1089,322,111,86,0
2571,102.84,393,1089,384,16,8,0
2572,102.88,392,1088,324,111,86,0
2572,102.88,393,1088,383,17,9,0
2573,102.92,392,1085,326,112,84,0
2574,102.96,392,1082,328,113,84,0
2575,103.0,392,1079,330,115,84,0
2575,103.0,395,1064,410,15,12,0
2576,103.04,392,1079,331,114,83,0
2576,103.04,395,1063,410,15,14,0
2577,103.08,392,1081,331,111,83,0
2577,103.08,395,1062,410,16,14,0
2578,103.12,392,1082,333,110,81,0
2578,103.12,395,1062,410,16,14,0
2579,103.16,392,1073,333,117,81,0
2579,103.16,395,1062,410,16,14,0
2580,103.2,392,1062,334,127,90,0
2580,103.2,395,1064,396,20,10,0
2581,103.24,392,1062,335,125,89,0
2581,103.24,395,1056,402,17,10,0
2582,103.28,392,1062,335,123,89,0
2582,103.28,395,1048,408,15,8,0
2583,103.32,392,1052,338,130,86,0
2583,103.32,395,1037,411,17,9,0
2584,103.36,392,1034,340,146,84,0
2585,103.4,392,1032,342,145,83,0
2586,103.44,392,1041,343,133,81,0
2586,103.44,395,1028,420,15,9,0
2587,103.48,393,1027,345,143,87,0
2588,103.52,393,1040,345,128,79,0
2588,103.52,395,1023,422,17,11,0
2589,103.56,393,1040,346,126,80,0
2589,103.56,395,1019,424,20,12,0
2590,103.6,393,1040,346,125,82,0
2590,103.6,395,1018,424,21,12,0
2591,103.64,393,1040,347,126,83,0
2591,103.64,395,1019,424,20,12,0
2592,103.68,393,1038,348,127,87,0
2592,103.68,395,1019,424,20,12,0
2593,103.72,393,1038,349,124,93,0
2593,103.72,395,1019,424,20,12,0
2594,103.76,393,1038,352,122,88,0
2594,103.76,395,1019,424,20,13,0
2594,103.76,396,1032,433,16,16,0
2595,103.8,393,1038,353,120,93,0
2595,103.8,395,1019,425,20,11,0
2595,103.8,396,1023,442,13,14,0
2596,103.84,393,1032,355,124,99,0
2596,103.84,395,1019,425,20,11,0
2596,103.84,396,1014,448,13,15,0
2597,103.88,393,1020,359,135,98,0
2597,103.88,395,1019,424,20,12,0
2597,103.88,396,1008,455,12,15,0
2598,103.92,393,1001,362,151,112,0
2598,103.92,395,1019,424,19,12,0
2599,103.96,393,995,365,154,111,0
2600,104.0,393,1005,368,142,96,0
2600,104.0,395,1019,424,19,11,0
2600,104.0,396,994,461,12,15,0
2601,104.04,393,1006,372,139,94,0
2601,104.04,396,985,462,18,16,0
2602,104.08,393,1005,374,138,92,0
2602,104.08,396,982,462,20,18,0
2603,104.12,393,1005,377,136,90,0
2603,104.12,396,981,463,21,17,0
2604,104.16,393,1006,379,132,89,0
2604,104.16,396,982,463,20,17,0
2605,104.2,393,1003,380,135,88,0
2605,104.2,396,981,463,21,17,0
2606,104.24,393,992,382,143,90,0
2606,104.24,396,981,463,21,17,0
2607,104.28,393,979,384,154,91,0
2607,104.28,396,982,463,19,15,0
2608,104.32,393,968,386,162,94,0
2609,104.36,393,976,389,151,93,0
2609,104.36,396,957,469,19,12,0
2610,104.4,393,973,392,151,93,0
2610,104.4,396,949,476,17,12,0
2611,104.44,393,969,396,150,92,0
2611,104.44,396,945,482,16,11,0
2612,104.48,393,967,399,148,91,0
2612,104.48,396,942,487,15,12,0
2613,104.52,393,966,403,146,90,0
2613,104.52,396,937,490,18,15,0
2614,104.56,393,964,405,144,92,0
2614,104.56,396,931,492,21,15,0
2615,104.6,393,953,408,153,92,0
2615,104.6,396,926,491,26,18,0
2616,104.64,393,951,410,152,92,0
2616,104.64,396,925,494,25,16,0
2617,104.68,393,951,413,150,93,0
2617,104.68,396,925,494,25,16,0
2618,104.72,393,951,416,148,93,0
2618,104.72,396,925,495,24,15,0
2619,104.76,393,951,419,147,93,0
2619,104.76,396,928,495,21,15,0
2620,104.8,393,950,421,147,96,0
2620,104.8,396,928,496,21,14,0
2621,104.84,393,950,425,146,95,0
2621,104.84,396,925,495,24,15,0
2621,104.84,397,941,506,27,22,0
2622,104.88,393,950,429,140,99,0
2622,104.88,396,925,495,24,15,0
2622,104.88,397,928,519,19,21,0
2623,104.92,393,925,434,162,104,0
2623,104.92,397,917,532,16,21,0
2624,104.96,393,928,439,156,109,0
2624,104.96,396,925,496,24,15,0
2624,104.96,397,905,544,19,23,0
2625,105.0,393,918,444,161,112,0
2625,105.0,397,900,552,17,23,0
2626,105.04,393,912,450,164,110,0
2626,105.04,397,895,556,18,23,0
2627,105.08,393,893,455,179,125,0
2627,105.08,396,927,494,22,17,0
2628,105.12,393,905,461,165,105,0
2628,105.12,397,883,559,23,26,0
2629,105.16,393,908,466,159,101,0
2629,105.16,396,925,499,18,12,0
2629,105.16,397,881,559,26,26,0
2630,105.2,393,881,470,184,114,0
2631,105.24,393,881,475,183,109,0
2632,105.28,393,881,479,181,105,0
2633,105.32,393,881,482,179,108,0
2633,105.32,397,894,532,19,14,0
2634,105.36,393,881,486,177,110,0
2634,105.36,397,876,547,24,15,0
2635,105.4,393,881,490,173,114,0
2635,105.4,397,861,561,27,17,0
2636,105.44,393,878,495,172,90,0
2636,105.44,397,847,576,28,16,0
2636,105.44,398,948,568,60,42,0
2637,105.48,393,859,500,187,102,0
2637,105.48,397,835,589,28,16,0
2637,105.48,398,944,598,26,20,0
2638,105.52,393,851,506,191,118,0
2638,105.52,397,833,599,21,16,0
2639,105.56,393,824,511,212,121,0
2640,105.6,393,820,516,212,124,0
2641,105.64,393,838,522,189,128,0
2641,105.64,397,816,615,28,23,0
2642,105.68,393,813,527,210,129,0
2643,105.72,393,812,532,208,130,0
2644,105.76,393,812,537,204,135,0
2645,105.8,393,812,542,202,139,0
2646,105.84,393,812,547,199,145,0
2647,105.88,393,812,552,198,146,0
2648,105.92,393,812,556,195,150,0
2649,105.96,393,812,561,193,159,0
2649,105.96,397,829,632,29,25,0
2650,106.0,393,812,567,190,153,0
2650,106.0,397,816,648,28,28,0
2651,106.04,393,802,572,198,148,0
2652,106.08,393,793,578,203,142,0
2653,106.12,393,786,585,207,135,0
2654,106.16,393,810,592,180,128,0
2654,106.16,397,782,696,27,23,0
2655,106.2,393,806,599,180,103,0
2655,106.2,397,781,698,24,22,0
2655,106.2,399,923,678,25,42,0
2656,106.24,393,772,606,210,114,0
2657,106.28,393,771,612,209,108,0
2658,106.32,393,771,618,207,102,0
2659,106.36,393,770,622,207,98,0
2660,106.4,393,770,625,205,95,0
2661,106.44,393,770,629,204,91,0
2662,106.48,393,770,632,202,88,0
2663,106.52,393,770,634,201,86,0
2664,106.56,393,770,636,200,84,0
2665,106.6,393,770,638,198,82,0
2666,106.64,393,770,640,196,80,0
2667,106.68,393,770,640,195,80,0
2668,106.72,393,770,642,193,78,0
2669,106.76,393,770,642,192,78,0
2669,106.76,400,624,156,24,16,0
2669,106.76,401,656,141,9,19,0
2669,106.76,402,670,139,10,23,0
2670,106.8,393,813,621,11,11,0
2670,106.8,397,745,646,29,21,0
2670,106.8,401,599,45,96,148,0
2670,106.8,402,711,148,13,16,0
2670,106.8,403,0,54,909,666,0
2670,106.8,404,0,77,56,74,0
2670,106.8,405,0,183,16,10,0
2670,106.8,406,0,251,58,87,0
2670,106.8,407,0,401,23,78,0
2670,106.8,408,17,163,24,31,0
2670,106.8,409,20,344,11,8,0
2670,106.8,410,21,247,16,21,0
2670,106.8,411,45,33,59,63,0
2670,106.8,412,56,93,23,28,0
2670,106.8,413,63,198,17,26,0
2670,106.8,414,80,160,37,17,0
2670,106.8,415,127,63,17,11,0
2670,106.8,416,136,161,17,24,0
2670,106.8,417,247,637,8,35,0
2670,106.8,418,248,672,10,19,0
2670,106.8,419,249,576,55,50,0
2670,106.8,420,254,638,7,22,0
2670,106.8,421,258,690,39,30,0
2670,106.8,422,266,608,48,86,0
2670,106.8,423,273,111,310,130,0
2670,106.8,424,287,695,25,21,0
2670,106.8,425,289,674,15,16,0
2670,106.8,426,299,611,13,14,0
2670,106.8,427,318,655,10,18,0
2670,106.8,428,318,667,14,53,0
2670,106.8,429,320,22,44,16,0
2670,106.8,430,360,652,30,28,0
2670,106.8,431,397,665,35,23,0
2670,106.8,432,399,0,101,19,0
2670,106.8,433,502,9,39,19,0
2670,106.8,434,509,118,30,11,0
2670,106.8,435,512,0,88,34,0
2670,106.8,436,512,239,27,12,0
2670,106.8,437,553,80,23,46,0
2670,106.8,438,580,246,60,28,0
2670,106.8,439,585,626,55,45,0
2670,106.8,440,596,237,43,12,0
2670,106.8,441,599,0,69,13,0
2670,106.8,442,607,667,60,53,0
2670,106.8,443,621,608,50,36,0
2670,106.8,444,640,21,44,28,0
2670,106.8,445,660,633,36,26,0
2670,106.8,446,663,661,38,26,0
2670,106.8,447,692,83,43,77,0
2670,106.8,448,710,0,34,38,0
2670,106.8,449,711,36,73,76,0
2670,106.8,450,731,642,13,27,0
2670,106.8,451,738,619,17,26,0
2670,106.8,452,742,176,10,21,0
2670,106.8,453,757,36,15,15,0
2670,106.8,454,770,224,458,496,0
2670,106.8,455,771,40,20,16,0
2670,106.8,456,774,89,22,70,0
2670,106.8,457,784,594,23,22,0
2670,106.8,458,787,81,12,10,0
2670,106.8,459,791,160,11,20,0
2670,106.8,460,794,629,16,22,0
2670,106.8,461,826,30,62,73,0
2670,106.8,462,838,598,12,20,0
2670,106.8,463,857,50,23,15,0
2670,106.8,464,872,518,12,12,0
2670,106.8,465,902,103,11,19,0
2670,106.8,466,906,177,12,20,0
2670,106.8,467,917,113,11,19,0
2670,106.8,468,953,256,22,48,0
2670,106.8,469,956,143,12,11,0
2670,106.8,470,956,540,13,20,0
2670,106.8,471,964,207,28,23,0
2670,106.8,472,965,232,15,15,0
2670,106.8,473,985,572,13,30,0
2670,106.8,474,1016,221,14,27,0
2670,106.8,475,1024,208,19,10,0
2670,106.8,476,1032,344,12,11,0
2670,106.8,477,1036,432,33,44,0
2670,106.8,478,1051,368,15,16,0
2670,106.8,479,1064,368,122,128,0
2670,106.8,480,1072,448,22,38,0
2670,106.8,481,1107,400,7,16,0
2670,106.8,482,1134,381,30,23,0
2670,106.8,483,1164,712,39,8,0
2670,106.8,484,1166,392,19,16,0
2670,106.8,485,1175,369,12,25,0
2670,106.8,486,1188,390,18,28,0
2670,106.8,487,1198,408,38,46,0
2670,106.8,488,1199,658,44,14,0
2670,106.8,489,1214,617,66,41,0
2671,106.84,393,813,621,11,11,0
2671,106.84,397,745,646,27,22,0
2671,106.84,400,616,186,14,22,0
2671,106.84,401,598,21,104,172,0
2671,106.84,404,0,64,46,86,0
2671,106.84,405,0,183,16,10,0
2671,106.84,406,0,251,58,87,0
2671,106.84,407,0,401,23,78,0
2671,106.84,408,17,163,24,31,0
2671,106.84,409,20,344,11,8,0
2671,106.84,410,21,247,16,21,0
2671,106.84,411,8,30,17,18,0
2671,106.84,412,31,31,84,120,0
2671,106.84,413,63,198,17,26,0
2671,106.84,414,80,160,37,17,0
2671,106.84,415,126,63,18,11,0
2671,106.84,416,136,161,17,24,0
2671,106.84,417,247,637,8,35,0
2671,106.84,418,248,672,10,19,0
2671,106.84,419,249,576,55,50,0
2671,106.84,420,254,638,7,22,0
2671,106.84,421,258,690,39,30,0
2671,106.84,422,266,608,48,86,0
2671,106.84,423,273,111,310,130,0
2671,106.84,424,287,695,25,21,0
2671,106.84,425,289,674,15,16,0
2671,106.84,426,299,611,13,14,0
2671,106.84,427,318,655,10,18,0
2671,106.84,428,318,667,14,53,0
2671,106.84,429,320,22,41,16,0
2671,106.84,430,360,652,30,28,0
2671,106.84,431,397,665,35,23,0
2671,106.84,432,399,0,101,19,0
2671,106.84,434,515,119,24,10,0
2671,106.84,435,502,0,98,32,0
2671,106.84,436,512,239,27,12,0
2671,106.84,437,553,80,23,46,0
2671,106.84,438,580,246,60,28,0
2671,106.84,439,585,632,52,39,0
2671,106.84,440,596,237,43,12,0
2671,106.84,441,599,0,69,13,0
2671,106.84,442,607,667,60,53,0
2671,106.84,443,631,622,25,22,0
2671,106.84,445,662,633,34,26,0
2671,106.84,446,663,661,38,26,0
2671,106.84,447,692,89,34,58,0
2671,106.84,448,710,0,34,38,0
2671,106.84,449,711,36,73,76,0
2671,106.84,450,731,642,13,27,0
2671,106.84,451,738,619,17,26,0
2671,106.84,452,742,176,10,21,0
2671,106.84,453,757,36,15,14,0
2671,106.84,455,772,40,19,17,0
2671,106.84,457,784,594,23,22,0
2671,106.84,458,787,81,12,10,0
2671,106.84,459,791,160,11,20,0
2671,106.84,460,794,629,16,22,0
2671,106.84,461,826,31,62,72,0
2671,106.84,462,838,598,12,20,0
2671,106.84,463,857,50,40,29,0
2671,106.84,464,872,518,12,12,0
2671,106.84,465,900,102,13,20,0
2671,106.84,467,917,113,20,19,0
2671,106.84,468,953,256,22,48,0
2671,106.84,469,956,143,12,11,0
2671,106.84,470,956,540,13,20,0
2671,106.84,472,937,224,10,25,0
2671,106.84,473,985,572,13,30,0
2671,106.84,474,1016,221,14,27,0
2671,106.84,475,1024,201,19,17,0
2671,106.84,476,1032,344,12,11,0
2671,106.84,477,1036,432,33,44,0
2671,106.84,478,1051,368,15,16,0
2671,106.84,480,1072,448,22,38,0
2671,106.84,481,1107,400,7,16,0
2671,106.84,482,1134,381,30,23,0
2671,106.84,483,1164,712,39,8,0
2671,106.84,484,1166,392,18,16,0
2671,106.84,485,1175,369,21,25,0
2671,106.84,486,1188,390,18,28,0
2671,106.84,487,1198,408,38,46,0
2671,106.84,488,1199,658,44,14,0
2671,106.84,489,1214,617,66,41,0
2671,106.84,490,0,32,9,20,0
2671,106.84,491,0,54,1228,666,0
2671,106.84,492,590,75,11,14,0
2671,106.84,493,615,626,23,19,0
2671,106.84,494,632,608,39,15,0
2671,106.84,495,832,620,21,21,0
2671,106.84,496,925,50,18,14,0
2671,106.84,497,1000,64,26,16,0
2671,106.84,498,1002,0,38,9,0
2671,106.84,499,1044,161,50,42,0
2671,106.84,500,1055,240,19,17,0
2671,106.84,501,1105,74,12,16,0
2671,106.84,502,1118,328,34,28,0
2671,106.84,503,1150,302,38,42,0
2671,106.84,504,1152,201,24,17,0
2671,106.84,505,1192,313,8,23,0
2671,106.84,506,1200,359,21,15,0
2671,106.84,507,1209,322,13,22,0
2671,106.84,508,1211,350,28,26,0
2671,106.84,509,1216,383,16,16,0
2671,106.84,510,1220,238,44,80,0
2671,106.84,511,1224,310,17,15,0
2671,106.84,512,1239,184,17,30,0
2671,106.84,513,1240,368,14,15,0
2671,106.84,514,1250,352,30,50,0
2671,106.84,515,1257,192,23,62,0
2671,106.84,516,1257,241,23,29,0
2672,106.88,393,813,621,11,11,0
2672,106.88,397,745,646,20,19,0
2672,106.88,400,616,186,14,22,0
2672,106.88,401,598,21,104,172,0
2672,106.88,404,0,64,46,86,0
2672,106.88,405,0,183,16,10,0
2672,106.88,406,0,251,58,87,0
2672,106.88,407,0,401,23,78,0
2672,106.88,408,17,163,24,31,0
2672,106.88,409,20,344,11,8,0
2672,106.88,410,21,247,16,21,0
2672,106.88,411,8,30,17,18,0
2672,106.88,412,31,31,84,120,0
2672,106.88,413,63,198,17,26,0
2672,106.88,414,80,160,37,17,0
2672,106.88,415,126,63,18,11,0
2672,106.88,416,136,161,17,24,0
2672,106.88,417,247,637,8,35,0
2672,106.88,418,248,672,10,19,0
2672,106.88,419,249,578,55,48,0
2672,106.88,420,254,638,7,22,0
2672,106.88,421,258,690,39,30,0
2672,106.88,422,266,608,48,86,0
2672,106.88,423,273,111,310,130,0
2672,106.88,424,287,695,25,21,0
2672,106.88,425,289,674,15,16,0
2672,106.88,426,299,611,13,14,0
2672,106.88,427,318,655,10,18,0
2672,106.88,428,318,667,14,53,0
2672,106.88,429,320,22,41,16,0
2672,106.88,430,360,652,30,28,0
2672,106.88,431,397,665,35,23,0
2672,106.88,432,399,0,101,18,0
2672,106.88,434,515,119,24,10,0
2672,106.88,435,502,0,98,32,0
2672,106.88,436,512,239,27,12,0
2672,106.88,437,553,80,23,46,0
2672,106.88,438,580,246,60,28,0
2672,106.88,439,585,632,52,39,0
2672,106.88,440,596,237,43,12,0
2672,106.88,441,599,0,64,16,0
2672,106.88,442,607,667,60,53,0
2672,106.88,443,631,622,25,22,0
2672,106.88,445,662,633,34,26,0
2672,106.88,446,663,661,38,20,0
2672,106.88,447,692,89,34,58,0
2672,106.88,448,710,0,34,38,0
2672,106.88,449,711,36,73,76,0
2672,106.88,450,731,642,13,27,0
2672,106.88,451,738,619,17,26,0
2672,106.88,452,742,176,10,21,0
2672,106.88,453,757,36,15,14,0
2672,106.88,455,772,40,19,17,0
2672,106.88,457,784,594,23,22,0
2672,106.88,458,787,81,12,10,0
2672,106.88,459,791,160,11,20,0
2672,106.88,460,794,629,16,22,0
2672,106.88,461,825,21,63,82,0
2672,106.88,462,838,598,12,20,0
2672,106.88,463,857,50,40,29,0
2672,106.88,464,872,518,12,12,0
2672,106.88,470,956,540,13,20,0
2672,106.88,473,985,572,13,30,0
2672,106.88,476,1032,344,12,11,0
2672,106.88,477,1036,432,33,44,0
2672,106.88,478,1051,368,15,16,0
2672,106.88,480,1072,447,22,39,0
2672,106.88,481,1107,400,7,16,0
2672,106.88,482,1135,381,29,23,0
2672,106.88,483,1164,712,39,8,0
2672,106.88,484,1166,392,18,16,0
2672,106.88,485,1175,369,21,25,0
2672,106.88,486,1188,390,18,28,0
2672,106.88,487,1198,408,38,46,0
2672,106.88,488,1199,658,44,14,0
2672,106.88,489,1214,617,66,41,0
2672,106.88,490,0,32,9,20,0
2672,106.88,492,590,75,11,14,0
2672,106.88,493,615,626,23,19,0
2672,106.88,494,632,608,39,15,0
2672,106.88,495,832,620,21,21,0
2672,106.88,496,940,0,33,15,0
2672,106.88,497,989,0,105,97,0
2672,106.88,498,974,0,16,13,0
2672,106.88,499,1008,128,48,32,0
2672,106.88,500,1055,240,19,17,0
2672,106.88,501,1106,74,11,16,0
2672,106.88,502,1118,328,34,28,0
2672,106.88,504,1150,178,18,14,0
2672,106.88,505,1192,313,8,23,0
2672,106.88,506,1200,359,21,15,0
2672,106.88,507,1209,322,13,22,0
2672,106.88,508,1211,350,28,26,0
2672,106.88,509,1216,383,16,16,0
2672,106.88,510,1220,238,44,80,0
2672,106.88,511,1224,310,17,15,0
2672,106.88,512,1221,158,59,96,0
2672,106.88,513,1240,368,14,15,0
2672,106.88,514,1250,352,30,50,0
2672,106.88,516,1257,241,23,29,0
2672,106.88,517,816,0,20,23,0
2672,106.88,518,1040,83,15,21,0
2672,106.88,519,1053,0,20,17,0
2672,106.88,520,1065,102,27,19,0
2672,106.88,521,1075,16,22,20,0
2672,106.88,522,1133,111,35,19,0
2672,106.88,523,1136,0,24,16,0
2672,106.88,524,1149,71,65,58,0
2672,106.88,525,1166,0,67,90,0
2672,106.88,526,1214,144,14,14,0
2672,106.88,527,1234,0,44,55,0
2673,106.92,393,813,621,11,11,0
2673,106.92,400,616,186,14,22,0
2673,106.92,401,598,21,104,172,0
2673,106.92,404,0,64,46,86,0
2673,106.92,405,0,183,16,10,0
2673,106.92,406,0,251,58,87,0
2673,106.92,407,0,401,23,78,0
2673,106.92,408,21,163,20,21,0
2673,106.92,409,20,344,11,8,0
2673,106.92,410,21,247,16,21,0
2673,106.92,411,8,30,17,18,0
2673,106.92,412,31,31,84,120,0
2673,106.92,413,63,198,17,26,0
2673,106.92,414,80,160,37,17,0
2673,106.92,415,126,63,18,11,0
2673,106.92,416,136,161,17,24,0
2673,106.92,417,247,637,8,35,0
2673,106.92,418,248,672,10,19,0
2673,106.92,419,249,578,55,48,0
2673,106.92,420,254,638,7,22,0
2673,106.92,421,258,690,39,30,0
2673,106.92,422,266,608,48,86,0
2673,106.92,423,273,111,310,130,0
2673,106.92,424,287,695,25,21,0
2673,106.92,425,289,674,15,16,0
2673,106.92,426,299,611,13,14,0
2673,106.92,427,318,655,10,18,0
2673,106.92,428,318,667,14,53,0
2673,106.92,429,319,22,42,16,0
2673,106.92,430,360,652,30,28,0
2673,106.92,431,397,665,35,23,0
2673,106.92,432,399,0,101,19,0
2673,106.92,434,515,119,24,10,0
2673,106.92,435,502,0,98,32,0
2673,106.92,436,512,239,27,12,0
2673,106.92,437,553,80,23,46,0
2673,106.92,438,580,246,60,28,0
2673,106.92,439,585,632,52,39,0
2673,106.92,440,596,237,43,12,0
2673,106.92,441,599,0,64,16,0
2673,106.92,442,607,667,59,51,0
2673,106.92,443,631,622,25,22,0
2673,106.92,445,662,633,34,26,0
2673,106.92,446,663,661,38,12,0
2673,106.92,447,692,89,34,58,0
2673,106.92,448,710,0,34,38,0
2673,106.92,449,711,36,73,76,0
2673,106.92,450,731,642,13,27,0
2673,106.92,451,738,619,17,26,0
2673,106.92,452,742,176,10,21,0
2673,106.92,453,757,36,15,14,0
2673,106.92,455,772,40,19,17,0
2673,106.92,457,784,594,23,22,0
2673,106.92,458,787,81,12,10,0
2673,106.92,459,791,160,11,20,0
2673,106.92,460,794,629,16,22,0
2673,106.92,461,824,21,64,82,0
2673,106.92,462,838,598,12,20,0
2673,106.92,463,857,50,40,29,0
2673,106.92,464,872,518,12,12,0
2673,106.92,470,956,540,13,20,0
2673,106.92,473,985,572,13,30,0
2673,106.92,476,1032,344,12,11,0
2673,106.92,477,1036,432,33,44,0
2673,106.92,478,1052,368,14,16,0
2673,106.92,480,1072,448,22,38,0
2673,106.92,481,1107,400,7,16,0
2673,106.92,482,1134,381,30,23,0
2673,106.92,483,1164,712,39,8,0
2673,106.92,484,1166,392,18,16,0
2673,106.92,485,1175,369,21,25,0
2673,106.92,486,1188,390,18,28,0
2673,106.92,487,1198,408,38,46,0
2673,106.92,488,1199,658,44,14,0
2673,106.92,489,1214,617,66,41,0
2673,106.92,490,0,32,9,20,0
2673,106.92,492,590,75,11,14,0
2673,106.92,493,615,626,23,19,0
2673,106.92,494,632,608,39,15,0
2673,106.92,495,832,620,21,20,0
2673,106.92,496,974,0,16,13,0
2673,106.92,497,989,0,105,97,0
2673,106.92,498,940,0,33,15,0
2673,106.92,499,1008,128,48,32,0
2673,106.92,500,1055,240,19,17,0
2673,106.92,501,1105,74,12,16,0
2673,106.92,502,1118,328,34,28,0
2673,106.92,504,1150,178,18,14,0
2673,106.92,505,1192,313,8,23,0
2673,106.92,506,1200,364,21,10,0
2673,106.92,507,1209,322,13,22,0
2673,106.92,508,1212,350,27,26,0
2673,106.92,509,1216,383,16,16,0
2673,106.92,510,1220,238,44,80,0
2673,106.92,511,1224,310,17,15,0
2673,106.92,512,1221,158,59,96,0
2673,106.92,513,1240,368,14,15,0
2673,106.92,514,1250,352,30,50,0
2673,106.92,516,1257,241,23,29,0
2673,106.92,517,816,0,20,23,0
2673,106.92,518,1040,83,14,21,0
2673,106.92,519,1053,0,20,17,0
2673,106.92,520,1065,102,27,20,0
2673,106.92,521,1075,16,22,20,0
2673,106.92,522,1133,106,35,24,0
2673,106.92,523,1136,0,31,17,0
2673,106.92,524,1143,71,71,58,0
2673,106.92,525,1161,0,72,90,0
2673,106.92,526,1214,144,14,14,0
2673,106.92,527,1234,0,44,55,0
2673,106.92,528,224,612,8,10,0
2673,106.92,529,354,601,29,49,0
2674,106.96,399,928,630,27,13,0
2674,106.96,400,616,186,14,22,0
2674,106.96,401,599,38,103,155,0
2674,106.96,404,0,64,46,80,0
2674,106.96,405,0,183,16,10,0
2674,106.96,406,0,251,56,87,0
2674,106.96,407,0,401,25,78,0
2674,106.96,408,21,163,13,21,0
2674,106.96,409,20,344,10,8,0
2674,106.96,410,21,248,16,20,0
2674,106.96,411,8,30,17,18,0
2674,106.96,412,32,31,83,62,0
2674,106.96,413,63,198,17,28,0
2674,106.96,414,80,160,37,17,0
2674,106.96,415,127,63,17,11,0
2674,106.96,416,136,161,17,24,0
2674,106.96,417,289,591,15,9,0
2674,106.96,419,249,586,39,32,0
2674,106.96,420,254,638,7,22,0
2674,106.96,421,261,693,35,27,0
2674,106.96,422,266,627,24,66,0
2674,106.96,423,273,111,310,130,0
2674,106.96,424,287,696,19,20,0
2674,106.96,425,289,678,15,12,0
2674,106.96,426,289,608,9,18,0
2674,106.96,427,344,608,24,20,0
2674,106.96,428,319,695,9,25,0
2674,106.96,429,319,22,42,12,0
2674,106.96,430,360,652,30,28,0
2674,106.96,431,397,665,35,23,0
2674,106.96,432,399,0,101,18,0
2674,106.96,434,515,119,24,10,0
2674,106.96,435,502,0,98,32,0
2674,106.96,436,512,239,27,12,0
2674,106.96,437,557,80,16,28,0
2674,106.96,438,580,248,60,26,0
2674,106.96,439,585,632,52,39,0
2674,106.96,440,596,237,43,12,0
2674,106.96,441,599,0,64,16,0
2674,106.96,442,616,676,44,42,0
2674,106.96,443,641,625,15,17,0
2674,106.96,444,640,21,19,23,0
2674,106.96,445,662,633,34,26,0
2674,106.96,446,663,661,38,12,0
2674,106.96,447,692,89,34,58,0
2674,106.96,448,710,0,34,43,0
2674,106.96,449,710,36,74,52,0
2674,106.96,451,738,619,17,22,0
2674,106.96,452,742,176,10,21,0
2674,106.96,453,757,36,15,14,0
2674,106.96,455,772,40,19,17,0
2674,106.96,456,712,71,64,41,0
2674,106.96,457,784,594,23,22,0
2674,106.96,458,787,81,11,10,0
2674,106.96,461,825,22,63,81,0
2674,106.96,462,838,598,11,20,0
2674,106.96,463,857,50,40,29,0
2674,106.96,464,872,518,12,12,0
2674,106.96,470,956,540,13,20,0
2674,106.96,473,985,572,11,30,0
2674,106.96,476,1032,344,12,11,0
2674,106.96,477,1036,432,33,44,0
2674,106.96,478,1051,368,15,16,0
2674,106.96,480,1072,448,22,38,0
2674,106.96,481,1107,400,7,16,0
2674,106.96,482,1134,381,30,23,0
2674,106.96,483,1164,715,35,5,0
2674,106.96,484,1166,392,18,16,0
2674,106.96,485,1175,369,21,25,0
2674,106.96,486,1188,392,16,26,0
2674,106.96,487,1198,419,38,35,0
2674,106.96,489,1214,617,66,40,0
2674,106.96,490,0,32,9,20,0
2674,106.96,491,0,11,1228,709,0
2674,106.96,494,632,608,39,15,0
2674,106.96,496,974,0,16,13,0
2674,106.96,497,989,0,105,95,0
2674,106.96,498,940,0,33,15,0
2674,106.96,499,1008,129,48,31,0
2674,106.96,500,1055,240,19,17,0
2674,106.96,501,1107,74,10,16,0
2674,106.96,502,1118,328,34,28,0
2674,106.96,504,1150,178,18,14,0
2674,106.96,505,1192,313,8,23,0
2674,106.96,506,1200,359,21,15,0
2674,106.96,507,1209,322,13,22,0
2674,106.96,508,1211,350,28,26,0
2674,106.96,509,1216,383,16,15,0
2674,106.96,510,1220,238,44,80,0
2674,106.96,511,1224,308,17,17,0
2674,106.96,512,1221,158,59,96,0
2674,106.96,513,1240,368,14,14,0
2674,106.96,514,1252,359,28,43,0
2674,106.96,516,1257,241,23,29,0
2674,106.96,517,816,0,20,23,0
2674,106.96,518,1040,83,14,21,0
2674,106.96,519,1053,0,20,17,0
2674,106.96,520,1065,102,27,20,0
2674,106.96,521,1075,16,22,20,0
2674,106.96,522,1135,111,33,19,0
2674,106.96,523,1136,0,31,18,0
2674,106.96,524,1143,71,71,57,0
2674,106.96,525,1178,37,46,53,0
2674,106.96,526,1214,144,14,14,0
2674,106.96,527,1235,17,39,38,0
2674,106.96,528,224,612,8,10,0
2674,106.96,529,354,601,29,49,0
2674,106.96,530,31,93,48,58,0
2674,106.96,531,57,528,11,24,0
2674,106.96,532,76,494,18,10,0
2674,106.96,533,77,377,19,39,0
2674,106.96,534,80,574,9,19,0
2674,106.96,535,86,414,16,18,0
2674,106.96,536,99,429,14,19,0
2674,106.96,537,109,392,9,36,0
2674,106.96,538,116,413,27,34,0
2674,106.96,539,118,446,19,12,0
2674,106.96,540,128,373,15,36,0
2674,106.96,541,129,505,30,11,0
2674,106.96,542,134,410,25,14,0
2674,106.96,543,135,588,9,15,0
2674,106.96,544,140,552,18,18,0
2674,106.96,545,153,529,15,21,0
2674,106.96,546,156,283,18,11,0
2674,106.96,547,161,519,56,45,0
2674,106.96,548,168,327,17,31,0
2674,106.96,549,178,288,26,14,0
2674,106.96,550,181,298,30,29,0
2674,106.96,551,215,280,17,12,0
2674,106.96,552,320,595,19,17,0
2674,106.96,553,424,684,30,34,0
2674,106.96,554,592,246,26,15,0
2674,106.96,555,659,39,25,13,0
2674,106.96,556,1166,0,67,37,0
2674,106.96,557,1245,0,35,25,0
2675,107.0,399,976,592,12,16,0
2675,107.0,400,616,186,14,22,0
2675,107.0,401,599,39,96,154,0
2675,107.0,403,411,318,14,20,0
2675,107.0,404,0,93,25,14,0
2675,107.0,405,0,183,16,10,0
2675,107.0,406,0,251,56,87,0
2675,107.0,407,0,401,23,78,0
2675,107.0,408,21,174,11,10,0
2675,107.0,409,20,344,11,8,0
2675,107.0,410,21,248,16,20,0
2675,107.0,411,38,31,41,28,0
2675,107.0,412,72,36,18,17,0
2675,107.0,413,63,198,17,28,0
2675,107.0,414,80,160,32,17,0
2675,107.0,415,59,32,56,60,0
2675,107.0,417,361,547,21,39,0
2675,107.0,418,224,653,21,27,0
2675,107.0,419,313,560,23,31,0
2675,107.0,421,268,703,24,17,0
2675,107.0,422,266,628,24,65,0
2675,107.0,423,276,111,307,130,0
2675,107.0,424,242,692,14,26,0
2675,107.0,425,289,678,15,12,0
2675,107.0,426,289,591,15,9,0
2675,107.0,427,382,556,22,58,0
2675,107.0,428,320,695,8,25,0
2675,107.0,429,320,22,36,11,0
2675,107.0,432,451,0,36,18,0
2675,107.0,433,502,12,29,16,0
2675,107.0,435,512,0,88,32,0
2675,107.0,436,512,239,27,12,0
2675,107.0,439,592,636,33,32,0
2675,107.0,441,599,0,61,13,0
2675,107.0,442,616,676,33,37,0
2675,107.0,443,655,598,37,23,0
2675,107.0,445,662,640,30,17,0
2675,107.0,447,700,101,26,46,0
2675,107.0,448,712,0,32,41,0
2675,107.0,449,714,36,70,52,0
2675,107.0,451,678,576,63,32,0
2675,107.0,452,742,176,10,21,0
2675,107.0,453,757,36,15,14,0
2675,107.0,454,1020,478,35,30,0
2675,107.0,455,772,40,19,17,0
2675,107.0,456,725,79,51,33,0
2675,107.0,457,784,594,22,22,0
2675,107.0,458,787,80,12,11,0
2675,107.0,459,706,162,27,28,0
2675,107.0,461,824,13,22,69,0
2675,107.0,462,796,528,40,66,0
2675,107.0,463,857,50,40,29,0
2675,107.0,464,857,488,7,16,0
2675,107.0,465,847,81,41,22,0
2675,107.0,470,961,544,8,16,0
2675,107.0,473,985,572,10,30,0
2675,107.0,475,1039,136,17,24,0
2675,107.0,476,1032,344,12,11,0
2675,107.0,477,1036,432,33,44,0
2675,107.0,478,1051,368,15,16,0
2675,107.0,479,1070,368,116,127,0
2675,107.0,480,1079,448,15,15,0
2675,107.0,481,1107,400,7,16,0
2675,107.0,482,1134,381,30,23,0
2675,107.0,484,1166,392,18,16,0
2675,107.0,485,1175,369,21,25,0
2675,107.0,487,1206,419,25,22,0
2675,107.0,488,1245,641,19,10,0
2675,107.0,489,1233,631,21,12,0
2675,107.0,490,13,66,32,37,0
2675,107.0,493,576,592,18,20,0
2675,107.0,494,651,611,20,12,0
2675,107.0,495,866,580,66,17,0
2675,107.0,496,997,0,60,29,0
2675,107.0,497,1045,31,36,47,0
2675,107.0,498,944,0,29,15,0
2675,107.0,499,1008,129,31,26,0
2675,107.0,500,1055,240,19,17,0
2675,107.0,501,1107,74,10,16,0
2675,107.0,502,1118,328,34,28,0
2675,107.0,503,1150,302,34,42,0
2675,107.0,504,1150,178,18,14,0
2675,107.0,506,1200,359,21,15,0
2675,107.0,508,1211,350,19,20,0
2675,107.0,509,1216,383,16,15,0
2675,107.0,510,1220,240,44,78,0
2675,107.0,511,1224,308,17,17,0
2675,107.0,512,1242,172,33,54,0
2675,107.0,515,1263,220,17,34,0
2675,107.0,516,1264,248,16,22,0
2675,107.0,519,1053,0,19,17,0
2675,107.0,520,1075,76,19,19,0
2675,107.0,521,1075,16,22,20,0
2675,107.0,522,1152,120,16,10,0
2675,107.0,523,1136,0,31,17,0
2675,107.0,524,1175,77,39,37,0
2675,107.0,525,1182,40,27,50,0
2675,107.0,526,1214,144,14,14,0
2675,107.0,527,1247,28,19,20,0
2675,107.0,528,224,612,8,10,0
2675,107.0,529,363,586,27,30,0
2675,107.0,530,32,115,20,31,0
2675,107.0,531,21,490,19,47,0
2675,107.0,534,58,636,30,15,0
2675,107.0,539,149,448,11,15,0
2675,107.0,540,181,395,13,20,0
2675,107.0,541,152,465,24,13,0
2675,107.0,542,144,410,15,14,0
2675,107.0,543,126,638,19,14,0
2675,107.0,545,162,519,24,10,0
2675,107.0,546,198,336,28,29,0
2675,107.0,547,235,510,22,18,0
2675,107.0,548,168,327,17,31,0
2675,107.0,549,178,288,26,14,0
2675,107.0,550,182,298,29,29,0
2675,107.0,551,208,288,51,50,0
2675,107.0,552,320,595,19,16,0
2675,107.0,553,440,653,24,35,0
2675,107.0,554,580,251,16,16,0
2675,107.0,555,692,89,24,42,0
2675,107.0,556,1187,0,29,32,0
2675,107.0,557,1246,0,31,24,0
2675,107.0,558,0,106,43,23,0
2675,107.0,559,0,534,16,23,0
2675,107.0,560,0,541,36,87,0
2675,107.0,561,0,655,100,58,0
2675,107.0,562,23,606,20,25,0
2675,107.0,563,31,226,402,257,0
2675,107.0,564,45,59,23,22,0
2675,107.0,565,60,647,20,21,0
2675,107.0,566,76,652,166,68,0
2675,107.0,567,103,700,28,20,0
2675,107.0,568,177,707,20,13,0
2675,107.0,569,184,368,54,36,0
2675,107.0,570,269,334,21,18,0
2675,107.0,571,272,304,16,15,0
2675,107.0,572,272,464,8,24,0
2675,107.0,573,287,380,21,20,0
2675,107.0,574,288,480,12,8,0
2675,107.0,575,296,315,31,53,0
2675,107.0,576,328,11,848,615,0
2675,107.0,577,328,311,16,17,0
2675,107.0,578,336,568,8,22,0
2675,107.0,579,399,0,53,12,0
2675,107.0,580,482,276,65,13,0
2675,107.0,581,524,616,36,25,0
2675,107.0,582,527,611,63,93,0
2675,107.0,583,544,588,18,23,0
2675,107.0,584,563,684,29,14,0
2675,107.0,585,590,688,13,12,0
2675,107.0,586,607,560,39,16,0
2675,107.0,587,648,528,15,8,0
2675,107.0,588,672,544,19,37,0
2675,107.0,589,747,467,479,253,0
2675,107.0,590,760,526,28,48,0
2675,107.0,591,959,577,25,15,0
2675,107.0,592,962,540,47,32,0
2675,107.0,593,1006,592,30,32,0
2675,107.0,594,1024,496,100,66,0
2675,107.0,595,1074,552,20,4,0
2675,107.0,596,1152,501,8,17,0
2675,107.0,597,1158,111,14,13,0
2675,107.0,598,1166,16,23,21,0
2675,107.0,599,1212,0,19,19,0
2675,107.0,600,1225,164,16,22,0
2675,107.0,601,1245,617,35,23,0
2676,107.04,399,976,592,12,16,0
2676,107.04,400,616,186,14,22,0
2676,107.04,401,599,39,96,154,0
2676,107.04,403,411,318,14,20,0
2676,107.04,404,0,93,25,14,0
2676,107.04,405,0,183,16,10,0
2676,107.04,406,0,251,58,87,0
2676,107.04,407,0,401,23,78,0
2676,107.04,408,21,174,11,10,0
2676,107.04,409,20,344,11,8,0
2676,107.04,410,21,248,16,20,0
2676,107.04,411,59,32,56,60,0
2676,107.04,412,72,36,18,17,0
2676,107.04,413,63,198,17,26,0
2676,107.04,414,80,160,32,17,0
2676,107.04,415,38,31,38,28,0
2676,107.04,419,361,547,21,39,0
2676,107.04,421,268,703,24,17,0
2676,107.04,422,266,628,24,65,0
2676,107.04,423,276,111,307,130,0
2676,107.04,424,242,692,14,26,0
2676,107.04,425,289,678,15,12,0
2676,107.04,426,289,591,15,9,0
2676,107.04,428,320,695,8,25,0
2676,107.04,429,320,22,36,11,0
2676,107.04,430,363,586,27,30,0
2676,107.04,432,451,0,37,19,0
2676,107.04,433,502,12,29,16,0
2676,107.04,435,512,0,88,32,0
2676,107.04,436,512,239,27,12,0
2676,107.04,439,592,636,33,32,0
2676,107.04,441,599,0,61,13,0
2676,107.04,442,616,676,33,37,0
2676,107.04,443,678,576,63,32,0
2676,107.04,445,662,640,30,17,0
2676,107.04,447,700,101,26,46,0
2676,107.04,448,712,0,32,41,0
2676,107.04,449,714,36,70,52,0
2676,107.04,452,742,176,10,21,0
2676,107.04,453,757,36,15,14,0
2676,107.04,454,1020,478,35,30,0
2676,107.04,455,772,40,19,17,0
2676,107.04,456,725,79,51,33,0
2676,107.04,457,784,594,22,22,0
2676,107.04,458,787,80,12,11,0
2676,107.04,459,692,89,24,42,0
2676,107.04,461,824,13,23,69,0
2676,107.04,462,796,528,40,66,0
2676,107.04,463,857,50,40,29,0
2676,107.04,464,857,488,7,16,0
2676,107.04,465,847,81,41,22,0
2676,107.04,467,900,11,141,121,0
2676,107.04,470,961,544,8,16,0
2676,107.04,473,985,572,10,30,0
2676,107.04,475,1039,136,17,24,0
2676,107.04,476,1032,344,12,11,0
2676,107.04,477,1036,432,33,44,0
2676,107.04,478,1052,368,14,16,0
2676,107.04,479,1070,368,116,127,0
2676,107.04,480,1079,448,15,15,0
2676,107.04,481,1107,400,7,16,0
2676,107.04,482,1134,381,30,23,0
2676,107.04,484,1166,392,18,16,0
2676,107.04,485,1175,369,21,25,0
2676,107.04,487,1206,419,25,22,0
2676,107.04,488,1245,641,19,10,0
2676,107.04,489,1233,631,21,12,0
2676,107.04,490,32,115,19,31,0
2676,107.04,493,576,592,18,20,0
2676,107.04,494,651,611,20,12,0
2676,107.04,495,866,580,65,17,0
2676,107.04,496,997,0,60,29,0
2676,107.04,497,1045,31,36,47,0
2676,107.04,498,944,0,29,15,0
2676,107.04,499,1008,129,31,26,0
2676,107.04,500,1055,240,19,17,0
2676,107.04,501,1107,74,10,16,0
2676,107.04,502,1118,328,34,28,0
2676,107.04,503,1150,302,34,42,0
2676,107.04,504,1150,178,18,14,0
2676,107.04,506,1200,364,21,10,0
2676,107.04,508,1212,350,27,26,0
2676,107.04,509,1216,383,16,16,0
2676,107.04,510,1220,238,44,80,0
2676,107.04,511,1224,308,17,17,0
2676,107.04,512,1242,172,33,54,0
2676,107.04,515,1263,220,17,34,0
2676,107.04,516,1264,248,16,22,0
2676,107.04,519,1053,0,19,17,0
2676,107.04,520,1075,76,19,19,0
2676,107.04,521,1075,16,22,20,0
2676,107.04,522,1152,120,16,10,0
2676,107.04,523,1136,0,31,17,0
2676,107.04,524,1175,77,39,37,0
2676,107.04,525,1183,45,26,45,0
2676,107.04,526,1214,144,14,14,0
2676,107.04,527,1247,28,19,20,0
2676,107.04,528,224,612,8,10,0
2676,107.04,529,382,556,22,58,0
2676,107.04,530,13,66,32,37,0
2676,107.04,531,21,490,19,47,0
2676,107.04,534,58,636,30,15,0
2676,107.04,538,149,448,11,15,0
2676,107.04,539,152,465,24,13,0
2676,107.04,540,198,335,28,30,0
2676,107.04,541,181,395,13,20,0
2676,107.04,542,144,410,15,14,0
2676,107.04,543,126,638,19,14,0
2676,107.04,545,162,519,24,10,0
2676,107.04,547,235,510,22,18,0
2676,107.04,548,168,327,17,31,0
2676,107.04,549,178,288,26,14,0
2676,107.04,550,182,298,29,29,0
2676,107.04,551,208,288,51,50,0
2676,107.04,552,320,595,19,16,0
2676,107.04,553,440,653,24,35,0
2676,107.04,554,580,251,16,16,0
2676,107.04,555,706,162,27,28,0
2676,107.04,556,1187,0,29,32,0
2676,107.04,557,1246,0,31,24,0
2676,107.04,558,0,106,43,23,0
2676,107.04,559,0,534,16,23,0
2676,107.04,560,0,541,36,87,0
2676,107.04,561,0,655,100,58,0
2676,107.04,562,23,606,20,25,0
2676,107.04,563,31,226,402,257,0
2676,107.04,564,45,59,23,22,0
2676,107.04,565,60,647,20,21,0
2676,107.04,566,76,652,169,68,0
2676,107.04,567,103,700,26,20,0
2676,107.04,569,184,368,53,36,0
2676,107.04,570,269,334,21,18,0
2676,107.04,571,272,304,16,16,0
2676,107.04,572,272,464,8,24,0
2676,107.04,573,287,380,21,20,0
2676,107.04,574,288,480,12,8,0
2676,107.04,575,296,315,31,53,0
2676,107.04,576,328,54,848,572,0
2676,107.04,577,328,311,16,17,0
2676,107.04,578,336,568,8,22,0
2676,107.04,579,399,0,53,12,0
2676,107.04,580,482,276,65,13,0
2676,107.04,581,524,616,36,25,0
2676,107.04,582,527,611,63,93,0
2676,107.04,583,544,588,18,23,0
2676,107.04,584,563,684,29,14,0
2676,107.04,585,590,688,13,12,0
2676,107.04,586,607,559,39,17,0
2676,107.04,587,648,528,15,8,0
2676,107.04,588,672,544,19,37,0
2676,107.04,589,741,467,487,253,0
2676,107.04,590,760,526,28,48,0
2676,107.04,591,959,577,25,15,0
2676,107.04,592,962,540,47,32,0
2676,107.04,593,1006,592,30,32,0
2676,107.04,594,1024,496,100,66,0
2676,107.04,595,1074,552,20,4,0
2676,107.04,596,1152,501,8,17,0
2676,107.04,597,1158,111,14,13,0
2676,107.04,598,1166,16,25,21,0
2676,107.04,599,1212,0,19,19,0
2676,107.04,600,1225,164,16,22,0
2676,107.04,601,1245,617,35,23,0
2676,107.04,602,313,560,23,31,0
2677,107.08,399,976,592,12,16,0
2677,107.08,400,616,186,14,22,0
2677,107.08,401,599,39,96,154,0
2677,107.08,403,411,318,14,20,0
2677,107.08,404,0,93,25,14,0
2677,107.08,405,0,183,16,10,0
2677,107.08,406,0,251,58,87,0
2677,107.08,407,0,401,23,77,0
2677,107.08,409,20,344,11,8,0
2677,107.08,410,23,248,14,20,0
2677,107.08,411,59,32,51,60,0
2677,107.08,412,72,36,18,17,0
2677,107.08,413,63,198,17,31,0
2677,107.08,415,38,31,38,28,0
2677,107.08,418,200,637,16,11,0
2677,107.08,421,268,703,25,17,0
2677,107.08,422,266,632,24,46,0
2677,107.08,423,276,111,307,130,0
2677,107.08,424,242,691,14,27,0
2677,107.08,425,289,678,15,12,0
2677,107.08,426,289,591,15,9,0
2677,107.08,428,320,695,8,25,0
2677,107.08,429,320,22,36,11,0
2677,107.08,430,361,547,22,39,0
2677,107.08,432,451,0,36,18,0
2677,107.08,433,502,12,29,16,0
2677,107.08,435,512,0,88,32,0
2677,107.08,436,512,239,27,12,0
2677,107.08,439,592,636,32,32,0
2677,107.08,441,624,0,36,13,0
2677,107.08,442,616,676,33,37,0
2677,107.08,443,678,576,63,34,0
2677,107.08,445,662,640,30,17,0
2677,107.08,447,704,101,21,32,0
2677,107.08,448,712,0,32,41,0
2677,107.08,449,720,40,34,25,0
2677,107.08,452,706,162,27,28,0
2677,107.08,453,757,36,11,12,0
2677,107.08,454,1022,480,16,14,0
2677,107.08,455,772,40,19,17,0
2677,107.08,456,725,79,48,33,0
2677,107.08,458,787,80,12,11,0
2677,107.08,459,692,89,24,42,0
2677,107.08,461,824,13,23,69,0
2677,107.08,462,796,528,52,66,0
2677,107.08,463,857,50,40,29,0
2677,107.08,464,857,488,7,16,0
2677,107.08,465,847,81,41,22,0
2677,107.08,472,708,148,15,16,0
2677,107.08,473,985,574,6,28,0
2677,107.08,475,1039,136,17,24,0
2677,107.08,477,1034,432,35,44,0
2677,107.08,478,1051,368,15,16,0
2677,107.08,479,1070,368,116,127,0
2677,107.08,480,1079,447,15,15,0
2677,107.08,481,1107,400,7,16,0
2677,107.08,482,1134,381,30,23,0
2677,107.08,484,1166,392,18,17,0
2677,107.08,485,1175,369,21,25,0
2677,107.08,487,1206,419,25,22,0
2677,107.08,488,1245,641,19,10,0
2677,107.08,489,1233,631,21,12,0
2677,107.08,490,33,115,18,15,0
2677,107.08,493,578,592,16,16,0
2677,107.08,494,651,611,20,12,0
2677,107.08,495,866,580,65,17,0
2677,107.08,496,997,0,60,29,0
2677,107.08,497,1045,31,36,47,0
2677,107.08,498,944,0,29,15,0
2677,107.08,499,1008,129,31,26,0
2677,107.08,500,1055,239,19,18,0
2677,107.08,501,1106,74,11,16,0
2677,107.08,502,1118,328,34,28,0
2677,107.08,503,1150,302,34,42,0
2677,107.08,504,1150,178,18,14,0
2677,107.08,508,1211,350,28,20,0
2677,107.08,510,1220,242,43,78,0
2677,107.08,511,1224,310,17,15,0
2677,107.08,512,1242,172,33,52,0
2677,107.08,515,1260,220,20,34,0
2677,107.08,516,1261,248,19,22,0
2677,107.08,519,1053,0,19,17,0
2677,107.08,520,1075,76,19,19,0
2677,107.08,521,1075,16,22,20,0
2677,107.08,522,1152,120,16,10,0
2677,107.08,523,1136,0,31,17,0
2677,107.08,524,1175,77,39,36,0
2677,107.08,525,1183,45,26,45,0
2677,107.08,527,1255,28,10,18,0
2677,107.08,529,382,560,22,54,0
2677,107.08,530,13,66,32,37,0
2677,107.08,531,21,490,19,47,0
2677,107.08,534,58,636,30,15,0
2677,107.08,538,152,466,24,12,0
2677,107.08,539,149,448,11,15,0
2677,107.08,541,198,335,28,30,0
2677,107.08,543,128,638,24,14,0
2677,107.08,545,162,519,24,10,0
2677,107.08,548,168,327,17,29,0
2677,107.08,549,178,289,26,13,0
2677,107.08,550,182,298,29,29,0
2677,107.08,551,208,288,51,50,0
2677,107.08,553,439,653,27,35,0
2677,107.08,554,580,251,16,16,0
2677,107.08,556,1187,0,29,31,0
2677,107.08,557,1246,0,31,24,0
2677,107.08,558,0,106,43,23,0
2677,107.08,559,0,534,16,23,0
2677,107.08,560,0,541,36,87,0
2677,107.08,561,0,655,100,58,0
2677,107.08,562,23,606,20,25,0
2677,107.08,563,31,226,402,257,0
2677,107.08,564,45,59,23,22,0
2677,107.08,566,77,652,165,68,0
2677,107.08,567,103,700,25,20,0
2677,107.08,568,209,671,17,14,0
2677,107.08,569,192,368,46,34,0
2677,107.08,570,269,334,21,18,0
2677,107.08,571,272,304,16,14,0
2677,107.08,572,272,464,8,24,0
2677,107.08,573,287,380,21,20,0
2677,107.08,574,288,480,12,8,0
2677,107.08,575,296,315,31,53,0
2677,107.08,576,328,11,848,615,0
2677,107.08,577,328,311,16,17,0
2677,107.08,578,363,586,27,30,0
2677,107.08,579,399,0,53,12,0
2677,107.08,580,485,276,62,13,0
2677,107.08,581,523,616,37,25,0
2677,107.08,582,554,611,36,74,0
2677,107.08,583,543,588,19,23,0
2677,107.08,584,563,684,29,13,0
2677,107.08,585,590,688,13,12,0
2677,107.08,586,607,559,39,17,0
2677,107.08,587,648,528,15,8,0
2677,107.08,588,672,544,18,37,0
2677,107.08,589,737,467,487,253,0
2677,107.08,590,760,526,28,48,0
2677,107.08,592,976,528,24,40,0
2677,107.08,593,1006,592,30,32,0
2677,107.08,594,1024,512,51,48,0
2677,107.08,595,1074,552,20,4,0
2677,107.08,596,1152,501,8,17,0
2677,107.08,597,1158,111,14,13,0
2677,107.08,598,1166,16,22,21,0
2677,107.08,599,1212,0,19,19,0
2677,107.08,600,1225,164,16,22,0
2677,107.08,601,1245,617,35,23,0
2677,107.08,602,313,560,18,16,0
2677,107.08,603,527,670,24,17,0
2677,107.08,604,700,132,26,15,0
2677,107.08,605,744,64,40,9,0
2677,107.08,606,751,73,30,15,0
2677,107.08,607,1105,512,19,24,0
2678,107.12,400,616,186,10,20,0
2678,107.12,401,599,39,96,154,0
2678,107.12,403,411,318,14,20,0
2678,107.12,404,0,93,25,14,0
2678,107.12,405,0,183,16,10,0
2678,107.12,406,0,251,58,87,0
2678,107.12,407,0,401,23,78,0
2678,107.12,409,20,344,11,8,0
2678,107.12,410,88,244,11,26,0
2678,107.12,411,59,48,45,44,0
2678,107.12,412,72,36,18,17,0
2678,107.12,413,63,198,17,29,0
2678,107.12,415,38,31,38,28,0
2678,107.12,418,157,683,70,25,0
2678,107.12,419,448,568,22,40,0
2678,107.12,421,228,702,14,18,0
2678,107.12,422,271,648,19,30,0
2678,107.12,423,276,111,307,130,0
2678,107.12,424,242,691,14,27,0
2678,107.12,425,289,678,15,12,0
2678,107.12,430,361,547,22,39,0
2678,107.12,432,451,0,37,19,0
2678,107.12,433,502,12,29,16,0
2678,107.12,435,512,0,88,32,0
2678,107.12,436,513,239,26,12,0
2678,107.12,439,596,636,28,32,0
2678,107.12,441,624,0,36,13,0
2678,107.12,442,624,687,22,23,0
2678,107.12,443,694,578,32,15,0
2678,107.12,447,712,111,13,21,0
2678,107.12,448,712,0,32,41,0
2678,107.12,449,720,40,34,24,0
2678,107.12,456,725,94,47,18,0
2678,107.12,457,796,583,20,11,0
2678,107.12,458,787,80,12,11,0
2678,107.12,459,692,109,15,22,0
2678,107.12,460,733,628,213,92,0
2678,107.12,461,829,31,17,51,0
2678,107.12,462,825,528,7,31,0
2678,107.12,465,847,81,41,22,0
2678,107.12,475,1039,136,17,24,0
2678,107.12,477,1037,432,32,36,0
2678,107.12,478,1051,368,15,16,0
2678,107.12,479,1070,368,65,127,0
2678,107.12,481,1107,400,7,16,0
2678,107.12,482,1134,381,30,23,0
2678,107.12,484,1136,410,50,71,0
2678,107.12,485,1175,369,12,25,0
2678,107.12,487,1206,419,23,19,0
2678,107.12,489,1233,631,21,12,0
2678,107.12,490,33,115,18,15,0
2678,107.12,495,866,580,65,15,0
2678,107.12,496,997,0,53,29,0
2678,107.12,497,1045,32,36,46,0
2678,107.12,499,1008,129,31,26,0
2678,107.12,500,1055,239,19,18,0
2678,107.12,502,1118,328,34,28,0
2678,107.12,503,1150,302,33,42,0
2678,107.12,504,1150,178,18,14,0
2678,107.12,507,1250,304,13,16,0
2678,107.12,508,1211,350,28,20,0
2678,107.12,510,1220,265,14,22,0
2678,107.12,511,1224,310,17,15,0
2678,107.12,512,1255,177,20,46,0
2678,107.12,516,1224,248,22,23,0
2678,107.12,520,1075,76,19,19,0
2678,107.12,522,1152,120,16,10,0
2678,107.12,523,1136,0,16,16,0
2678,107.12,524,1175,77,30,32,0
2678,107.12,525,1183,45,26,43,0
2678,107.12,527,1255,28,10,18,0
2678,107.12,529,382,560,22,54,0
2678,107.12,530,13,66,32,32,0
2678,107.12,531,21,490,19,47,0
2678,107.12,533,31,266,79,217,0
2678,107.12,534,79,652,33,26,0
2678,107.12,540,91,226,342,51,0
2678,107.12,548,168,327,17,17,0
2678,107.12,550,192,303,19,24,0
2678,107.12,551,208,288,51,50,0
2678,107.12,556,1187,0,29,32,0
2678,107.12,557,1246,0,31,24,0
2678,107.12,558,0,106,32,23,0
2678,107.12,559,0,534,16,23,0
2678,107.12,560,0,584,36,44,0
2678,107.12,561,0,655,73,27,0
2678,107.12,562,23,606,20,25,0
2678,107.12,563,198,335,28,30,0
2678,107.12,564,45,59,23,22,0
2678,107.12,565,77,672,18,12,0
2678,107.12,566,126,671,25,16,0
2678,107.12,567,41,686,59,27,0
2678,107.12,568,206,671,20,14,0
2678,107.12,569,204,368,34,17,0
2678,107.12,570,269,334,21,18,0
2678,107.12,571,272,304,16,15,0
2678,107.12,572,272,464,8,24,0
2678,107.12,573,287,381,21,19,0
2678,107.12,574,288,480,12,8,0
2678,107.12,575,296,315,31,53,0
2678,107.12,576,328,16,848,564,0
2678,107.12,577,328,311,16,17,0
2678,107.12,578,363,586,27,30,0
2678,107.12,579,399,0,53,11,0
2678,107.12,580,485,276,62,13,0
2678,107.12,581,523,616,37,25,0
2678,107.12,582,575,653,15,13,0
2678,107.12,583,466,576,16,30,0
2678,107.12,584,564,684,28,13,0
2678,107.12,585,554,666,30,14,0
2678,107.12,586,607,560,39,16,0
2678,107.12,587,648,528,15,8,0
2678,107.12,588,672,544,18,32,0
2678,107.12,590,760,526,28,48,0
2678,107.12,592,992,528,8,18,0
2678,107.12,593,1080,591,10,22,0
2678,107.12,595,1056,512,18,34,0
2678,107.12,596,1152,501,8,17,0
2678,107.12,597,1158,111,14,13,0
2678,107.12,598,1168,16,19,17,0
2678,107.12,599,1212,0,19,19,0
2678,107.12,600,1225,164,16,22,0
2678,107.12,601,1245,617,35,23,0
2678,107.12,602,313,560,18,16,0
2678,107.12,603,527,670,24,17,0
2678,107.12,604,708,148,15,16,0
2678,107.12,607,958,467,264,238,0
2679,107.16,401,599,39,95,154,0
2679,107.16,402,1105,208,13,15,0
2679,107.16,403,411,318,14,20,0
2679,107.16,404,0,94,25,13,0
2679,107.16,405,0,251,18,21,0
2679,107.16,406,25,272,32,46,0
2679,107.16,407,0,401,23,32,0
2679,107.16,409,20,344,12,8,0
2679,107.16,411,59,77,21,15,0
2679,107.16,412,77,36,13,12,0
2679,107.16,413,64,198,16,27,0
2679,107.16,415,38,34,19,16,0
2679,107.16,417,717,440,39,18,0
2679,107.16,419,472,576,10,18,0
2679,107.16,421,157,686,28,15,0
2679,107.16,422,271,648,19,30,0
2679,107.16,423,276,111,304,130,0
2679,107.16,425,289,678,15,12,0
2679,107.16,427,562,503,12,8,0
2679,107.16,430,361,547,22,17,0
2679,107.16,435,544,13,20,19,0
2679,107.16,436,512,239,27,12,0
2679,107.16,439,598,640,26,16,0
2679,107.16,447,742,193,9,16,0
2679,107.16,448,712,0,24,32,0
2679,107.16,449,723,46,16,14,0
2679,107.16,451,328,200,448,380,0
2679,107.16,454,872,336,150,207,0
2679,107.16,455,810,67,15,15,0
2679,107.16,456,749,117,29,78,0
2679,107.16,458,787,80,12,11,0
2679,107.16,460,730,626,212,94,0
2679,107.16,461,829,31,17,51,0
2679,107.16,463,912,104,16,20,0
2679,107.16,464,857,488,7,16,0
2679,107.16,465,847,81,18,14,0
2679,107.16,467,953,44,79,56,0
2679,107.16,468,953,256,22,48,0
2679,107.16,469,921,115,17,14,0
2679,107.16,474,1008,256,22,16,0
2679,107.16,475,1068,168,26,37,0
2679,107.16,476,976,239,198,130,0
2679,107.16,478,1057,368,9,11,0
2679,107.16,480,1085,431,36,49,0
2679,107.16,481,1070,368,42,48,0
2679,107.16,485,1175,369,9,25,0
2679,107.16,489,1233,631,16,12,0
2679,107.16,496,997,0,53,22,0
2679,107.16,497,1060,49,21,27,0
2679,107.16,498,945,16,15,15,0
2679,107.16,499,992,111,15,11,0
2679,107.16,500,1055,239,19,18,0
2679,107.16,502,1118,341,19,8,0
2679,107.16,503,1150,303,32,41,0
2679,107.16,504,1150,178,18,14,0
2679,107.16,512,1262,193,13,30,0
2679,107.16,516,1137,201,39,39,0
2679,107.16,523,1136,0,16,16,0
2679,107.16,524,1177,79,28,30,0
2679,107.16,525,1192,62,26,26,0
2679,107.16,527,1255,28,10,18,0
2679,107.16,533,43,371,26,41,0
2679,107.16,535,32,413,31,69,0
2679,107.16,540,348,216,20,7,0
2679,107.16,541,96,230,274,36,0
2679,107.16,551,218,320,23,17,0
2679,107.16,555,770,340,19,33,0
2679,107.16,556,1188,12,28,20,0
2679,107.16,557,1262,0,15,11,0
2679,107.16,559,0,535,11,22,0
2679,107.16,560,0,584,17,25,0
2679,107.16,561,0,655,56,27,0
2679,107.16,564,48,64,14,16,0
2679,107.16,566,126,671,19,13,0
2679,107.16,567,46,688,23,9,0
2679,107.16,568,209,673,14,12,0
2679,107.16,569,204,374,19,10,0
2679,107.16,571,272,304,16,15,0
2679,107.16,572,272,464,8,24,0
2679,107.16,574,288,480,12,8,0
2679,107.16,575,299,353,5,15,0
2679,107.16,576,765,240,19,30,0
2679,107.16,577,328,311,16,17,0
2679,107.16,580,511,277,36,12,0
2679,107.16,582,576,653,14,13,0
2679,107.16,587,648,528,15,8,0
2679,107.16,590,773,504,17,16,0
2679,107.16,593,996,467,226,237,0
2679,107.16,596,1152,501,8,16,0
2679,107.16,601,1245,617,35,23,0
2679,107.16,604,708,148,12,16,0
2679,107.16,608,0,314,10,22,0
2679,107.16,609,13,317,17,21,0
2679,107.16,610,56,266,54,104,0
2679,107.16,611,372,261,36,14,0
2679,107.16,612,417,285,33,21,0
2679,107.16,613,746,433,20,12,0
2679,107.16,614,751,83,314,426,0
2679,107.16,615,770,417,20,38,0
2679,107.16,616,772,395,16,21,0
2679,107.16,617,791,179,20,45,0
2679,107.16,618,839,368,41,47,0
2679,107.16,619,846,424,10,24,0
2679,107.16,620,882,397,29,20,0
2679,107.16,621,940,88,28,31,0
2680,107.2,401,600,39,93,154,0
2680,107.2,403,411,318,14,20,0
2680,107.2,406,0,251,18,21,0
2680,107.2,410,219,242,72,16,0
2680,107.2,415,40,34,17,16,0
2680,107.2,417,795,320,32,66,0
2680,107.2,419,511,558,16,14,0
2680,107.2,422,271,648,18,30,0
2680,107.2,423,278,114,300,127,0
2680,107.2,425,289,678,15,12,0
2680,107.2,427,560,471,25,10,0
2680,107.2,430,363,547,20,17,0
2680,107.2,438,616,281,60,31,0
2680,107.2,439,598,640,19,16,0
2680,107.2,447,767,272,33,23,0
2680,107.2,448,712,0,24,24,0
2680,107.2,451,528,313,50,27,0
2680,107.2,454,957,400,18,20,0
2680,107.2,455,807,98,18,22,0
2680,107.2,456,761,200,15,27,0
2680,107.2,460,728,625,208,95,0
2680,107.2,463,968,158,8,26,0
2680,107.2,464,880,510,16,18,0
2680,107.2,465,840,107,8,29,0
2680,107.2,466,912,162,23,25,0
2680,107.2,467,990,78,20,17,0
2680,107.2,468,953,256,15,32,0
2680,107.2,469,893,117,18,21,0
2680,107.2,471,963,209,23,9,0
2680,107.2,474,984,267,8,20,0
2680,107.2,475,1122,240,21,24,0
2680,107.2,476,1127,272,11,13,0
2680,107.2,478,1057,368,9,11,0
2680,107.2,481,1039,299,68,66,0
2680,107.2,489,1198,584,8,40,0
2680,107.2,491,621,312,26,14,0
2680,107.2,495,892,626,30,33,0
2680,107.2,496,1036,0,14,14,0
2680,107.2,500,989,220,16,38,0
2680,107.2,502,1088,290,62,49,0
2680,107.2,504,1152,178,15,14,0
2680,107.2,510,1152,256,15,22,0
2680,107.2,518,1006,46,24,22,0
2680,107.2,525,1194,62,13,22,0
2680,107.2,533,48,416,9,23,0
2680,107.2,549,130,230,72,18,0
2680,107.2,555,773,340,10,33,0
2680,107.2,561,0,672,31,10,0
2680,107.2,562,0,660,16,8,0
2680,107.2,567,28,660,28,12,0
2680,107.2,573,348,344,37,44,0
2680,107.2,576,797,228,20,43,0
2680,107.2,577,328,311,16,17,0
2680,107.2,588,697,496,19,24,0
2680,107.2,590,808,440,8,24,0
2680,107.2,593,1175,583,9,16,0
2680,107.2,595,983,441,33,29,0
2680,107.2,596,1165,487,57,77,0
2680,107.2,604,708,148,12,16,0
2680,107.2,607,1072,640,17,32,0
2680,107.2,611,296,251,74,15,0
2680,107.2,612,473,297,14,13,0
2680,107.2,613,685,381,11,41,0
2680,107.2,614,862,297,52,67,0
2680,107.2,616,726,357,34,33,0
2680,107.2,617,800,138,36,83,0
2680,107.2,618,847,378,19,15,0
2680,107.2,620,885,400,103,143,0
2680,107.2,622,369,320,324,247,0
2680,107.2,623,380,314,24,38,0
2680,107.2,624,482,520,19,24,0
2680,107.2,625,560,428,20,42,0
2680,107.2,626,688,359,21,16,0
2680,107.2,627,696,288,14,28,0
2680,107.2,628,704,334,37,29,0
2680,107.2,629,713,292,30,31,0
2680,107.2,630,729,331,25,21,0
2680,107.2,631,797,316,11,26,0
2680,107.2,632,815,137,134,170,0
2680,107.2,633,838,320,22,40,0
2680,107.2,634,844,300,16,14,0
2680,107.2,635,949,198,19,38,0
2680,107.2,636,952,238,8,10,0
2680,107.2,637,981,344,11,25,0
2680,107.2,638,985,192,23,16,0
2680,107.2,639,992,304,16,17,0
2680,107.2,640,1089,569,109,119,0
2681,107.24,401,600,40,93,153,0
2681,107.24,403,411,318,14,20,0
2681,107.24,410,296,251,74,15,0
2681,107.24,415,40,34,17,16,0
2681,107.24,417,830,175,119,132,0
2681,107.24,419,511,558,16,14,0
2681,107.24,421,28,660,28,12,0
2681,107.24,422,271,648,18,30,0
2681,107.24,423,278,114,300,127,0
2681,107.24,425,289,678,15,12,0
2681,107.24,427,560,471,25,10,0
2681,107.24,438,640,272,36,40,0
2681,107.24,439,598,640,19,16,0
2681,107.24,447,808,320,19,42,0
2681,107.24,448,712,0,25,24,0
2681,107.24,454,953,424,17,32,0
2681,107.24,455,840,107,8,29,0
2681,107.24,456,767,272,32,20,0
2681,107.24,458,807,98,18,22,0
2681,107.24,460,728,622,203,98,0
2681,107.24,463,992,239,8,19,0
2681,107.24,464,880,510,16,18,0
2681,107.24,465,800,138,24,83,0
2681,107.24,466,912,162,15,15,0
2681,107.24,467,990,78,20,17,0
2681,107.24,468,953,256,15,32,0
2681,107.24,469,893,117,18,21,0
2681,107.24,471,963,209,23,9,0
2681,107.24,474,920,265,23,40,0
2681,107.24,478,1039,299,68,66,0
2681,107.24,481,984,267,8,20,0
2681,107.24,484,1089,609,69,79,0
2681,107.24,489,1175,583,9,16,0
2681,107.24,491,621,312,26,12,0
2681,107.24,502,1127,272,11,13,0
2681,107.24,503,1101,290,49,50,0
2681,107.24,504,1152,178,15,14,0
2681,107.24,510,1122,240,21,24,0
2681,107.24,516,968,158,8,26,0
2681,107.24,518,1006,46,24,22,0
2681,107.24,519,1036,0,14,14,0
2681,107.24,533,48,416,9,23,0
2681,107.24,549,130,230,72,18,0
2681,107.24,555,738,360,16,8,0
2681,107.24,561,0,672,31,10,0
2681,107.24,562,0,660,16,8,0
2681,107.24,573,401,341,13,12,0
2681,107.24,576,815,219,49,53,0
2681,107.24,577,348,344,37,44,0
2681,107.24,588,697,496,14,18,0
2681,107.24,592,969,476,15,34,0
2681,107.24,593,1198,584,7,25,0
2681,107.24,595,957,400,18,20,0
2681,107.24,596,1170,487,52,77,0
2681,107.24,604,708,148,12,16,0
2681,107.24,607,1079,649,9,26,0
2681,107.24,610,40,279,14,9,0
2681,107.24,611,219,242,72,16,0
2681,107.24,612,526,313,52,31,0
2681,107.24,613,557,344,16,31,0
2681,107.24,614,862,297,52,67,0
2681,107.24,615,808,440,8,24,0
2681,107.24,616,726,364,27,23,0
2681,107.24,617,846,162,18,12,0
2681,107.24,618,847,378,19,15,0
2681,107.24,620,950,504,15,17,0
2681,107.24,621,890,137,18,33,0
2681,107.24,622,369,320,318,247,0
2681,107.24,623,380,317,24,35,0
2681,107.24,624,482,520,19,24,0
2681,107.24,625,560,428,20,42,0
2681,107.24,626,688,359,21,16,0
2681,107.24,627,696,288,14,28,0
2681,107.24,628,716,344,25,10,0
2681,107.24,630,729,331,23,21,0
2681,107.24,631,797,316,11,26,0
2681,107.24,632,809,198,15,18,0
2681,107.24,633,838,320,22,40,0
2681,107.24,634,844,300,16,14,0
2681,107.24,635,949,198,19,38,0
2681,107.24,636,952,238,8,10,0
2681,107.24,637,981,344,11,25,0
2681,107.24,638,985,192,23,16,0
2681,107.24,639,992,304,16,17,0
2681,107.24,640,1131,572,67,102,0
2681,107.24,641,364,392,8,16,0
2681,107.24,642,753,177,17,16,0
2681,107.24,643,761,200,15,27,0
2681,107.24,644,797,228,20,43,0
2681,107.24,645,885,400,87,137,0
2682,107.28,401,600,40,93,153,0
2682,107.28,403,411,318,14,20,0
2682,107.28,419,511,558,16,14,0
2682,107.28,422,271,648,18,30,0
2682,107.28,423,276,118,302,123,0
2682,107.28,425,289,678,15,12,0
2682,107.28,427,560,471,24,10,0
2682,107.28,430,423,518,11,19,0
2682,107.28,438,640,272,36,40,0
2682,107.28,455,840,107,8,29,0
2682,107.28,456,808,320,19,42,0
2682,107.28,458,807,98,18,22,0
2682,107.28,460,728,618,200,102,0
2682,107.28,463,1040,321,25,15,0
2682,107.28,465,800,191,17,30,0
2682,107.28,468,928,284,14,21,0
2682,107.28,469,893,117,18,21,0
2682,107.28,471,963,209,23,9,0
2682,107.28,481,845,175,104,132,0
2682,107.28,482,1091,352,16,13,0
2682,107.28,483,1120,653,16,14,0
2682,107.28,484,1103,672,20,16,0
2682,107.28,489,1175,583,9,16,0
2682,107.28,491,621,312,26,12,0
2682,107.28,500,845,232,19,10,0
2682,107.28,503,1102,290,48,50,0
2682,107.28,549,135,233,67,10,0
2682,107.28,555,738,360,16,8,0
2682,107.28,561,11,672,20,10,0
2682,107.28,562,0,660,16,8,0
2682,107.28,567,28,660,28,12,0
2682,107.28,571,219,242,72,16,0
2682,107.28,576,819,238,29,34,0
2682,107.28,577,367,344,18,44,0
2682,107.28,585,444,532,41,35,0
2682,107.28,588,622,456,44,11,0
2682,107.28,592,969,477,15,33,0
2682,107.28,593,1198,584,7,25,0
2682,107.28,595,924,400,8,33,0
2682,107.28,596,1170,487,33,61,0
2682,107.28,604,708,148,12,16,0
2682,107.28,607,1079,648,9,27,0
2682,107.28,612,555,325,109,91,0
2682,107.28,613,401,341,13,12,0
2682,107.28,614,862,297,52,67,0
2682,107.28,615,808,440,8,23,0
2682,107.28,616,726,364,27,23,0
2682,107.28,617,890,137,18,33,0
2682,107.28,621,846,162,18,12,0
2682,107.28,622,386,328,174,187,0
2682,107.28,623,380,317,24,35,0
2682,107.28,624,488,520,11,8,0
2682,107.28,625,592,440,31,12,0
2682,107.28,626,688,359,21,16,0
2682,107.28,627,696,288,14,28,0
2682,107.28,628,716,344,25,10,0
2682,107.28,629,768,272,31,20,0
2682,107.28,630,729,328,23,24,0
2682,107.28,631,797,316,11,26,0
2682,107.28,632,809,198,15,18,0
2682,107.28,633,838,320,22,40,0
2682,107.28,634,844,300,16,14,0
2682,107.28,635,949,198,19,38,0
2682,107.28,636,952,238,8,10,0
2682,107.28,637,981,344,11,25,0
2682,107.28,638,992,239,8,19,0
2682,107.28,640,1144,572,33,100,0
2682,107.28,641,348,363,17,23,0
2682,107.28,642,800,138,24,40,0
2682,107.28,643,762,200,14,24,0
2682,107.28,644,797,228,20,43,0
2682,107.28,645,885,450,87,87,0
2682,107.28,646,296,251,62,12,0
2682,107.28,647,369,440,36,72,0
2682,107.28,648,543,365,19,34,0
2682,107.28,649,584,389,40,35,0
2682,107.28,650,599,416,33,17,0
2682,107.28,651,638,408,43,48,0
2682,107.28,652,641,350,16,18,0
2682,107.28,653,668,336,19,24,0
2682,107.28,654,824,220,11,12,0
2682,107.28,655,1105,624,16,14,0
2682,107.28,656,1133,633,21,22,0
2682,107.28,657,1148,609,10,23,0
2683,107.32,401,600,40,93,153,0
2683,107.32,423,276,118,302,123,0
2683,107.32,425,289,678,15,10,0
2683,107.32,430,444,532,20,20,0
2683,107.32,450,770,706,24,14,0
2683,107.32,454,896,450,76,87,0
2683,107.32,455,840,112,8,24,0
2683,107.32,458,807,98,18,22,0
2683,107.32,460,727,616,199,104,0
2683,107.32,465,845,232,19,10,0
2683,107.32,466,863,173,38,46,0
2683,107.32,482,1091,352,16,13,0
2683,107.32,489,1144,572,29,34,0
2683,107.32,491,621,312,26,12,0
2683,107.32,503,1104,298,40,42,0
2683,107.32,549,135,233,67,10,0
2683,107.32,555,738,360,16,8,0
2683,107.32,571,219,242,72,16,0
2683,107.32,576,821,253,27,19,0
2683,107.32,577,368,344,17,24,0
2683,107.32,585,423,518,11,19,0
2683,107.32,588,616,376,32,40,0
2683,107.32,590,845,191,103,104,0
2683,107.32,592,969,477,15,33,0
2683,107.32,593,1198,584,7,25,0
2683,107.32,595,924,401,8,32,0
2683,107.32,596,1173,487,24,37,0
2683,107.32,607,1079,648,9,27,0
2683,107.32,612,665,416,16,24,0
2683,107.32,614,862,297,41,67,0
2683,107.32,616,737,376,16,11,0
2683,107.32,621,800,138,24,39,0
2683,107.32,622,386,328,174,187,0
2683,107.32,623,381,335,16,17,0
2683,107.32,624,488,520,11,8,0
2683,107.32,625,622,456,42,11,0
2683,107.32,626,616,360,26,16,0
2683,107.32,627,696,297,14,19,0
2683,107.32,628,716,344,25,10,0
2683,107.32,629,768,272,18,20,0
2683,107.32,630,729,328,23,24,0
2683,107.32,631,809,336,18,26,0
2683,107.32,632,812,198,12,18,0
2683,107.32,633,838,320,12,40,0
2683,107.32,636,952,238,8,10,0
2683,107.32,640,1148,606,28,66,0
2683,107.32,641,369,369,11,19,0
2683,107.32,642,846,162,18,12,0
2683,107.32,644,798,228,19,43,0
2683,107.32,646,296,251,62,12,0
2683,107.32,647,373,440,32,58,0
2683,107.32,648,574,340,68,54,0
2683,107.32,649,584,389,40,35,0
2683,107.32,650,599,416,33,17,0
2683,107.32,651,638,408,38,48,0
2683,107.32,652,641,350,16,18,0
2683,107.32,653,617,325,47,16,0
2683,107.32,654,824,220,11,12,0
2683,107.32,656,1136,633,18,12,0
2683,107.32,657,1148,609,10,23,0
2683,107.32,658,1176,526,24,27,0
2684,107.36,401,600,40,93,153,0
2684,107.36,403,423,328,77,50,0
2684,107.36,422,274,660,15,18,0
2684,107.36,423,276,118,300,123,0
2684,107.36,425,289,678,15,10,0
2684,107.36,430,444,532,20,20,0
2684,107.36,447,895,454,72,83,0
2684,107.36,454,950,506,17,15,0
2684,107.36,455,840,112,8,16,0
2684,107.36,458,807,98,18,22,0
2684,107.36,460,727,609,196,111,0
2684,107.36,465,845,210,79,81,0
2684,107.36,466,846,162,18,12,0
2684,107.36,482,1091,352,15,13,0
2684,107.36,489,1144,583,8,23,0
2684,107.36,491,617,325,47,16,0
2684,107.36,503,1104,318,18,20,0
2684,107.36,505,1108,298,36,25,0
2684,107.36,549,135,233,67,10,0
2684,107.36,555,738,360,16,8,0
2684,107.36,571,219,242,72,15,0
2684,107.36,576,826,253,22,11,0
2684,107.36,577,368,344,17,24,0
2684,107.36,585,423,518,11,19,0
2684,107.36,588,576,340,66,54,0
2684,107.36,592,972,493,11,17,0
2684,107.36,595,924,408,8,25,0
2684,107.36,596,1173,487,24,37,0
2684,107.36,614,865,298,38,38,0
2684,107.36,616,737,376,16,11,0
2684,107.36,622,399,375,161,140,0
2684,107.36,623,381,335,16,17,0
2684,107.36,624,488,520,11,8,0
2684,107.36,625,625,456,39,11,0
2684,107.36,627,696,297,14,19,0
2684,107.36,628,716,344,25,10,0
2684,107.36,629,768,272,18,20,0
2684,107.36,630,729,328,23,24,0
2684,107.36,631,809,349,18,13,0
2684,107.36,632,803,159,21,18,0
2684,107.36,633,810,336,11,12,0
2684,107.36,635,922,203,22,27,0
2684,107.36,636,952,238,8,10,0
2684,107.36,641,369,369,11,19,0
2684,107.36,642,877,173,24,46,0
2684,107.36,644,800,228,17,36,0
2684,107.36,646,296,251,32,8,0
2684,107.36,647,373,440,29,40,0
2684,107.36,649,584,389,48,44,0
2684,107.36,650,640,448,17,8,0
2684,107.36,651,648,408,16,13,0
2684,107.36,652,616,360,26,16,0
2684,107.36,654,845,232,19,10,0
2684,107.36,657,1158,624,10,14,0
2684,107.36,658,1183,526,17,27,0
2684,107.36,659,386,420,18,19,0
2685,107.4,401,599,40,94,153,0
2685,107.4,403,429,328,71,50,0
2685,107.4,422,274,660,15,18,0
2685,107.4,423,276,118,300,117,0
2685,107.4,425,289,678,15,10,0
2685,107.4,427,540,425,18,31,0
2685,107.4,430,449,483,38,29,0
2685,107.4,456,896,509,20,19,0
2685,107.4,460,727,605,192,115,0
2685,107.4,464,909,454,57,82,0
2685,107.4,466,803,160,21,17,0
2685,107.4,482,1091,352,15,13,0
2685,107.4,503,1129,311,15,12,0
2685,107.4,505,1108,298,15,19,0
2685,107.4,549,135,233,67,10,0
2685,107.4,571,253,247,33,8,0
2685,107.4,576,826,253,22,11,0
2685,107.4,585,388,463,14,17,0
2685,107.4,588,584,382,10,12,0
2685,107.4,592,972,493,11,17,0
2685,107.4,596,1173,488,19,36,0
2685,107.4,616,735,373,18,14,0
2685,107.4,622,484,467,22,13,0
2685,107.4,624,488,520,11,8,0
2685,107.4,625,640,456,19,11,0
2685,107.4,626,516,415,23,18,0
2685,107.4,627,696,297,14,19,0
2685,107.4,628,716,344,22,9,0
2685,107.4,630,729,331,23,20,0
2685,107.4,635,922,203,21,25,0
2685,107.4,641,369,370,11,18,0
2685,107.4,642,877,191,19,28,0
2685,107.4,644,848,232,16,8,0
2685,107.4,646,296,252,32,6,0
2685,107.4,647,373,440,15,25,0
2685,107.4,649,612,416,12,16,0
2685,107.4,651,584,391,24,33,0
2685,107.4,652,591,344,23,25,0
2685,107.4,654,859,210,65,81,0
2685,107.4,659,386,420,18,19,0
2685,107.4,660,400,376,140,130,0
2686,107.44,401,599,40,94,153,0
2686,107.44,403,429,328,71,50,0
2686,107.44,422,274,660,15,18,0
2686,107.44,423,284,118,292,117,0
2686,107.44,425,289,678,15,10,0
2686,107.44,427,540,425,18,31,0
2686,107.44,430,484,467,22,13,0
2686,107.44,457,896,509,20,19,0
2686,107.44,460,727,604,188,116,0
2686,107.44,464,909,470,54,66,0
2686,107.44,466,803,160,14,17,0
2686,107.44,482,1091,352,15,13,0
2686,107.44,491,584,382,10,12,0
2686,107.44,503,1129,311,15,12,0
2686,107.44,505,1108,301,15,16,0
2686,107.44,549,135,233,42,8,0
2686,107.44,576,848,232,16,8,0
2686,107.44,588,584,391,24,33,0
2686,107.44,595,927,454,32,23,0
2686,107.44,596,1173,488,19,36,0
2686,107.44,616,735,373,18,14,0
2686,107.44,622,486,443,54,63,0
2686,107.44,624,488,520,11,8,0
2686,107.44,626,500,457,15,17,0
2686,107.44,627,696,297,14,19,0
2686,107.44,635,922,203,21,25,0
2686,107.44,642,880,191,16,17,0
2686,107.44,644,859,210,65,81,0
2686,107.44,646,296,252,32,7,0
2686,107.44,649,612,416,12,16,0
2686,107.44,651,516,415,23,18,0
2686,107.44,652,591,344,23,25,0
2686,107.44,659,386,418,18,21,0
2686,107.44,660,400,376,117,126,0
2686,107.44,661,449,483,38,29,0
2687,107.48,401,600,47,92,146,0
2687,107.48,403,455,377,12,28,0
2687,107.48,423,344,121,227,114,0
2687,107.48,430,490,401,15,24,0
2687,107.48,460,727,598,185,122,0
2687,107.48,571,297,183,16,18,0
2687,107.48,576,882,222,29,25,0
2687,107.48,595,932,480,22,23,0
2687,107.48,614,884,245,34,27,0
2687,107.48,642,896,211,14,13,0
2687,107.48,644,873,237,14,22,0
2687,107.48,646,318,192,34,12,0
2687,107.48,651,420,400,89,85,0
2687,107.48,660,418,390,31,28,0
2687,107.48,662,299,165,13,18,0
2687,107.48,663,324,129,30,17,0
2688,107.52,401,600,47,92,146,0
2688,107.52,403,420,400,89,85,0
2688,107.52,423,344,121,227,114,0
2688,107.52,430,455,377,12,28,0
2688,107.52,457,932,480,22,23,0
2688,107.52,460,727,592,183,122,0
2688,107.52,491,490,401,15,24,0
2688,107.52,571,297,183,16,18,0
2688,107.52,614,882,222,29,25,0
2688,107.52,642,896,211,14,13,0
2688,107.52,644,873,237,14,22,0
2688,107.52,646,318,192,34,12,0
2688,107.52,648,884,248,28,24,0
2688,107.52,660,418,390,31,28,0
2688,107.52,662,299,165,13,18,0
2688,107.52,663,324,129,38,27,0
2689,107.56,401,600,47,92,146,0
2689,107.56,423,344,121,227,114,0
2689,107.56,427,490,401,15,24,0
2689,107.56,430,455,377,12,28,0
2689,107.56,457,932,480,22,23,0
2689,107.56,460,727,587,181,118,0
2689,107.56,491,420,400,89,85,0
2689,107.56,571,297,183,16,18,0
2689,107.56,614,882,222,29,25,0
2689,107.56,635,884,248,28,24,0
2689,107.56,642,896,211,14,13,0
2689,107.56,644,873,237,14,22,0
2689,107.56,646,318,192,34,12,0
2689,107.56,660,418,390,31,28,0
2689,107.56,662,299,165,13,18,0
2689,107.56,663,324,129,38,27,0
2690,107.6,401,600,47,92,146,0
2690,107.6,423,344,121,227,114,0
2690,107.6,427,490,401,15,24,0
2690,107.6,430,455,377,12,28,0
2690,107.6,457,932,480,22,23,0
2690,107.6,460,727,584,179,112,0
2690,107.6,491,420,400,89,85,0
2690,107.6,571,297,183,16,18,0
2690,107.6,614,882,222,29,25,0
2690,107.6,635,884,248,28,24,0
2690,107.6,642,895,211,15,13,0
2690,107.6,644,873,237,14,22,0
2690,107.6,646,318,192,34,12,0
2690,107.6,660,418,390,31,28,0
2690,107.6,662,299,165,13,18,0
2690,107.6,663,324,129,38,27,0
2691,107.64,401,600,47,92,146,0
2691,107.64,423,344,121,227,114,0
2691,107.64,427,490,401,15,24,0
2691,107.64,430,455,377,12,28,0
2691,107.64,457,932,480,22,23,0
2691,107.64,460,727,580,179,107,0
2691,107.64,491,420,400,89,85,0
2691,107.64,571,297,183,16,18,0
2691,107.64,614,882,222,29,25,0
2691,107.64,635,884,245,34,27,0
2691,107.64,642,896,211,14,13,0
2691,107.64,644,873,237,14,22,0
2691,107.64,646,318,192,34,12,0
2691,107.64,660,418,390,31,28,0
2691,107.64,662,299,165,13,18,0
2691,107.64,663,324,129,38,27,0
2692,107.68,401,600,47,92,146,0
2692,107.68,423,344,121,227,114,0
2692,107.68,427,490,401,15,24,0
2692,107.68,430,455,377,12,28,0
2692,107.68,457,932,480,22,23,0
2692,107.68,460,723,574,181,101,0
2692,107.68,491,420,400,89,85,0
2692,107.68,571,297,183,16,18,0
2692,107.68,614,882,222,29,25,0
2692,107.68,635,884,248,28,24,0
2692,107.68,642,896,211,14,13,0
2692,107.68,644,873,237,14,22,0
2692,107.68,646,318,192,34,12,0
2692,107.68,660,418,390,31,28,0
2692,107.68,662,299,165,13,18,0
2692,107.68,663,324,129,38,27,0
2693,107.72,401,600,47,92,146,0
2693,107.72,423,344,121,227,114,0
2693,107.72,427,490,401,15,24,0
2693,107.72,430,455,377,12,28,0
2693,107.72,457,932,480,22,23,0
2693,107.72,460,727,570,175,100,0
2693,107.72,491,420,400,89,85,0
2693,107.72,571,297,183,16,18,0
2693,107.72,614,882,222,29,25,0
2693,107.72,635,884,248,28,24,0
2693,107.72,642,896,211,14,13,0
2693,107.72,644,873,237,14,22,0
2693,107.72,646,318,192,34,12,0
2693,107.72,660,418,390,31,28,0
2693,107.72,662,299,165,13,18,0
2693,107.72,663,324,129,38,27,0
2694,107.76,397,692,608,23,23,0
2694,107.76,401,600,47,92,146,0
2694,107.76,423,344,121,227,114,0
2694,107.76,427,490,401,15,24,0
2694,107.76,430,455,377,12,28,0
2694,107.76,457,932,480,22,23,0
2694,107.76,460,718,564,180,106,0
2694,107.76,491,420,400,89,85,0
2694,107.76,571,297,183,16,18,0
2694,107.76,614,882,222,29,25,0
2694,107.76,635,884,248,28,24,0
2694,107.76,642,896,211,14,13,0
2694,107.76,644,873,237,14,22,0
2694,107.76,646,318,192,34,12,0
2694,107.76,660,418,390,31,28,0
2694,107.76,662,299,165,13,18,0
2694,107.76,663,324,129,38,27,0
2695,107.8,401,600,47,92,146,0
2695,107.8,423,344,121,227,114,0
2695,107.8,427,490,401,15,24,0
2695,107.8,430,455,377,12,28,0
2695,107.8,457,932,480,22,23,0
2695,107.8,460,688,558,206,112,0
2695,107.8,491,420,400,89,85,0
2695,107.8,571,297,183,16,18,0
2695,107.8,614,882,222,29,25,0
2695,107.8,635,884,245,34,27,0
2695,107.8,642,896,211,14,13,0
2695,107.8,644,873,237,14,22,0
2695,107.8,646,318,192,34,12,0
2695,107.8,660,418,390,31,28,0
2695,107.8,662,299,165,13,18,0
2695,107.8,663,324,129,38,27,0
2696,107.84,401,600,47,92,146,0
2696,107.84,423,359,126,212,107,0
2696,107.84,427,490,401,15,24,0
2696,107.84,430,455,377,12,28,0
2696,107.84,457,932,480,22,23,0
2696,107.84,460,688,552,204,118,0
2696,107.84,491,420,400,89,85,0
2696,107.84,571,297,183,16,18,0
2696,107.84,614,882,222,29,25,0
2696,107.84,635,884,245,34,27,0
2696,107.84,642,896,211,14,13,0
2696,107.84,644,873,237,14,22,0
2696,107.84,646,318,192,29,8,0
2696,107.84,660,418,390,31,28,0
2696,107.84,662,302,165,10,15,0
2696,107.84,663,324,129,38,27,0
2696,107.84,664,345,154,43,41,0
2697,107.88,397,689,544,19,40,0
2697,107.88,401,600,47,92,146,0
2697,107.88,423,345,126,226,109,0
2697,107.88,427,490,401,15,24,0
2697,107.88,430,455,377,12,28,0
2697,107.88,457,932,480,22,23,0
2697,107.88,460,708,545,180,124,0
2697,107.88,491,420,400,89,85,0
2697,107.88,614,882,222,29,25,0
2697,107.88,635,884,245,34,27,0
2697,107.88,642,896,211,14,13,0
2697,107.88,644,873,237,14,22,0
2697,107.88,660,418,390,31,28,0
2697,107.88,662,299,165,13,18,0
2697,107.88,663,332,129,21,17,0
2698,107.92,401,600,47,92,146,0
2698,107.92,423,359,126,212,109,0
2698,107.92,427,490,401,15,24,0
2698,107.92,430,455,377,12,28,0
2698,107.92,457,932,480,22,23,0
2698,107.92,460,693,536,191,133,0
2698,107.92,491,420,400,89,85,0
2698,107.92,614,882,222,29,25,0
2698,107.92,635,884,245,34,27,0
2698,107.92,642,896,211,14,13,0
2698,107.92,644,873,237,14,22,0
2698,107.92,646,319,192,17,8,0
2698,107.92,660,418,390,31,28,0
2698,107.92,662,302,165,10,15,0
2698,107.92,663,324,130,30,16,0
2698,107.92,664,345,154,43,41,0
2699,107.96,401,600,47,92,146,0
2699,107.96,423,344,126,227,109,0
2699,107.96,427,490,401,15,24,0
2699,107.96,430,455,377,12,28,0
2699,107.96,457,932,480,22,23,0
2699,107.96,460,698,530,182,138,0
2699,107.96,491,420,400,89,85,0
2699,107.96,614,882,222,29,25,0
2699,107.96,635,884,245,34,27,0
2699,107.96,642,896,211,14,13,0
2699,107.96,644,873,237,14,22,0
2699,107.96,646,319,192,17,8,0
2699,107.96,660,418,390,31,28,0
2699,107.96,662,299,165,13,18,0
2699,107.96,663,324,129,30,17,0
2700,108.0,401,600,47,92,146,0
2700,108.0,423,344,126,227,107,0
2700,108.0,427,490,401,15,24,0
2700,108.0,430,455,377,12,28,0
2700,108.0,457,932,480,22,23,0
2700,108.0,460,702,522,175,143,0
2700,108.0,491,420,400,89,85,0
2700,108.0,571,297,183,15,17,0
2700,108.0,614,882,222,29,25,0
2700,108.0,635,884,245,34,27,0
2700,108.0,642,896,211,14,13,0
2700,108.0,644,873,237,14,22,0
2700,108.0,646,319,192,17,8,0
2700,108.0,660,418,390,31,28,0
2700,108.0,662,299,165,13,18,0
2700,108.0,663,324,129,30,17,0
2701,108.04,401,600,47,92,146,0
2701,108.04,423,344,126,227,109,0
2701,108.04,427,490,401,15,24,0
2701,108.04,430,455,377,12,28,0
2701,108.04,457,932,480,22,23,0
2701,108.04,460,701,512,173,146,0
2701,108.04,491,420,400,89,85,0
2701,108.04,614,882,222,29,25,0
2701,108.04,635,884,245,34,27,0
2701,108.04,642,896,211,14,13,0
2701,108.04,644,873,237,14,22,0
2701,108.04,646,319,192,17,8,0
2701,108.04,660,418,390,31,28,0
2701,108.04,662,299,165,13,18,0
2701,108.04,663,334,131,20,15,0
2702,108.08,401,600,47,92,146,0
2702,108.08,423,344,126,227,109,0
2702,108.08,427,490,401,15,24,0
2702,108.08,430,455,377,12,28,0
2702,108.08,457,932,480,22,23,0
2702,108.08,460,701,504,169,142,0
2702,108.08,491,420,400,89,85,0
2702,108.08,614,882,222,29,25,0
2702,108.08,635,884,245,34,27,0
2702,108.08,642,896,211,14,13,0
2702,108.08,644,873,237,14,22,0
2702,108.08,646,319,192,17,8,0
2702,108.08,660,418,390,31,28,0
2702,108.08,662,299,165,13,18,0
2702,108.08,663,334,131,20,15,0
2703,108.12,401,600,47,92,146,0
2703,108.12,423,344,126,227,109,0
2703,108.12,427,490,401,15,24,0
2703,108.12,430,455,377,12,28,0
2703,108.12,457,932,480,22,23,0
2703,108.12,460,701,494,167,133,0
2703,108.12,491,420,400,89,85,0
2703,108.12,614,882,222,29,25,0
2703,108.12,635,884,245,34,27,0
2703,108.12,642,896,211,14,13,0
2703,108.12,644,873,237,14,22,0
2703,108.12,646,319,192,17,8,0
2703,108.12,660,418,390,31,28,0
2703,108.12,662,299,165,13,18,0
2703,108.12,663,334,131,20,15,0
2704,108.16,393,744,604,17,14,0
2704,108.16,401,600,47,92,146,0
2704,108.16,423,344,126,227,109,0
2704,108.16,427,490,401,15,24,0
2704,108.16,430,455,377,12,28,0
2704,108.16,457,932,480,22,23,0
2704,108.16,460,701,484,165,124,0
2704,108.16,491,420,400,89,85,0
2704,108.16,614,882,222,29,25,0
2704,108.16,635,884,245,34,27,0
2704,108.16,642,896,211,14,13,0
2704,108.16,644,873,237,14,22,0
2704,108.16,646,319,192,17,8,0
2704,108.16,660,418,390,31,28,0
2704,108.16,662,299,165,13,18,0
2704,108.16,663,334,131,20,15,0
2705,108.2,393,741,587,14,16,0
2705,108.2,401,600,47,92,146,0
2705,108.2,423,344,129,227,106,0
2705,108.2,427,490,401,15,24,0
2705,108.2,430,455,377,12,28,0
2705,108.2,457,932,480,22,23,0
2705,108.2,460,701,474,163,118,0
2705,108.2,491,420,400,89,85,0
2705,108.2,614,882,222,29,25,0
2705,108.2,635,884,245,34,27,0
2705,108.2,642,896,211,14,13,0
2705,108.2,644,873,237,14,22,0
2705,108.2,646,319,192,17,8,0
2705,108.2,660,418,390,31,28,0
2705,108.2,662,299,165,13,18,0
2705,108.2,663,334,131,20,15,0
2705,108.2,664,378,126,30,22,0
2706,108.24,393,736,568,13,18,0
2706,108.24,401,600,47,92,146,0
2706,108.24,423,344,129,227,106,0
2706,108.24,427,490,402,15,23,0
2706,108.24,430,455,377,12,28,0
2706,108.24,457,932,478,22,25,0
2706,108.24,460,701,464,161,112,0
2706,108.24,491,420,400,89,85,0
2706,108.24,614,880,222,31,20,0
2706,108.24,635,884,248,28,24,0
2706,108.24,642,896,211,14,13,0
2706,108.24,644,873,237,14,17,0
2706,108.24,646,319,192,17,8,0
2706,108.24,660,418,390,31,25,0
2706,108.24,662,299,165,13,18,0
2706,108.24,663,334,131,20,12,0
2706,108.24,664,378,126,30,21,0
2707,108.28,401,600,47,92,146,0
2707,108.28,423,344,129,227,104,0
2707,108.28,427,490,401,15,24,0
2707,108.28,457,932,480,22,23,0
2707,108.28,460,701,456,159,118,0
2707,108.28,491,420,400,89,85,0
2707,108.28,614,880,222,31,25,0
2707,108.28,635,884,248,18,18,0
2707,108.28,642,896,211,14,13,0
2707,108.28,644,873,237,14,20,0
2707,108.28,646,319,192,17,8,0
2707,108.28,660,418,390,31,28,0
2707,108.28,662,299,165,13,18,0
2707,108.28,663,334,131,20,15,0
2707,108.28,664,378,126,30,21,0
2708,108.32,401,600,47,92,146,0
2708,108.32,423,344,129,227,104,0
2708,108.32,427,490,402,15,23,0
2708,108.32,457,932,478,22,25,0
2708,108.32,460,701,450,157,124,0
2708,108.32,491,420,400,89,85,0
2708,108.32,614,880,222,31,20,0
2708,108.32,635,884,245,34,21,0
2708,108.32,642,896,211,14,13,0
2708,108.32,644,873,237,14,22,0
2708,108.32,646,319,192,17,8,0
2708,108.32,660,418,390,31,28,0
2708,108.32,662,299,165,13,18,0
2708,108.32,663,334,131,20,15,0
2708,108.32,664,378,126,30,21,0
2709,108.36,401,600,47,92,146,0
2709,108.36,423,344,129,227,106,0
2709,108.36,427,490,401,15,24,0
2709,108.36,457,932,480,22,23,0
2709,108.36,460,701,440,155,134,0
2709,108.36,491,420,400,89,85,0
2709,108.36,614,882,222,29,25,0
2709,108.36,635,884,245,34,21,0
2709,108.36,642,896,211,14,13,0
2709,108.36,644,873,237,14,22,0
2709,108.36,646,319,192,17,8,0
2709,108.36,660,418,390,31,28,0
2709,108.36,662,299,165,13,18,0
2709,108.36,663,334,131,20,15,0
2709,108.36,664,378,126,30,21,0
2710,108.4,401,600,47,92,146,0
2710,108.4,423,344,129,227,106,0
2710,108.4,427,490,401,15,24,0
2710,108.4,457,932,478,22,25,0
2710,108.4,460,701,433,152,141,0
2710,108.4,491,420,400,89,85,0
2710,108.4,614,882,222,29,25,0
2710,108.4,635,884,245,34,21,0
2710,108.4,642,896,211,14,13,0
2710,108.4,644,873,237,14,22,0
2710,108.4,646,319,192,17,8,0
2710,108.4,660,418,390,31,28,0
2710,108.4,662,299,165,13,18,0
2710,108.4,663,334,131,27,25,0
2710,108.4,664,378,126,30,21,0
2711,108.44,401,600,47,92,146,0
2711,108.44,423,344,129,227,106,0
2711,108.44,427,490,401,15,24,0
2711,108.44,457,932,478,22,25,0
2711,108.44,460,701,426,149,148,0
2711,108.44,491,420,400,89,85,0
2711,108.44,614,882,222,29,25,0
2711,108.44,635,884,245,34,21,0
2711,108.44,642,896,211,14,13,0
2711,108.44,644,873,237,14,22,0
2711,108.44,646,319,192,17,8,0
2711,108.44,660,418,390,31,28,0
2711,108.44,662,299,165,13,18,0
2711,108.44,663,334,131,27,25,0
2711,108.44,664,378,126,30,21,0
2712,108.48,401,600,47,92,146,0
2712,108.48,423,344,129,227,106,0
2712,108.48,427,490,401,15,24,0
2712,108.48,457,932,478,22,25,0
2712,108.48,460,701,418,147,156,0
2712,108.48,491,420,400,89,85,0
2712,108.48,614,882,222,29,25,0
2712,108.48,635,884,245,34,21,0
2712,108.48,642,896,211,14,13,0
2712,108.48,644,873,237,14,22,0
2712,108.48,646,319,192,17,8,0
2712,108.48,660,418,390,31,28,0
2712,108.48,662,299,165,13,18,0
2712,108.48,663,334,131,20,15,0
2712,108.48,664,378,126,30,21,0
2713,108.52,401,600,47,92,146,0
2713,108.52,423,344,129,227,106,0
2713,108.52,427,490,401,15,24,0
2713,108.52,457,932,478,22,25,0
2713,108.52,460,701,412,145,161,0
2713,108.52,491,420,400,89,85,0
2713,108.52,614,882,222,29,25,0
2713,108.52,635,884,245,34,21,0
2713,108.52,642,896,211,14,13,0
2713,108.52,644,873,237,14,22,0
2713,108.52,646,319,192,17,8,0
2713,108.52,660,418,390,31,28,0
2713,108.52,662,299,165,13,18,0
2713,108.52,663,334,131,20,15,0
2713,108.52,664,378,126,30,21,0
2714,108.56,401,600,47,92,146,0
2714,108.56,423,344,129,227,106,0
2714,108.56,427,490,401,15,24,0
2714,108.56,457,932,478,22,25,0
2714,108.56,460,701,404,143,167,0
2714,108.56,491,420,400,89,85,0
2714,108.56,614,882,222,29,25,0
2714,108.56,635,884,248,18,18,0
2714,108.56,642,896,211,14,13,0
2714,108.56,644,873,237,14,22,0
2714,108.56,646,319,192,17,8,0
2714,108.56,660,418,390,31,28,0
2714,108.56,662,299,165,13,18,0
2714,108.56,663,334,131,20,15,0
2714,108.56,664,378,126,30,21,0
2715,108.6,401,600,47,92,146,0
2715,108.6,423,344,129,227,106,0
2715,108.6,427,490,401,15,24,0
2715,108.6,457,932,478,22,25,0
2715,108.6,460,701,395,143,171,0
2715,108.6,491,420,400,89,85,0
2715,108.6,614,882,222,29,25,0
2715,108.6,635,884,248,18,18,0
2715,108.6,642,896,211,14,13,0
2715,108.6,644,873,237,14,22,0
2715,108.6,646,319,192,17,8,0
2715,108.6,660,418,390,31,28,0
2715,108.6,662,299,165,13,18,0
2715,108.6,663,334,131,20,15,0
2715,108.6,664,378,126,30,21,0
2716,108.64,401,600,47,92,146,0
2716,108.64,423,344,129,227,106,0
2716,108.64,427,490,401,15,24,0
2716,108.64,457,932,478,22,25,0
2716,108.64,460,702,388,142,168,0
2716,108.64,491,420,400,89,85,0
2716,108.64,614,882,222,29,25,0
2716,108.64,635,884,248,18,18,0
2716,108.64,642,896,211,14,13,0
2716,108.64,644,873,237,14,22,0
2716,108.64,646,319,192,17,8,0
2716,108.64,660,418,390,31,28,0
2716,108.64,662,299,165,13,18,0
2716,108.64,663,334,131,20,15,0
2716,108.64,664,378,126,30,21,0
2717,108.68,401,600,47,92,146,0
2717,108.68,423,344,129,227,106,0
2717,108.68,427,490,401,15,24,0
2717,108.68,457,932,478,22,25,0
2717,108.68,460,704,379,138,165,0
2717,108.68,491,420,400,89,85,0
2717,108.68,614,882,222,29,25,0
2717,108.68,635,884,248,18,18,0
2717,108.68,642,896,211,14,13,0
2717,108.68,644,873,237,14,22,0
2717,108.68,646,319,192,17,8,0
2717,108.68,660,418,390,31,28,0
2717,108.68,662,299,165,13,18,0
2717,108.68,663,334,131,20,15,0
2717,108.68,664,378,126,30,21,0
2718,108.72,401,600,47,92,146,0
2718,108.72,423,344,129,227,106,0
2718,108.72,427,490,401,15,24,0
2718,108.72,457,932,478,22,25,0
2718,108.72,460,702,371,136,163,0
2718,108.72,491,420,400,89,85,0
2718,108.72,614,882,222,29,25,0
2718,108.72,635,884,248,18,18,0
2718,108.72,642,896,211,14,13,0
2718,108.72,644,873,237,14,22,0
2718,108.72,646,319,192,17,8,0
2718,108.72,660,418,390,31,28,0
2718,108.72,662,299,165,13,18,0
2718,108.72,663,334,131,20,15,0
2718,108.72,664,378,126,30,21,0
2719,108.76,397,685,144,5,29,0
2719,108.76,401,600,47,91,146,0
2719,108.76,423,428,160,17,28,0
2719,108.76,460,704,364,135,154,0
2719,108.76,491,425,402,65,78,0
2719,108.76,664,444,141,29,17,0
2719,108.76,665,414,182,54,39,0
2719,108.76,666,458,142,99,91,0
2719,108.76,667,512,167,14,16,0
2719,108.76,668,544,155,20,18,0
2720,108.8,397,685,144,5,29,0
2720,108.8,401,600,47,91,146,0
2720,108.8,423,428,160,17,28,0
2720,108.8,460,700,356,136,148,0
2720,108.8,491,425,402,65,78,0
2720,108.8,664,444,141,29,17,0
2720,108.8,665,414,182,54,39,0
2720,108.8,666,458,142,99,91,0
2720,108.8,667,512,167,14,16,0
2720,108.8,668,544,155,20,18,0
2721,108.84,397,685,144,5,29,0
2721,108.84,401,600,47,91,146,0
2721,108.84,423,428,160,17,28,0
2721,108.84,460,688,350,142,141,0
2721,108.84,491,425,402,65,78,0
2721,108.84,664,444,141,29,17,0
2721,108.84,665,414,182,54,39,0
2721,108.84,666,458,142,99,91,0
2721,108.84,667,512,167,14,16,0
2721,108.84,668,544,155,20,18,0
2722,108.88,397,685,144,5,29,0
2722,108.88,401,600,47,91,146,0
2722,108.88,423,428,160,17,28,0
2722,108.88,460,678,344,148,134,0
2722,108.88,491,425,402,65,78,0
2722,108.88,664,444,141,29,17,0
2722,108.88,665,414,182,54,39,0
2722,108.88,666,458,142,99,91,0
2722,108.88,667,512,167,14,16,0
2722,108.88,668,544,155,20,18,0
2723,108.92,397,685,144,5,29,0
2723,108.92,401,600,47,91,146,0
2723,108.92,423,428,160,17,28,0
2723,108.92,460,668,337,152,140,0
2723,108.92,491,425,402,65,78,0
2723,108.92,664,444,141,29,17,0
2723,108.92,665,414,191,38,30,0
2723,108.92,666,455,142,102,91,0
2723,108.92,667,512,167,15,16,0
2723,108.92,668,544,155,20,18,0
2723,108.92,669,432,184,36,29,0
2724,108.96,397,685,144,5,29,0
2724,108.96,401,600,47,91,146,0
2724,108.96,423,428,160,17,28,0
2724,108.96,460,652,329,163,148,0
2724,108.96,491,425,402,65,78,0
2724,108.96,664,444,141,29,17,0
2724,108.96,666,455,142,102,91,0
2724,108.96,667,512,167,14,16,0
2724,108.96,668,544,155,20,18,0
2724,108.96,669,414,184,54,39,0
2725,109.0,397,685,144,5,29,0
2725,109.0,401,600,47,91,146,0
2725,109.0,423,428,160,17,28,0
2725,109.0,460,641,324,167,153,0
2725,109.0,491,425,402,65,78,0
2725,109.0,664,444,141,29,17,0
2725,109.0,666,455,142,102,91,0
2725,109.0,667,512,167,14,16,0
2725,109.0,668,544,155,20,18,0
2725,109.0,669,414,184,54,39,0
2726,109.04,397,685,144,5,29,0
2726,109.04,401,600,47,91,146,0
2726,109.04,423,428,160,17,28,0
2726,109.04,460,638,321,163,155,0
2726,109.04,491,425,402,65,78,0
2726,109.04,664,444,141,29,17,0
2726,109.04,666,455,142,102,91,0
2726,109.04,667,512,167,14,16,0
2726,109.04,668,544,155,20,18,0
2726,109.04,669,414,184,54,39,0
2727,109.08,397,685,144,5,29,0
2727,109.08,401,600,47,91,146,0
2727,109.08,423,428,160,17,28,0
2727,109.08,460,628,318,166,158,0
2727,109.08,491,425,402,65,78,0
2727,109.08,664,444,141,29,17,0
2727,109.08,666,455,142,102,91,0
2727,109.08,667,512,167,14,16,0
2727,109.08,668,544,155,20,18,0
2727,109.08,669,414,184,54,39,0
2728,109.12,397,685,144,5,29,0
2728,109.12,401,600,47,91,146,0
2728,109.12,423,428,160,17,28,0
2728,109.12,460,626,314,161,160,0
2728,109.12,491,425,402,65,78,0
2728,109.12,664,444,141,29,17,0
2728,109.12,666,458,142,99,91,0
2728,109.12,667,512,167,14,16,0
2728,109.12,668,544,155,20,18,0
2728,109.12,669,414,184,54,39,0
2729,109.16,397,685,144,5,29,0
2729,109.16,401,600,47,91,146,0
2729,109.16,423,428,160,17,28,0
2729,109.16,460,624,305,156,165,0
2729,109.16,491,425,402,65,78,0
2729,109.16,664,444,141,29,17,0
2729,109.16,666,414,142,143,91,0
2729,109.16,667,512,167,14,16,0
2729,109.16,668,544,155,20,18,0
2730,109.2,397,685,144,5,29,0
2730,109.2,401,600,47,91,146,0
2730,109.2,423,428,160,17,28,0
2730,109.2,460,623,302,151,160,0
2730,109.2,491,425,402,65,78,0
2730,109.2,664,444,141,29,17,0
2730,109.2,666,450,142,107,91,0
2730,109.2,667,512,167,14,16,0
2730,109.2,668,544,155,20,18,0
2730,109.2,669,414,184,54,37,0
2731,109.24,397,685,144,5,29,0
2731,109.24,401,600,47,91,146,0
2731,109.24,423,428,160,17,28,0
2731,109.24,460,623,298,145,154,0
2731,109.24,491,425,402,65,78,0
2731,109.24,664,444,141,29,17,0
2731,109.24,666,414,142,143,91,0
2731,109.24,667,512,167,14,16,0
2731,109.24,668,544,155,20,18,0
2732,109.28,397,685,144,5,29,0
2732,109.28,401,600,47,91,146,0
2732,109.28,423,428,160,17,28,0
2732,109.28,460,623,292,139,149,0
2732,109.28,491,425,402,65,78,0
2732,109.28,664,444,141,29,17,0
2732,109.28,666,449,142,108,91,0
2732,109.28,667,512,167,14,16,0
2732,109.28,668,544,155,20,18,0
2732,109.28,669,414,184,54,39,0
2733,109.32,397,685,144,5,29,0
2733,109.32,401,600,47,91,146,0
2733,109.32,423,428,160,17,28,0
2733,109.32,460,623,285,136,146,0
2733,109.32,491,425,402,65,78,0
2733,109.32,664,444,141,29,17,0
2733,109.32,666,449,142,108,91,0
2733,109.32,667,512,167,14,16,0
2733,109.32,668,544,155,20,18,0
2733,109.32,669,414,184,54,39,0
2734,109.36,397,685,144,5,29,0
2734,109.36,401,600,47,91,146,0
2734,109.36,423,428,160,17,28,0
2734,109.36,460,623,280,128,140,0
2734,109.36,491,425,402,65,78,0
2734,109.36,664,444,141,29,17,0
2734,109.36,666,449,142,108,91,0
2734,109.36,667,512,167,14,16,0
2734,109.36,668,544,155,20,18,0
2734,109.36,669,414,184,54,39,0
2735,109.4,397,685,144,5,29,0
2735,109.4,401,600,47,91,146,0
2735,109.4,423,428,160,17,28,0
2735,109.4,460,623,276,122,136,0
2735,109.4,491,425,402,65,78,0
2735,109.4,664,444,141,29,17,0
2735,109.4,666,449,142,108,91,0
2735,109.4,667,512,167,14,16,0
2735,109.4,668,544,155,20,18,0
2735,109.4,669,414,184,54,39,0
2736,109.44,397,685,144,5,29,0
2736,109.44,401,600,47,91,146,0
2736,109.44,423,428,160,17,28,0
2736,109.44,460,620,270,118,142,0
2736,109.44,491,425,402,65,78,0
2736,109.44,664,444,141,29,17,0
2736,109.44,666,458,142,99,91,0
2736,109.44,667,512,167,14,16,0
2736,109.44,668,544,155,19,18,0
2736,109.44,669,414,184,54,39,0
2737,109.48,397,685,144,5,29,0
2737,109.48,401,600,47,91,146,0
2737,109.48,423,428,160,17,28,0
2737,109.48,460,610,264,121,148,0
2737,109.48,491,425,402,65,78,0
2737,109.48,664,444,141,29,17,0
2737,109.48,666,449,142,108,91,0
2737,109.48,667,512,167,14,16,0
2737,109.48,668,544,155,19,18,0
2737,109.48,669,414,184,54,39,0
2738,109.52,397,685,144,5,29,0
2738,109.52,401,600,47,91,146,0
2738,109.52,423,428,160,17,28,0
2738,109.52,460,600,262,123,150,0
2738,109.52,491,425,402,65,78,0
2738,109.52,664,444,141,29,17,0
2738,109.52,666,449,142,108,91,0
2738,109.52,667,512,167,14,16,0
2738,109.52,668,544,155,19,18,0
2738,109.52,669,414,184,54,39,0
2739,109.56,397,685,144,5,29,0
2739,109.56,401,600,47,91,146,0
2739,109.56,423,428,160,17,28,0
2739,109.56,460,582,258,134,154,0
2739,109.56,491,425,402,65,78,0
2739,109.56,664,444,141,29,17,0
2739,109.56,666,449,142,108,91,0
2739,109.56,667,512,167,14,16,0
2739,109.56,668,544,155,19,18,0
2739,109.56,669,414,184,54,39,0
2740,109.6,397,685,144,5,29,0
2740,109.6,401,600,47,91,146,0
2740,109.6,423,428,160,17,28,0
2740,109.6,460,567,253,139,158,0
2740,109.6,491,425,402,65,78,0
2740,109.6,664,444,141,29,17,0
2740,109.6,666,449,142,108,91,0
2740,109.6,667,512,167,14,16,0
2740,109.6,668,544,155,19,18,0
2740,109.6,669,414,184,54,39,0
2741,109.64,397,685,144,5,29,0
2741,109.64,401,600,47,91,146,0
2741,109.64,423,428,160,17,28,0
2741,109.64,460,549,248,149,163,0
2741,109.64,491,425,402,65,78,0
2741,109.64,664,444,141,29,17,0
2741,109.64,666,449,142,108,91,0
2741,109.64,667,512,167,14,16,0
2741,109.64,668,544,155,19,18,0
2741,109.64,669,414,184,54,39,0
2742,109.68,397,685,144,5,29,0
2742,109.68,401,600,47,91,146,0
2742,109.68,423,428,160,17,28,0
2742,109.68,460,542,242,148,168,0
2742,109.68,491,425,402,65,78,0
2742,109.68,664,444,141,29,17,0
2742,109.68,666,449,142,108,91,0
2742,109.68,667,512,167,14,16,0
2742,109.68,668,544,155,19,18,0
2742,109.68,669,414,184,54,39,0
2743,109.72,397,685,144,5,29,0
2743,109.72,401,600,47,91,146,0
2743,109.72,423,428,160,17,28,0
2743,109.72,460,536,238,145,170,0
2743,109.72,491,425,402,65,78,0
2743,109.72,664,444,141,29,17,0
2743,109.72,666,449,142,108,91,0
2743,109.72,667,512,167,14,16,0
2743,109.72,668,544,155,19,18,0
2743,109.72,669,414,184,54,39,0
2744,109.76,397,685,144,5,29,0
2744,109.76,401,600,47,91,146,0
2744,109.76,423,428,160,17,28,0
2744,109.76,460,535,232,137,172,0
2744,109.76,491,425,402,65,78,0
2744,109.76,664,444,141,29,17,0
2744,109.76,666,449,142,108,91,0
2744,109.76,667,512,167,14,16,0
2744,109.76,668,544,155,19,18,0
2744,109.76,669,414,184,54,39,0
2745,109.8,397,685,144,5,29,0
2745,109.8,401,600,47,91,146,0
2745,109.8,423,428,160,17,28,0
2745,109.8,460,534,224,130,177,0
2745,109.8,491,425,402,65,78,0
2745,109.8,664,444,141,29,17,0
2745,109.8,666,449,142,108,91,0
2745,109.8,667,512,167,14,16,0
2745,109.8,668,544,155,19,18,0
2745,109.8,669,414,184,54,39,0
2746,109.84,397,685,144,5,29,0
2746,109.84,401,600,47,91,146,0
2746,109.84,423,428,160,17,28,0
2746,109.84,460,534,220,122,177,0
2746,109.84,491,425,402,65,78,0
2746,109.84,664,444,141,29,17,0
2746,109.84,666,449,142,108,91,0
2746,109.84,667,512,167,14,16,0
2746,109.84,668,544,155,19,18,0
2746,109.84,669,414,184,54,39,0
2747,109.88,397,685,144,5,29,0
2747,109.88,401,600,47,91,146,0
2747,109.88,423,428,160,17,28,0
2747,109.88,460,534,218,114,173,0
2747,109.88,491,425,402,65,78,0
2747,109.88,664,444,141,29,17,0
2747,109.88,666,449,142,108,91,0
2747,109.88,667,512,167,14,16,0
2747,109.88,668,544,155,19,18,0
2747,109.88,669,414,184,54,39,0
2748,109.92,397,685,144,5,29,0
2748,109.92,401,600,47,91,146,0
2748,109.92,423,428,160,17,28,0
2748,109.92,460,534,210,106,176,0
2748,109.92,491,425,402,65,78,0
2748,109.92,664,444,141,29,17,0
2748,109.92,666,449,142,108,91,0
2748,109.92,667,512,167,14,16,0
2748,109.92,668,544,155,19,18,0
2748,109.92,669,414,184,54,39,0
2749,109.96,397,685,144,5,29,0
2749,109.96,401,600,47,91,146,0
2749,109.96,423,428,160,17,28,0
2749,109.96,460,534,204,99,176,0
2749,109.96,491,425,402,65,78,0
2749,109.96,664,444,141,29,17,0
2749,109.96,666,449,142,108,91,0
2749,109.96,667,512,167,14,16,0
2749,109.96,668,544,155,19,18,0
2749,109.96,669,414,184,54,39,0
2750,110.0,401,600,48,90,142,0
2750,110.0,423,429,165,17,19,0
2750,110.0,460,528,200,96,173,0
2750,110.0,491,427,420,63,55,0
2750,110.0,664,440,141,79,34,0
2750,110.0,666,458,158,102,74,0
2750,110.0,667,478,169,18,16,0
2750,110.0,668,516,150,48,25,0
2750,110.0,669,415,173,47,45,0
2750,110.0,670,413,191,30,15,0
2750,110.0,671,416,137,28,15,0
2750,110.0,672,454,405,14,19,0
2751,110.04,401,600,43,90,147,0
2751,110.04,423,486,144,27,17,0
2751,110.04,460,520,197,96,171,0
2751,110.04,491,428,422,61,47,0
2751,110.04,664,492,168,24,23,0
2751,110.04,666,457,176,104,56,0
2751,110.04,667,415,135,76,80,0
2751,110.04,668,515,152,54,24,0
2751,110.04,669,420,185,37,17,0
2752,110.08,401,600,43,90,147,0
2752,110.08,423,486,144,27,17,0
2752,110.08,460,512,196,95,162,0
2752,110.08,491,428,422,61,47,0
2752,110.08,664,492,168,24,23,0
2752,110.08,666,457,176,101,56,0
2752,110.08,667,415,135,76,80,0
2752,110.08,668,515,152,54,24,0
2752,110.08,669,420,185,37,17,0
2752,110.08,673,508,349,32,13,0
2752,110.08,674,570,202,12,21,0
2753,110.12,401,600,43,90,147,0
2753,110.12,423,486,144,27,17,0
2753,110.12,460,483,195,115,163,0
2753,110.12,491,428,422,61,47,0
2753,110.12,664,492,168,20,23,0
2753,110.12,666,457,176,103,56,0
2753,110.12,667,415,135,76,80,0
2753,110.12,668,515,152,35,14,0
2753,110.12,669,420,185,37,17,0
2753,110.12,674,570,250,13,14,0
2753,110.12,675,549,157,20,19,0
2754,110.16,401,600,43,90,147,0
2754,110.16,423,486,144,27,17,0
2754,110.16,460,463,193,127,165,0
2754,110.16,491,428,422,61,47,0
2754,110.16,664,492,168,20,23,0
2754,110.16,666,457,176,99,56,0
2754,110.16,667,415,135,76,80,0
2754,110.16,669,420,185,37,17,0
2754,110.16,675,515,152,54,24,0
2755,110.2,401,600,43,90,147,0
2755,110.2,423,486,144,27,17,0
2755,110.2,460,447,265,128,92,0
2755,110.2,491,428,422,61,47,0
2755,110.2,664,492,168,19,23,0
2755,110.2,666,457,176,94,52,0
2755,110.2,667,415,135,76,80,0
2755,110.2,668,549,157,20,19,0
2755,110.2,669,420,185,37,17,0
2755,110.2,675,515,152,35,14,0
2755,110.2,676,506,187,78,75,0
2755,110.2,677,518,219,15,13,0
2756,110.24,401,600,43,90,147,0
2756,110.24,423,486,144,27,17,0
2756,110.24,460,435,264,135,92,0
2756,110.24,491,428,422,60,47,0
2756,110.24,664,492,168,24,23,0
2756,110.24,667,415,135,76,80,0
2756,110.24,669,420,185,37,17,0
2756,110.24,675,515,152,54,24,0
2756,110.24,677,457,176,116,85,0
2757,110.28,401,600,43,90,147,0
2757,110.28,423,486,144,27,17,0
2757,110.28,460,433,264,139,92,0
2757,110.28,491,428,422,60,47,0
2757,110.28,664,492,168,24,23,0
2757,110.28,666,517,180,14,20,0
2757,110.28,667,415,135,76,80,0
2757,110.28,669,420,185,37,17,0
2757,110.28,675,515,152,54,24,0
2757,110.28,676,560,201,9,38,0
2757,110.28,677,457,177,110,81,0
2758,110.32,401,600,43,90,147,0
2758,110.32,423,486,144,27,17,0
2758,110.32,460,432,262,139,90,0
2758,110.32,491,428,421,54,48,0
2758,110.32,667,415,135,102,96,0
2758,110.32,669,420,185,37,17,0
2758,110.32,675,515,152,54,24,0
2758,110.32,677,483,176,77,81,0
2759,110.36,401,600,43,90,147,0
2759,110.36,423,486,144,27,17,0
2759,110.36,460,432,260,129,87,0
2759,110.36,491,428,426,50,43,0
2759,110.36,667,415,135,76,80,0
2759,110.36,669,420,185,37,17,0
2759,110.36,675,515,152,54,24,0
2759,110.36,677,457,168,99,90,0
2760,110.4,401,600,43,90,147,0
2760,110.4,423,486,144,27,17,0
2760,110.4,460,431,258,119,84,0
2760,110.4,491,428,429,50,40,0
2760,110.4,664,484,168,68,89,0
2760,110.4,667,415,135,76,80,0
2760,110.4,669,420,185,37,17,0
2760,110.4,670,475,231,25,20,0
2760,110.4,675,515,152,54,24,0
2760,110.4,677,457,176,45,50,0
2761,110.44,401,600,43,90,147,0
2761,110.44,423,486,145,31,16,0
2761,110.44,460,431,257,107,80,0
2761,110.44,491,428,434,50,46,0
2761,110.44,664,466,182,62,72,0
2761,110.44,666,549,157,20,19,0
2761,110.44,669,420,185,37,17,0
2761,110.44,675,515,152,35,14,0
2761,110.44,677,415,135,137,99,0
2762,110.48,401,600,43,90,147,0
2762,110.48,423,486,144,27,16,0
2762,110.48,460,431,256,92,81,0
2762,110.48,491,443,448,35,21,0
2762,110.48,664,458,180,62,73,0
2762,110.48,667,415,135,75,80,0
2762,110.48,669,420,185,37,17,0
2762,110.48,675,515,152,54,24,0
2762,110.48,677,476,168,76,66,0
2763,110.52,401,600,43,90,147,0
2763,110.52,423,486,145,31,16,0
2763,110.52,460,432,256,73,81,0
2763,110.52,491,443,448,36,32,0
2763,110.52,664,450,168,105,83,0
2763,110.52,666,515,152,35,14,0
2763,110.52,667,415,135,75,86,0
2763,110.52,669,420,185,31,17,0
2763,110.52,675,549,157,20,19,0
2764,110.56,401,600,43,90,147,0
2764,110.56,423,486,144,27,17,0
2764,110.56,460,426,256,68,82,0
2764,110.56,491,452,425,31,41,0
2764,110.56,664,420,135,132,114,0
2764,110.56,666,515,152,54,24,0
2764,110.56,669,415,202,36,15,0
2765,110.6,401,600,43,90,147,0
2765,110.6,423,486,144,27,17,0
2765,110.6,460,410,248,75,89,0
2765,110.6,491,443,422,46,47,0
2765,110.6,664,420,135,132,112,0
2765,110.6,666,515,152,54,24,0
2765,110.6,667,426,169,13,15,0
2765,110.6,669,415,200,28,18,0
2766,110.64,401,600,43,90,147,0
2766,110.64,423,486,144,27,17,0
2766,110.64,460,396,247,82,89,0
2766,110.64,491,443,414,48,55,0
2766,110.64,664,448,135,104,99,0
2766,110.64,666,515,152,54,24,0
2766,110.64,667,415,160,40,55,0
2766,110.64,669,426,172,63,74,0
2767,110.68,401,600,43,90,147,0
2767,110.68,423,486,145,27,15,0
2767,110.68,460,384,246,89,90,0
2767,110.68,491,439,414,52,66,0
2767,110.68,666,515,152,54,24,0
2767,110.68,667,411,191,15,24,0
2767,110.68,669,418,135,134,111,0
2767,110.68,671,425,160,24,13,0
2768,110.72,401,600,43,90,147,0
2768,110.72,423,486,144,27,17,0
2768,110.72,460,369,250,101,86,0
2768,110.72,491,436,414,55,66,0
2768,110.72,666,515,152,54,24,0
2768,110.72,669,409,135,143,110,0
2768,110.72,670,509,218,27,16,0
2768,110.72,671,408,160,34,25,0
2769,110.76,401,600,43,90,147,0
2769,110.76,423,486,144,27,17,0
2769,110.76,460,352,249,118,86,0
2769,110.76,491,428,413,63,67,0
2769,110.76,666,515,152,54,24,0
2769,110.76,667,401,169,57,76,0
2769,110.76,669,445,135,107,99,0
2769,110.76,671,393,166,28,50,0
2769,110.76,678,425,160,29,12,0
2770,110.8,401,600,43,90,147,0
2770,110.8,423,486,144,27,17,0
2770,110.8,460,337,249,135,86,0
2770,110.8,491,428,414,63,66,0
2770,110.8,666,515,152,54,24,0
2770,110.8,667,394,168,56,75,0
2770,110.8,671,385,192,14,21,0
2770,110.8,678,397,135,155,99,0
2771,110.84,401,600,43,90,147,0
2771,110.84,423,486,144,27,17,0
2771,110.84,460,333,248,136,87,0
2771,110.84,491,428,413,63,67,0
2771,110.84,666,515,152,54,24,0
2771,110.84,667,385,166,55,75,0
2771,110.84,671,396,153,46,23,0
2771,110.84,678,440,135,112,99,0
2772,110.88,401,600,43,90,147,0
2772,110.88,423,486,144,27,17,0
2772,110.88,460,332,246,134,88,0
2772,110.88,491,428,414,63,66,0
2772,110.88,666,515,152,54,24,0
2772,110.88,667,376,164,54,76,0
2772,110.88,670,509,218,27,16,0
2772,110.88,671,424,160,18,16,0
2772,110.88,678,444,135,108,99,0
2772,110.88,679,366,153,63,40,0
2772,110.88,680,428,177,29,45,0
2773,110.92,401,600,43,90,147,0
2773,110.92,423,486,144,27,17,0
2773,110.92,460,331,244,128,90,0
2773,110.92,491,428,414,63,66,0
2773,110.92,666,515,152,54,24,0
2773,110.92,667,367,150,90,89,0
2773,110.92,670,509,218,27,16,0
2773,110.92,671,425,160,17,16,0
2773,110.92,678,445,135,107,99,0
2774,110.96,401,600,43,90,147,0
2774,110.96,423,486,144,27,17,0
2774,110.96,460,330,242,118,91,0
2774,110.96,491,428,414,63,66,0
2774,110.96,666,515,152,54,24,0
2774,110.96,667,377,151,80,70,0
2774,110.96,670,509,218,27,16,0
2774,110.96,671,425,160,17,16,0
2774,110.96,678,448,135,104,99,0
2774,110.96,679,357,159,55,77,0
2774,110.96,681,350,176,10,22,0
2775,111.0,401,600,43,90,147,0
2775,111.0,423,486,144,27,17,0
2775,111.0,460,330,241,105,85,0
2775,111.0,491,428,414,63,66,0
2775,111.0,666,515,152,54,24,0
2775,111.0,667,400,166,43,30,0
2775,111.0,670,509,218,27,16,0
2775,111.0,671,425,160,17,16,0
2775,111.0,678,445,135,107,99,0
2775,111.0,679,350,151,107,84,0
2776,111.04,401,600,43,90,147,0
2776,111.04,423,486,144,27,17,0
2776,111.04,460,328,240,94,86,0
2776,111.04,491,428,414,63,66,0
2776,111.04,666,515,152,54,24,0
2776,111.04,667,399,166,38,26,0
2776,111.04,670,509,218,27,16,0
2776,111.04,678,445,135,107,96,0
2776,111.04,679,394,178,13,36,0
2776,111.04,680,410,191,47,30,0
2776,111.04,681,342,151,59,82,0
2777,111.08,401,600,43,90,147,0
2777,111.08,423,486,144,27,17,0
2777,111.08,460,328,240,78,94,0
2777,111.08,491,428,414,63,66,0
2777,111.08,666,515,152,54,24,0
2777,111.08,667,401,166,41,29,0
2777,111.08,670,509,218,27,16,0
2777,111.08,678,445,135,107,96,0
2777,111.08,679,379,161,10,25,0
2777,111.08,680,410,191,47,30,0
2777,111.08,681,332,152,66,76,0
2777,111.08,682,319,184,18,14,0
2778,111.12,401,600,43,90,147,0
2778,111.12,423,486,144,27,17,0
2778,111.12,460,321,239,68,98,0
2778,111.12,491,428,414,63,66,0
2778,111.12,666,515,152,54,24,0
2778,111.12,667,400,166,42,29,0
2778,111.12,670,509,218,27,16,0
2778,111.12,678,448,135,104,96,0
2778,111.12,679,373,171,13,14,0
2778,111.12,680,410,191,47,30,0
2778,111.12,681,324,153,59,74,0
2778,111.12,682,336,225,20,11,0
2779,111.16,401,600,43,90,147,0
2779,111.16,423,486,144,27,17,0
2779,111.16,460,312,237,59,104,0
2779,111.16,491,428,414,63,66,0
2779,111.16,666,515,152,54,24,0
2779,111.16,667,396,166,46,29,0
2779,111.16,670,509,218,27,16,0
2779,111.16,671,356,160,14,18,0
2779,111.16,678,448,135,104,96,0
2779,111.16,679,368,172,18,32,0
2779,111.16,680,410,191,47,30,0
2779,111.16,681,316,153,62,74,0
2780,111.2,401,600,43,90,147,0
2780,111.2,423,486,144,27,17,0
2780,111.2,460,304,237,67,106,0
2780,111.2,491,428,414,63,66,0
2780,111.2,666,515,152,54,24,0
2780,111.2,667,396,166,47,29,0
2780,111.2,670,509,218,27,16,0
2780,111.2,678,448,135,104,96,0
2780,111.2,680,410,191,47,30,0
2780,111.2,681,305,154,68,80,0
2781,111.24,401,600,43,90,147,0
2781,111.24,460,296,235,75,111,0
2781,111.24,491,428,414,63,66,0
2781,111.24,666,515,152,54,24,0
2781,111.24,667,396,166,47,29,0
2781,111.24,670,509,218,27,16,0
2781,111.24,671,311,151,28,8,0
2781,111.24,678,448,135,104,96,0
2781,111.24,680,410,191,47,30,0
2781,111.24,681,295,157,78,80,0
2782,111.28,401,600,43,90,147,0
2782,111.28,460,274,235,95,114,0
2782,111.28,491,428,414,63,66,0
2782,111.28,666,515,152,54,24,0
2782,111.28,667,396,166,47,29,0
2782,111.28,670,509,218,27,16,0
2782,111.28,678,448,135,104,96,0
2782,111.28,680,410,191,47,30,0
2782,111.28,681,284,159,66,79,0
2783,111.32,401,600,48,91,145,0
2783,111.32,423,440,135,73,26,0
2783,111.32,460,276,235,95,103,0
2783,111.32,491,428,425,64,53,0
2783,111.32,666,507,152,56,24,0
2783,111.32,667,426,163,15,19,0
2783,111.32,670,552,200,14,18,0
2783,111.32,678,429,156,125,77,0
2783,111.32,681,275,162,67,78,0
2783,111.32,683,248,335,42,16,0
2784,111.36,401,600,48,91,145,0
2784,111.36,423,440,135,73,26,0
2784,111.36,460,240,206,131,144,0
2784,111.36,491,428,425,64,53,0
2784,111.36,666,507,152,56,24,0
2784,111.36,667,426,163,15,19,0
2784,111.36,670,552,200,14,18,0
2784,111.36,678,429,156,125,77,0
2784,111.36,681,272,165,62,63,0
2785,111.4,401,600,48,91,145,0
2785,111.4,423,440,135,73,26,0
2785,111.4,460,240,209,130,142,0
2785,111.4,491,428,425,64,53,0
2785,111.4,666,507,152,56,24,0
2785,111.4,667,426,163,15,19,0
2785,111.4,670,552,200,14,18,0
2785,111.4,678,429,156,125,77,0
2785,111.4,681,271,167,55,63,0
2785,111.4,684,273,203,28,9,0
2786,111.44,401,600,48,91,145,0
2786,111.44,423,440,135,73,26,0
2786,111.44,460,238,168,129,184,0
2786,111.44,491,428,425,64,53,0
2786,111.44,666,507,152,56,24,0
2786,111.44,667,426,163,15,22,0
2786,111.44,670,552,200,14,18,0
2786,111.44,678,422,156,132,77,0
2787,111.48,401,600,48,91,145,0
2787,111.48,423,440,135,73,26,0
2787,111.48,460,239,228,129,125,0
2787,111.48,491,428,425,64,53,0
2787,111.48,666,507,152,56,24,0
2787,111.48,667,426,163,15,15,0
2787,111.48,670,552,200,14,18,0
2787,111.48,678,449,156,105,77,0
2787,111.48,680,422,189,49,31,0
2787,111.48,684,248,176,60,58,0
2788,111.52,401,600,48,91,145,0
2788,111.52,423,440,135,73,26,0
2788,111.52,460,239,230,116,123,0
2788,111.52,491,428,425,64,53,0
2788,111.52,666,507,152,56,24,0
2788,111.52,667,426,163,15,15,0
2788,111.52,670,552,200,14,18,0
2788,111.52,678,449,156,105,77,0
2788,111.52,680,422,189,49,31,0
2788,111.52,684,237,183,63,50,0
2789,111.56,401,600,48,91,145,0
2789,111.56,423,440,135,73,26,0
2789,111.56,460,239,229,104,124,0
2789,111.56,491,428,425,64,53,0
2789,111.56,666,507,152,56,24,0
2789,111.56,667,426,163,15,15,0
2789,111.56,670,552,200,14,18,0
2789,111.56,678,449,156,105,77,0
2789,111.56,680,422,189,49,31,0
2789,111.56,684,229,182,63,52,0
2790,111.6,401,600,48,91,145,0
2790,111.6,423,440,135,73,26,0
2790,111.6,460,234,228,96,125,0
2790,111.6,491,428,425,64,53,0
2790,111.6,666,515,152,48,24,0
2790,111.6,667,426,163,15,15,0
2790,111.6,670,552,200,14,18,0
2790,111.6,678,449,156,105,77,0
2790,111.6,680,422,189,49,31,0
2790,111.6,684,220,185,64,50,0
2791,111.64,401,600,48,91,145,0
2791,111.64,423,440,135,73,26,0
2791,111.64,460,210,185,106,168,0
2791,111.64,491,428,425,64,53,0
2791,111.64,666,515,152,48,24,0
2791,111.64,667,426,163,15,15,0
2791,111.64,670,552,200,14,18,0
2791,111.64,678,450,156,103,77,0
2791,111.64,680,434,189,37,31,0
2792,111.68,401,600,48,91,145,0
2792,111.68,423,440,135,73,26,0
2792,111.68,460,205,185,96,168,0
2792,111.68,491,428,425,64,53,0
2792,111.68,666,515,152,48,24,0
2792,111.68,667,426,163,15,15,0
2792,111.68,670,552,200,14,18,0
2792,111.68,678,450,156,103,77,0
2792,111.68,680,434,189,37,31,0
2793,111.72,401,600,48,91,145,0
2793,111.72,423,440,135,73,26,0
2793,111.72,460,200,185,86,168,0
2793,111.72,491,428,425,64,53,0
2793,111.72,666,515,152,48,24,0
2793,111.72,667,426,163,15,15,0
2793,111.72,670,552,200,14,18,0
2793,111.72,678,450,156,103,77,0
2793,111.72,680,434,189,37,31,0
2794,111.76,401,600,48,91,145,0
2794,111.76,423,440,135,73,26,0
2794,111.76,460,192,185,85,168,0
2794,111.76,491,428,425,64,53,0
2794,111.76,666,515,152,48,24,0
2794,111.76,667,426,163,15,15,0
2794,111.76,670,552,200,14,18,0
2794,111.76,678,450,156,103,77,0
2794,111.76,680,434,189,37,31,0
2795,111.8,401,600,48,91,145,0
2795,111.8,423,440,135,73,26,0
2795,111.8,460,186,184,91,169,0
2795,111.8,491,428,425,64,53,0
2795,111.8,666,515,152,48,24,0
2795,111.8,667,426,163,15,15,0
2795,111.8,670,552,200,14,18,0
2795,111.8,678,450,156,103,77,0
2795,111.8,680,434,189,37,31,0
2796,111.84,401,600,48,91,145,0
2796,111.84,423,440,135,73,26,0
2796,111.84,460,179,186,98,167,0
2796,111.84,491,428,425,64,53,0
2796,111.84,666,515,152,48,24,0
2796,111.84,667,426,163,15,15,0
2796,111.84,670,552,200,14,18,0
2796,111.84,678,450,156,103,77,0
2796,111.84,680,434,189,37,31,0
2797,111.88,401,600,48,91,145,0
2797,111.88,423,440,135,73,26,0
2797,111.88,460,173,184,104,169,0
2797,111.88,491,428,425,64,53,0
2797,111.88,666,515,152,48,24,0
2797,111.88,667,426,163,15,15,0
2797,111.88,670,552,200,14,18,0
2797,111.88,678,450,156,103,77,0
2797,111.88,680,434,189,37,31,0
2798,111.92,401,600,48,91,145,0
2798,111.92,423,440,135,73,26,0
2798,111.92,460,160,188,117,165,0
2798,111.92,491,428,425,64,53,0
2798,111.92,666,515,152,48,24,0
2798,111.92,667,426,163,15,15,0
2798,111.92,670,552,200,14,18,0
2798,111.92,678,450,156,103,77,0
2798,111.92,680,434,189,37,31,0
2799,111.96,401,600,48,91,145,0
2799,111.96,423,440,135,73,26,0
2799,111.96,460,152,187,125,166,0
2799,111.96,491,428,425,64,53,0
2799,111.96,666,515,152,48,24,0
2799,111.96,667,426,163,15,15,0
2799,111.96,670,552,200,14,18,0
2799,111.96,678,450,156,103,77,0
2799,111.96,680,434,189,37,31,0
2799,111.96,685,161,308,34,31,0
2800,112.0,401,600,48,91,145,0
2800,112.0,423,440,135,73,26,0
2800,112.0,460,144,188,133,165,0
2800,112.0,491,428,425,64,53,0
2800,112.0,666,515,152,48,24,0
2800,112.0,667,426,163,15,15,0
2800,112.0,670,552,200,14,18,0
2800,112.0,678,450,156,103,77,0
2800,112.0,680,434,189,37,31,0
2800,112.0,685,161,316,32,25,0
2801,112.04,401,600,48,91,145,0
2801,112.04,423,440,135,73,26,0
2801,112.04,460,141,186,136,167,0
2801,112.04,491,428,425,64,53,0
2801,112.04,666,515,152,48,24,0
2801,112.04,667,426,163,15,15,0
2801,112.04,670,552,200,14,18,0
2801,112.04,678,450,156,103,77,0
2801,112.04,680,434,189,37,31,0
2802,112.08,401,600,48,91,145,0
2802,112.08,423,440,135,73,26,0
2802,112.08,460,140,185,135,168,0
2802,112.08,491,428,425,64,53,0
2802,112.08,666,515,152,48,24,0
2802,112.08,667,426,163,15,15,0
2802,112.08,670,552,200,14,18,0
2802,112.08,678,450,156,103,77,0
2802,112.08,680,434,189,37,31,0
2803,112.12,401,600,48,91,145,0
2803,112.12,423,440,135,73,26,0
2803,112.12,460,138,184,131,168,0
2803,112.12,491,428,425,64,53,0
2803,112.12,666,515,152,48,24,0
2803,112.12,667,426,163,15,15,0
2803,112.12,670,552,200,14,18,0
2803,112.12,678,450,156,103,77,0
2803,112.12,680,434,189,37,31,0
2804,112.16,401,600,48,91,145,0
2804,112.16,423,440,135,73,26,0
2804,112.16,460,132,183,130,169,0
2804,112.16,491,428,425,64,53,0
2804,112.16,666,515,152,48,24,0
2804,112.16,667,426,163,15,15,0
2804,112.16,670,552,200,14,18,0
2804,112.16,678,450,156,103,77,0
2804,112.16,680,434,189,37,31,0
2805,112.2,401,600,48,91,145,0
2805,112.2,423,440,135,73,26,0
2805,112.2,460,142,219,112,133,0
2805,112.2,491,428,425,64,53,0
2805,112.2,666,515,152,48,24,0
2805,112.2,667,426,163,15,15,0
2805,112.2,670,552,200,14,18,0
2805,112.2,678,450,156,103,77,0
2805,112.2,680,434,189,37,31,0
2805,112.2,684,128,184,60,41,0
2806,112.24,401,600,48,91,145,0
2806,112.24,423,440,135,73,26,0
2806,112.24,491,428,425,64,53,0
2806,112.24,666,515,152,48,24,0
2806,112.24,667,426,163,15,15,0
2806,112.24,670,552,200,14,18,0
2806,112.24,678,450,156,103,77,0
2806,112.24,680,434,189,37,31,0
2806,112.24,681,124,186,122,167,0
2807,112.28,401,600,48,91,145,0
2807,112.28,423,440,135,73,26,0
2807,112.28,491,428,425,64,53,0
2807,112.28,666,515,152,48,24,0
2807,112.28,667,426,163,15,15,0
2807,112.28,670,552,200,14,18,0
2807,112.28,678,450,156,103,77,0
2807,112.28,680,434,189,37,31,0
2807,112.28,681,119,182,119,174,0
2808,112.32,401,600,48,91,145,0
2808,112.32,423,440,135,73,26,0
2808,112.32,491,428,425,64,53,0
2808,112.32,666,515,152,48,24,0
2808,112.32,667,426,163,15,15,0
2808,112.32,670,552,200,14,18,0
2808,112.32,678,450,156,103,77,0
2808,112.32,680,434,189,37,31,0
2808,112.32,681,115,175,114,186,0
2809,112.36,401,600,48,91,145,0
2809,112.36,423,440,135,73,26,0
2809,112.36,491,428,425,64,53,0
2809,112.36,666,515,152,48,24,0
2809,112.36,667,426,163,15,15,0
2809,112.36,670,552,200,14,18,0
2809,112.36,678,450,156,103,77,0
2809,112.36,680,434,189,37,31,0
2809,112.36,681,112,177,107,188,0
2810,112.4,401,600,48,91,145,0
2810,112.4,423,440,135,73,26,0
2810,112.4,491,428,425,64,53,0
2810,112.4,666,515,152,48,24,0
2810,112.4,667,426,163,15,15,0
2810,112.4,670,552,200,14,18,0
2810,112.4,678,450,162,103,71,0
2810,112.4,680,434,189,37,31,0
2810,112.4,681,108,177,101,192,0
2811,112.44,401,600,48,91,145,0
2811,112.44,423,440,135,73,26,0
2811,112.44,491,428,425,64,53,0
2811,112.44,666,515,152,48,24,0
2811,112.44,667,426,163,15,15,0
2811,112.44,670,552,200,14,18,0
2811,112.44,678,450,162,103,71,0
2811,112.44,680,434,189,37,31,0
2811,112.44,681,104,179,94,194,0
2812,112.48,401,600,48,91,145,0
2812,112.48,423,440,135,73,26,0
2812,112.48,491,428,425,64,53,0
2812,112.48,666,515,152,48,24,0
2812,112.48,667,426,163,15,15,0
2812,112.48,670,552,200,14,18,0
2812,112.48,678,450,162,103,71,0
2812,112.48,680,434,189,37,31,0
2812,112.48,681,100,180,92,178,0
2812,112.48,685,156,356,28,20,0
2813,112.52,401,600,48,91,145,0
2813,112.52,423,440,135,73,26,0
2813,112.52,491,428,425,64,53,0
2813,112.52,666,515,152,48,24,0
2813,112.52,667,426,163,15,15,0
2813,112.52,670,552,200,14,18,0
2813,112.52,678,450,162,103,71,0
2813,112.52,680,434,189,37,31,0
2813,112.52,681,96,179,96,177,0
2813,112.52,684,104,242,9,12,0
2813,112.52,685,140,356,30,21,0
2814,112.56,401,600,48,91,145,0
2814,112.56,423,440,135,73,26,0
2814,112.56,491,428,425,64,53,0
2814,112.56,666,515,152,48,24,0
2814,112.56,667,426,163,15,15,0
2814,112.56,670,552,200,14,18,0
2814,112.56,678,450,162,103,71,0
2814,112.56,680,434,189,37,31,0
2814,112.56,681,93,180,99,178,0
2814,112.56,684,100,241,10,15,0
2814,112.56,685,126,360,32,16,0
2815,112.6,401,600,48,90,145,0
2815,112.6,423,440,142,63,20,0
2815,112.6,491,426,427,64,54,0
2815,112.6,666,544,159,19,17,0
2815,112.6,670,504,152,40,14,0
2815,112.6,678,458,162,96,70,0
2815,112.6,680,421,190,43,30,0
2815,112.6,681,89,184,103,190,0
2816,112.64,401,600,48,90,145,0
2816,112.64,423,440,142,63,20,0
2816,112.64,491,426,427,64,54,0
2816,112.64,666,544,159,19,17,0
2816,112.64,670,504,152,40,14,0
2816,112.64,678,458,162,96,70,0
2816,112.64,680,421,190,43,30,0
2816,112.64,681,86,181,106,187,0
2817,112.68,401,600,48,90,145,0
2817,112.68,423,440,142,63,20,0
2817,112.68,491,426,427,64,54,0
2817,112.68,666,544,159,19,17,0
2817,112.68,670,504,152,40,14,0
2817,112.68,678,458,162,96,70,0
2817,112.68,680,421,190,43,30,0
2817,112.68,681,81,183,111,182,0
2818,112.72,401,600,48,90,145,0
2818,112.72,423,440,142,63,20,0
2818,112.72,491,426,427,64,54,0
2818,112.72,666,544,159,19,17,0
2818,112.72,670,504,152,40,14,0
2818,112.72,678,458,162,96,70,0
2818,112.72,680,421,190,43,30,0
2818,112.72,681,80,184,112,179,0
2819,112.76,401,600,48,90,145,0
2819,112.76,423,440,142,63,20,0
2819,112.76,491,426,427,64,54,0
2819,112.76,666,544,159,19,16,0
2819,112.76,670,504,152,40,14,0
2819,112.76,678,458,162,96,70,0
2819,112.76,680,421,190,43,30,0
2819,112.76,681,75,185,117,177,0
2820,112.8,401,600,48,90,145,0
2820,112.8,423,440,142,63,20,0
2820,112.8,491,426,427,64,54,0
2820,112.8,666,544,159,19,17,0
2820,112.8,670,504,152,40,14,0
2820,112.8,678,458,162,96,70,0
2820,112.8,680,421,190,43,30,0
2820,112.8,681,72,186,120,176,0
2820,112.8,686,681,104,9,40,0
2821,112.84,401,600,48,90,145,0
2821,112.84,423,440,142,63,20,0
2821,112.84,491,426,427,64,54,0
2821,112.84,666,544,159,19,17,0
2821,112.84,670,504,152,40,14,0
2821,112.84,678,458,162,96,70,0
2821,112.84,680,421,190,43,30,0
2821,112.84,681,69,187,123,175,0
2821,112.84,686,681,104,9,40,0
2822,112.88,401,600,48,90,145,0
2822,112.88,423,440,142,63,20,0
2822,112.88,491,426,427,64,54,0
2822,112.88,666,544,159,19,17,0
2822,112.88,670,504,152,40,14,0
2822,112.88,678,458,162,96,70,0
2822,112.88,680,421,190,43,30,0
2822,112.88,681,64,187,127,175,0
2823,112.92,401,600,48,90,145,0
2823,112.92,423,440,142,63,20,0
2823,112.92,491,426,427,64,54,0
2823,112.92,666,544,159,19,17,0
2823,112.92,670,504,152,40,14,0
2823,112.92,678,458,162,96,70,0
2823,112.92,680,421,190,43,30,0
2823,112.92,681,60,189,119,173,0
2823,112.92,687,163,323,28,21,0
2824,112.96,401,600,48,90,145,0
2824,112.96,423,440,142,63,20,0
2824,112.96,491,426,427,64,54,0
2824,112.96,666,544,159,19,17,0
2824,112.96,670,504,152,40,14,0
2824,112.96,678,458,162,96,70,0
2824,112.96,680,421,190,43,30,0
2824,112.96,681,60,191,130,171,0
2825,113.0,401,600,48,90,145,0
2825,113.0,423,440,142,63,20,0
2825,113.0,491,426,427,64,54,0
2825,113.0,666,544,159,19,17,0
2825,113.0,670,504,152,40,14,0
2825,113.0,678,458,162,96,68,0
2825,113.0,680,421,190,43,30,0
2825,113.0,681,57,191,129,171,0
2826,113.04,401,600,48,90,145,0
2826,113.04,423,440,142,63,20,0
2826,113.04,491,426,427,64,54,0
2826,113.04,666,544,159,19,17,0
2826,113.04,670,504,152,40,14,0
2826,113.04,678,458,162,96,68,0
2826,113.04,680,421,190,43,30,0
2826,113.04,681,54,191,128,171,0
2826,113.04,684,64,308,10,18,0
2826,113.04,688,92,205,35,12,0
2827,113.08,401,600,48,90,145,0
2827,113.08,423,440,142,63,20,0
2827,113.08,491,426,427,64,54,0
2827,113.08,666,544,159,19,17,0
2827,113.08,670,504,152,40,14,0
2827,113.08,678,458,162,96,68,0
2827,113.08,680,421,190,43,30,0
2827,113.08,681,54,192,124,170,0
2827,113.08,688,92,206,34,11,0
2828,113.12,401,600,48,90,145,0
2828,113.12,423,440,142,63,20,0
2828,113.12,491,426,427,64,54,0
2828,113.12,666,544,159,19,17,0
2828,113.12,670,504,152,40,14,0
2828,113.12,678,458,162,96,68,0
2828,113.12,680,421,190,43,30,0
2828,113.12,681,48,191,129,171,0
2828,113.12,684,61,241,10,20,0
2828,113.12,688,92,208,30,9,0
2829,113.16,401,600,48,90,145,0
2829,113.16,423,440,142,63,20,0
2829,113.16,491,426,427,64,54,0
2829,113.16,666,544,159,19,17,0
2829,113.16,670,504,152,40,14,0
2829,113.16,678,458,162,96,68,0
2829,113.16,680,421,190,43,30,0
2829,113.16,681,43,218,129,144,0
2829,113.16,684,50,191,37,70,0
2829,113.16,688,92,209,25,7,0
2830,113.2,401,600,48,90,145,0
2830,113.2,423,440,142,63,20,0
2830,113.2,491,426,427,64,54,0
2830,113.2,666,544,159,19,17,0
2830,113.2,670,504,152,40,14,0
2830,113.2,678,458,162,96,68,0
2830,113.2,680,421,190,43,30,0
2830,113.2,681,39,218,133,144,0
2830,113.2,684,47,193,38,69,0
2830,113.2,688,93,210,20,6,0
2831,113.24,401,600,48,90,145,0
2831,113.24,423,440,142,63,20,0
2831,113.24,491,426,427,64,54,0
2831,113.24,666,544,159,19,17,0
2831,113.24,670,504,152,40,14,0
2831,113.24,678,458,162,96,68,0
2831,113.24,680,421,190,43,30,0
2831,113.24,681,36,193,136,169,0
2832,113.28,401,600,48,90,145,0
2832,113.28,423,440,142,63,20,0
2832,113.28,491,426,427,64,54,0
2832,113.28,666,544,159,19,17,0
2832,113.28,670,504,152,40,14,0
2832,113.28,678,458,162,96,68,0
2832,113.28,680,421,190,43,30,0
2832,113.28,681,36,193,135,169,0
2833,113.32,401,600,48,90,145,0
2833,113.32,423,440,142,63,20,0
2833,113.32,491,426,427,64,54,0
2833,113.32,666,544,159,19,17,0
2833,113.32,670,504,152,40,14,0
2833,113.32,678,458,162,96,68,0
2833,113.32,680,421,190,43,30,0
2833,113.32,681,37,192,134,170,0
2834,113.36,401,600,48,90,145,0
2834,113.36,423,440,143,45,14,0
2834,113.36,491,426,427,64,54,0
2834,113.36,666,544,159,19,17,0
2834,113.36,667,477,142,26,20,0
2834,113.36,670,504,152,40,14,0
2834,113.36,678,458,162,96,68,0
2834,113.36,680,421,190,43,30,0
2834,113.36,681,40,191,134,171,0
2835,113.4,401,600,48,90,145,0
2835,113.4,423,440,143,45,14,0
2835,113.4,491,426,427,64,54,0
2835,113.4,666,544,159,19,17,0
2835,113.4,667,477,142,26,20,0
2835,113.4,670,504,152,40,14,0
2835,113.4,678,457,162,97,68,0
2835,113.4,680,421,190,43,30,0
2835,113.4,681,44,220,133,142,0
2835,113.4,684,51,190,35,48,0
2835,113.4,686,682,119,8,25,0
2836,113.44,401,600,48,90,145,0
2836,113.44,423,440,143,45,14,0
2836,113.44,491,426,427,64,54,0
2836,113.44,666,544,159,19,17,0
2836,113.44,667,477,142,26,20,0
2836,113.44,670,504,152,40,14,0
2836,113.44,678,458,162,96,68,0
2836,113.44,680,421,190,43,30,0
2836,113.44,681,48,188,135,174,0
2837,113.48,401,600,48,90,145,0
2837,113.48,423,440,143,45,14,0
2837,113.48,491,426,427,64,54,0
2837,113.48,666,544,159,19,17,0
2837,113.48,667,477,142,26,20,0
2837,113.48,670,504,152,40,14,0
2837,113.48,678,457,162,97,68,0
2837,113.48,680,421,190,43,30,0
2837,113.48,681,53,186,136,176,0
2837,113.48,686,682,119,8,25,0
2838,113.52,401,600,48,90,145,0
2838,113.52,423,440,143,45,14,0
2838,113.52,491,426,427,64,54,0
2838,113.52,666,544,159,19,17,0
2838,113.52,667,477,142,26,20,0
2838,113.52,670,504,152,40,14,0
2838,113.52,678,457,162,97,68,0
2838,113.52,680,421,190,43,30,0
2838,113.52,681,55,185,140,177,0
2838,113.52,686,682,119,8,25,0
2839,113.56,401,600,48,90,145,0
2839,113.56,423,440,143,45,14,0
2839,113.56,491,426,427,64,54,0
2839,113.56,666,544,159,19,17,0
2839,113.56,667,477,142,26,20,0
2839,113.56,670,504,152,40,14,0
2839,113.56,678,457,162,97,68,0
2839,113.56,680,421,190,43,30,0
2839,113.56,681,56,186,149,176,0
2840,113.6,401,600,48,90,145,0
2840,113.6,423,440,143,45,14,0
2840,113.6,491,426,427,64,54,0
2840,113.6,666,544,159,19,17,0
2840,113.6,667,477,142,26,20,0
2840,113.6,670,504,152,40,14,0
2840,113.6,678,457,162,97,68,0
2840,113.6,680,421,190,43,30,0
2840,113.6,681,59,184,149,178,0
2841,113.64,401,600,48,90,145,0
2841,113.64,423,440,143,45,14,0
2841,113.64,491,426,427,64,54,0
2841,113.64,666,545,159,18,17,0
2841,113.64,667,477,142,26,20,0
2841,113.64,670,504,152,40,14,0
2841,113.64,678,457,162,97,68,0
2841,113.64,680,421,190,43,30,0
2841,113.64,681,69,183,141,179,0
2842,113.68,401,600,48,90,145,0
2842,113.68,423,440,143,45,14,0
2842,113.68,491,426,427,64,54,0
2842,113.68,666,545,159,18,17,0
2842,113.68,667,477,142,26,20,0
2842,113.68,670,504,152,40,14,0
2842,113.68,678,457,162,97,68,0
2842,113.68,680,421,190,43,30,0
2842,113.68,681,74,180,137,182,0
2843,113.72,401,600,48,90,145,0
2843,113.72,423,440,143,45,14,0
2843,113.72,491,426,427,64,54,0
2843,113.72,666,545,159,18,17,0
2843,113.72,667,477,142,26,20,0
2843,113.72,670,504,152,40,14,0
2843,113.72,678,457,162,97,68,0
2843,113.72,680,421,190,43,30,0
2843,113.72,681,79,185,133,176,0
2844,113.76,401,600,48,90,145,0
2844,113.76,423,440,143,45,14,0
2844,113.76,491,426,427,64,54,0
2844,113.76,666,545,159,18,17,0
2844,113.76,667,477,142,26,20,0
2844,113.76,670,504,152,40,14,0
2844,113.76,678,457,162,97,68,0
2844,113.76,680,421,190,43,30,0
2844,113.76,681,84,180,128,180,0
2845,113.8,401,600,48,90,145,0
2845,113.8,423,440,143,45,14,0
2845,113.8,491,426,427,64,54,0
2845,113.8,666,545,159,18,17,0
2845,113.8,667,477,142,26,20,0
2845,113.8,670,504,152,40,14,0
2845,113.8,678,457,162,97,68,0
2845,113.8,680,415,190,49,30,0
2845,113.8,681,88,186,125,170,0
2846,113.84,401,600,48,90,145,0
2846,113.84,423,440,143,45,14,0
2846,113.84,491,426,427,64,54,0
2846,113.84,666,545,159,18,17,0
2846,113.84,667,477,142,26,20,0
2846,113.84,670,504,152,40,14,0
2846,113.84,678,457,162,97,68,0
2846,113.84,680,415,190,49,30,0
2846,113.84,681,92,186,121,164,0
2847,113.88,401,600,48,90,145,0
2847,113.88,423,448,142,51,21,0
2847,113.88,491,429,425,61,49,0
2847,113.88,666,544,157,16,15,0
2847,113.88,667,461,164,29,27,0
2847,113.88,670,491,149,53,17,0
2847,113.88,678,449,181,104,51,0
2847,113.88,680,419,200,32,19,0
2847,113.88,681,97,183,116,163,0
2847,113.88,689,426,172,10,12,0
2848,113.92,401,600,48,90,145,0
2848,113.92,423,448,142,51,21,0
2848,113.92,491,429,425,61,49,0
2848,113.92,666,544,157,16,15,0
2848,113.92,667,461,164,29,27,0
2848,113.92,670,491,149,53,17,0
2848,113.92,678,449,181,104,51,0
2848,113.92,680,419,200,32,19,0
2848,113.92,681,102,186,111,157,0
2848,113.92,689,426,172,10,12,0
2849,113.96,401,600,48,90,145,0
2849,113.96,423,448,142,51,21,0
2849,113.96,491,429,425,61,49,0
2849,113.96,666,544,157,16,15,0
2849,113.96,667,461,164,29,27,0
2849,113.96,670,491,149,53,17,0
2849,113.96,678,449,181,104,51,0
2849,113.96,680,419,200,32,19,0
2849,113.96,681,108,188,105,155,0
2849,113.96,689,426,172,10,12,0
2850,114.0,401,600,48,90,145,0
2850,114.0,423,448,142,51,21,0
2850,114.0,491,429,425,61,49,0
2850,114.0,666,544,157,16,15,0
2850,114.0,667,461,164,29,27,0
2850,114.0,670,514,152,30,14,0
2850,114.0,678,450,181,103,51,0
2850,114.0,680,419,200,32,19,0
2850,114.0,681,113,188,100,155,0
2850,114.0,689,426,172,10,12,0
2851,114.04,401,600,48,90,145,0
2851,114.04,423,448,142,51,21,0
2851,114.04,491,429,425,61,49,0
2851,114.04,666,544,157,16,15,0
2851,114.04,667,461,164,29,27,0
2851,114.04,670,491,149,53,17,0
2851,114.04,678,450,181,103,51,0
2851,114.04,680,419,200,32,21,0
2851,114.04,681,119,188,99,155,0
2851,114.04,689,426,172,10,12,0
2852,114.08,401,600,48,90,145,0
2852,114.08,423,448,142,41,15,0
2852,114.08,491,429,425,61,49,0
2852,114.08,666,544,157,16,15,0
2852,114.08,667,461,164,29,27,0
2852,114.08,670,491,149,53,17,0
2852,114.08,678,449,181,104,51,0
2852,114.08,680,427,200,24,19,0
2852,114.08,681,126,189,98,154,0
2852,114.08,689,426,172,10,12,0
2852,114.08,690,166,211,18,14,0
2853,114.12,401,600,48,90,145,0
2853,114.12,423,448,142,41,15,0
2853,114.12,491,429,425,61,49,0
2853,114.12,666,544,157,16,15,0
2853,114.12,667,461,164,29,27,0
2853,114.12,670,491,149,53,17,0
2853,114.12,678,447,181,106,51,0
2853,114.12,680,427,200,24,19,0
2853,114.12,681,133,187,98,156,0
2853,114.12,689,426,172,10,12,0
2854,114.16,401,600,48,90,145,0
2854,114.16,423,448,142,41,15,0
2854,114.16,491,429,425,61,49,0
2854,114.16,666,544,157,16,15,0
2854,114.16,667,461,164,29,27,0
2854,114.16,670,491,149,53,17,0
2854,114.16,678,447,181,106,51,0
2854,114.16,680,427,200,24,19,0
2854,114.16,681,141,184,97,158,0
2854,114.16,689,426,172,10,12,0
2855,114.2,401,600,48,90,145,0
2855,114.2,423,448,142,41,15,0
2855,114.2,491,429,425,61,49,0
2855,114.2,666,544,157,16,15,0
2855,114.2,667,461,164,29,27,0
2855,114.2,670,491,149,53,17,0
2855,114.2,678,447,181,106,51,0
2855,114.2,680,427,200,24,19,0
2855,114.2,681,147,190,109,152,0
2855,114.2,689,426,172,10,12,0
2856,114.24,401,600,48,90,145,0
2856,114.24,423,448,142,41,15,0
2856,114.24,491,429,425,61,49,0
2856,114.24,666,544,157,16,15,0
2856,114.24,667,461,164,29,27,0
2856,114.24,670,491,149,53,17,0
2856,114.24,678,447,181,106,51,0
2856,114.24,680,427,200,24,19,0
2856,114.24,681,158,222,118,119,0
2856,114.24,689,426,172,10,12,0
2856,114.24,690,156,189,53,41,0
2857,114.28,401,600,48,90,145,0
2857,114.28,423,448,142,41,15,0
2857,114.28,491,429,425,61,49,0
2857,114.28,666,544,157,16,15,0
2857,114.28,667,461,164,29,27,0
2857,114.28,670,491,149,53,17,0
2857,114.28,678,447,181,106,51,0
2857,114.28,680,427,200,24,19,0
2857,114.28,681,166,221,125,119,0
2857,114.28,689,426,172,10,12,0
2857,114.28,690,163,190,53,41,0
2858,114.32,401,600,48,90,145,0
2858,114.32,423,448,142,41,15,0
2858,114.32,491,429,425,61,49,0
2858,114.32,666,544,157,16,15,0
2858,114.32,667,461,164,29,27,0
2858,114.32,670,491,149,53,17,0
2858,114.32,678,447,181,106,51,0
2858,114.32,680,427,200,24,19,0
2858,114.32,681,172,193,128,147,0
2858,114.32,689,426,172,10,12,0
2858,114.32,690,205,178,15,16,0
2859,114.36,401,600,48,90,145,0
2859,114.36,423,448,142,41,15,0
2859,114.36,491,429,425,61,49,0
2859,114.36,666,544,157,16,15,0
2859,114.36,667,461,164,29,27,0
2859,114.36,670,491,149,53,17,0
2859,114.36,678,447,181,106,51,0
2859,114.36,680,427,200,24,19,0
2859,114.36,681,177,183,127,156,0
2859,114.36,689,426,172,10,12,0
2860,114.4,401,600,48,90,145,0
2860,114.4,423,448,142,41,15,0
2860,114.4,491,429,425,61,49,0
2860,114.4,666,544,157,16,15,0
2860,114.4,667,461,164,29,27,0
2860,114.4,670,491,149,53,17,0
2860,114.4,678,447,181,106,51,0
2860,114.4,680,427,200,24,19,0
2860,114.4,681,179,189,131,150,0
2860,114.4,689,426,172,10,12,0
2861,114.44,401,600,48,90,145,0
2861,114.44,423,448,142,41,15,0
2861,114.44,491,429,425,61,49,0
2861,114.44,666,544,157,16,15,0
2861,114.44,667,461,164,29,27,0
2861,114.44,670,491,149,53,17,0
2861,114.44,678,447,181,106,51,0
2861,114.44,680,427,200,24,19,0
2861,114.44,681,185,186,126,152,0
2861,114.44,689,426,172,10,12,0
2861,114.44,691,232,179,20,13,0
2862,114.48,401,600,48,90,145,0
2862,114.48,423,448,142,41,15,0
2862,114.48,491,429,425,61,49,0
2862,114.48,666,544,157,16,15,0
2862,114.48,667,461,164,29,27,0
2862,114.48,670,491,149,53,17,0
2862,114.48,678,447,181,106,51,0
2862,114.48,680,427,200,24,19,0
2862,114.48,681,201,182,110,154,0
2862,114.48,689,426,172,10,12,0
2862,114.48,691,243,176,15,17,0
2863,114.52,401,600,48,90,145,0
2863,114.52,423,448,142,41,15,0
2863,114.52,491,429,425,61,49,0
2863,114.52,666,544,157,16,15,0
2863,114.52,667,461,164,29,27,0
2863,114.52,670,491,149,53,17,0
2863,114.52,678,447,181,106,51,0
2863,114.52,680,427,200,24,19,0
2863,114.52,681,206,203,105,132,0
2863,114.52,689,426,172,10,12,0
2863,114.52,691,216,185,42,42,0
2864,114.56,401,600,48,90,145,0
2864,114.56,423,448,142,41,15,0
2864,114.56,491,429,425,61,49,0
2864,114.56,666,544,157,16,15,0
2864,114.56,667,461,164,29,27,0
2864,114.56,670,491,149,53,17,0
2864,114.56,678,447,181,106,51,0
2864,114.56,680,427,200,24,19,0
2864,114.56,681,222,205,89,131,0
2864,114.56,689,426,172,10,12,0
2864,114.56,691,223,184,47,43,0
2865,114.6,401,600,48,90,145,0
2865,114.6,423,448,142,41,15,0
2865,114.6,491,429,425,61,49,0
2865,114.6,666,544,157,16,15,0
2865,114.6,667,461,164,29,27,0
2865,114.6,670,491,150,53,16,0
2865,114.6,678,447,181,106,51,0
2865,114.6,680,427,200,24,19,0
2865,114.6,681,228,179,82,160,0
2865,114.6,689,426,172,10,12,0
2866,114.64,401,600,48,90,145,0
2866,114.64,423,448,142,41,15,0
2866,114.64,491,429,425,61,49,0
2866,114.64,666,544,157,16,15,0
2866,114.64,667,461,164,29,27,0
2866,114.64,670,491,150,53,16,0
2866,114.64,678,447,181,106,51,0
2866,114.64,680,427,200,24,19,0
2866,114.64,681,235,172,81,170,0
2866,114.64,689,426,172,10,12,0
2867,114.68,401,600,48,90,145,0
2867,114.68,423,448,142,41,15,0
2867,114.68,491,429,425,61,49,0
2867,114.68,666,544,157,16,15,0
2867,114.68,667,461,164,29,27,0
2867,114.68,670,491,150,53,16,0
2867,114.68,678,447,181,106,51,0
2867,114.68,680,427,200,24,19,0
2867,114.68,681,242,169,92,176,0
2867,114.68,689,426,172,10,12,0
2868,114.72,401,600,48,90,145,0
2868,114.72,423,448,142,41,15,0
2868,114.72,491,429,425,61,49,0
2868,114.72,666,544,157,16,15,0
2868,114.72,667,461,164,29,27,0
2868,114.72,670,491,150,53,16,0
2868,114.72,678,447,181,106,51,0
2868,114.72,680,427,200,24,19,0
2868,114.72,681,250,205,98,144,0
2868,114.72,689,426,172,10,12,0
2868,114.72,691,250,168,61,61,0
2869,114.76,401,600,48,90,145,0
2869,114.76,423,448,142,41,15,0
2869,114.76,491,429,425,61,49,0
2869,114.76,666,544,157,16,15,0
2869,114.76,667,461,164,29,27,0
2869,114.76,670,491,150,53,16,0
2869,114.76,678,447,181,106,51,0
2869,114.76,680,427,200,24,19,0
2869,114.76,681,258,168,107,185,0
2869,114.76,689,426,172,10,12,0
2870,114.8,401,600,48,90,144,0
2870,114.8,423,448,142,41,15,0
2870,114.8,491,429,425,61,49,0
2870,114.8,666,544,157,16,15,0
2870,114.8,667,461,164,29,27,0
2870,114.8,670,494,150,50,16,0
2870,114.8,678,447,181,106,51,0
2870,114.8,680,427,200,24,19,0
2870,114.8,681,266,174,119,183,0
2871,114.84,401,600,48,90,143,0
2871,114.84,423,448,142,41,15,0
2871,114.84,491,429,425,61,49,0
2871,114.84,666,544,157,16,15,0
2871,114.84,667,461,164,29,27,0
2871,114.84,670,494,150,50,16,0
2871,114.84,678,447,181,106,51,0
2871,114.84,680,427,200,24,19,0
2871,114.84,681,273,177,125,180,0
2872,114.88,401,600,48,90,143,0
2872,114.88,423,448,142,41,15,0
2872,114.88,491,429,425,61,49,0
2872,114.88,666,544,157,16,15,0
2872,114.88,667,461,164,29,27,0
2872,114.88,670,494,150,50,16,0
2872,114.88,678,447,181,106,51,0
2872,114.88,680,427,200,24,19,0
2872,114.88,681,273,233,136,125,0
2872,114.88,691,287,180,110,70,0
2873,114.92,401,600,48,90,143,0
2873,114.92,423,448,142,41,15,0
2873,114.92,491,429,425,61,49,0
2873,114.92,666,544,157,16,15,0
2873,114.92,667,461,164,29,27,0
2873,114.92,670,498,150,46,16,0
2873,114.92,678,447,181,106,51,0
2873,114.92,680,427,200,24,19,0
2873,114.92,681,274,183,139,177,0
2874,114.96,401,600,48,90,143,0
2874,114.96,423,448,142,41,15,0
2874,114.96,491,429,425,61,49,0
2874,114.96,666,544,157,16,15,0
2874,114.96,667,461,164,29,27,0
2874,114.96,670,498,150,46,16,0
2874,114.96,678,447,181,106,51,0
2874,114.96,680,427,200,24,19,0
2874,114.96,681,304,208,104,50,0
2874,114.96,691,319,186,38,24,0
2874,114.96,692,277,236,135,125,0
2875,115.0,401,600,48,90,143,0
2875,115.0,423,448,142,41,15,0
2875,115.0,491,429,425,61,49,0
2875,115.0,666,544,157,16,15,0
2875,115.0,667,461,164,29,27,0
2875,115.0,670,498,150,46,16,0
2875,115.0,678,447,181,106,51,0
2875,115.0,680,427,200,24,19,0
2875,115.0,692,284,187,132,178,0
2876,115.04,401,600,48,90,143,0
2876,115.04,423,448,142,41,15,0
2876,115.04,491,429,425,61,49,0
2876,115.04,666,544,157,16,15,0
2876,115.04,667,461,164,29,27,0
2876,115.04,670,498,150,46,16,0
2876,115.04,678,447,181,106,51,0
2876,115.04,680,427,200,24,19,0
2876,115.04,692,323,189,93,77,0
2876,115.04,693,295,240,121,124,0
2877,115.08,401,600,48,90,143,0
2877,115.08,423,448,142,41,15,0
2877,115.08,491,429,425,61,49,0
2877,115.08,666,544,157,16,15,0
2877,115.08,667,461,164,29,27,0
2877,115.08,670,498,150,46,16,0
2877,115.08,678,447,181,106,51,0
2877,115.08,680,427,200,24,19,0
2877,115.08,692,334,186,82,82,0
2877,115.08,693,309,240,107,124,0
2878,115.12,401,600,48,90,143,0
2878,115.12,423,448,142,41,15,0
2878,115.12,491,429,425,61,49,0
2878,115.12,666,544,157,16,15,0
2878,115.12,667,461,164,29,27,0
2878,115.12,670,498,150,46,16,0
2878,115.12,678,447,181,106,51,0
2878,115.12,680,427,201,24,18,0
2878,115.12,692,340,190,76,79,0
2878,115.12,693,324,241,92,123,0
2879,115.16,401,600,48,90,143,0
2879,115.16,423,448,135,51,26,0
2879,115.16,491,431,427,59,38,0
2879,115.16,666,547,154,19,21,0
2879,115.16,667,501,166,15,23,0
2879,115.16,670,496,145,46,17,0
2879,115.16,678,457,162,96,70,0
2879,115.16,680,428,201,23,18,0
2879,115.16,689,395,187,25,13,0
2879,115.16,691,360,190,57,26,0
2879,115.16,692,351,214,69,52,0
2879,115.16,693,341,243,75,121,0
2879,115.16,694,439,449,21,23,0
2880,115.2,401,600,48,90,142,0
2880,115.2,423,448,135,51,29,0
2880,115.2,491,431,427,59,38,0
2880,115.2,666,547,154,19,21,0
2880,115.2,667,457,161,96,71,0
2880,115.2,670,499,150,43,12,0
2880,115.2,678,501,166,15,23,0
2880,115.2,680,428,201,23,18,0
2880,115.2,691,359,190,55,28,0
2880,115.2,693,358,215,66,149,0
2880,115.2,694,439,449,21,23,0
2881,115.24,401,600,48,90,142,0
2881,115.24,423,448,135,51,28,0
2881,115.24,491,431,427,59,38,0
2881,115.24,666,545,154,21,23,0
2881,115.24,667,457,161,96,71,0
2881,115.24,670,499,150,43,12,0
2881,115.24,678,501,166,15,23,0
2881,115.24,689,391,179,24,12,0
2881,115.24,691,367,191,84,53,0
2881,115.24,693,366,245,70,118,0
2881,115.24,694,439,449,21,23,0
2882,115.28,401,600,48,90,142,0
2882,115.28,423,448,135,51,26,0
2882,115.28,491,431,427,59,38,0
2882,115.28,666,545,154,21,23,0
2882,115.28,667,457,161,96,71,0
2882,115.28,670,499,150,43,12,0
2882,115.28,678,501,166,15,23,0
2882,115.28,680,435,201,16,19,0
2882,115.28,692,374,192,72,172,0
2882,115.28,694,439,449,21,23,0
2883,115.32,401,600,48,90,142,0
2883,115.32,423,448,135,51,26,0
2883,115.32,491,437,427,53,38,0
2883,115.32,666,545,154,21,23,0
2883,115.32,667,457,162,96,70,0
2883,115.32,670,499,150,43,12,0
2883,115.32,678,501,166,15,23,0
2883,115.32,680,445,206,12,13,0
2883,115.32,689,379,194,69,51,0
2883,115.32,692,378,240,85,124,0
2883,115.32,694,439,449,21,23,0
2884,115.36,401,600,48,90,142,0
2884,115.36,423,448,135,51,26,0
2884,115.36,491,449,432,41,33,0
2884,115.36,666,545,154,21,23,0
2884,115.36,670,499,150,43,12,0
2884,115.36,678,501,166,12,22,0
2884,115.36,680,395,162,158,85,0
2884,115.36,689,436,242,15,11,0
2884,115.36,692,376,249,112,115,0
2884,115.36,694,439,446,21,26,0
2884,115.36,695,405,190,37,12,0
2885,115.4,401,600,48,90,142,0
2885,115.4,423,448,135,51,26,0
2885,115.4,491,449,435,41,30,0
2885,115.4,666,545,154,21,23,0
2885,115.4,670,499,150,43,12,0
2885,115.4,678,501,166,12,22,0
2885,115.4,680,402,162,151,92,0
2885,115.4,692,378,250,130,116,0
2885,115.4,694,440,455,20,17,0
2886,115.44,401,600,48,90,142,0
2886,115.44,423,448,135,51,26,0
2886,115.44,491,455,442,35,24,0
2886,115.44,666,545,154,21,23,0
2886,115.44,667,444,162,109,70,0
2886,115.44,670,499,150,43,12,0
2886,115.44,678,501,166,12,22,0
2886,115.44,680,477,212,15,13,0
2886,115.44,692,377,251,142,113,0
2886,115.44,694,453,437,14,12,0
2886,115.44,695,410,192,70,58,0
2887,115.48,401,600,48,90,142,0
2887,115.48,423,448,135,51,26,0
2887,115.48,491,459,442,31,23,0
2887,115.48,666,545,154,21,23,0
2887,115.48,667,457,162,96,70,0
2887,115.48,670,499,150,43,12,0
2887,115.48,678,501,166,12,22,0
2887,115.48,680,457,191,16,11,0
2887,115.48,692,377,249,144,115,0
2887,115.48,695,425,203,63,49,0
2887,115.48,696,411,198,48,14,0
2888,115.52,401,600,48,90,142,0
2888,115.52,423,448,135,51,26,0
2888,115.52,491,468,443,22,20,0
2888,115.52,666,545,154,21,23,0
2888,115.52,667,457,162,96,70,0
2888,115.52,670,499,150,43,12,0
2888,115.52,678,501,166,12,22,0
2888,115.52,692,378,256,149,111,0
2888,115.52,695,436,204,64,55,0
2888,115.52,696,411,198,48,23,0
2889,115.56,401,600,48,85,136,0
2889,115.56,423,448,135,51,26,0
2889,115.56,666,545,154,21,23,0
2889,115.56,667,447,162,106,70,0
2889,115.56,670,499,150,43,11,0
2889,115.56,678,501,166,12,22,0
2889,115.56,692,384,256,144,113,0
2889,115.56,695,448,205,62,56,0
2889,115.56,696,419,202,32,19,0
2889,115.56,697,630,158,60,32,0
2890,115.6,401,664,64,21,30,0
2890,115.6,423,466,145,33,13,0
2890,115.6,667,461,168,92,65,0
2890,115.6,678,468,206,54,27,0
2890,115.6,692,402,256,125,114,0
2890,115.6,695,459,230,63,32,0
2890,115.6,696,419,202,32,19,0
2890,115.6,698,451,212,21,12,0
2890,115.6,699,616,54,10,10,0
2891,115.64,401,672,74,12,20,0
2891,115.64,491,426,441,29,25,0
2891,115.64,667,457,168,96,62,0
2891,115.64,692,418,207,116,163,0
2891,115.64,696,419,202,32,19,0
2892,115.68,401,672,74,12,20,0
2892,115.68,491,426,431,37,43,0
2892,115.68,667,457,168,110,62,0
2892,115.68,692,436,208,109,161,0
2892,115.68,696,419,202,32,19,0
2893,115.72,401,672,74,12,20,0
2893,115.72,491,426,427,42,47,0
2893,115.72,692,457,172,103,199,0
2893,115.72,696,419,202,32,19,0
2893,115.72,698,457,205,39,22,0
2894,115.76,401,672,74,12,20,0
2894,115.76,491,426,427,47,45,0
2894,115.76,667,457,178,111,56,0
2894,115.76,695,473,211,93,172,0
2894,115.76,696,419,202,32,19,0
2895,115.8,401,672,74,12,20,0
2895,115.8,491,426,425,52,54,0
2895,115.8,667,457,179,110,53,0
2895,115.8,692,515,215,18,18,0
2895,115.8,695,485,214,95,175,0
2895,115.8,696,419,202,32,19,0
2896,115.84,401,672,74,12,20,0
2896,115.84,491,426,425,57,49,0
2896,115.84,667,457,189,111,44,0
2896,115.84,695,485,219,101,177,0
2896,115.84,696,419,202,32,19,0
2897,115.88,401,672,74,12,20,0
2897,115.88,491,426,425,65,49,0
2897,115.88,667,457,189,103,44,0
2897,115.88,695,476,224,128,178,0
2897,115.88,696,419,203,30,18,0
2898,115.92,401,672,74,12,20,0
2898,115.92,423,526,189,34,44,0
2898,115.92,491,465,435,23,39,0
2898,115.92,666,507,205,29,11,0
2898,115.92,667,457,205,72,28,0
2898,115.92,695,476,225,140,181,0
2898,115.92,696,419,204,30,17,0
2898,115.92,698,488,196,22,20,0
2898,115.92,700,426,425,41,41,0
2899,115.96,401,672,74,12,20,0
2899,115.96,423,526,189,30,44,0
2899,115.96,491,465,435,23,39,0
2899,115.96,667,457,205,71,28,0
2899,115.96,695,485,232,145,177,0
2899,115.96,696,419,207,32,16,0
2899,115.96,700,426,425,41,41,0
2900,116.0,401,672,74,12,20,0
2900,116.0,423,526,189,30,44,0
2900,116.0,491,465,435,23,39,0
2900,116.0,667,457,205,48,24,0
2900,116.0,695,488,236,156,173,0
2900,116.0,700,426,425,41,41,0
2901,116.04,401,672,74,12,20,0
2901,116.04,423,534,191,22,32,0
2901,116.04,491,465,435,23,39,0
2901,116.04,667,457,205,43,22,0
2901,116.04,695,486,242,166,169,0
2901,116.04,700,426,425,41,41,0
2902,116.08,423,534,191,26,32,0
2902,116.08,491,465,435,23,39,0
2902,116.08,667,457,205,32,22,0
2902,116.08,695,491,244,170,169,0
2902,116.08,700,426,425,41,41,0
2903,116.12,423,534,191,26,32,0
2903,116.12,491,465,435,23,38,0
2903,116.12,667,457,205,20,20,0
2903,116.12,695,510,247,154,166,0
2903,116.12,700,426,425,41,41,0
2904,116.16,491,465,435,23,38,0
2904,116.16,667,457,206,20,19,0
2904,116.16,695,526,248,148,165,0
2904,116.16,700,426,425,39,41,0
2905,116.2,423,534,199,26,24,0
2905,116.2,491,467,435,21,38,0
2905,116.2,667,457,206,20,19,0
2905,116.2,695,543,252,143,161,0
2905,116.2,700,426,427,27,29,0
2905,116.2,701,663,304,8,16,0
2906,116.24,491,467,435,21,38,0
2906,116.24,667,457,206,20,19,0
2906,116.24,695,559,253,138,160,0
2906,116.24,700,426,427,27,29,0
2907,116.28,491,467,435,21,29,0
2907,116.28,695,577,254,131,159,0
2907,116.28,700,426,427,27,29,0
2908,116.32,491,467,435,21,29,0
2908,116.32,695,594,255,124,158,0
2908,116.32,700,426,427,27,29,0
2909,116.36,491,467,435,21,29,0
2909,116.36,695,592,258,136,155,0
2909,116.36,700,426,427,27,29,0
2910,116.4,491,472,443,16,21,0
2910,116.4,695,595,257,143,156,0
2910,116.4,700,426,427,27,29,0
2911,116.44,695,595,264,153,149,0
2911,116.44,700,428,430,32,20,0
2912,116.48,695,593,266,163,147,0
2912,116.48,700,428,430,32,20,0
2913,116.52,695,593,270,173,143,0
2913,116.52,700,428,430,25,18,0
2914,116.56,695,594,272,182,141,0
2914,116.56,700,428,430,24,18,0
2915,116.6,695,602,274,184,139,0
2915,116.6,700,428,430,24,18,0
2916,116.64,695,612,273,186,140,0
2916,116.64,700,430,430,22,18,0
2917,116.68,695,628,273,181,141,0
2918,116.72,695,645,277,171,135,0
2919,116.76,695,667,278,159,137,0
2920,116.8,695,685,280,151,134,0
2921,116.84,695,697,280,149,138,0
2922,116.88,695,696,285,158,148,0
2923,116.92,695,696,288,166,150,0
2924,116.96,695,697,292,171,150,0
2925,117.0,695,699,295,177,149,0
2926,117.04,695,697,299,188,146,0
2927,117.08,695,698,303,193,141,0
2928,117.12,695,705,304,195,141,0
2929,117.16,695,713,309,195,137,0
2930,117.2,695,726,309,192,138,0
2931,117.24,695,743,312,183,134,0
2932,117.28,695,754,314,180,132,0
2933,117.32,695,771,315,171,131,0
2934,117.36,695,786,316,164,130,0
2935,117.4,695,792,317,164,129,0
2936,117.44,695,792,319,172,128,0
2937,117.48,695,792,321,178,126,0
2938,117.52,695,795,324,181,123,0
2939,117.56,695,793,326,188,121,0
2940,117.6,695,794,328,192,119,0
2941,117.64,695,796,329,196,118,0
2942,117.68,695,803,330,195,116,0
2943,117.72,695,814,332,191,114,0
2944,117.76,695,830,332,184,112,0
2945,117.8,695,843,333,175,112,0
2946,117.84,695,857,334,167,110,0
2947,117.88,695,873,334,158,111,0
2948,117.92,695,874,335,162,113,0
2949,117.96,695,874,337,168,116,0
2950,118.0,695,874,338,172,125,0
2951,118.04,695,874,341,176,111,0
2951,118.04,702,923,451,24,14,0
2952,118.08,695,874,344,180,108,0
2952,118.08,702,937,451,28,13,0
2953,118.12,695,875,346,183,117,0
2954,118.16,695,876,348,186,114,0
2955,118.2,695,879,350,189,113,0
2956,118.24,695,890,352,183,112,0
2957,118.28,695,904,353,174,109,0
2958,118.32,695,916,354,168,108,0
2959,118.36,695,921,355,169,107,0
2960,118.4,695,933,355,161,107,0
2961,118.44,695,945,355,155,107,0
2962,118.48,695,949,356,155,106,0
2963,118.52,695,949,357,159,107,0
2964,118.56,695,949,358,162,106,0
2965,118.6,695,949,359,165,104,0
2966,118.64,695,948,360,168,103,0
2967,118.68,695,951,360,168,103,0
2968,118.72,695,950,361,172,102,0
2969,118.76,695,968,361,158,91,0
2969,118.76,703,958,446,13,17,0
2970,118.8,695,974,361,156,93,0
2971,118.84,695,979,361,154,95,0
2972,118.88,695,990,360,148,95,0
2973,118.92,695,996,359,146,95,0
2974,118.96,695,1003,358,143,97,0
2975,119.0,695,1004,359,145,97,0
2976,119.04,695,1005,360,147,98,0
2977,119.08,695,1005,361,149,91,0
2977,119.08,703,1030,450,16,13,0
2978,119.12,695,1005,362,152,100,0
2979,119.16,695,1003,364,155,96,0
2980,119.2,695,1006,365,156,93,0
2981,119.24,695,1008,367,156,90,0
2982,119.28,695,1011,365,155,92,0
2983,119.32,695,1019,366,152,91,0
2984,119.36,695,1027,368,147,83,0
2985,119.4,695,1037,368,141,83,0
2985,119.4,703,1056,447,19,10,0
2986,119.44,695,1042,368,138,83,0
2987,119.48,695,1048,367,136,84,0
2988,119.52,695,1057,366,129,85,0
2989,119.56,695,1056,365,134,85,0
2989,119.56,703,1054,447,20,10,0
2990,119.6,695,1061,366,129,84,0
2990,119.6,703,1054,447,19,10,0
2991,119.64,695,1054,365,138,92,0
2992,119.68,695,1065,367,129,83,0
2992,119.68,703,1054,447,17,10,0
2993,119.72,695,1057,366,137,91,0
2994,119.76,695,1055,366,141,91,0
2995,119.8,695,1068,365,130,85,0
2995,119.8,703,1060,445,13,12,0
2996,119.84,695,1071,364,128,86,0
2997,119.88,695,1078,361,124,87,0
2998,119.92,695,1086,361,118,85,0
2999,119.96,695,1087,359,119,88,0
3000,120.0,695,1090,358,120,87,0
3001,120.04,695,1090,357,122,87,0
3002,120.08,695,1090,357,107,86,0
3002,120.08,704,1189,356,23,19,0
3003,120.12,695,1090,355,124,87,0
3004,120.16,695,1090,355,126,83,0
3005,120.2,695,1090,354,126,84,0
3006,120.24,695,1091,353,126,85,0
3007,120.28,695,1100,354,118,76,0
3008,120.32,695,1100,353,119,77,0
3009,120.36,695,1096,352,124,85,0
3010,120.4,695,1101,351,121,80,0
3011,120.44,695,1107,350,117,75,0
3012,120.48,695,1117,350,109,75,0
3013,120.52,695,1116,348,112,77,0
3014,120.56,695,1119,346,111,79,0
3015,120.6,695,1121,344,109,80,0
3016,120.64,695,1121,343,109,78,0
3017,120.68,695,1121,339,111,85,0
3018,120.72,695,1121,338,112,86,0
3019,120.76,695,1120,338,113,86,0
3020,120.8,695,1131,337,103,84,0
3021,120.84,695,1130,335,104,83,0
3022,120.88,695,1132,333,102,83,0
3023,120.92,695,1134,331,100,83,0
3024,120.96,695,1134,329,101,87,0
3025,121.0,695,1138,326,98,83,0
3026,121.04,695,1138,324,99,86,0
3027,121.08,695,1138,322,100,82,0
3028,121.12,695,1138,320,100,78,0
3029,121.16,695,1138,323,92,69,0
3029,121.16,704,1224,319,16,20,0
3030,121.2,695,1137,321,94,72,0
3030,121.2,704,1225,317,15,17,0
3031,121.24,695,1138,319,94,73,0
3031,121.24,704,1226,316,14,20,0
3032,121.28,695,1139,315,101,77,0
3033,121.32,695,1139,314,101,78,0
3034,121.36,695,1139,314,102,78,0
3035,121.4,695,1138,313,104,78,0
3036,121.44,695,1140,312,102,78,0
3037,121.48,695,1138,313,96,76,0
3037,121.48,704,1228,311,16,17,0
3038,121.52,695,1152,312,83,62,0
3038,121.52,704,1225,310,21,16,0
3039,121.56,695,1150,308,96,64,0
3040,121.6,695,1152,307,96,65,0
3041,121.64,695,1156,305,92,65,0
3042,121.68,695,1155,305,95,65,0
3043,121.72,695,1155,302,95,68,0
3044,121.76,695,1155,301,97,69,0
3045,121.8,695,1155,301,97,69,0
3046,121.84,695,1155,300,97,70,0
3047,121.88,695,1154,299,98,71,0
3048,121.92,695,1155,298,97,72,0
3049,121.96,695,1165,297,87,66,0
3050,122.0,695,1166,295,86,68,0
3051,122.04,695,1166,294,86,68,0
3052,122.08,695,1166,293,88,69,0
3053,122.12,695,1164,291,90,68,0
3054,122.16,695,1164,291,92,65,0
3055,122.2,695,1165,290,82,63,0
3055,122.2,704,1240,290,16,14,0
3056,122.24,695,1165,289,93,63,0
3057,122.28,695,1165,289,93,63,0
3058,122.32,695,1166,288,93,63,0
3059,122.36,695,1166,288,94,65,0
3060,122.4,695,1166,288,85,65,0
3060,122.4,704,1246,290,14,14,0
3061,122.44,695,1167,288,84,64,0
3061,122.44,704,1247,290,13,15,0
3062,122.48,695,1167,289,85,58,0
3062,122.48,704,1247,291,14,14,0
3063,122.52,695,1165,289,88,63,0
3063,122.52,704,1248,292,14,13,0
3064,122.56,695,1172,288,82,66,0
3064,122.56,704,1249,292,15,14,0
3065,122.6,695,1179,291,77,56,0
3065,122.6,704,1251,292,13,13,0
3066,122.64,695,1182,290,75,57,0
3066,122.64,704,1252,292,14,17,0
3067,122.68,695,1185,290,73,57,0
3067,122.68,704,1254,292,14,17,0
3068,122.72,695,1186,290,75,64,0
3068,122.72,704,1255,293,15,16,0
3069,122.76,695,1190,290,72,57,0
3069,122.76,704,1258,293,12,13,0
3070,122.8,695,1191,291,72,55,0
3070,122.8,704,1259,292,12,14,0
3071,122.84,695,1187,291,77,55,0
3071,122.84,704,1259,292,13,14,0
3072,122.88,695,1193,291,72,56,0
3072,122.88,704,1260,292,13,14,0
3073,122.92,695,1196,292,69,55,0
3073,122.92,704,1260,293,13,12,0
3074,122.96,695,1196,292,70,56,0
3074,122.96,704,1261,293,13,13,0
3075,123.0,695,1196,293,70,55,0
3075,123.0,704,1264,293,10,13,0
3076,123.04,695,1198,293,69,56,0
3076,123.04,704,1262,293,12,13,0
3077,123.08,695,1197,294,70,57,0
3077,123.08,704,1263,294,12,12,0
3078,123.12,695,1197,294,71,58,0
3078,123.12,704,1264,294,12,12,0
3079,123.16,695,1198,293,71,59,0
3079,123.16,704,1265,294,12,12,0
3080,123.2,695,1200,292,70,61,0
3080,123.2,704,1265,293,13,13,0
3081,123.24,695,1205,293,66,60,0
3081,123.24,704,1266,293,13,13,0
3082,123.28,695,1208,293,65,60,0
3082,123.28,704,1267,292,13,13,0
3083,123.32,695,1210,293,64,58,0
3083,123.32,704,1268,292,12,13,0
3084,123.36,695,1211,293,64,60,0
3084,123.36,704,1271,292,9,13,0
3085,123.4,695,1212,293,63,62,0
3085,123.4,704,1270,292,10,13,0
3086,123.44,695,1212,293,64,64,0
3087,123.48,695,1212,293,64,67,0
3088,123.52,695,1212,292,68,66,0
3089,123.56,695,1212,294,66,58,0
3090,123.6,695,1214,294,64,56,0
3091,123.64,695,1214,294,66,56,0
3092,123.68,695,1214,295,65,53,0
3093,123.72,695,1215,294,65,54,0
3094,123.76,695,1216,294,64,54,0
3095,123.8,695,1218,294,62,54,0
3096,123.84,695,1218,293,62,55,0
3097,123.88,695,1218,292,62,56,0
3098,123.92,695,1218,292,62,55,0
3099,123.96,695,1229,291,51,56,0
