event_id,variant,frame,gt_id,track_id,excluded,exclusion_reason
M01,default,89,1,1,False,
M01,default,90,1,1,False,
M01,default,91,1,1,False,
M01,default,92,1,1,False,
M01,default,93,1,1,False,
M01,default,94,1,1,False,
M01,default,95,1,1,False,
M01,default,96,1,1,False,
M01,default,97,1,1,False,
M01,default,98,1,1,False,
M01,default,99,1,1,False,
M01,default,100,1,1,False,
M01,default,101,1,1,False,
M01,default,102,1,1,False,
M01,default,103,1,1,False,
M01,default,104,1,1,False,
M01,default,105,1,1,False,
M01,default,106,1,1,False,
M01,default,107,1,1,False,
M01,default,108,1,1,False,
M01,default,109,1,1,False,
M01,default,110,1,1,False,
M01,default,111,1,1,False,
M01,default,112,1,1,False,
M01,default,113,1,1,False,
M01,default,114,1,1,False,
M01,default,115,1,1,False,
M01,default,116,1,1,False,
M01,default,117,1,1,False,
M01,default,118,1,1,False,
M01,default,119,1,1,False,
M01,default,120,1,1,False,
M01,default,121,1,1,False,
M01,default,122,1,1,False,
M01,default,123,1,1,False,
M01,default,124,1,1,False,
M01,default,125,1,1,False,
M01,default,126,1,1,False,
M01,default,127,1,1,False,
M01,default,128,1,1,False,
M01,default,129,1,1,False,
M01,default,130,1,1,False,
M01,default,131,1,1,False,
M01,default,132,1,1,False,
M01,default,133,1,1,False,
M01,default,134,1,1,False,
M01,default,135,1,1,False,
M01,default,136,1,1,False,
M01,default,137,1,1,False,
M01,default,138,1,1,False,
M01,default,139,1,1,False,
M01,default,140,1,1,False,
M01,default,141,1,1,False,
M01,default,142,1,1,False,
M01,default,143,1,1,False,
M01,default,144,1,1,False,
M01,default,145,1,1,False,
M01,default,146,1,1,False,
M01,default,147,1,1,False,
M01,default,148,1,1,False,
M01,default,149,1,1,False,
M02,default,139,1,2,False,
M02,default,140,1,2,False,
M02,default,141,1,2,False,
M02,default,142,1,2,False,
M02,default,143,1,2,False,
M02,default,144,1,19,False,
M02,default,145,1,19,False,
M02,default,146,1,19,False,
M02,default,147,1,19,False,
M02,default,148,1,19,False,
M02,default,149,1,19,False,
M02,default,150,1,19,False,
M02,default,151,1,19,False,
M02,default,152,1,19,False,
M02,default,153,1,25,False,
M02,default,154,1,25,False,
M02,default,155,1,25,False,
M02,default,156,1,25,False,
M02,default,157,1,25,False,
M02,default,158,1,25,False,
M02,default,159,1,25,False,
M02,default,160,1,25,False,
M02,default,161,1,25,False,
M02,default,162,1,25,False,
M02,default,163,1,25,False,
M02,default,164,1,25,False,
M02,default,165,1,25,False,
M02,default,166,1,25,False,
M02,default,167,1,25,False,
M02,default,168,1,25,False,
M02,default,169,1,25,False,
M02,default,170,1,25,False,
M02,default,171,1,25,False,
M02,default,172,1,25,False,
M02,default,173,1,25,False,
M02,default,174,1,25,False,
M02,default,175,1,25,False,
M02,default,176,1,25,False,
M02,default,177,1,25,False,
M02,default,178,1,25,False,
M02,default,179,1,25,False,
M02,default,180,1,25,False,
M02,default,181,1,25,False,
M02,default,182,1,25,False,
M02,default,183,1,25,False,
M02,default,184,1,25,False,
M02,default,185,1,25,False,
M02,default,186,1,25,False,
M02,default,187,1,25,False,
M02,default,188,1,25,False,
M02,default,189,1,25,False,
M03,default,79,1,3,False,
M03,default,80,1,3,False,
M03,default,81,1,3,False,
M03,default,82,1,3,False,
M03,default,83,1,3,False,
M03,default,84,1,6,False,
M03,default,85,1,6,False,
M03,default,86,1,6,False,
M03,default,87,1,6,False,
M03,default,88,1,6,False,
M03,default,89,1,6,False,
M03,default,90,1,6,False,
M03,default,91,1,6,False,
M03,default,92,1,6,False,
M03,default,93,1,6,False,
M03,default,94,1,6,False,
M03,default,95,1,6,False,
M03,default,96,1,6,False,
M03,default,97,1,6,False,
M03,default,98,1,6,False,
M03,default,99,1,6,False,
M03,default,100,1,6,False,
M03,default,101,1,6,False,
M03,default,102,1,6,False,
M03,default,103,1,23,False,
M03,default,104,1,23,False,
M03,default,105,1,23,False,
M03,default,106,1,23,False,
M03,default,107,1,23,False,
M03,default,108,1,23,False,
M03,default,109,1,23,False,
M03,default,110,1,14,False,
M03,default,111,1,14,False,
M03,default,112,1,14,False,
M03,default,113,1,14,False,
M03,default,114,1,14,False,
M03,default,115,1,14,False,
M03,default,116,1,14,False,
M03,default,117,1,14,False,
M03,default,118,1,14,False,
M03,default,119,1,14,False,
M03,default,120,1,14,False,
M03,default,121,1,14,False,
M03,default,122,1,14,False,
M03,default,123,1,14,False,
M03,default,124,1,14,False,
M03,default,125,1,14,False,
M03,default,126,1,14,False,
M03,default,127,1,14,False,
M03,default,128,1,14,False,
M03,default,129,1,14,False,
M03,default,130,1,14,False,
M03,default,131,1,14,False,
M03,default,132,1,14,False,
M03,default,133,1,14,False,
M03,default,134,1,14,False,
M03,default,135,1,14,False,
M03,default,136,1,14,False,
M03,default,137,1,14,False,
M03,default,138,1,14,False,
M03,default,139,1,14,False,
M03,default,140,1,14,False,
M03,default,141,1,14,False,
M03,default,142,1,14,False,
M03,default,143,1,14,False,
M03,default,144,1,14,False,
M03,default,145,1,14,False,
M03,default,146,1,14,False,
M03,default,147,1,14,False,
M03,default,148,1,14,False,
M03,default,149,1,14,False,
M03,default,150,1,14,False,
M03,default,151,1,14,False,
M03,default,152,1,14,False,
M03,default,153,1,14,False,
M03,default,154,1,14,False,
M03,default,155,1,14,False,
M03,default,156,1,14,False,
M03,default,157,1,14,False,
M03,default,158,1,14,False,
M03,default,159,1,14,False,
M03,default,160,1,14,False,
M03,default,161,1,14,False,
M03,default,162,1,14,False,
M03,default,163,1,14,False,
M03,default,164,1,14,False,
M03,default,165,1,14,False,
M03,default,166,1,14,False,
M03,default,167,1,14,False,
M03,default,168,1,14,False,
M03,default,169,1,14,False,
M04,default,104,1,1,False,
M04,default,105,1,1,False,
M04,default,106,1,1,False,
M04,default,107,1,1,False,
M04,default,108,1,1,False,
M04,default,109,1,1,False,
M04,default,110,1,1,False,
M04,default,111,1,1,False,
M04,default,112,1,1,False,
M04,default,113,1,1,False,
M04,default,114,1,1,False,
M04,default,115,1,1,False,
M04,default,116,1,1,False,
M04,default,117,1,1,False,
M04,default,118,1,1,False,
M04,default,119,1,1,False,
M04,default,120,1,1,False,
M04,default,121,1,1,False,
M04,default,122,1,1,False,
M04,default,123,1,1,False,
M04,default,124,1,1,False,
M04,default,125,1,1,False,
M04,default,126,1,1,False,
M04,default,127,1,1,False,
M04,default,128,1,1,False,
M04,default,129,1,1,False,
M04,default,130,1,1,False,
M04,default,131,1,1,False,
M04,default,132,1,1,False,
M04,default,133,1,1,False,
M04,default,134,1,1,False,
M04,default,135,1,1,False,
M04,default,136,1,1,False,
M04,default,137,1,1,False,
M04,default,138,1,1,False,
M04,default,139,1,1,False,
M04,default,140,1,1,False,
M04,default,141,1,1,False,
M04,default,142,1,1,False,
M04,default,143,1,1,False,
M04,default,144,1,1,False,
M04,default,145,1,1,False,
M04,default,146,1,1,False,
M04,default,147,1,1,False,
M04,default,148,1,1,False,
M04,default,149,1,1,False,
M04,default,150,1,1,False,
M04,default,151,1,1,False,
M04,default,152,1,1,False,
M04,default,153,1,1,False,
M04,default,154,1,1,False,
M05,default,94,1,2,False,
M05,default,95,1,2,False,
M05,default,96,1,2,False,
M05,default,97,1,2,False,
M05,default,98,1,2,False,
M05,default,99,1,2,False,
M05,default,100,1,2,False,
M05,default,101,1,2,False,
M05,default,102,1,2,False,
M05,default,103,1,2,False,
M05,default,104,1,2,False,
M05,default,105,1,2,False,
M05,default,106,1,2,False,
M05,default,107,1,2,False,
M05,default,108,1,2,False,
M05,default,109,1,2,False,
M05,default,110,1,2,False,
M05,default,111,1,2,False,
M05,default,112,1,2,False,
M05,default,113,1,19,False,
M05,default,114,1,19,False,
M05,default,115,1,19,False,
M05,default,116,1,19,False,
M05,default,117,1,19,False,
M05,default,118,1,19,False,
M05,default,119,1,19,False,
M05,default,120,1,19,False,
M05,default,121,1,19,False,
M05,default,122,1,19,False,
M05,default,123,1,19,False,
M05,default,124,1,19,False,
M05,default,125,1,19,False,
M05,default,126,1,19,False,
M05,default,127,1,19,False,
M05,default,128,1,19,False,
M05,default,129,1,19,False,
M06,default,30,0,1,False,
M06,default,31,0,1,False,
M06,default,32,0,1,False,
M06,default,33,0,1,False,
M06,default,34,0,1,False,
M06,default,35,0,1,False,
M06,default,36,0,1,False,
M06,default,37,0,1,False,
M06,default,38,0,1,False,
M06,default,39,0,1,False,
M06,default,40,0,1,False,
M06,default,41,0,1,False,
M06,default,42,0,1,False,
M06,default,43,0,1,False,
M06,default,44,0,1,False,
M06,default,45,0,1,False,
M06,default,46,0,1,False,
M06,default,47,0,1,False,
M06,default,48,0,1,False,
M06,default,49,0,1,False,
M06,default,50,0,1,False,
M06,default,51,0,1,False,
M06,default,52,0,1,False,
M06,default,53,0,1,False,
M06,default,54,0,1,False,
M06,default,55,0,1,False,
M06,default,56,0,1,False,
M06,default,57,0,1,False,
M06,default,58,0,1,False,
M06,default,59,0,1,False,
M06,default,60,0,1,False,
M06,default,61,0,1,False,
M06,default,62,0,1,False,
M06,default,63,0,1,False,
M06,default,64,0,1,False,
M06,default,65,0,1,False,
M06,default,66,0,1,False,
M06,default,67,0,1,False,
M06,default,68,0,1,False,
M06,default,69,0,1,False,
M06,default,70,0,1,False,
M06,default,71,0,1,False,
M06,default,72,0,1,False,
M06,default,73,0,1,False,
M06,default,74,0,1,False,
M06,default,75,0,1,False,
M06,default,76,0,1,False,
M06,default,77,0,1,False,
M06,default,78,0,1,False,
M06,default,79,0,1,False,
M06,default,80,0,1,False,
M06,default,81,0,1,False,
M06,default,82,0,1,False,
M06,default,83,0,1,False,
M06,default,84,0,1,False,
M06,default,85,0,1,False,
M07,default,310,1,6,False,
M07,default,311,1,6,False,
M07,default,312,1,6,False,
M07,default,313,1,6,False,
M07,default,314,1,6,False,
M07,default,315,1,6,False,
M07,default,316,1,6,False,
M07,default,317,1,6,False,
M07,default,318,1,6,False,
M07,default,319,1,6,False,
M07,default,320,1,6,False,
M07,default,321,1,6,False,
M07,default,322,1,6,False,
M07,default,323,1,6,False,
M07,default,324,1,6,False,
M07,default,325,1,6,False,
M07,default,326,1,6,False,
M07,default,327,1,6,False,
M07,default,328,1,6,False,
M07,default,329,1,6,False,
M07,default,330,1,6,False,
M07,default,331,1,6,False,
M07,default,332,1,6,False,
M07,default,333,1,6,False,
M07,default,334,1,6,False,
M07,default,335,1,6,False,
M07,default,336,1,6,False,
M07,default,337,1,6,False,
M07,default,338,1,6,False,
M07,default,339,1,6,False,
M07,default,340,1,6,False,
M07,default,341,1,6,False,
M07,default,342,1,6,False,
M07,default,343,1,6,False,
M07,default,344,1,6,False,
M07,default,345,1,6,False,
M07,default,346,1,6,False,
M07,default,347,1,6,False,
M07,default,348,1,6,False,
M07,default,349,1,6,False,
M07,default,350,1,6,False,
M07,default,351,1,6,False,
M07,default,352,1,6,False,
M07,default,353,1,6,False,
M07,default,354,1,6,False,
M07,default,355,1,6,False,
M07,default,356,1,6,False,
M07,default,357,1,6,False,
M07,default,358,1,6,False,
M07,default,359,1,6,False,
M07,default,360,1,6,False,
M07,default,361,1,6,False,
M07,default,362,1,6,False,
M07,default,363,1,6,False,
M07,default,364,1,6,False,
M07,default,365,1,6,False,
M07,default,366,1,6,False,
M07,default,367,1,6,False,
M07,default,368,1,,False,
M07,default,369,1,6,False,
M07,default,370,1,6,False,
M07,default,371,1,6,False,
M07,default,372,1,6,False,
M07,default,373,1,6,False,
M07,default,374,1,6,False,
M07,default,375,1,6,False,
M07,default,376,1,6,False,
M07,default,377,1,6,False,
M07,default,378,1,,False,
M07,default,379,1,,False,
M07,default,380,1,,False,
M07,default,381,1,,False,
M07,default,382,1,,False,
M07,default,383,1,,False,
M07,default,384,1,,False,
M07,default,385,1,,False,
M07,default,386,1,,False,
M07,default,387,1,,False,
M07,default,388,1,,False,
M07,default,389,1,,False,
M07,default,390,1,,False,
M07,default,391,1,,False,
M07,default,392,1,,False,
M07,default,393,1,,False,
M07,default,394,1,,False,
M07,default,395,1,,False,
M07,default,396,1,,False,
M07,default,397,1,,False,
M07,default,398,1,,False,
M07,default,399,1,,False,
M07,default,400,1,,False,
M07,default,401,1,,False,
M07,default,402,1,,False,
M07,default,403,1,,False,
M07,default,404,1,,False,
M07,default,405,1,,False,
M07,default,406,1,,False,
M07,default,407,1,,False,
M07,default,408,1,,False,
M07,default,409,1,,False,
M07,default,410,1,,False,
M07,default,411,1,,False,
M07,default,412,1,,False,
M07,default,413,1,,False,
M07,default,414,1,,False,
M07,default,415,1,,False,
M07,default,416,1,,False,
M07,default,417,1,,False,
M07,default,418,1,,False,
M07,default,419,1,,False,
M07,default,420,1,,False,
M07,default,421,1,,False,
M07,default,422,1,,False,
M07,default,423,1,,False,
M07,default,424,1,,False,
M07,default,425,1,,False,
M07,default,426,1,,False,
M07,default,427,1,,False,
M07,default,428,1,,False,
M07,default,429,1,,False,
M07,default,430,1,,False,
M07,default,431,1,,False,
M07,default,432,1,,False,
M07,default,433,1,,False,
M07,default,434,1,,False,
M07,default,435,1,,False,
M07,default,436,1,,False,
M07,default,437,1,,False,
M07,default,438,1,,False,
M07,default,439,1,,False,
M07,default,440,1,,False,
M07,default,441,1,,False,
M07,default,442,1,,False,
M07,default,443,1,,False,
M07,default,444,1,,False,
M07,default,445,1,,False,
M08,default,80,3,4,False,
M08,default,81,3,4,False,
M08,default,82,3,4,False,
M08,default,83,3,4,False,
M08,default,84,3,4,False,
M08,default,85,3,4,False,
M08,default,86,3,4,False,
M08,default,87,3,4,False,
M08,default,88,3,4,False,
M08,default,89,3,4,False,
M08,default,90,3,4,False,
M08,default,91,3,4,False,
M08,default,92,3,4,False,
M08,default,93,3,4,False,
M08,default,94,3,4,False,
M08,default,95,3,4,False,
M08,default,96,3,4,False,
M08,default,97,3,4,False,
M08,default,98,3,4,False,
M08,default,99,3,4,False,
M08,default,100,3,4,False,
M08,default,101,3,4,False,
M08,default,102,3,4,False,
M08,default,103,3,4,False,
M08,default,104,3,4,False,
M08,default,105,3,4,False,
M08,default,106,3,4,False,
M08,default,107,3,4,False,
M08,default,108,3,4,False,
M08,default,109,3,4,False,
M08,default,110,3,4,False,
M08,default,111,3,4,False,
M08,default,112,3,4,False,
M08,default,113,3,4,False,
M08,default,114,3,4,False,
M08,default,115,3,4,False,
M08,default,116,3,4,False,
M08,default,117,3,4,False,
M08,default,118,3,4,False,
M08,default,119,3,4,False,
M08,default,120,3,4,False,
M09,default,105,1,,False,
M09,default,106,1,,False,
M09,default,107,1,,False,
M09,default,108,1,,False,
M09,default,109,1,,False,
M09,default,110,1,,False,
M09,default,111,1,,False,
M09,default,112,1,,False,
M09,default,113,1,,False,
M09,default,114,1,,False,
M09,default,115,1,,False,
M09,default,116,1,,False,
M09,default,117,1,,False,
M09,default,118,1,,False,
M09,default,119,1,,False,
M09,default,120,1,,False,
M09,default,121,1,,False,
M09,default,122,1,,False,
M09,default,123,1,,False,
M09,default,124,1,,False,
M09,default,125,1,,False,
M09,default,126,1,2,False,
M09,default,127,1,2,False,
M09,default,128,1,2,False,
M09,default,129,1,,False,
M09,default,130,1,2,False,
M09,default,131,1,3,False,
M09,default,132,1,,False,
M09,default,133,1,3,False,
M09,default,134,1,3,False,
M09,default,135,1,3,False,
M09,default,136,1,3,False,
M09,default,137,1,3,False,
M09,default,138,1,,False,
M09,default,139,1,,False,
M09,default,140,1,,False,
M09,default,141,1,3,False,
M09,default,142,1,,False,
M09,default,143,1,,False,
M09,default,144,1,,False,
M09,default,145,1,2,False,
M09,default,146,1,2,False,
M09,default,147,1,2,False,
M09,default,148,1,2,False,
M09,default,149,1,2,False,
M09,default,150,1,2,False,
M09,default,151,1,2,False,
M09,default,152,1,2,False,
M09,default,153,1,2,False,
M09,default,154,1,2,False,
M09,default,155,1,2,False,
M09,default,156,1,2,False,
M09,default,157,1,2,False,
M09,default,158,1,2,False,
M09,default,159,1,2,False,
M09,default,160,1,2,False,
M09,default,161,1,2,False,
M09,default,162,1,2,False,
M09,default,163,1,2,False,
M09,default,164,1,2,False,
M09,default,165,1,2,False,
M09,default,166,1,2,False,
M09,default,167,1,2,False,
M09,default,168,1,2,False,
M09,default,169,1,2,False,
M09,default,170,1,2,False,
M09,default,171,1,2,False,
M09,default,172,1,2,False,
M09,default,173,1,2,False,
M09,default,174,1,2,False,
M09,default,175,1,2,False,
M09,default,176,1,2,False,
M09,default,177,1,2,False,
M09,default,178,1,2,False,
M09,default,179,1,2,False,
M09,default,180,1,2,False,
M09,default,181,1,2,False,
M09,default,182,1,2,False,
M09,default,183,1,2,False,
M09,default,184,1,2,False,
M09,default,185,1,2,False,
M09,default,186,1,2,False,
M09,default,187,1,2,False,
M09,default,188,1,2,False,
M09,default,189,1,2,False,
M09,default,190,1,2,False,
M09,default,191,1,2,False,
M09,default,192,1,2,False,
M09,default,193,1,2,False,
M09,default,194,1,2,False,
M09,default,195,1,2,False,
M09,default,196,1,2,False,
M09,default,197,1,2,False,
M09,default,198,1,2,False,
M09,default,199,1,2,False,
M09,default,200,1,2,False,
M09,default,201,1,2,False,
M09,default,202,1,2,False,
M09,default,203,1,2,False,
M09,default,204,1,2,False,
M09,default,205,1,2,False,
M09,default,206,1,2,False,
M09,default,207,1,2,False,
M09,default,208,1,2,False,
M09,default,209,1,2,False,
M09,default,210,1,2,False,
M09,default,211,1,2,False,
M09,default,212,1,2,False,
M09,default,213,1,2,False,
M09,default,214,1,,False,
M09,default,215,1,2,False,
M09,default,216,1,2,False,
M09,default,217,1,,False,
M09,default,218,1,2,False,
M09,default,219,1,6,False,
M09,default,220,1,6,False,
M09,default,221,1,6,False,
M09,default,222,1,6,False,
M09,default,223,1,7,False,
M09,default,224,1,7,False,
M09,default,225,1,6,False,
M09,default,226,1,6,False,
M09,default,227,1,6,False,
M09,default,228,1,2,False,
M09,default,229,1,2,False,
M09,default,230,1,2,False,
M09,default,231,1,2,False,
M09,default,232,1,6,False,
M09,default,233,1,6,False,
M09,default,234,1,6,False,
M09,default,235,1,6,False,
M09,default,236,1,6,False,
M09,default,237,1,6,False,
M09,default,238,1,6,False,
M09,default,239,1,6,False,
M09,default,240,1,6,False,
M09,default,241,1,6,False,
M09,default,242,1,6,False,
M09,default,243,1,6,False,
M09,default,244,1,6,False,
M09,default,245,1,6,False,
M09,default,246,1,7,False,
M09,default,247,1,7,False,
M09,default,248,1,7,False,
M09,default,249,1,7,False,
M09,default,250,1,7,False,
M09,default,251,1,7,False,
M09,default,252,1,7,False,
M09,default,253,1,7,False,
M09,default,254,1,7,False,
M09,default,255,1,6,False,
M09,default,256,1,7,False,
M09,default,257,1,7,False,
M09,default,258,1,7,False,
M09,default,259,1,7,False,
M09,default,260,1,7,False,
M09,default,261,1,7,False,
M09,default,262,1,7,False,
M09,default,263,1,7,False,
M09,default,264,1,7,False,
M09,default,265,1,7,False,
M09,default,266,1,7,False,
M09,default,267,1,7,False,
M09,default,268,1,7,False,
M09,default,269,1,7,False,
M09,default,270,1,7,False,
M09,default,271,1,7,False,
M09,default,272,1,7,False,
M09,default,273,1,7,False,
M09,default,274,1,7,False,
M09,default,275,1,8,False,
M09,default,276,1,8,False,
M09,default,277,1,8,False,
M09,default,278,1,8,False,
M09,default,279,1,8,False,
M09,default,280,1,8,False,
M09,default,281,1,8,False,
M09,default,282,1,8,False,
M09,default,283,1,7,False,
M09,default,284,1,8,False,
M09,default,285,1,7,False,
M09,default,286,1,7,False,
M09,default,287,1,7,False,
M09,default,288,1,7,False,
M09,default,289,1,7,False,
M09,default,290,1,7,False,
M09,default,291,1,7,False,
M09,default,292,1,7,False,
M09,default,293,1,7,False,
M09,default,294,1,7,False,
M09,default,295,1,7,False,
M09,default,296,1,7,False,
M09,default,297,1,7,False,
M09,default,298,1,7,False,
M09,default,299,1,7,False,
M09,default,300,1,7,False,
M09,default,301,1,7,False,
M09,default,302,1,7,False,
M09,default,303,1,7,False,
M09,default,304,1,7,False,
M09,default,305,1,,False,
M09,default,306,1,,False,
M09,default,307,1,,False,
M09,default,308,1,,False,
M09,default,309,1,,False,
M09,default,310,1,8,False,
M09,default,311,1,8,False,
M09,default,312,1,8,False,
M09,default,313,1,8,False,
M09,default,314,1,8,False,
M09,default,315,1,8,False,
M09,default,316,1,8,False,
M09,default,317,1,8,False,
M09,default,318,1,8,False,
M09,default,319,1,9,False,
M09,default,320,1,8,False,
M09,default,321,1,9,False,
M09,default,322,1,9,False,
M09,default,323,1,9,False,
M09,default,324,1,9,False,
M09,default,325,1,9,False,
M10,default,430,2,11,False,
M10,default,431,2,11,False,
M10,default,432,2,11,False,
M10,default,433,2,11,False,
M10,default,434,2,11,False,
M10,default,435,2,11,False,
M10,default,436,2,11,False,
M10,default,437,2,11,False,
M10,default,438,2,11,False,
M10,default,439,2,11,False,
M10,default,440,2,11,False,
M10,default,441,2,11,False,
M10,default,442,2,11,False,
M10,default,443,2,11,False,
M10,default,444,2,11,False,
M10,default,445,2,14,False,
M10,default,446,2,14,False,
M10,default,447,2,14,False,
M10,default,448,2,14,False,
M10,default,449,2,14,False,
M10,default,450,2,14,False,
M10,default,451,2,14,False,
M10,default,452,2,14,False,
M10,default,453,2,14,False,
M10,default,454,2,14,False,
M10,default,455,2,14,False,
M10,default,456,2,14,False,
M10,default,457,2,14,False,
M10,default,458,2,14,False,
M10,default,459,2,14,False,
M10,default,460,2,14,False,
M10,default,461,2,14,False,
M10,default,462,2,14,False,
M10,default,463,2,14,False,
M10,default,464,2,14,False,
M10,default,465,2,14,False,
M10,default,466,2,14,False,
M10,default,467,2,14,False,
M10,default,468,2,,False,
M10,default,469,2,,False,
M10,default,470,2,,False,
M10,default,471,2,,False,
M10,default,472,2,,False,
M10,default,473,2,,False,
M10,default,474,2,,False,
M10,default,475,2,,False,
M10,default,476,2,,False,
M10,default,477,2,,False,
M10,default,478,2,,False,
M10,default,479,2,,False,
M10,default,480,2,,False,
M10,default,481,2,14,False,
M10,default,482,2,14,False,
M10,default,483,2,14,False,
M10,default,484,2,14,False,
M10,default,485,2,14,False,
M10,default,486,2,14,False,
M10,default,487,2,14,False,
M10,default,488,2,14,False,
M10,default,489,2,14,False,
M10,default,490,2,14,False,
M10,default,491,2,14,False,
M10,default,492,2,14,False,
M10,default,493,2,,False,
M10,default,494,2,,False,
M10,default,495,2,,False,
M10,default,496,2,,False,
M10,default,497,2,,False,
M10,default,498,2,,False,
M10,default,499,2,,False,
M10,default,500,2,,False,
M10,default,501,2,,False,
M10,default,502,2,,False,
M10,default,503,2,,False,
M10,default,504,2,,False,
M10,default,505,2,,False,
M10,default,506,2,,False,
M10,default,507,2,14,False,
M10,default,508,2,14,False,
M10,default,509,2,14,False,
M10,default,510,2,14,False,
M10,default,511,2,14,False,
M10,default,512,2,14,False,
M10,default,513,2,14,False,
M10,default,514,2,14,False,
M10,default,515,2,14,False,
M10,default,516,2,,False,
M10,default,517,2,,False,
M10,default,518,2,,False,
M10,default,519,2,,False,
M10,default,520,2,,False,
M10,default,521,2,,False,
M10,default,522,2,,False,
M10,default,523,2,,False,
M10,default,524,2,,False,
M10,default,525,2,,False,
M10,default,526,2,,False,
M10,default,527,2,,False,
M10,default,528,2,,False,
M10,default,529,2,,False,
M10,default,530,2,,False,
M10,default,531,2,,False,
M10,default,532,2,,False,
M10,default,533,2,,False,
M10,default,534,2,,False,
M10,default,535,2,,False,
M10,default,536,2,18,False,
M10,default,537,2,18,False,
M10,default,538,2,,False,
M10,default,539,2,,False,
M10,default,540,2,,False,
M10,default,541,2,,False,
M10,default,542,2,,False,
M10,default,543,2,,False,
M10,default,544,2,,False,
M10,default,545,2,,False,
M10,default,546,2,,False,
M10,default,547,2,,False,
M10,default,548,2,,False,
M10,default,549,2,,False,
M10,default,550,2,,False,
M10,default,551,2,,False,
M10,default,552,2,,False,
M10,default,553,2,,False,
M10,default,554,2,,False,
M10,default,555,2,,False,
M10,default,556,2,,False,
M10,default,557,2,,False,
M10,default,558,2,,False,
M10,default,559,2,,False,
M10,default,560,2,,False,
M10,default,561,2,20,False,
M10,default,562,2,,False,
M10,default,563,2,,False,
M10,default,564,2,,False,
M10,default,565,2,,False,
M10,default,566,2,,False,
M10,default,567,2,,False,
M10,default,568,2,,False,
M10,default,569,2,,False,
M10,default,570,2,,False,
M10,default,571,2,,False,
M10,default,572,2,,False,
M10,default,573,2,,False,
M10,default,574,2,,False,
M10,default,575,2,,False,
M10,default,576,2,,False,
M10,default,577,2,,False,
M10,default,578,2,,False,
M10,default,579,2,,False,
M10,default,580,2,,False,
M10,default,581,2,,False,
M10,default,582,2,,False,
M10,default,583,2,23,False,
M10,default,584,2,23,False,
M10,default,585,2,23,False,
M10,default,586,2,23,False,
M10,default,587,2,23,False,
M10,default,588,2,23,False,
M10,default,589,2,23,False,
M10,default,590,2,,False,
O01,default,110,1,2,False,
O01,default,110,3,4,False,
O01,default,111,1,2,False,
O01,default,111,3,4,False,
O01,default,112,1,2,False,
O01,default,112,3,4,False,
O01,default,113,1,2,False,
O01,default,113,3,4,False,
O01,default,114,1,2,False,
O01,default,114,3,4,False,
O01,default,115,1,2,False,
O01,default,115,3,4,False,
O01,default,116,1,2,False,
O01,default,116,3,4,False,
O01,default,117,1,2,False,
O01,default,117,3,4,False,
O01,default,118,1,2,False,
O01,default,118,3,4,False,
O01,default,119,1,2,False,
O01,default,119,3,4,False,
O01,default,120,1,2,False,
O01,default,120,3,4,False,
O01,default,121,1,2,False,
O01,default,121,3,4,False,
O01,default,122,1,2,False,
O01,default,122,3,4,False,
O01,default,123,1,2,False,
O01,default,123,3,4,False,
O01,default,124,1,2,False,
O01,default,124,3,4,False,
O01,default,125,1,2,False,
O01,default,125,3,4,False,
O01,default,126,1,2,False,
O01,default,126,3,4,False,
O01,default,127,1,2,False,
O01,default,127,3,4,False,
O01,default,128,1,2,False,
O01,default,128,3,4,False,
O01,default,129,1,2,False,
O01,default,129,3,4,False,
O01,default,130,1,2,False,
O01,default,130,3,4,False,
O01,default,131,1,2,False,
O01,default,131,3,4,False,
O01,default,132,1,2,False,
O01,default,132,3,4,False,
O01,default,133,1,2,False,
O01,default,133,3,4,False,
O01,default,134,1,2,False,
O01,default,134,3,4,False,
O01,default,135,1,2,False,
O01,default,135,3,4,False,
O01,default,136,1,2,False,
O01,default,136,3,4,False,
O01,default,137,1,2,False,
O01,default,137,3,4,False,
O01,default,138,1,2,False,
O01,default,138,3,4,False,
O01,default,139,1,2,False,
O01,default,139,3,4,False,
O01,default,140,1,2,False,
O01,default,140,3,4,False,
O01,default,141,1,2,False,
O01,default,141,3,4,False,
O01,default,142,1,2,False,
O01,default,142,3,4,False,
O01,default,143,1,2,False,
O01,default,143,3,4,False,
O01,default,144,1,2,False,
O01,default,144,3,4,False,
O01,default,145,1,2,False,
O01,default,145,3,4,False,
O01,default,146,1,2,False,
O01,default,146,3,4,False,
O01,default,147,1,2,False,
O01,default,147,3,,False,
O01,default,148,1,2,False,
O01,default,148,3,,False,
O01,default,149,1,2,False,
O01,default,149,3,,False,
O01,default,150,1,2,False,
O01,default,150,3,,False,
O01,default,151,1,2,False,
O01,default,151,3,,False,
O01,default,152,1,2,False,
O01,default,152,3,,False,
O01,default,153,1,2,False,
O01,default,153,3,,False,
O01,default,154,1,2,False,
O01,default,154,3,4,False,
O01,default,155,1,2,False,
O01,default,155,3,,False,
O01,default,156,1,2,False,
O01,default,156,3,,False,
O01,default,157,1,2,False,
O01,default,157,3,,False,
O01,default,158,1,2,False,
O01,default,158,3,,False,
O01,default,159,1,2,False,
O01,default,159,3,,False,
O01,default,160,1,2,False,
O01,default,160,3,,False,
O01,default,161,1,2,False,
O01,default,161,3,,False,
O01,default,162,1,2,False,
O01,default,162,3,,False,
O01,default,163,1,,False,
O01,default,163,3,,False,
O01,default,164,1,,False,
O01,default,164,3,,False,
O01,default,165,1,,False,
O01,default,165,3,,False,
O01,default,166,1,,False,
O01,default,166,3,,False,
O01,default,167,1,,False,
O01,default,167,3,,False,
O01,default,168,1,,False,
O01,default,168,3,,False,
O01,default,169,1,,False,
O01,default,169,3,,False,
O01,default,170,1,,False,
O01,default,170,3,,False,
O01,default,171,1,,False,
O01,default,171,3,,False,
O01,default,172,1,,False,
O01,default,172,3,,False,
O01,default,173,1,,False,
O01,default,173,3,,False,
O01,default,174,1,,False,
O01,default,174,3,,False,
O01,default,175,1,2,False,
O01,default,175,3,,False,
O01,default,176,1,2,False,
O01,default,176,3,,False,
O01,default,177,1,2,False,
O01,default,177,3,,False,
O01,default,178,1,2,False,
O01,default,178,3,,False,
O01,default,179,1,2,False,
O01,default,179,3,,False,
O01,default,180,1,2,False,
O01,default,180,3,,False,
O01,default,181,1,2,False,
O01,default,181,3,,False,
O01,default,182,1,2,False,
O01,default,182,3,,False,
O01,default,183,1,2,False,
O01,default,183,3,,False,
O01,default,184,1,2,False,
O01,default,184,3,,False,
O01,default,185,1,2,False,
O01,default,185,3,,False,
O01,default,186,1,2,False,
O01,default,186,3,,False,
O01,default,187,1,,False,
O01,default,187,3,,False,
O01,default,188,1,,False,
O01,default,188,3,,False,
O01,default,189,1,,False,
O01,default,189,3,,False,
O01,default,190,1,,False,
O01,default,190,3,,False,
O01,default,191,1,,False,
O01,default,191,3,,False,
O01,default,192,1,,False,
O01,default,192,3,,False,
O01,default,193,1,,False,
O01,default,193,3,,False,
O01,default,194,1,,False,
O01,default,194,3,,False,
O01,default,195,1,,False,
O01,default,195,3,,False,
O01,default,196,1,,False,
O01,default,196,3,,False,
O01,default,197,1,,False,
O01,default,197,3,,False,
O01,default,198,1,,False,
O01,default,198,3,,False,
O01,default,199,1,,False,
O01,default,199,3,,False,
O01,default,200,1,,False,
O01,default,200,3,,False,
O01,default,201,1,,False,
O01,default,201,3,,False,
O01,default,202,1,,False,
O01,default,202,3,,False,
O01,default,203,1,,False,
O01,default,203,3,,False,
O01,default,204,1,6,False,
O01,default,204,3,,False,
O01,default,205,1,,False,
O01,default,205,3,,False,
O01,default,206,1,,False,
O01,default,206,3,,False,
O01,default,207,1,,False,
O01,default,207,3,,False,
O01,default,208,1,,False,
O01,default,208,3,,False,
O01,default,209,1,6,False,
O01,default,209,3,,False,
O01,default,210,1,6,False,
O01,default,210,3,,False,
O01,default,211,1,6,False,
O01,default,211,3,,False,
O01,default,212,1,6,False,
O01,default,212,3,,False,
O01,default,213,1,6,False,
O01,default,213,3,,False,
O01,default,214,1,6,False,
O01,default,214,3,,False,
O01,default,215,1,6,False,
O01,default,215,3,,False,
O01,default,216,1,6,False,
O01,default,216,3,,False,
O01,default,217,1,6,False,
O01,default,217,3,,False,
O01,default,218,1,6,False,
O01,default,218,3,,False,
O01,default,219,1,6,False,
O01,default,219,3,,False,
O01,default,220,1,,False,
O01,default,220,3,,False,
O01,default,221,1,,False,
O01,default,221,3,,False,
O01,default,222,1,,False,
O01,default,222,3,,False,
O01,default,223,1,,False,
O01,default,223,3,6,False,
O01,default,224,1,,False,
O01,default,224,3,,False,
O01,default,225,1,,False,
O01,default,225,3,6,False,
O01,default,226,1,,False,
O01,default,226,3,,False,
O01,default,227,1,,False,
O01,default,227,3,,False,
O01,default,228,1,,False,
O01,default,228,3,6,False,
O01,default,229,1,,False,
O01,default,229,3,6,False,
O01,default,230,1,,False,
O01,default,230,3,6,False,
O01,default,231,1,,False,
O01,default,231,3,6,False,
O01,default,232,1,7,False,
O01,default,232,3,6,False,
O01,default,233,1,7,False,
O01,default,233,3,,False,
O01,default,234,1,7,False,
O01,default,234,3,,False,
O01,default,235,1,7,False,
O01,default,235,3,,False,
O01,default,236,1,,False,
O01,default,236,3,,False,
O01,default,237,1,,False,
O01,default,237,3,,False,
O01,default,238,1,,False,
O01,default,238,3,,False,
O01,default,239,1,,False,
O01,default,239,3,,False,
O01,default,240,1,,False,
O01,default,240,3,,False,
O02,default,25,1,,True,absent_or_warmup
O02,default,25,2,1,False,
O02,default,26,1,,True,absent_or_warmup
O02,default,26,2,,False,
O02,default,27,1,,True,absent_or_warmup
O02,default,27,2,,False,
O02,default,28,1,,True,absent_or_warmup
O02,default,28,2,,False,
O02,default,29,1,,True,absent_or_warmup
O02,default,29,2,,False,
O02,default,30,1,,True,absent_or_warmup
O02,default,30,2,,False,
O02,default,31,1,,True,absent_or_warmup
O02,default,31,2,,False,
O02,default,32,1,,True,absent_or_warmup
O02,default,32,2,,False,
O02,default,33,1,,True,absent_or_warmup
O02,default,33,2,,False,
O02,default,34,1,,True,absent_or_warmup
O02,default,34,2,,False,
O02,default,35,1,,True,absent_or_warmup
O02,default,35,2,,False,
O02,default,36,1,,True,absent_or_warmup
O02,default,36,2,,False,
O02,default,37,1,,True,absent_or_warmup
O02,default,37,2,,False,
O02,default,38,1,,True,absent_or_warmup
O02,default,38,2,,False,
O02,default,39,1,,True,absent_or_warmup
O02,default,39,2,,False,
O02,default,40,1,,True,absent_or_warmup
O02,default,40,2,,False,
O02,default,41,1,,True,absent_or_warmup
O02,default,41,2,,False,
O02,default,42,1,,True,absent_or_warmup
O02,default,42,2,,False,
O02,default,43,1,,True,absent_or_warmup
O02,default,43,2,,False,
O02,default,44,1,,True,absent_or_warmup
O02,default,44,2,,False,
O02,default,45,1,,True,absent_or_warmup
O02,default,45,2,,False,
O02,default,46,1,,True,absent_or_warmup
O02,default,46,2,,False,
O02,default,47,1,,True,absent_or_warmup
O02,default,47,2,,False,
O02,default,48,1,,True,absent_or_warmup
O02,default,48,2,,False,
O02,default,49,1,,False,
O02,default,49,2,,False,
O02,default,50,1,,False,
O02,default,50,2,,False,
O02,default,51,1,,False,
O02,default,51,2,,False,
O02,default,52,1,,False,
O02,default,52,2,,False,
O02,default,53,1,4,False,
O02,default,53,2,,False,
O02,default,54,1,4,False,
O02,default,54,2,,False,
O02,default,55,1,4,False,
O02,default,55,2,,False,
O02,default,56,1,4,False,
O02,default,56,2,,False,
O02,default,57,1,4,False,
O02,default,57,2,,False,
O02,default,58,1,4,False,
O02,default,58,2,,False,
O02,default,59,1,4,False,
O02,default,59,2,,False,
O02,default,60,1,4,False,
O02,default,60,2,,False,
O02,default,61,1,4,False,
O02,default,61,2,,False,
O02,default,62,1,4,False,
O02,default,62,2,,False,
O02,default,63,1,4,False,
O02,default,63,2,,False,
O02,default,64,1,4,False,
O02,default,64,2,,False,
O02,default,65,1,4,False,
O02,default,65,2,,False,
O02,default,66,1,4,False,
O02,default,66,2,,False,
O02,default,67,1,4,False,
O02,default,67,2,,False,
O02,default,68,1,4,False,
O02,default,68,2,,False,
O02,default,69,1,4,False,
O02,default,69,2,,False,
O02,default,70,1,4,False,
O02,default,70,2,,False,
O02,default,71,1,4,False,
O02,default,71,2,,False,
O02,default,72,1,4,False,
O02,default,72,2,,False,
O02,default,73,1,4,False,
O02,default,73,2,,False,
O02,default,74,1,4,False,
O02,default,74,2,,False,
O02,default,75,1,4,False,
O02,default,75,2,,False,
O02,default,76,1,4,False,
O02,default,76,2,,False,
O02,default,77,1,4,False,
O02,default,77,2,,False,
O02,default,78,1,4,True,candidate_occlusion
O02,default,78,2,,True,candidate_occlusion
O02,default,79,1,4,True,candidate_occlusion
O02,default,79,2,,True,candidate_occlusion
O02,default,80,1,4,True,candidate_occlusion
O02,default,80,2,,True,candidate_occlusion
O02,default,81,1,4,True,candidate_occlusion
O02,default,81,2,,True,candidate_occlusion
O02,default,82,1,,True,candidate_occlusion
O02,default,82,2,,True,candidate_occlusion
O02,default,83,1,,True,candidate_occlusion
O02,default,83,2,,True,candidate_occlusion
O02,default,84,1,,True,candidate_occlusion
O02,default,84,2,,True,candidate_occlusion
O02,default,85,1,,True,candidate_occlusion
O02,default,85,2,,True,candidate_occlusion
O02,default,86,1,,True,candidate_occlusion
O02,default,86,2,,True,candidate_occlusion
O02,default,87,1,,True,candidate_occlusion
O02,default,87,2,,True,candidate_occlusion
O02,default,88,1,,True,candidate_occlusion
O02,default,88,2,,True,candidate_occlusion
O02,default,89,1,,True,candidate_occlusion
O02,default,89,2,,True,candidate_occlusion
O02,default,90,1,4,True,candidate_occlusion
O02,default,90,2,,True,candidate_occlusion
O02,default,91,1,4,True,candidate_occlusion
O02,default,91,2,,True,candidate_occlusion
O02,default,92,1,4,True,candidate_occlusion
O02,default,92,2,,True,candidate_occlusion
O02,default,93,1,4,True,candidate_occlusion
O02,default,93,2,,True,candidate_occlusion
O02,default,94,1,4,True,candidate_occlusion
O02,default,94,2,,True,candidate_occlusion
O02,default,95,1,4,True,candidate_occlusion
O02,default,95,2,,True,candidate_occlusion
O02,default,96,1,4,True,candidate_occlusion
O02,default,96,2,,True,candidate_occlusion
O02,default,97,1,4,False,
O02,default,97,2,,False,
O02,default,98,1,4,False,
O02,default,98,2,,False,
O02,default,99,1,4,False,
O02,default,99,2,,False,
O02,default,100,1,4,False,
O02,default,100,2,,False,
O02,default,101,1,4,False,
O02,default,101,2,,False,
O02,default,102,1,4,False,
O02,default,102,2,,False,
O02,default,103,1,4,False,
O02,default,103,2,,False,
O02,default,104,1,4,False,
O02,default,104,2,,False,
O02,default,105,1,4,False,
O02,default,105,2,,False,
O02,default,106,1,4,False,
O02,default,106,2,,False,
O02,default,107,1,4,False,
O02,default,107,2,,False,
O02,default,108,1,4,False,
O02,default,108,2,,False,
O02,default,109,1,4,False,
O02,default,109,2,,False,
O02,default,110,1,9,False,
O02,default,110,2,,False,
O02,default,111,1,4,False,
O02,default,111,2,,False,
O02,default,112,1,4,False,
O02,default,112,2,,False,
O02,default,113,1,4,False,
O02,default,113,2,,False,
O02,default,114,1,4,False,
O02,default,114,2,,False,
O02,default,115,1,4,False,
O02,default,115,2,,False,
O02,default,116,1,4,False,
O02,default,116,2,,False,
O02,default,117,1,4,False,
O02,default,117,2,,False,
O02,default,118,1,4,False,
O02,default,118,2,,False,
O02,default,119,1,4,False,
O02,default,119,2,,False,
O02,default,120,1,4,False,
O02,default,120,2,,False,
O02,default,121,1,4,False,
O02,default,121,2,,False,
O02,default,122,1,4,False,
O02,default,122,2,,False,
O02,default,123,1,4,False,
O02,default,123,2,8,False,
O02,default,124,1,4,False,
O02,default,124,2,8,False,
O02,default,125,1,4,False,
O02,default,125,2,8,False,
O02,default,126,1,4,False,
O02,default,126,2,8,False,
O02,default,127,1,4,False,
O02,default,127,2,8,False,
O02,default,128,1,4,False,
O02,default,128,2,,False,
O02,default,129,1,4,False,
O02,default,129,2,,False,
O02,default,130,1,4,False,
O02,default,130,2,,False,
O02,default,131,1,4,False,
O02,default,131,2,,False,
O02,default,132,1,4,False,
O02,default,132,2,,False,
O02,default,133,1,4,False,
O02,default,133,2,,False,
O02,default,134,1,4,False,
O02,default,134,2,,False,
O02,default,135,1,10,False,
O02,default,135,2,,False,
O02,default,136,1,10,False,
O02,default,136,2,,False,
O02,default,137,1,10,False,
O02,default,137,2,,False,
O02,default,138,1,,False,
O02,default,138,2,,False,
O02,default,139,1,,False,
O02,default,139,2,,False,
O02,default,140,1,,False,
O02,default,140,2,,False,
O02,default,141,1,,False,
O02,default,141,2,,False,
O02,default,142,1,,False,
O02,default,142,2,,False,
O02,default,143,1,,False,
O02,default,143,2,,False,
O02,default,144,1,4,False,
O02,default,144,2,,False,
O02,default,145,1,4,False,
O02,default,145,2,,False,
O02,default,146,1,4,False,
O02,default,146,2,,False,
O02,default,147,1,4,False,
O02,default,147,2,,False,
O02,default,148,1,4,False,
O02,default,148,2,,False,
O02,default,149,1,10,False,
O02,default,149,2,,False,
O02,default,150,1,10,False,
O02,default,150,2,,False,
O02,default,151,1,,False,
O02,default,151,2,,False,
O02,default,152,1,,False,
O02,default,152,2,,False,
O02,default,153,1,,False,
O02,default,153,2,,False,
O02,default,154,1,,False,
O02,default,154,2,,False,
O02,default,155,1,,False,
O02,default,155,2,,False,
O02,default,156,1,,False,
O02,default,156,2,,False,
O02,default,157,1,,False,
O02,default,157,2,,False,
O02,default,158,1,,False,
O02,default,158,2,,False,
O02,default,159,1,,False,
O02,default,159,2,,False,
O02,default,160,1,,False,
O02,default,160,2,,False,
O02,default,161,1,,False,
O02,default,161,2,,False,
O02,default,162,1,,False,
O02,default,162,2,,False,
O02,default,163,1,,False,
O02,default,163,2,,False,
O02,default,164,1,,False,
O02,default,164,2,,False,
O02,default,165,1,,False,
O02,default,165,2,,False,
O02,default,166,1,,False,
O02,default,166,2,,False,
O02,default,167,1,,False,
O02,default,167,2,,False,
O02,default,168,1,,False,
O02,default,168,2,7,False,
O02,default,169,1,4,False,
O02,default,169,2,7,False,
O02,default,170,1,4,False,
O02,default,170,2,,False,
O02,default,171,1,4,False,
O02,default,171,2,7,False,
O02,default,172,1,4,False,
O02,default,172,2,7,False,
O02,default,173,1,4,False,
O02,default,173,2,7,False,
O02,default,174,1,4,False,
O02,default,174,2,7,False,
O02,default,175,1,4,False,
O02,default,175,2,14,False,
O02,default,176,1,4,False,
O02,default,176,2,14,False,
O02,default,177,1,4,False,
O02,default,177,2,14,False,
O02,default,178,1,4,False,
O02,default,178,2,14,False,
O02,default,179,1,4,False,
O02,default,179,2,14,False,
O02,default,180,1,4,False,
O02,default,180,2,14,False,
O02,default,181,1,4,False,
O02,default,181,2,14,False,
O02,default,182,1,4,False,
O02,default,182,2,,False,
O02,default,183,1,4,False,
O02,default,183,2,,False,
O02,default,184,1,,False,
O02,default,184,2,10,False,
O02,default,185,1,,False,
O02,default,185,2,10,False,
O02,default,186,1,,False,
O02,default,186,2,10,False,
O02,default,187,1,,False,
O02,default,187,2,10,False,
O02,default,188,1,,False,
O02,default,188,2,10,False,
O02,default,189,1,,False,
O02,default,189,2,7,False,
O02,default,190,1,,False,
O02,default,190,2,7,False,
O02,default,191,1,,False,
O02,default,191,2,7,False,
O02,default,192,1,,False,
O02,default,192,2,7,False,
O02,default,193,1,,False,
O02,default,193,2,7,False,
O02,default,194,1,,False,
O02,default,194,2,7,False,
O02,default,195,1,,False,
O02,default,195,2,7,False,
O02,default,196,1,,False,
O02,default,196,2,,False,
O02,default,197,1,4,False,
O02,default,197,2,,False,
O02,default,198,1,4,False,
O02,default,198,2,,False,
O02,default,199,1,4,False,
O02,default,199,2,,False,
O02,default,200,1,4,False,
O02,default,200,2,,False,
O02,default,201,1,4,False,
O02,default,201,2,,False,
O02,default,202,1,4,False,
O02,default,202,2,,False,
O02,default,203,1,4,False,
O02,default,203,2,,False,
O02,default,204,1,4,False,
O02,default,204,2,,False,
O02,default,205,1,4,False,
O02,default,205,2,,False,
O02,default,206,1,4,False,
O02,default,206,2,,False,
O02,default,207,1,4,False,
O02,default,207,2,,False,
O02,default,208,1,4,False,
O02,default,208,2,,False,
O02,default,209,1,,False,
O02,default,209,2,,False,
O02,default,210,1,,False,
O02,default,210,2,,False,
O02,default,211,1,,False,
O02,default,211,2,,False,
O02,default,212,1,,False,
O02,default,212,2,,False,
O02,default,213,1,,False,
O02,default,213,2,,False,
O02,default,214,1,,False,
O02,default,214,2,,False,
O02,default,215,1,,False,
O02,default,215,2,,False,
O02,default,216,1,,False,
O02,default,216,2,,False,
O02,default,217,1,,False,
O02,default,217,2,,False,
O02,default,218,1,,False,
O02,default,218,2,,False,
O02,default,219,1,,False,
O02,default,219,2,,False,
O02,default,220,1,,False,
O02,default,220,2,,False,
O02,default,221,1,,False,
O02,default,221,2,,False,
O02,default,222,1,,False,
O02,default,222,2,,False,
O02,default,223,1,4,False,
O02,default,223,2,,False,
O02,default,224,1,4,False,
O02,default,224,2,,False,
O03,default,25,1,,False,
O03,default,25,2,1,False,
O03,default,26,1,,False,
O03,default,26,2,1,False,
O03,default,27,1,,False,
O03,default,27,2,1,False,
O03,default,28,1,,False,
O03,default,28,2,,False,
O03,default,29,1,,False,
O03,default,29,2,1,False,
O03,default,30,1,,False,
O03,default,30,2,1,False,
O03,default,31,1,,False,
O03,default,31,2,2,False,
O03,default,32,1,,False,
O03,default,32,2,2,False,
O03,default,33,1,,False,
O03,default,33,2,1,False,
O03,default,34,1,,False,
O03,default,34,2,1,False,
O03,default,35,1,,False,
O03,default,35,2,1,False,
O03,default,36,1,,False,
O03,default,36,2,1,False,
O03,default,37,1,,False,
O03,default,37,2,,False,
O03,default,38,1,,False,
O03,default,38,2,,False,
O03,default,39,1,,False,
O03,default,39,2,,False,
O03,default,40,1,,False,
O03,default,40,2,,False,
O03,default,41,1,,False,
O03,default,41,2,,False,
O03,default,42,1,,False,
O03,default,42,2,,False,
O03,default,43,1,,False,
O03,default,43,2,1,False,
O03,default,44,1,,False,
O03,default,44,2,2,False,
O03,default,45,1,,False,
O03,default,45,2,1,False,
O03,default,46,1,,False,
O03,default,46,2,1,False,
O03,default,47,1,,False,
O03,default,47,2,1,False,
O03,default,48,1,,False,
O03,default,48,2,1,False,
O03,default,49,1,,False,
O03,default,49,2,,False,
O03,default,50,1,,False,
O03,default,50,2,1,False,
O03,default,51,1,,False,
O03,default,51,2,,False,
O03,default,52,1,,False,
O03,default,52,2,,False,
O03,default,53,1,,False,
O03,default,53,2,,False,
O03,default,54,1,,False,
O03,default,54,2,,False,
O03,default,55,1,,False,
O03,default,55,2,,False,
O03,default,56,1,,False,
O03,default,56,2,,False,
O03,default,57,1,,False,
O03,default,57,2,,False,
O03,default,58,1,,False,
O03,default,58,2,,False,
O03,default,59,1,,False,
O03,default,59,2,,False,
O03,default,60,1,,False,
O03,default,60,2,,False,
O03,default,61,1,,False,
O03,default,61,2,,False,
O03,default,62,1,,False,
O03,default,62,2,,False,
O03,default,63,1,,False,
O03,default,63,2,,False,
O03,default,64,1,,False,
O03,default,64,2,,False,
O03,default,65,1,,False,
O03,default,65,2,,False,
O03,default,66,1,,False,
O03,default,66,2,,False,
O03,default,67,1,,False,
O03,default,67,2,,False,
O03,default,68,1,,False,
O03,default,68,2,,False,
O03,default,69,1,,False,
O03,default,69,2,,False,
O03,default,70,1,,False,
O03,default,70,2,,False,
O03,default,71,1,,False,
O03,default,71,2,,False,
O03,default,72,1,,False,
O03,default,72,2,,False,
O03,default,73,1,,False,
O03,default,73,2,,False,
O03,default,74,1,,False,
O03,default,74,2,,False,
O03,default,75,1,,False,
O03,default,75,2,,False,
O03,default,76,1,,False,
O03,default,76,2,,False,
O03,default,77,1,,False,
O03,default,77,2,,False,
O03,default,78,1,,False,
O03,default,78,2,,False,
O03,default,79,1,,False,
O03,default,79,2,,False,
O03,default,80,1,,False,
O03,default,80,2,,False,
O03,default,81,1,,False,
O03,default,81,2,,False,
O03,default,82,1,,False,
O03,default,82,2,,False,
O03,default,83,1,,False,
O03,default,83,2,,False,
O03,default,84,1,,False,
O03,default,84,2,,False,
O03,default,85,1,,False,
O03,default,85,2,,False,
O03,default,86,1,,False,
O03,default,86,2,,False,
O03,default,87,1,,False,
O03,default,87,2,,False,
O03,default,88,1,,False,
O03,default,88,2,,False,
O03,default,89,1,,False,
O03,default,89,2,,False,
O03,default,90,1,,False,
O03,default,90,2,,False,
O03,default,91,1,,False,
O03,default,91,2,,False,
O03,default,92,1,,False,
O03,default,92,2,,False,
O03,default,93,1,,False,
O03,default,93,2,,False,
O03,default,94,1,,False,
O03,default,94,2,,False,
O03,default,95,1,,False,
O03,default,95,2,,False,
O03,default,96,1,,False,
O03,default,96,2,,False,
O03,default,97,1,,False,
O03,default,97,2,,False,
O03,default,98,1,,False,
O03,default,98,2,,False,
O03,default,99,1,,True,candidate_occlusion
O03,default,99,2,,True,candidate_occlusion
O03,default,100,1,,True,candidate_occlusion
O03,default,100,2,,True,candidate_occlusion
O03,default,101,1,,True,candidate_occlusion
O03,default,101,2,,True,candidate_occlusion
O03,default,102,1,,True,candidate_occlusion
O03,default,102,2,,True,candidate_occlusion
O03,default,103,1,,True,candidate_occlusion
O03,default,103,2,,True,candidate_occlusion
O03,default,104,1,,True,candidate_occlusion
O03,default,104,2,,True,candidate_occlusion
O03,default,105,1,,True,candidate_occlusion
O03,default,105,2,,True,candidate_occlusion
O03,default,106,1,,True,candidate_occlusion
O03,default,106,2,,True,candidate_occlusion
O03,default,107,1,,True,candidate_occlusion
O03,default,107,2,,True,candidate_occlusion
O03,default,108,1,,True,candidate_occlusion
O03,default,108,2,,True,candidate_occlusion
O03,default,109,1,,True,candidate_occlusion
O03,default,109,2,,True,candidate_occlusion
O03,default,110,1,,True,candidate_occlusion
O03,default,110,2,,True,candidate_occlusion
O03,default,111,1,,True,candidate_occlusion
O03,default,111,2,,True,candidate_occlusion
O03,default,112,1,,True,candidate_occlusion
O03,default,112,2,,True,candidate_occlusion
O03,default,113,1,,True,candidate_occlusion
O03,default,113,2,,True,candidate_occlusion
O03,default,114,1,,True,candidate_occlusion
O03,default,114,2,,True,candidate_occlusion
O03,default,115,1,,True,candidate_occlusion
O03,default,115,2,,True,candidate_occlusion
O03,default,116,1,,True,candidate_occlusion
O03,default,116,2,,True,candidate_occlusion
O03,default,117,1,,True,candidate_occlusion
O03,default,117,2,,True,candidate_occlusion
O03,default,118,1,,True,candidate_occlusion
O03,default,118,2,,True,candidate_occlusion
O03,default,119,1,,True,candidate_occlusion
O03,default,119,2,,True,candidate_occlusion
O03,default,120,1,,True,candidate_occlusion
O03,default,120,2,,True,candidate_occlusion
O03,default,121,1,,True,candidate_occlusion
O03,default,121,2,,True,candidate_occlusion
O03,default,122,1,,True,candidate_occlusion
O03,default,122,2,,True,candidate_occlusion
O03,default,123,1,,True,candidate_occlusion
O03,default,123,2,,True,candidate_occlusion
O03,default,124,1,,True,candidate_occlusion
O03,default,124,2,,True,candidate_occlusion
O03,default,125,1,,True,candidate_occlusion
O03,default,125,2,,True,candidate_occlusion
O03,default,126,1,,True,candidate_occlusion
O03,default,126,2,,True,candidate_occlusion
O03,default,127,1,,True,candidate_occlusion
O03,default,127,2,,True,candidate_occlusion
O03,default,128,1,,True,candidate_occlusion
O03,default,128,2,,True,candidate_occlusion
O03,default,129,1,,True,candidate_occlusion
O03,default,129,2,,True,candidate_occlusion
O03,default,130,1,,True,candidate_occlusion
O03,default,130,2,,True,candidate_occlusion
O03,default,131,1,,True,candidate_occlusion
O03,default,131,2,,True,candidate_occlusion
O03,default,132,1,,True,candidate_occlusion
O03,default,132,2,,True,candidate_occlusion
O03,default,133,1,,True,candidate_occlusion
O03,default,133,2,,True,candidate_occlusion
O03,default,134,1,,True,candidate_occlusion
O03,default,134,2,,True,candidate_occlusion
O03,default,135,1,,True,candidate_occlusion
O03,default,135,2,,True,candidate_occlusion
O03,default,136,1,,True,candidate_occlusion
O03,default,136,2,,True,candidate_occlusion
O03,default,137,1,,True,candidate_occlusion
O03,default,137,2,,True,candidate_occlusion
O03,default,138,1,,False,
O03,default,138,2,,False,
O03,default,139,1,,False,
O03,default,139,2,,False,
O03,default,140,1,,False,
O03,default,140,2,,False,
O03,default,141,1,3,False,
O03,default,141,2,,False,
O03,default,142,1,,False,
O03,default,142,2,,False,
O03,default,143,1,,False,
O03,default,143,2,,False,
O03,default,144,1,,False,
O03,default,144,2,,False,
O03,default,145,1,,False,
O03,default,145,2,,False,
O03,default,146,1,3,False,
O03,default,146,2,,False,
O03,default,147,1,3,False,
O03,default,147,2,4,False,
O03,default,148,1,3,False,
O03,default,148,2,,False,
O03,default,149,1,3,False,
O03,default,149,2,,False,
O03,default,150,1,3,False,
O03,default,150,2,,False,
O03,default,151,1,3,False,
O03,default,151,2,,False,
O03,default,152,1,3,False,
O03,default,152,2,,False,
O03,default,153,1,3,False,
O03,default,153,2,,False,
O03,default,154,1,3,False,
O03,default,154,2,,False,
O03,default,155,1,3,False,
O03,default,155,2,,False,
O03,default,156,1,3,False,
O03,default,156,2,,False,
O03,default,157,1,3,False,
O03,default,157,2,,False,
O03,default,158,1,3,False,
O03,default,158,2,,False,
O03,default,159,1,3,False,
O03,default,159,2,4,False,
O03,default,160,1,3,False,
O03,default,160,2,4,False,
O03,default,161,1,3,False,
O03,default,161,2,4,False,
O03,default,162,1,3,False,
O03,default,162,2,,False,
O03,default,163,1,3,False,
O03,default,163,2,,False,
O03,default,164,1,3,False,
O03,default,164,2,,False,
O03,default,165,1,3,False,
O03,default,165,2,,False,
O03,default,166,1,3,False,
O03,default,166,2,,False,
O03,default,167,1,3,False,
O03,default,167,2,,False,
O03,default,168,1,3,False,
O03,default,168,2,,False,
O03,default,169,1,3,False,
O03,default,169,2,,False,
O03,default,170,1,,False,
O03,default,170,2,,False,
O03,default,171,1,,False,
O03,default,171,2,4,False,
O03,default,172,1,,False,
O03,default,172,2,4,False,
O03,default,173,1,,False,
O03,default,173,2,4,False,
O03,default,174,1,3,False,
O03,default,174,2,,False,
O03,default,175,1,3,False,
O03,default,175,2,,False,
O03,default,176,1,3,False,
O03,default,176,2,,False,
O03,default,177,1,3,False,
O03,default,177,2,4,False,
O03,default,178,1,3,False,
O03,default,178,2,4,False,
O03,default,179,1,3,False,
O03,default,179,2,,False,
O03,default,180,1,3,False,
O03,default,180,2,,False,
O03,default,181,1,3,False,
O03,default,181,2,4,False,
O03,default,182,1,3,False,
O03,default,182,2,,False,
O03,default,183,1,3,False,
O03,default,183,2,4,False,
O03,default,184,1,3,False,
O03,default,184,2,4,False,
O03,default,185,1,,False,
O03,default,185,2,4,False,
O03,default,186,1,,False,
O03,default,186,2,4,False,
O03,default,187,1,,False,
O03,default,187,2,4,False,
O03,default,188,1,,False,
O03,default,188,2,4,False,
O03,default,189,1,,False,
O03,default,189,2,4,False,
O03,default,190,1,,False,
O03,default,190,2,4,False,
O03,default,191,1,,False,
O03,default,191,2,4,False,
O03,default,192,1,,False,
O03,default,192,2,4,False,
O03,default,193,1,,False,
O03,default,193,2,4,False,
O03,default,194,1,,False,
O03,default,194,2,4,False,
O03,default,195,1,,False,
O03,default,195,2,4,False,
O03,default,196,1,,False,
O03,default,196,2,4,False,
O03,default,197,1,,False,
O03,default,197,2,4,False,
O03,default,198,1,,False,
O03,default,198,2,4,False,
O03,default,199,1,,False,
O03,default,199,2,4,False,
O03,default,200,1,,False,
O03,default,200,2,4,False,
O03,default,201,1,,False,
O03,default,201,2,4,False,
O03,default,202,1,,False,
O03,default,202,2,4,False,
O03,default,203,1,,False,
O03,default,203,2,4,False,
O03,default,204,1,,False,
O03,default,204,2,,False,
O03,default,205,1,,False,
O03,default,205,2,,False,
O03,default,206,1,,False,
O03,default,206,2,,False,
O03,default,207,1,,False,
O03,default,207,2,,False,
O03,default,208,1,,False,
O03,default,208,2,,False,
O03,default,209,1,,False,
O03,default,209,2,,False,
O03,default,210,1,4,False,
O03,default,210,2,,False,
O03,default,211,1,,False,
O03,default,211,2,,False,
O03,default,212,1,,False,
O03,default,212,2,,False,
O03,default,213,1,,False,
O03,default,213,2,,False,
O03,default,214,1,,False,
O03,default,214,2,,False,
O03,default,215,1,,False,
O03,default,215,2,,False,
O03,default,216,1,4,False,
O03,default,216,2,,False,
O03,default,217,1,,False,
O03,default,217,2,,False,
O03,default,218,1,,False,
O03,default,218,2,,False,
O03,default,219,1,4,False,
O03,default,219,2,,False,
O03,default,220,1,4,False,
O03,default,220,2,,False,
O03,default,221,1,,False,
O03,default,221,2,,False,
O03,default,222,1,,False,
O03,default,222,2,,False,
O03,default,223,1,,False,
O03,default,223,2,,False,
O03,default,224,1,,False,
O03,default,224,2,,False,
O04,default,25,6,1,False,
O04,default,25,7,,False,
O04,default,26,6,1,False,
O04,default,26,7,,False,
O04,default,27,6,1,False,
O04,default,27,7,,False,
O04,default,28,6,1,False,
O04,default,28,7,,False,
O04,default,29,6,1,False,
O04,default,29,7,,False,
O04,default,30,6,1,False,
O04,default,30,7,,False,
O04,default,31,6,1,False,
O04,default,31,7,,False,
O04,default,32,6,1,False,
O04,default,32,7,,False,
O04,default,33,6,1,False,
O04,default,33,7,,False,
O04,default,34,6,1,False,
O04,default,34,7,,False,
O04,default,35,6,1,False,
O04,default,35,7,,False,
O04,default,36,6,1,False,
O04,default,36,7,,False,
O04,default,37,6,1,False,
O04,default,37,7,,False,
O04,default,38,6,1,False,
O04,default,38,7,,False,
O04,default,39,6,1,False,
O04,default,39,7,,False,
O04,default,40,6,1,False,
O04,default,40,7,,False,
O04,default,41,6,1,False,
O04,default,41,7,,False,
O04,default,42,6,1,False,
O04,default,42,7,,False,
O04,default,43,6,1,False,
O04,default,43,7,,False,
O04,default,44,6,1,False,
O04,default,44,7,,False,
O04,default,45,6,1,False,
O04,default,45,7,,False,
O04,default,46,6,1,False,
O04,default,46,7,,False,
O04,default,47,6,1,False,
O04,default,47,7,,False,
O04,default,48,6,1,False,
O04,default,48,7,,False,
O04,default,49,6,1,False,
O04,default,49,7,,False,
O04,default,50,6,1,False,
O04,default,50,7,,False,
O04,default,51,6,1,False,
O04,default,51,7,,False,
O04,default,52,6,1,False,
O04,default,52,7,,False,
O04,default,53,6,1,False,
O04,default,53,7,,False,
O04,default,54,6,1,False,
O04,default,54,7,,False,
O04,default,55,6,1,False,
O04,default,55,7,,False,
O04,default,56,6,1,False,
O04,default,56,7,,False,
O04,default,57,6,1,False,
O04,default,57,7,,False,
O04,default,58,6,1,False,
O04,default,58,7,,False,
O04,default,59,6,1,False,
O04,default,59,7,,False,
O04,default,60,6,1,False,
O04,default,60,7,,False,
O04,default,61,6,1,False,
O04,default,61,7,,False,
O04,default,62,6,1,False,
O04,default,62,7,,False,
O04,default,63,6,1,False,
O04,default,63,7,,False,
O04,default,64,6,1,False,
O04,default,64,7,,False,
O04,default,65,6,1,False,
O04,default,65,7,,False,
O04,default,66,6,1,False,
O04,default,66,7,,False,
O04,default,67,6,1,False,
O04,default,67,7,,False,
O04,default,68,6,1,False,
O04,default,68,7,,False,
O04,default,69,6,1,False,
O04,default,69,7,,False,
O04,default,70,6,1,False,
O04,default,70,7,,False,
O04,default,71,6,1,False,
O04,default,71,7,,False,
O04,default,72,6,1,False,
O04,default,72,7,,False,
O04,default,73,6,1,False,
O04,default,73,7,,False,
O04,default,74,6,1,False,
O04,default,74,7,,False,
O04,default,75,6,1,False,
O04,default,75,7,,False,
O04,default,76,6,1,False,
O04,default,76,7,,False,
O04,default,77,6,1,False,
O04,default,77,7,,False,
O04,default,78,6,1,False,
O04,default,78,7,,False,
O04,default,79,6,1,False,
O04,default,79,7,,False,
O04,default,80,6,1,False,
O04,default,80,7,,False,
O04,default,81,6,1,False,
O04,default,81,7,,False,
O04,default,82,6,1,False,
O04,default,82,7,,False,
O04,default,83,6,1,False,
O04,default,83,7,,False,
O04,default,84,6,1,False,
O04,default,84,7,,False,
O04,default,85,6,1,False,
O04,default,85,7,,False,
O04,default,86,6,1,False,
O04,default,86,7,,False,
O04,default,87,6,1,False,
O04,default,87,7,,False,
O04,default,88,6,1,False,
O04,default,88,7,,False,
O04,default,89,6,,False,
O04,default,89,7,1,False,
O04,default,90,6,,False,
O04,default,90,7,1,False,
O04,default,91,6,,False,
O04,default,91,7,1,False,
O04,default,92,6,,False,
O04,default,92,7,1,False,
O04,default,93,6,,False,
O04,default,93,7,1,False,
O04,default,94,6,,False,
O04,default,94,7,1,False,
O04,default,95,6,1,False,
O04,default,95,7,,False,
O04,default,96,6,1,True,candidate_occlusion
O04,default,96,7,,True,candidate_occlusion
O04,default,97,6,,True,candidate_occlusion
O04,default,97,7,,True,candidate_occlusion
O04,default,98,6,,True,candidate_occlusion
O04,default,98,7,,True,candidate_occlusion
O04,default,99,6,,True,candidate_occlusion
O04,default,99,7,,True,candidate_occlusion
O04,default,100,6,,True,candidate_occlusion
O04,default,100,7,,True,candidate_occlusion
O04,default,101,6,,True,candidate_occlusion
O04,default,101,7,,True,candidate_occlusion
O04,default,102,6,,True,candidate_occlusion
O04,default,102,7,,True,candidate_occlusion
O04,default,103,6,,True,candidate_occlusion
O04,default,103,7,,True,candidate_occlusion
O04,default,104,6,,True,candidate_occlusion
O04,default,104,7,,True,candidate_occlusion
O04,default,105,6,,True,candidate_occlusion
O04,default,105,7,,True,candidate_occlusion
O04,default,106,6,,True,candidate_occlusion
O04,default,106,7,,True,candidate_occlusion
O04,default,107,6,,True,candidate_occlusion
O04,default,107,7,,True,candidate_occlusion
O04,default,108,6,,True,candidate_occlusion
O04,default,108,7,,True,candidate_occlusion
O04,default,109,6,,True,candidate_occlusion
O04,default,109,7,,True,candidate_occlusion
O04,default,110,6,,True,candidate_occlusion
O04,default,110,7,,True,candidate_occlusion
O04,default,111,6,,True,candidate_occlusion
O04,default,111,7,,True,candidate_occlusion
O04,default,112,6,,True,candidate_occlusion
O04,default,112,7,,True,candidate_occlusion
O04,default,113,6,,True,candidate_occlusion
O04,default,113,7,,True,candidate_occlusion
O04,default,114,6,,True,candidate_occlusion
O04,default,114,7,,True,candidate_occlusion
O04,default,115,6,,True,candidate_occlusion
O04,default,115,7,,True,candidate_occlusion
O04,default,116,6,,True,candidate_occlusion
O04,default,116,7,,True,candidate_occlusion
O04,default,117,6,,True,candidate_occlusion
O04,default,117,7,,True,candidate_occlusion
O04,default,118,6,,True,candidate_occlusion
O04,default,118,7,,True,candidate_occlusion
O04,default,119,6,,True,candidate_occlusion
O04,default,119,7,,True,candidate_occlusion
O04,default,120,6,,True,candidate_occlusion
O04,default,120,7,,True,candidate_occlusion
O04,default,121,6,,True,candidate_occlusion
O04,default,121,7,,True,candidate_occlusion
O04,default,122,6,,True,candidate_occlusion
O04,default,122,7,,True,candidate_occlusion
O04,default,123,6,,True,candidate_occlusion
O04,default,123,7,,True,candidate_occlusion
O04,default,124,6,,True,candidate_occlusion
O04,default,124,7,,True,candidate_occlusion
O04,default,125,6,,True,candidate_occlusion
O04,default,125,7,,True,candidate_occlusion
O04,default,126,6,,True,candidate_occlusion
O04,default,126,7,,True,candidate_occlusion
O04,default,127,6,,False,
O04,default,127,7,,False,
O04,default,128,6,2,False,
O04,default,128,7,,False,
O04,default,129,6,,False,
O04,default,129,7,,False,
O04,default,130,6,,False,
O04,default,130,7,,False,
O04,default,131,6,,False,
O04,default,131,7,,False,
O04,default,132,6,,False,
O04,default,132,7,,False,
O04,default,133,6,,False,
O04,default,133,7,,False,
O04,default,134,6,,False,
O04,default,134,7,,False,
O04,default,135,6,,False,
O04,default,135,7,,False,
O04,default,136,6,,False,
O04,default,136,7,,False,
O04,default,137,6,,False,
O04,default,137,7,,False,
O04,default,138,6,,False,
O04,default,138,7,,False,
O04,default,139,6,,False,
O04,default,139,7,,False,
O04,default,140,6,,False,
O04,default,140,7,,False,
O04,default,141,6,,False,
O04,default,141,7,,False,
O04,default,142,6,,False,
O04,default,142,7,,False,
O04,default,143,6,,False,
O04,default,143,7,,False,
O04,default,144,6,,False,
O04,default,144,7,,False,
O04,default,145,6,,False,
O04,default,145,7,,False,
O04,default,146,6,,False,
O04,default,146,7,,False,
O04,default,147,6,,False,
O04,default,147,7,,False,
O04,default,148,6,3,False,
O04,default,148,7,,False,
O04,default,149,6,3,False,
O04,default,149,7,,False,
O04,default,150,6,3,False,
O04,default,150,7,,False,
O04,default,151,6,3,False,
O04,default,151,7,,False,
O04,default,152,6,3,False,
O04,default,152,7,,False,
O04,default,153,6,3,False,
O04,default,153,7,,False,
O04,default,154,6,3,False,
O04,default,154,7,,False,
O04,default,155,6,3,False,
O04,default,155,7,,False,
O04,default,156,6,3,False,
O04,default,156,7,,False,
O04,default,157,6,3,False,
O04,default,157,7,,False,
O04,default,158,6,3,False,
O04,default,158,7,4,False,
O04,default,159,6,3,False,
O04,default,159,7,4,False,
O04,default,160,6,3,False,
O04,default,160,7,4,False,
O04,default,161,6,3,False,
O04,default,161,7,4,False,
O04,default,162,6,3,False,
O04,default,162,7,4,False,
O04,default,163,6,3,False,
O04,default,163,7,4,False,
O04,default,164,6,3,False,
O04,default,164,7,4,False,
O04,default,165,6,3,False,
O04,default,165,7,4,False,
O04,default,166,6,3,False,
O04,default,166,7,4,False,
O04,default,167,6,3,False,
O04,default,167,7,4,False,
O04,default,168,6,3,False,
O04,default,168,7,4,False,
O04,default,169,6,3,False,
O04,default,169,7,4,False,
O04,default,170,6,3,False,
O04,default,170,7,4,False,
O04,default,171,6,3,False,
O04,default,171,7,4,False,
O04,default,172,6,3,False,
O04,default,172,7,4,False,
O04,default,173,6,3,False,
O04,default,173,7,4,False,
O04,default,174,6,3,False,
O04,default,174,7,4,False,
O04,default,175,6,3,False,
O04,default,175,7,4,False,
O04,default,176,6,3,False,
O04,default,176,7,4,False,
O04,default,177,6,3,False,
O04,default,177,7,4,False,
O04,default,178,6,3,False,
O04,default,178,7,4,False,
O04,default,179,6,3,False,
O04,default,179,7,4,False,
O04,default,180,6,3,False,
O04,default,180,7,,False,
O04,default,181,6,3,False,
O04,default,181,7,4,False,
O04,default,182,6,3,False,
O04,default,182,7,4,False,
O04,default,183,6,3,False,
O04,default,183,7,4,False,
O04,default,184,6,3,False,
O04,default,184,7,,False,
O04,default,185,6,3,False,
O04,default,185,7,,False,
O04,default,186,6,3,False,
O04,default,186,7,4,False,
O04,default,187,6,3,False,
O04,default,187,7,,False,
O04,default,188,6,3,False,
O04,default,188,7,,False,
O04,default,189,6,3,False,
O04,default,189,7,,False,
O04,default,190,6,3,False,
O04,default,190,7,,False,
O04,default,191,6,3,False,
O04,default,191,7,,False,
O04,default,192,6,3,False,
O04,default,192,7,,False,
O04,default,193,6,3,False,
O04,default,193,7,,False,
O04,default,194,6,3,False,
O04,default,194,7,,False,
O04,default,195,6,3,False,
O04,default,195,7,,False,
O04,default,196,6,3,False,
O04,default,196,7,,False,
O04,default,197,6,3,False,
O04,default,197,7,,False,
O04,default,198,6,3,False,
O04,default,198,7,,False,
O04,default,199,6,3,False,
O04,default,199,7,,False,
O04,default,200,6,3,False,
O04,default,200,7,,False,
O04,default,201,6,3,False,
O04,default,201,7,,False,
O04,default,202,6,3,False,
O04,default,202,7,,False,
O04,default,203,6,3,False,
O04,default,203,7,,False,
O04,default,204,6,3,False,
O04,default,204,7,,False,
O04,default,205,6,3,False,
O04,default,205,7,,False,
O04,default,206,6,3,False,
O04,default,206,7,,False,
O04,default,207,6,3,False,
O04,default,207,7,,False,
O04,default,208,6,3,False,
O04,default,208,7,,False,
O04,default,209,6,3,False,
O04,default,209,7,,False,
O04,default,210,6,3,False,
O04,default,210,7,,False,
O04,default,211,6,3,False,
O04,default,211,7,,False,
O04,default,212,6,,False,
O04,default,212,7,,False,
O04,default,213,6,,False,
O04,default,213,7,,False,
O04,default,214,6,,False,
O04,default,214,7,,False,
O04,default,215,6,3,False,
O04,default,215,7,,False,
O04,default,216,6,3,False,
O04,default,216,7,,False,
O04,default,217,6,3,False,
O04,default,217,7,,False,
O04,default,218,6,3,False,
O04,default,218,7,,False,
O04,default,219,6,3,False,
O04,default,219,7,,False,
O04,default,220,6,3,False,
O04,default,220,7,,False,
O04,default,221,6,3,False,
O04,default,221,7,,False,
O04,default,222,6,3,False,
O04,default,222,7,,False,
O04,default,223,6,3,False,
O04,default,223,7,,False,
O04,default,224,6,3,False,
O04,default,224,7,,False,
O05,default,25,3,1,False,
O05,default,25,4,,False,
O05,default,26,3,1,False,
O05,default,26,4,,False,
O05,default,27,3,1,False,
O05,default,27,4,,False,
O05,default,28,3,1,False,
O05,default,28,4,,False,
O05,default,29,3,1,False,
O05,default,29,4,,False,
O05,default,30,3,1,False,
O05,default,30,4,,False,
O05,default,31,3,1,False,
O05,default,31,4,,False,
O05,default,32,3,1,False,
O05,default,32,4,,False,
O05,default,33,3,1,False,
O05,default,33,4,,False,
O05,default,34,3,1,False,
O05,default,34,4,,False,
O05,default,35,3,1,False,
O05,default,35,4,,False,
O05,default,36,3,,False,
O05,default,36,4,,False,
O05,default,37,3,1,False,
O05,default,37,4,,False,
O05,default,38,3,,False,
O05,default,38,4,,False,
O05,default,39,3,1,False,
O05,default,39,4,,False,
O05,default,40,3,1,False,
O05,default,40,4,,False,
O05,default,41,3,1,False,
O05,default,41,4,,False,
O05,default,42,3,,False,
O05,default,42,4,,False,
O05,default,43,3,1,False,
O05,default,43,4,,False,
O05,default,44,3,1,False,
O05,default,44,4,,False,
O05,default,45,3,1,False,
O05,default,45,4,,False,
O05,default,46,3,1,False,
O05,default,46,4,,False,
O05,default,47,3,1,False,
O05,default,47,4,,False,
O05,default,48,3,,False,
O05,default,48,4,,False,
O05,default,49,3,,False,
O05,default,49,4,,False,
O05,default,50,3,,True,candidate_occlusion
O05,default,50,4,,True,candidate_occlusion
O05,default,51,3,1,True,candidate_occlusion
O05,default,51,4,,True,candidate_occlusion
O05,default,52,3,1,True,candidate_occlusion
O05,default,52,4,,True,candidate_occlusion
O05,default,53,3,,True,candidate_occlusion
O05,default,53,4,,True,candidate_occlusion
O05,default,54,3,,True,candidate_occlusion
O05,default,54,4,,True,candidate_occlusion
O05,default,55,3,,True,candidate_occlusion
O05,default,55,4,,True,candidate_occlusion
O05,default,56,3,,True,candidate_occlusion
O05,default,56,4,,True,candidate_occlusion
O05,default,57,3,,True,candidate_occlusion
O05,default,57,4,,True,candidate_occlusion
O05,default,58,3,,True,candidate_occlusion
O05,default,58,4,,True,candidate_occlusion
O05,default,59,3,,True,candidate_occlusion
O05,default,59,4,,True,candidate_occlusion
O05,default,60,3,,True,candidate_occlusion
O05,default,60,4,,True,candidate_occlusion
O05,default,61,3,,True,candidate_occlusion
O05,default,61,4,,True,candidate_occlusion
O05,default,62,3,,True,candidate_occlusion
O05,default,62,4,,True,candidate_occlusion
O05,default,63,3,,True,candidate_occlusion
O05,default,63,4,,True,candidate_occlusion
O05,default,64,3,,True,candidate_occlusion
O05,default,64,4,,True,candidate_occlusion
O05,default,65,3,,True,candidate_occlusion
O05,default,65,4,,True,candidate_occlusion
O05,default,66,3,,True,candidate_occlusion
O05,default,66,4,,True,candidate_occlusion
O05,default,67,3,,True,candidate_occlusion
O05,default,67,4,,True,candidate_occlusion
O05,default,68,3,,True,candidate_occlusion
O05,default,68,4,,True,candidate_occlusion
O05,default,69,3,,True,candidate_occlusion
O05,default,69,4,,True,candidate_occlusion
O05,default,70,3,,True,candidate_occlusion
O05,default,70,4,,True,candidate_occlusion
O05,default,71,3,,True,candidate_occlusion
O05,default,71,4,,True,candidate_occlusion
O05,default,72,3,,True,candidate_occlusion
O05,default,72,4,,True,candidate_occlusion
O05,default,73,3,,True,candidate_occlusion
O05,default,73,4,,True,candidate_occlusion
O05,default,74,3,,True,candidate_occlusion
O05,default,74,4,,True,candidate_occlusion
O05,default,75,3,,True,candidate_occlusion
O05,default,75,4,,True,candidate_occlusion
O05,default,76,3,,True,candidate_occlusion
O05,default,76,4,,True,candidate_occlusion
O05,default,77,3,,True,candidate_occlusion
O05,default,77,4,,True,candidate_occlusion
O05,default,78,3,,True,candidate_occlusion
O05,default,78,4,,True,candidate_occlusion
O05,default,79,3,,True,candidate_occlusion
O05,default,79,4,,True,candidate_occlusion
O05,default,80,3,,True,candidate_occlusion
O05,default,80,4,,True,candidate_occlusion
O05,default,81,3,,True,candidate_occlusion
O05,default,81,4,,True,candidate_occlusion
O05,default,82,3,,True,candidate_occlusion
O05,default,82,4,,True,candidate_occlusion
O05,default,83,3,,True,candidate_occlusion
O05,default,83,4,,True,candidate_occlusion
O05,default,84,3,,True,candidate_occlusion
O05,default,84,4,,True,candidate_occlusion
O05,default,85,3,,True,candidate_occlusion
O05,default,85,4,,True,candidate_occlusion
O05,default,86,3,,True,candidate_occlusion
O05,default,86,4,,True,candidate_occlusion
O05,default,87,3,,True,candidate_occlusion
O05,default,87,4,,True,candidate_occlusion
O05,default,88,3,,True,candidate_occlusion
O05,default,88,4,,True,candidate_occlusion
O05,default,89,3,,True,candidate_occlusion
O05,default,89,4,,True,candidate_occlusion
O05,default,90,3,,True,candidate_occlusion
O05,default,90,4,,True,candidate_occlusion
O05,default,91,3,,True,candidate_occlusion
O05,default,91,4,,True,candidate_occlusion
O05,default,92,3,,True,candidate_occlusion
O05,default,92,4,,True,candidate_occlusion
O05,default,93,3,,True,candidate_occlusion
O05,default,93,4,,True,candidate_occlusion
O05,default,94,3,,True,candidate_occlusion
O05,default,94,4,,True,candidate_occlusion
O05,default,95,3,,True,candidate_occlusion
O05,default,95,4,,True,candidate_occlusion
O05,default,96,3,,True,candidate_occlusion
O05,default,96,4,,True,candidate_occlusion
O05,default,97,3,,True,candidate_occlusion
O05,default,97,4,,True,candidate_occlusion
O05,default,98,3,,True,candidate_occlusion
O05,default,98,4,,True,candidate_occlusion
O05,default,99,3,,True,candidate_occlusion
O05,default,99,4,,True,candidate_occlusion
O05,default,100,3,,True,candidate_occlusion
O05,default,100,4,,True,candidate_occlusion
O05,default,101,3,,True,candidate_occlusion
O05,default,101,4,,True,candidate_occlusion
O05,default,102,3,,True,candidate_occlusion
O05,default,102,4,,True,candidate_occlusion
O05,default,103,3,,True,candidate_occlusion
O05,default,103,4,,True,candidate_occlusion
O05,default,104,3,,True,candidate_occlusion
O05,default,104,4,,True,candidate_occlusion
O05,default,105,3,,True,candidate_occlusion
O05,default,105,4,,True,candidate_occlusion
O05,default,106,3,,True,candidate_occlusion
O05,default,106,4,,True,candidate_occlusion
O05,default,107,3,,True,candidate_occlusion
O05,default,107,4,,True,candidate_occlusion
O05,default,108,3,,True,candidate_occlusion
O05,default,108,4,,True,candidate_occlusion
O05,default,109,3,,True,candidate_occlusion
O05,default,109,4,,True,candidate_occlusion
O05,default,110,3,,True,candidate_occlusion
O05,default,110,4,,True,candidate_occlusion
O05,default,111,3,,True,candidate_occlusion
O05,default,111,4,,True,candidate_occlusion
O05,default,112,3,,True,candidate_occlusion
O05,default,112,4,,True,candidate_occlusion
O05,default,113,3,,True,candidate_occlusion
O05,default,113,4,,True,candidate_occlusion
O05,default,114,3,,True,candidate_occlusion
O05,default,114,4,,True,candidate_occlusion
O05,default,115,3,,True,candidate_occlusion
O05,default,115,4,,True,candidate_occlusion
O05,default,116,3,,True,candidate_occlusion
O05,default,116,4,,True,candidate_occlusion
O05,default,117,3,3,True,candidate_occlusion
O05,default,117,4,,True,candidate_occlusion
O05,default,118,3,3,True,candidate_occlusion
O05,default,118,4,,True,candidate_occlusion
O05,default,119,3,3,True,candidate_occlusion
O05,default,119,4,,True,candidate_occlusion
O05,default,120,3,3,True,candidate_occlusion
O05,default,120,4,,True,candidate_occlusion
O05,default,121,3,3,True,candidate_occlusion
O05,default,121,4,,True,candidate_occlusion
O05,default,122,3,3,True,candidate_occlusion
O05,default,122,4,,True,candidate_occlusion
O05,default,123,3,3,True,candidate_occlusion
O05,default,123,4,,True,candidate_occlusion
O05,default,124,3,,True,candidate_occlusion
O05,default,124,4,,True,candidate_occlusion
O05,default,125,3,3,True,candidate_occlusion
O05,default,125,4,,True,candidate_occlusion
O05,default,126,3,3,True,candidate_occlusion
O05,default,126,4,,True,candidate_occlusion
O05,default,127,3,3,True,candidate_occlusion
O05,default,127,4,,True,candidate_occlusion
O05,default,128,3,,True,candidate_occlusion
O05,default,128,4,,True,candidate_occlusion
O05,default,129,3,,True,candidate_occlusion
O05,default,129,4,,True,candidate_occlusion
O05,default,130,3,,True,candidate_occlusion
O05,default,130,4,,True,candidate_occlusion
O05,default,131,3,3,True,candidate_occlusion
O05,default,131,4,,True,candidate_occlusion
O05,default,132,3,,True,candidate_occlusion
O05,default,132,4,,True,candidate_occlusion
O05,default,133,3,,True,candidate_occlusion
O05,default,133,4,,True,candidate_occlusion
O05,default,134,3,3,True,candidate_occlusion
O05,default,134,4,,True,candidate_occlusion
O05,default,135,3,3,True,candidate_occlusion
O05,default,135,4,,True,candidate_occlusion
O05,default,136,3,3,True,candidate_occlusion
O05,default,136,4,,True,candidate_occlusion
O05,default,137,3,3,True,candidate_occlusion
O05,default,137,4,,True,candidate_occlusion
O05,default,138,3,3,True,candidate_occlusion
O05,default,138,4,,True,candidate_occlusion
O05,default,139,3,3,True,candidate_occlusion
O05,default,139,4,,True,candidate_occlusion
O05,default,140,3,,True,candidate_occlusion
O05,default,140,4,,True,candidate_occlusion
O05,default,141,3,,True,candidate_occlusion
O05,default,141,4,,True,candidate_occlusion
O05,default,142,3,,True,candidate_occlusion
O05,default,142,4,,True,candidate_occlusion
O05,default,143,3,3,True,candidate_occlusion
O05,default,143,4,,True,candidate_occlusion
O05,default,144,3,,True,candidate_occlusion
O05,default,144,4,,True,candidate_occlusion
O05,default,145,3,,True,candidate_occlusion
O05,default,145,4,,True,candidate_occlusion
O05,default,146,3,,True,candidate_occlusion
O05,default,146,4,,True,candidate_occlusion
O05,default,147,3,,True,candidate_occlusion
O05,default,147,4,,True,candidate_occlusion
O05,default,148,3,,True,candidate_occlusion
O05,default,148,4,,True,candidate_occlusion
O05,default,149,3,,True,candidate_occlusion
O05,default,149,4,,True,candidate_occlusion
O05,default,150,3,,True,candidate_occlusion
O05,default,150,4,,True,candidate_occlusion
O05,default,151,3,,True,candidate_occlusion
O05,default,151,4,,True,candidate_occlusion
O05,default,152,3,,True,candidate_occlusion
O05,default,152,4,,True,candidate_occlusion
O05,default,153,3,,True,candidate_occlusion
O05,default,153,4,,True,candidate_occlusion
O05,default,154,3,,False,
O05,default,154,4,,False,
O05,default,155,3,,False,
O05,default,155,4,,False,
O05,default,156,3,,False,
O05,default,156,4,,False,
O05,default,157,3,,False,
O05,default,157,4,,False,
O05,default,158,3,,False,
O05,default,158,4,,False,
O05,default,159,3,,False,
O05,default,159,4,,False,
O05,default,160,3,,False,
O05,default,160,4,,False,
O05,default,161,3,,False,
O05,default,161,4,4,False,
O05,default,162,3,,False,
O05,default,162,4,4,False,
O05,default,163,3,,False,
O05,default,163,4,4,False,
O05,default,164,3,,False,
O05,default,164,4,4,False,
O05,default,165,3,,False,
O05,default,165,4,4,False,
O05,default,166,3,,False,
O05,default,166,4,4,False,
O05,default,167,3,,False,
O05,default,167,4,4,False,
O05,default,168,3,,False,
O05,default,168,4,4,False,
O05,default,169,3,,False,
O05,default,169,4,4,False,
O05,default,170,3,,False,
O05,default,170,4,4,False,
O05,default,171,3,,False,
O05,default,171,4,4,False,
O05,default,172,3,,False,
O05,default,172,4,4,False,
O05,default,173,3,5,False,
O05,default,173,4,4,False,
O05,default,174,3,5,False,
O05,default,174,4,4,False,
O05,default,175,3,5,False,
O05,default,175,4,4,False,
O05,default,176,3,5,False,
O05,default,176,4,4,False,
O05,default,177,3,5,False,
O05,default,177,4,4,False,
O05,default,178,3,5,False,
O05,default,178,4,4,False,
O05,default,179,3,5,False,
O05,default,179,4,4,False,
O05,default,180,3,5,False,
O05,default,180,4,,False,
O05,default,181,3,5,False,
O05,default,181,4,,False,
O05,default,182,3,5,False,
O05,default,182,4,,False,
O05,default,183,3,5,False,
O05,default,183,4,,False,
O05,default,184,3,5,False,
O05,default,184,4,,False,
O05,default,185,3,5,False,
O05,default,185,4,,False,
O05,default,186,3,5,False,
O05,default,186,4,,False,
O05,default,187,3,5,False,
O05,default,187,4,,False,
O05,default,188,3,5,False,
O05,default,188,4,,False,
O05,default,189,3,5,False,
O05,default,189,4,,False,
O05,default,190,3,5,False,
O05,default,190,4,,False,
O05,default,191,3,5,False,
O05,default,191,4,,False,
O05,default,192,3,5,False,
O05,default,192,4,,False,
O05,default,193,3,5,False,
O05,default,193,4,,False,
O05,default,194,3,5,False,
O05,default,194,4,,False,
O05,default,195,3,5,False,
O05,default,195,4,,False,
O05,default,196,3,5,False,
O05,default,196,4,,False,
O05,default,197,3,5,False,
O05,default,197,4,,False,
O05,default,198,3,5,False,
O05,default,198,4,,False,
O05,default,199,3,5,False,
O05,default,199,4,,False,
O05,default,200,3,5,False,
O05,default,200,4,,False,
O05,default,201,3,5,False,
O05,default,201,4,,False,
O05,default,202,3,5,False,
O05,default,202,4,,False,
O05,default,203,3,5,False,
O05,default,203,4,,False,
O05,default,204,3,5,False,
O05,default,204,4,,False,
O05,default,205,3,5,False,
O05,default,205,4,,False,
O05,default,206,3,5,False,
O05,default,206,4,,False,
O05,default,207,3,5,False,
O05,default,207,4,,False,
O05,default,208,3,5,False,
O05,default,208,4,,False,
O05,default,209,3,5,False,
O05,default,209,4,,False,
O05,default,210,3,5,False,
O05,default,210,4,,False,
O05,default,211,3,5,False,
O05,default,211,4,,False,
O05,default,212,3,5,False,
O05,default,212,4,,False,
O05,default,213,3,5,False,
O05,default,213,4,,False,
O05,default,214,3,5,False,
O05,default,214,4,,False,
O05,default,215,3,5,False,
O05,default,215,4,,False,
O05,default,216,3,5,False,
O05,default,216,4,,False,
O05,default,217,3,5,False,
O05,default,217,4,,False,
O05,default,218,3,,False,
O05,default,218,4,,False,
O05,default,219,3,5,False,
O05,default,219,4,,False,
O05,default,220,3,,False,
O05,default,220,4,,False,
O05,default,221,3,,False,
O05,default,221,4,,False,
O05,default,222,3,,False,
O05,default,222,4,,False,
O05,default,223,3,,False,
O05,default,223,4,,False,
O05,default,224,3,,False,
O05,default,224,4,,False,
O06,default,25,7,,True,absent_or_warmup
O06,default,25,9,,False,
O06,default,26,7,,True,absent_or_warmup
O06,default,26,9,,False,
O06,default,27,7,,True,absent_or_warmup
O06,default,27,9,,False,
O06,default,28,7,,True,absent_or_warmup
O06,default,28,9,,False,
O06,default,29,7,,True,absent_or_warmup
O06,default,29,9,,False,
O06,default,30,7,,True,absent_or_warmup
O06,default,30,9,,False,
O06,default,31,7,,True,absent_or_warmup
O06,default,31,9,,False,
O06,default,32,7,,True,absent_or_warmup
O06,default,32,9,,False,
O06,default,33,7,,True,absent_or_warmup
O06,default,33,9,,False,
O06,default,34,7,,True,absent_or_warmup
O06,default,34,9,,False,
O06,default,35,7,,True,absent_or_warmup
O06,default,35,9,,False,
O06,default,36,7,,True,absent_or_warmup
O06,default,36,9,,False,
O06,default,37,7,,True,absent_or_warmup
O06,default,37,9,,False,
O06,default,38,7,,True,absent_or_warmup
O06,default,38,9,,False,
O06,default,39,7,,True,absent_or_warmup
O06,default,39,9,,False,
O06,default,40,7,,True,absent_or_warmup
O06,default,40,9,,False,
O06,default,41,7,,True,absent_or_warmup
O06,default,41,9,,False,
O06,default,42,7,,True,absent_or_warmup
O06,default,42,9,,False,
O06,default,43,7,,True,absent_or_warmup
O06,default,43,9,,False,
O06,default,44,7,,True,absent_or_warmup
O06,default,44,9,,False,
O06,default,45,7,,True,absent_or_warmup
O06,default,45,9,,False,
O06,default,46,7,,True,absent_or_warmup
O06,default,46,9,,False,
O06,default,47,7,,True,absent_or_warmup
O06,default,47,9,,False,
O06,default,48,7,,True,absent_or_warmup
O06,default,48,9,,False,
O06,default,49,7,,True,absent_or_warmup
O06,default,49,9,,False,
O06,default,50,7,,True,absent_or_warmup
O06,default,50,9,,False,
O06,default,51,7,,True,absent_or_warmup
O06,default,51,9,,False,
O06,default,52,7,,True,absent_or_warmup
O06,default,52,9,,False,
O06,default,53,7,,True,absent_or_warmup
O06,default,53,9,,False,
O06,default,54,7,,True,absent_or_warmup
O06,default,54,9,,False,
O06,default,55,7,,True,candidate_occlusion
O06,default,55,9,,True,candidate_occlusion
O06,default,56,7,,True,candidate_occlusion
O06,default,56,9,,True,candidate_occlusion
O06,default,57,7,,True,candidate_occlusion
O06,default,57,9,,True,candidate_occlusion
O06,default,58,7,,True,candidate_occlusion
O06,default,58,9,,True,candidate_occlusion
O06,default,59,7,,True,candidate_occlusion
O06,default,59,9,,True,candidate_occlusion
O06,default,60,7,,True,candidate_occlusion
O06,default,60,9,,True,candidate_occlusion
O06,default,61,7,,True,candidate_occlusion
O06,default,61,9,,True,candidate_occlusion
O06,default,62,7,,True,candidate_occlusion
O06,default,62,9,,True,candidate_occlusion
O06,default,63,7,,True,candidate_occlusion
O06,default,63,9,,True,candidate_occlusion
O06,default,64,7,,True,candidate_occlusion
O06,default,64,9,,True,candidate_occlusion
O06,default,65,7,,True,candidate_occlusion
O06,default,65,9,,True,candidate_occlusion
O06,default,66,7,,True,candidate_occlusion
O06,default,66,9,,True,candidate_occlusion
O06,default,67,7,,True,candidate_occlusion
O06,default,67,9,,True,candidate_occlusion
O06,default,68,7,,True,candidate_occlusion
O06,default,68,9,,True,candidate_occlusion
O06,default,69,7,,True,candidate_occlusion
O06,default,69,9,,True,candidate_occlusion
O06,default,70,7,,True,candidate_occlusion
O06,default,70,9,,True,candidate_occlusion
O06,default,71,7,,True,candidate_occlusion
O06,default,71,9,,True,candidate_occlusion
O06,default,72,7,,True,candidate_occlusion
O06,default,72,9,,True,candidate_occlusion
O06,default,73,7,,True,candidate_occlusion
O06,default,73,9,,True,candidate_occlusion
O06,default,74,7,,True,candidate_occlusion
O06,default,74,9,,True,candidate_occlusion
O06,default,75,7,,True,candidate_occlusion
O06,default,75,9,,True,candidate_occlusion
O06,default,76,7,,True,candidate_occlusion
O06,default,76,9,,True,candidate_occlusion
O06,default,77,7,,True,candidate_occlusion
O06,default,77,9,,True,candidate_occlusion
O06,default,78,7,,True,candidate_occlusion
O06,default,78,9,,True,candidate_occlusion
O06,default,79,7,,True,candidate_occlusion
O06,default,79,9,,True,candidate_occlusion
O06,default,80,7,,True,candidate_occlusion
O06,default,80,9,,True,candidate_occlusion
O06,default,81,7,,True,candidate_occlusion
O06,default,81,9,,True,candidate_occlusion
O06,default,82,7,,True,candidate_occlusion
O06,default,82,9,,True,candidate_occlusion
O06,default,83,7,,True,candidate_occlusion
O06,default,83,9,,True,candidate_occlusion
O06,default,84,7,,True,candidate_occlusion
O06,default,84,9,,True,candidate_occlusion
O06,default,85,7,,True,candidate_occlusion
O06,default,85,9,,True,candidate_occlusion
O06,default,86,7,,True,candidate_occlusion
O06,default,86,9,,True,candidate_occlusion
O06,default,87,7,,True,candidate_occlusion
O06,default,87,9,,True,candidate_occlusion
O06,default,88,7,,True,candidate_occlusion
O06,default,88,9,,True,candidate_occlusion
O06,default,89,7,,True,candidate_occlusion
O06,default,89,9,,True,candidate_occlusion
O06,default,90,7,,True,candidate_occlusion
O06,default,90,9,,True,candidate_occlusion
O06,default,91,7,,True,candidate_occlusion
O06,default,91,9,,True,candidate_occlusion
O06,default,92,7,,True,candidate_occlusion
O06,default,92,9,,True,candidate_occlusion
O06,default,93,7,,True,candidate_occlusion
O06,default,93,9,,True,candidate_occlusion
O06,default,94,7,,True,candidate_occlusion
O06,default,94,9,,True,candidate_occlusion
O06,default,95,7,,True,candidate_occlusion
O06,default,95,9,,True,candidate_occlusion
O06,default,96,7,,True,candidate_occlusion
O06,default,96,9,,True,candidate_occlusion
O06,default,97,7,,True,candidate_occlusion
O06,default,97,9,,True,candidate_occlusion
O06,default,98,7,,True,candidate_occlusion
O06,default,98,9,,True,candidate_occlusion
O06,default,99,7,,True,candidate_occlusion
O06,default,99,9,,True,candidate_occlusion
O06,default,100,7,,True,candidate_occlusion
O06,default,100,9,,True,candidate_occlusion
O06,default,101,7,,True,candidate_occlusion
O06,default,101,9,,True,candidate_occlusion
O06,default,102,7,,True,candidate_occlusion
O06,default,102,9,,True,candidate_occlusion
O06,default,103,7,,True,candidate_occlusion
O06,default,103,9,,True,candidate_occlusion
O06,default,104,7,,True,candidate_occlusion
O06,default,104,9,,True,candidate_occlusion
O06,default,105,7,,True,candidate_occlusion
O06,default,105,9,,True,candidate_occlusion
O06,default,106,7,,True,candidate_occlusion
O06,default,106,9,,True,candidate_occlusion
O06,default,107,7,,True,candidate_occlusion
O06,default,107,9,,True,candidate_occlusion
O06,default,108,7,,True,candidate_occlusion
O06,default,108,9,,True,candidate_occlusion
O06,default,109,7,,True,candidate_occlusion
O06,default,109,9,,True,candidate_occlusion
O06,default,110,7,,True,candidate_occlusion
O06,default,110,9,,True,candidate_occlusion
O06,default,111,7,,True,candidate_occlusion
O06,default,111,9,,True,candidate_occlusion
O06,default,112,7,,True,candidate_occlusion
O06,default,112,9,,True,candidate_occlusion
O06,default,113,7,,True,candidate_occlusion
O06,default,113,9,,True,candidate_occlusion
O06,default,114,7,,True,candidate_occlusion
O06,default,114,9,,True,candidate_occlusion
O06,default,115,7,,True,candidate_occlusion
O06,default,115,9,,True,candidate_occlusion
O06,default,116,7,,True,candidate_occlusion
O06,default,116,9,,True,candidate_occlusion
O06,default,117,7,,True,candidate_occlusion
O06,default,117,9,,True,candidate_occlusion
O06,default,118,7,,True,candidate_occlusion
O06,default,118,9,,True,candidate_occlusion
O06,default,119,7,,True,candidate_occlusion
O06,default,119,9,,True,candidate_occlusion
O06,default,120,7,,True,candidate_occlusion
O06,default,120,9,,True,candidate_occlusion
O06,default,121,7,,True,candidate_occlusion
O06,default,121,9,,True,candidate_occlusion
O06,default,122,7,,True,candidate_occlusion
O06,default,122,9,,True,candidate_occlusion
O06,default,123,7,,True,candidate_occlusion
O06,default,123,9,,True,candidate_occlusion
O06,default,124,7,,True,candidate_occlusion
O06,default,124,9,,True,candidate_occlusion
O06,default,125,7,,True,candidate_occlusion
O06,default,125,9,,True,candidate_occlusion
O06,default,126,7,,True,candidate_occlusion
O06,default,126,9,,True,candidate_occlusion
O06,default,127,7,,True,candidate_occlusion
O06,default,127,9,,True,candidate_occlusion
O06,default,128,7,,True,candidate_occlusion
O06,default,128,9,,True,candidate_occlusion
O06,default,129,7,,True,candidate_occlusion
O06,default,129,9,,True,candidate_occlusion
O06,default,130,7,,True,candidate_occlusion
O06,default,130,9,,True,candidate_occlusion
O06,default,131,7,,True,candidate_occlusion
O06,default,131,9,,True,candidate_occlusion
O06,default,132,7,,True,candidate_occlusion
O06,default,132,9,,True,candidate_occlusion
O06,default,133,7,,True,candidate_occlusion
O06,default,133,9,,True,candidate_occlusion
O06,default,134,7,,True,candidate_occlusion
O06,default,134,9,,True,candidate_occlusion
O06,default,135,7,,True,candidate_occlusion
O06,default,135,9,,True,candidate_occlusion
O06,default,136,7,,True,candidate_occlusion
O06,default,136,9,,True,candidate_occlusion
O06,default,137,7,,True,candidate_occlusion
O06,default,137,9,,True,candidate_occlusion
O06,default,138,7,,True,candidate_occlusion
O06,default,138,9,,True,candidate_occlusion
O06,default,139,7,,True,candidate_occlusion
O06,default,139,9,,True,candidate_occlusion
O06,default,140,7,,True,candidate_occlusion
O06,default,140,9,,True,candidate_occlusion
O06,default,141,7,,False,
O06,default,141,9,,False,
O06,default,142,7,,False,
O06,default,142,9,,False,
O06,default,143,7,,False,
O06,default,143,9,,False,
O06,default,144,7,,False,
O06,default,144,9,,False,
O06,default,145,7,,False,
O06,default,145,9,,False,
O06,default,146,7,,False,
O06,default,146,9,,False,
O06,default,147,7,,False,
O06,default,147,9,,False,
O06,default,148,7,,False,
O06,default,148,9,,False,
O06,default,149,7,,False,
O06,default,149,9,,False,
O06,default,150,7,,False,
O06,default,150,9,,False,
O06,default,151,7,,False,
O06,default,151,9,,False,
O06,default,152,7,,False,
O06,default,152,9,,False,
O06,default,153,7,,False,
O06,default,153,9,,False,
O06,default,154,7,,False,
O06,default,154,9,,False,
O06,default,155,7,,False,
O06,default,155,9,,False,
O06,default,156,7,,False,
O06,default,156,9,,False,
O06,default,157,7,,False,
O06,default,157,9,,False,
O06,default,158,7,,False,
O06,default,158,9,,False,
O06,default,159,7,,False,
O06,default,159,9,,False,
O06,default,160,7,,False,
O06,default,160,9,,False,
O06,default,161,7,,False,
O06,default,161,9,,False,
O06,default,162,7,,False,
O06,default,162,9,,False,
O06,default,163,7,,False,
O06,default,163,9,,False,
O06,default,164,7,,False,
O06,default,164,9,,False,
O06,default,165,7,,False,
O06,default,165,9,,False,
O06,default,166,7,,False,
O06,default,166,9,,False,
O06,default,167,7,,False,
O06,default,167,9,,False,
O06,default,168,7,,False,
O06,default,168,9,,False,
O06,default,169,7,,False,
O06,default,169,9,,False,
O06,default,170,7,,False,
O06,default,170,9,,False,
O06,default,171,7,,False,
O06,default,171,9,,False,
O06,default,172,7,,False,
O06,default,172,9,,False,
O06,default,173,7,,False,
O06,default,173,9,,False,
O06,default,174,7,,False,
O06,default,174,9,,False,
O06,default,175,7,,False,
O06,default,175,9,,False,
O06,default,176,7,,False,
O06,default,176,9,,False,
O06,default,177,7,,False,
O06,default,177,9,,False,
O06,default,178,7,,False,
O06,default,178,9,,False,
O06,default,179,7,,False,
O06,default,179,9,,False,
O06,default,180,7,,False,
O06,default,180,9,,False,
O06,default,181,7,,False,
O06,default,181,9,,False,
O06,default,182,7,,False,
O06,default,182,9,,False,
O06,default,183,7,,False,
O06,default,183,9,,False,
O06,default,184,7,,False,
O06,default,184,9,,False,
O06,default,185,7,,False,
O06,default,185,9,,False,
O06,default,186,7,,False,
O06,default,186,9,,False,
O06,default,187,7,,False,
O06,default,187,9,,False,
O06,default,188,7,,False,
O06,default,188,9,,False,
O06,default,189,7,,False,
O06,default,189,9,,False,
O06,default,190,7,,False,
O06,default,190,9,,False,
O06,default,191,7,,False,
O06,default,191,9,,False,
O06,default,192,7,,False,
O06,default,192,9,,False,
O06,default,193,7,,False,
O06,default,193,9,,False,
O06,default,194,7,,False,
O06,default,194,9,,False,
O06,default,195,7,,False,
O06,default,195,9,,False,
O06,default,196,7,,False,
O06,default,196,9,,False,
O06,default,197,7,,False,
O06,default,197,9,,False,
O06,default,198,7,,False,
O06,default,198,9,,False,
O06,default,199,7,,False,
O06,default,199,9,,False,
O06,default,200,7,,False,
O06,default,200,9,,False,
O06,default,201,7,,False,
O06,default,201,9,,False,
O06,default,202,7,,False,
O06,default,202,9,,False,
O06,default,203,7,,False,
O06,default,203,9,,False,
O06,default,204,7,,False,
O06,default,204,9,,False,
O06,default,205,7,,False,
O06,default,205,9,,False,
O06,default,206,7,,False,
O06,default,206,9,,False,
O06,default,207,7,,False,
O06,default,207,9,,False,
O06,default,208,7,,False,
O06,default,208,9,,False,
O06,default,209,7,,False,
O06,default,209,9,,False,
O06,default,210,7,,False,
O06,default,210,9,,False,
O06,default,211,7,,False,
O06,default,211,9,,False,
O06,default,212,7,,False,
O06,default,212,9,,False,
O06,default,213,7,,False,
O06,default,213,9,,False,
O06,default,214,7,,False,
O06,default,214,9,,False,
O06,default,215,7,,False,
O06,default,215,9,,False,
O06,default,216,7,,False,
O06,default,216,9,,False,
O06,default,217,7,,False,
O06,default,217,9,,False,
O06,default,218,7,,False,
O06,default,218,9,,False,
O06,default,219,7,,False,
O06,default,219,9,,False,
O06,default,220,7,,False,
O06,default,220,9,,False,
O06,default,221,7,,False,
O06,default,221,9,,False,
O06,default,222,7,,False,
O06,default,222,9,,False,
O06,default,223,7,,False,
O06,default,223,9,,False,
O06,default,224,7,,False,
O06,default,224,9,,False,
O07,default,25,1,,False,
O07,default,25,2,1,False,
O07,default,26,1,,False,
O07,default,26,2,1,False,
O07,default,27,1,,False,
O07,default,27,2,1,False,
O07,default,28,1,,False,
O07,default,28,2,1,False,
O07,default,29,1,,False,
O07,default,29,2,1,False,
O07,default,30,1,2,False,
O07,default,30,2,1,False,
O07,default,31,1,,False,
O07,default,31,2,1,False,
O07,default,32,1,,False,
O07,default,32,2,1,False,
O07,default,33,1,,False,
O07,default,33,2,1,False,
O07,default,34,1,,False,
O07,default,34,2,,False,
O07,default,35,1,,False,
O07,default,35,2,,False,
O07,default,36,1,,False,
O07,default,36,2,,False,
O07,default,37,1,,False,
O07,default,37,2,,False,
O07,default,38,1,,False,
O07,default,38,2,,False,
O07,default,39,1,,False,
O07,default,39,2,,False,
O07,default,40,1,,False,
O07,default,40,2,,False,
O07,default,41,1,,False,
O07,default,41,2,,False,
O07,default,42,1,,False,
O07,default,42,2,,False,
O07,default,43,1,,False,
O07,default,43,2,1,False,
O07,default,44,1,,False,
O07,default,44,2,1,False,
O07,default,45,1,,False,
O07,default,45,2,1,False,
O07,default,46,1,,False,
O07,default,46,2,1,False,
O07,default,47,1,,False,
O07,default,47,2,1,False,
O07,default,48,1,,False,
O07,default,48,2,1,False,
O07,default,49,1,,False,
O07,default,49,2,1,False,
O07,default,50,1,,False,
O07,default,50,2,1,False,
O07,default,51,1,,False,
O07,default,51,2,1,False,
O07,default,52,1,,False,
O07,default,52,2,1,False,
O07,default,53,1,,False,
O07,default,53,2,1,False,
O07,default,54,1,,False,
O07,default,54,2,1,False,
O07,default,55,1,,False,
O07,default,55,2,1,False,
O07,default,56,1,,False,
O07,default,56,2,1,False,
O07,default,57,1,,False,
O07,default,57,2,1,False,
O07,default,58,1,,False,
O07,default,58,2,1,False,
O07,default,59,1,,False,
O07,default,59,2,1,False,
O07,default,60,1,,False,
O07,default,60,2,1,False,
O07,default,61,1,,False,
O07,default,61,2,1,False,
O07,default,62,1,,False,
O07,default,62,2,1,False,
O07,default,63,1,,False,
O07,default,63,2,1,False,
O07,default,64,1,,False,
O07,default,64,2,1,False,
O07,default,65,1,,False,
O07,default,65,2,1,False,
O07,default,66,1,,False,
O07,default,66,2,1,False,
O07,default,67,1,,False,
O07,default,67,2,1,False,
O07,default,68,1,,False,
O07,default,68,2,1,False,
O07,default,69,1,,False,
O07,default,69,2,1,False,
O07,default,70,1,,False,
O07,default,70,2,1,False,
O07,default,71,1,,False,
O07,default,71,2,1,False,
O07,default,72,1,,False,
O07,default,72,2,1,False,
O07,default,73,1,,False,
O07,default,73,2,1,False,
O07,default,74,1,,False,
O07,default,74,2,,False,
O07,default,75,1,,False,
O07,default,75,2,,False,
O07,default,76,1,,False,
O07,default,76,2,1,False,
O07,default,77,1,,False,
O07,default,77,2,1,False,
O07,default,78,1,,False,
O07,default,78,2,1,False,
O07,default,79,1,,False,
O07,default,79,2,,False,
O07,default,80,1,,False,
O07,default,80,2,,False,
O07,default,81,1,,False,
O07,default,81,2,,False,
O07,default,82,1,,False,
O07,default,82,2,,False,
O07,default,83,1,,False,
O07,default,83,2,,False,
O07,default,84,1,,False,
O07,default,84,2,,False,
O07,default,85,1,,False,
O07,default,85,2,,False,
O07,default,86,1,,False,
O07,default,86,2,,False,
O07,default,87,1,,False,
O07,default,87,2,,False,
O07,default,88,1,,False,
O07,default,88,2,,False,
O07,default,89,1,,False,
O07,default,89,2,,False,
O07,default,90,1,,False,
O07,default,90,2,,False,
O07,default,91,1,,False,
O07,default,91,2,,False,
O07,default,92,1,,False,
O07,default,92,2,,False,
O07,default,93,1,,False,
O07,default,93,2,,False,
O07,default,94,1,,False,
O07,default,94,2,,False,
O07,default,95,1,,False,
O07,default,95,2,,False,
O07,default,96,1,,False,
O07,default,96,2,,False,
O07,default,97,1,,False,
O07,default,97,2,,False,
O07,default,98,1,,False,
O07,default,98,2,,False,
O07,default,99,1,,False,
O07,default,99,2,,False,
O07,default,100,1,,False,
O07,default,100,2,,False,
O07,default,101,1,,False,
O07,default,101,2,,False,
O07,default,102,1,,False,
O07,default,102,2,,False,
O07,default,103,1,,False,
O07,default,103,2,,False,
O07,default,104,1,,False,
O07,default,104,2,,False,
O07,default,105,1,,False,
O07,default,105,2,,False,
O07,default,106,1,,False,
O07,default,106,2,,False,
O07,default,107,1,,False,
O07,default,107,2,,False,
O07,default,108,1,,False,
O07,default,108,2,,False,
O07,default,109,1,,False,
O07,default,109,2,,False,
O07,default,110,1,,False,
O07,default,110,2,,False,
O07,default,111,1,,False,
O07,default,111,2,,False,
O07,default,112,1,,False,
O07,default,112,2,,False,
O07,default,113,1,,False,
O07,default,113,2,,False,
O07,default,114,1,,False,
O07,default,114,2,5,False,
O07,default,115,1,,False,
O07,default,115,2,5,False,
O07,default,116,1,,False,
O07,default,116,2,5,False,
O07,default,117,1,,False,
O07,default,117,2,5,False,
O07,default,118,1,,False,
O07,default,118,2,5,False,
O07,default,119,1,,False,
O07,default,119,2,5,False,
O07,default,120,1,,False,
O07,default,120,2,5,False,
O07,default,121,1,,False,
O07,default,121,2,,False,
O07,default,122,1,,False,
O07,default,122,2,,False,
O07,default,123,1,,False,
O07,default,123,2,,False,
O07,default,124,1,,False,
O07,default,124,2,,False,
O07,default,125,1,,False,
O07,default,125,2,,False,
O07,default,126,1,,False,
O07,default,126,2,,False,
O07,default,127,1,,False,
O07,default,127,2,,False,
O07,default,128,1,,False,
O07,default,128,2,,False,
O07,default,129,1,,False,
O07,default,129,2,,False,
O07,default,130,1,,False,
O07,default,130,2,,False,
O07,default,131,1,,False,
O07,default,131,2,,False,
O07,default,132,1,,False,
O07,default,132,2,,False,
O07,default,133,1,,False,
O07,default,133,2,,False,
O07,default,134,1,,False,
O07,default,134,2,,False,
O07,default,135,1,,False,
O07,default,135,2,,False,
O07,default,136,1,,False,
O07,default,136,2,,False,
O07,default,137,1,,False,
O07,default,137,2,,False,
O07,default,138,1,6,True,candidate_occlusion
O07,default,138,2,,True,candidate_occlusion
O07,default,139,1,,True,candidate_occlusion
O07,default,139,2,6,True,candidate_occlusion
O07,default,140,1,,True,candidate_occlusion
O07,default,140,2,,True,candidate_occlusion
O07,default,141,1,,True,candidate_occlusion
O07,default,141,2,,True,candidate_occlusion
O07,default,142,1,,True,candidate_occlusion
O07,default,142,2,,True,candidate_occlusion
O07,default,143,1,,True,candidate_occlusion
O07,default,143,2,6,True,candidate_occlusion
O07,default,144,1,,True,candidate_occlusion
O07,default,144,2,6,True,candidate_occlusion
O07,default,145,1,,True,candidate_occlusion
O07,default,145,2,6,True,candidate_occlusion
O07,default,146,1,,True,candidate_occlusion
O07,default,146,2,6,True,candidate_occlusion
O07,default,147,1,,True,candidate_occlusion
O07,default,147,2,6,True,candidate_occlusion
O07,default,148,1,,True,candidate_occlusion
O07,default,148,2,6,True,candidate_occlusion
O07,default,149,1,6,True,candidate_occlusion
O07,default,149,2,,True,candidate_occlusion
O07,default,150,1,,True,candidate_occlusion
O07,default,150,2,6,True,candidate_occlusion
O07,default,151,1,,True,candidate_occlusion
O07,default,151,2,6,True,candidate_occlusion
O07,default,152,1,,True,candidate_occlusion
O07,default,152,2,,True,candidate_occlusion
O07,default,153,1,,True,candidate_occlusion
O07,default,153,2,6,True,candidate_occlusion
O07,default,154,1,,True,candidate_occlusion
O07,default,154,2,,True,candidate_occlusion
O07,default,155,1,,True,candidate_occlusion
O07,default,155,2,,True,candidate_occlusion
O07,default,156,1,,True,candidate_occlusion
O07,default,156,2,,True,candidate_occlusion
O07,default,157,1,,True,candidate_occlusion
O07,default,157,2,,True,candidate_occlusion
O07,default,158,1,,True,candidate_occlusion
O07,default,158,2,,True,candidate_occlusion
O07,default,159,1,,True,candidate_occlusion
O07,default,159,2,,True,candidate_occlusion
O07,default,160,1,,True,candidate_occlusion
O07,default,160,2,,True,candidate_occlusion
O07,default,161,1,,True,candidate_occlusion
O07,default,161,2,,True,candidate_occlusion
O07,default,162,1,,True,candidate_occlusion
O07,default,162,2,,True,candidate_occlusion
O07,default,163,1,,True,candidate_occlusion
O07,default,163,2,,True,candidate_occlusion
O07,default,164,1,,True,candidate_occlusion
O07,default,164,2,,True,candidate_occlusion
O07,default,165,1,,True,candidate_occlusion
O07,default,165,2,6,True,candidate_occlusion
O07,default,166,1,,True,candidate_occlusion
O07,default,166,2,,True,candidate_occlusion
O07,default,167,1,,True,candidate_occlusion
O07,default,167,2,,True,candidate_occlusion
O07,default,168,1,,True,candidate_occlusion
O07,default,168,2,,True,candidate_occlusion
O07,default,169,1,,True,candidate_occlusion
O07,default,169,2,,True,candidate_occlusion
O07,default,170,1,,True,candidate_occlusion
O07,default,170,2,6,True,candidate_occlusion
O07,default,171,1,,True,candidate_occlusion
O07,default,171,2,,True,candidate_occlusion
O07,default,172,1,,True,candidate_occlusion
O07,default,172,2,,True,candidate_occlusion
O07,default,173,1,,True,candidate_occlusion
O07,default,173,2,,True,candidate_occlusion
O07,default,174,1,,True,candidate_occlusion
O07,default,174,2,,True,candidate_occlusion
O07,default,175,1,,True,candidate_occlusion
O07,default,175,2,,True,candidate_occlusion
O07,default,176,1,,True,candidate_occlusion
O07,default,176,2,,True,candidate_occlusion
O07,default,177,1,,True,candidate_occlusion
O07,default,177,2,,True,candidate_occlusion
O07,default,178,1,,True,candidate_occlusion
O07,default,178,2,,True,candidate_occlusion
O07,default,179,1,,True,candidate_occlusion
O07,default,179,2,,True,candidate_occlusion
O07,default,180,1,,True,candidate_occlusion
O07,default,180,2,,True,candidate_occlusion
O07,default,181,1,,True,candidate_occlusion
O07,default,181,2,,True,candidate_occlusion
O07,default,182,1,,True,candidate_occlusion
O07,default,182,2,,True,candidate_occlusion
O07,default,183,1,,True,candidate_occlusion
O07,default,183,2,,True,candidate_occlusion
O07,default,184,1,,True,candidate_occlusion
O07,default,184,2,,True,candidate_occlusion
O07,default,185,1,,True,candidate_occlusion
O07,default,185,2,,True,candidate_occlusion
O07,default,186,1,,True,candidate_occlusion
O07,default,186,2,,True,candidate_occlusion
O07,default,187,1,,True,candidate_occlusion
O07,default,187,2,,True,candidate_occlusion
O07,default,188,1,,True,candidate_occlusion
O07,default,188,2,,True,candidate_occlusion
O07,default,189,1,,True,candidate_occlusion
O07,default,189,2,,True,candidate_occlusion
O07,default,190,1,,True,candidate_occlusion
O07,default,190,2,,True,candidate_occlusion
O07,default,191,1,,True,candidate_occlusion
O07,default,191,2,,True,candidate_occlusion
O07,default,192,1,,False,
O07,default,192,2,,True,absent_or_warmup
O07,default,193,1,,False,
O07,default,193,2,,True,absent_or_warmup
O07,default,194,1,,False,
O07,default,194,2,,True,absent_or_warmup
O07,default,195,1,,False,
O07,default,195,2,,True,absent_or_warmup
O07,default,196,1,,False,
O07,default,196,2,,True,absent_or_warmup
O07,default,197,1,,False,
O07,default,197,2,,True,absent_or_warmup
O07,default,198,1,,False,
O07,default,198,2,,True,absent_or_warmup
O07,default,199,1,,False,
O07,default,199,2,,True,absent_or_warmup
O07,default,200,1,,False,
O07,default,200,2,,True,absent_or_warmup
O07,default,201,1,,False,
O07,default,201,2,,True,absent_or_warmup
O07,default,202,1,,True,absent_or_warmup
O07,default,202,2,,True,absent_or_warmup
O07,default,203,1,,True,absent_or_warmup
O07,default,203,2,,True,absent_or_warmup
O07,default,204,1,,True,absent_or_warmup
O07,default,204,2,,True,absent_or_warmup
O07,default,205,1,,True,absent_or_warmup
O07,default,205,2,,True,absent_or_warmup
O07,default,206,1,,True,absent_or_warmup
O07,default,206,2,,True,absent_or_warmup
O08,default,25,1,,False,
O08,default,25,2,,False,
O08,default,26,1,,False,
O08,default,26,2,,False,
O08,default,27,1,,False,
O08,default,27,2,,False,
O08,default,28,1,,False,
O08,default,28,2,,False,
O08,default,29,1,,False,
O08,default,29,2,,False,
O08,default,30,1,,False,
O08,default,30,2,,False,
O08,default,31,1,,False,
O08,default,31,2,,False,
O08,default,32,1,1,False,
O08,default,32,2,,False,
O08,default,33,1,1,False,
O08,default,33,2,,False,
O08,default,34,1,,False,
O08,default,34,2,,False,
O08,default,35,1,2,False,
O08,default,35,2,3,False,
O08,default,36,1,2,False,
O08,default,36,2,3,False,
O08,default,37,1,2,False,
O08,default,37,2,3,False,
O08,default,38,1,2,False,
O08,default,38,2,3,False,
O08,default,39,1,2,False,
O08,default,39,2,3,False,
O08,default,40,1,2,False,
O08,default,40,2,3,False,
O08,default,41,1,2,False,
O08,default,41,2,3,False,
O08,default,42,1,2,False,
O08,default,42,2,3,False,
O08,default,43,1,2,False,
O08,default,43,2,3,False,
O08,default,44,1,2,False,
O08,default,44,2,3,False,
O08,default,45,1,2,False,
O08,default,45,2,3,False,
O08,default,46,1,2,False,
O08,default,46,2,3,False,
O08,default,47,1,,False,
O08,default,47,2,3,False,
O08,default,48,1,,False,
O08,default,48,2,3,False,
O08,default,49,1,,False,
O08,default,49,2,3,False,
O08,default,50,1,,False,
O08,default,50,2,3,False,
O08,default,51,1,,False,
O08,default,51,2,3,False,
O08,default,52,1,,False,
O08,default,52,2,3,False,
O08,default,53,1,,False,
O08,default,53,2,3,False,
O08,default,54,1,,False,
O08,default,54,2,3,False,
O08,default,55,1,,False,
O08,default,55,2,3,False,
O08,default,56,1,,False,
O08,default,56,2,3,False,
O08,default,57,1,,False,
O08,default,57,2,3,False,
O08,default,58,1,,False,
O08,default,58,2,3,False,
O08,default,59,1,,False,
O08,default,59,2,3,False,
O08,default,60,1,,False,
O08,default,60,2,3,False,
O08,default,61,1,,True,candidate_occlusion
O08,default,61,2,3,True,candidate_occlusion
O08,default,62,1,,True,candidate_occlusion
O08,default,62,2,3,True,candidate_occlusion
O08,default,63,1,,True,candidate_occlusion
O08,default,63,2,3,True,candidate_occlusion
O08,default,64,1,,True,candidate_occlusion
O08,default,64,2,3,True,candidate_occlusion
O08,default,65,1,,True,candidate_occlusion
O08,default,65,2,3,True,candidate_occlusion
O08,default,66,1,3,True,candidate_occlusion
O08,default,66,2,,True,candidate_occlusion
O08,default,67,1,4,True,candidate_occlusion
O08,default,67,2,,True,candidate_occlusion
O08,default,68,1,,True,candidate_occlusion
O08,default,68,2,,True,candidate_occlusion
O08,default,69,1,,True,candidate_occlusion
O08,default,69,2,,True,candidate_occlusion
O08,default,70,1,,True,candidate_occlusion
O08,default,70,2,,True,candidate_occlusion
O08,default,71,1,,True,candidate_occlusion
O08,default,71,2,,True,candidate_occlusion
O08,default,72,1,,True,candidate_occlusion
O08,default,72,2,,True,candidate_occlusion
O08,default,73,1,,True,candidate_occlusion
O08,default,73,2,,True,candidate_occlusion
O08,default,74,1,,True,candidate_occlusion
O08,default,74,2,4,True,candidate_occlusion
O08,default,75,1,,True,candidate_occlusion
O08,default,75,2,4,True,candidate_occlusion
O08,default,76,1,,True,candidate_occlusion
O08,default,76,2,4,True,candidate_occlusion
O08,default,77,1,,True,candidate_occlusion
O08,default,77,2,4,True,candidate_occlusion
O08,default,78,1,,True,candidate_occlusion
O08,default,78,2,4,True,candidate_occlusion
O08,default,79,1,,True,candidate_occlusion
O08,default,79,2,4,True,candidate_occlusion
O08,default,80,1,,False,
O08,default,80,2,4,False,
O08,default,81,1,,False,
O08,default,81,2,4,False,
O08,default,82,1,,False,
O08,default,82,2,4,False,
O08,default,83,1,,False,
O08,default,83,2,4,False,
O08,default,84,1,,False,
O08,default,84,2,4,False,
O08,default,85,1,,False,
O08,default,85,2,4,False,
O08,default,86,1,,False,
O08,default,86,2,4,False,
O08,default,87,1,,False,
O08,default,87,2,,False,
O08,default,88,1,,False,
O08,default,88,2,,False,
O08,default,89,1,,False,
O08,default,89,2,7,False,
O08,default,90,1,,False,
O08,default,90,2,7,False,
O08,default,91,1,,False,
O08,default,91,2,7,False,
O08,default,92,1,,False,
O08,default,92,2,7,False,
O08,default,93,1,,False,
O08,default,93,2,7,False,
O08,default,94,1,,False,
O08,default,94,2,7,False,
O08,default,95,1,,False,
O08,default,95,2,7,False,
O08,default,96,1,,False,
O08,default,96,2,7,False,
O08,default,97,1,,False,
O08,default,97,2,7,False,
O08,default,98,1,,False,
O08,default,98,2,7,False,
O08,default,99,1,,False,
O08,default,99,2,7,False,
O08,default,100,1,,False,
O08,default,100,2,7,False,
O08,default,101,1,,False,
O08,default,101,2,7,False,
O08,default,102,1,,False,
O08,default,102,2,7,False,
O08,default,103,1,,False,
O08,default,103,2,7,False,
O08,default,104,1,,False,
O08,default,104,2,7,False,
O08,default,105,1,,False,
O08,default,105,2,7,False,
O08,default,106,1,,False,
O08,default,106,2,7,False,
O08,default,107,1,,False,
O08,default,107,2,7,False,
O08,default,108,1,,False,
O08,default,108,2,7,False,
O08,default,109,1,,False,
O08,default,109,2,7,False,
O08,default,110,1,,False,
O08,default,110,2,7,False,
O08,default,111,1,,False,
O08,default,111,2,7,False,
O08,default,112,1,,False,
O08,default,112,2,7,False,
O08,default,113,1,,False,
O08,default,113,2,7,False,
O08,default,114,1,,False,
O08,default,114,2,7,False,
O08,default,115,1,,False,
O08,default,115,2,7,False,
O08,default,116,1,,False,
O08,default,116,2,7,False,
O08,default,117,1,,False,
O08,default,117,2,7,False,
O08,default,118,1,,False,
O08,default,118,2,7,False,
O08,default,119,1,,False,
O08,default,119,2,7,False,
O08,default,120,1,,False,
O08,default,120,2,7,False,
O08,default,121,1,,False,
O08,default,121,2,7,False,
O08,default,122,1,,False,
O08,default,122,2,7,False,
O08,default,123,1,,False,
O08,default,123,2,7,False,
O08,default,124,1,,False,
O08,default,124,2,7,False,
O08,default,125,1,,False,
O08,default,125,2,7,False,
O08,default,126,1,,False,
O08,default,126,2,7,False,
O08,default,127,1,,False,
O08,default,127,2,7,False,
O08,default,128,1,,False,
O08,default,128,2,7,False,
O08,default,129,1,,False,
O08,default,129,2,7,False,
O08,default,130,1,,False,
O08,default,130,2,7,False,
O08,default,131,1,,False,
O08,default,131,2,7,False,
O08,default,132,1,,False,
O08,default,132,2,,False,
O08,default,133,1,,False,
O08,default,133,2,,False,
O08,default,134,1,,False,
O08,default,134,2,,True,absent_or_warmup
O08,default,135,1,,False,
O08,default,135,2,,True,absent_or_warmup
O08,default,136,1,,False,
O08,default,136,2,,True,absent_or_warmup
O08,default,137,1,,False,
O08,default,137,2,,True,absent_or_warmup
O08,default,138,1,,False,
O08,default,138,2,,True,absent_or_warmup
O08,default,139,1,,False,
O08,default,139,2,,True,absent_or_warmup
O08,default,140,1,,False,
O08,default,140,2,,True,absent_or_warmup
O08,default,141,1,,False,
O08,default,141,2,,True,absent_or_warmup
O08,default,142,1,12,False,
O08,default,142,2,,True,absent_or_warmup
O08,default,143,1,12,False,
O08,default,143,2,,True,absent_or_warmup
O08,default,144,1,12,False,
O08,default,144,2,,True,absent_or_warmup
O08,default,145,1,12,False,
O08,default,145,2,,True,absent_or_warmup
O08,default,146,1,12,False,
O08,default,146,2,,True,absent_or_warmup
O08,default,147,1,12,False,
O08,default,147,2,,True,absent_or_warmup
O08,default,148,1,12,False,
O08,default,148,2,,True,absent_or_warmup
O08,default,149,1,12,False,
O08,default,149,2,,True,absent_or_warmup
O09,default,25,2,1,False,
O09,default,25,3,,True,absent_or_warmup
O09,default,26,2,1,False,
O09,default,26,3,,True,absent_or_warmup
O09,default,27,2,1,False,
O09,default,27,3,,True,absent_or_warmup
O09,default,28,2,1,False,
O09,default,28,3,,True,absent_or_warmup
O09,default,29,2,1,False,
O09,default,29,3,,True,absent_or_warmup
O09,default,30,2,1,False,
O09,default,30,3,,True,absent_or_warmup
O09,default,31,2,1,False,
O09,default,31,3,,True,absent_or_warmup
O09,default,32,2,1,False,
O09,default,32,3,,True,absent_or_warmup
O09,default,33,2,1,False,
O09,default,33,3,,True,absent_or_warmup
O09,default,34,2,1,False,
O09,default,34,3,,True,absent_or_warmup
O09,default,35,2,1,False,
O09,default,35,3,,False,
O09,default,36,2,1,False,
O09,default,36,3,,False,
O09,default,37,2,1,False,
O09,default,37,3,,False,
O09,default,38,2,1,False,
O09,default,38,3,,False,
O09,default,39,2,1,False,
O09,default,39,3,4,False,
O09,default,40,2,1,False,
O09,default,40,3,4,False,
O09,default,41,2,1,False,
O09,default,41,3,4,False,
O09,default,42,2,1,False,
O09,default,42,3,4,False,
O09,default,43,2,1,False,
O09,default,43,3,4,False,
O09,default,44,2,1,False,
O09,default,44,3,4,False,
O09,default,45,2,1,False,
O09,default,45,3,4,False,
O09,default,46,2,1,False,
O09,default,46,3,4,False,
O09,default,47,2,1,False,
O09,default,47,3,4,False,
O09,default,48,2,1,False,
O09,default,48,3,4,False,
O09,default,49,2,1,False,
O09,default,49,3,4,False,
O09,default,50,2,1,False,
O09,default,50,3,4,False,
O09,default,51,2,1,False,
O09,default,51,3,4,False,
O09,default,52,2,1,False,
O09,default,52,3,4,False,
O09,default,53,2,1,False,
O09,default,53,3,4,False,
O09,default,54,2,4,False,
O09,default,54,3,,False,
O09,default,55,2,4,False,
O09,default,55,3,,False,
O09,default,56,2,4,False,
O09,default,56,3,,False,
O09,default,57,2,4,False,
O09,default,57,3,,False,
O09,default,58,2,4,False,
O09,default,58,3,,False,
O09,default,59,2,,True,candidate_occlusion
O09,default,59,3,4,True,candidate_occlusion
O09,default,60,2,,True,candidate_occlusion
O09,default,60,3,4,True,candidate_occlusion
O09,default,61,2,,True,candidate_occlusion
O09,default,61,3,4,True,candidate_occlusion
O09,default,62,2,,True,candidate_occlusion
O09,default,62,3,4,True,candidate_occlusion
O09,default,63,2,,True,candidate_occlusion
O09,default,63,3,4,True,candidate_occlusion
O09,default,64,2,,True,candidate_occlusion
O09,default,64,3,4,True,candidate_occlusion
O09,default,65,2,1,True,candidate_occlusion
O09,default,65,3,4,True,candidate_occlusion
O09,default,66,2,4,True,candidate_occlusion
O09,default,66,3,1,True,candidate_occlusion
O09,default,67,2,4,True,candidate_occlusion
O09,default,67,3,1,True,candidate_occlusion
O09,default,68,2,4,True,candidate_occlusion
O09,default,68,3,3,True,candidate_occlusion
O09,default,69,2,4,False,
O09,default,69,3,3,False,
O09,default,70,2,4,False,
O09,default,70,3,3,False,
O09,default,71,2,4,False,
O09,default,71,3,3,False,
O09,default,72,2,4,False,
O09,default,72,3,3,False,
O09,default,73,2,4,False,
O09,default,73,3,3,False,
O09,default,74,2,4,False,
O09,default,74,3,3,False,
O09,default,75,2,4,False,
O09,default,75,3,3,False,
O09,default,76,2,4,False,
O09,default,76,3,3,False,
O09,default,77,2,4,False,
O09,default,77,3,3,False,
O09,default,78,2,4,False,
O09,default,78,3,3,False,
O09,default,79,2,,False,
O09,default,79,3,3,False,
O09,default,80,2,,False,
O09,default,80,3,3,False,
O09,default,81,2,,False,
O09,default,81,3,3,False,
O09,default,82,2,,False,
O09,default,82,3,3,False,
O09,default,83,2,,False,
O09,default,83,3,3,False,
O09,default,84,2,,False,
O09,default,84,3,3,False,
O09,default,85,2,,False,
O09,default,85,3,3,False,
O09,default,86,2,,False,
O09,default,86,3,3,False,
O09,default,87,2,,False,
O09,default,87,3,3,False,
O09,default,88,2,,False,
O09,default,88,3,3,False,
O09,default,89,2,,False,
O09,default,89,3,3,False,
O09,default,90,2,,False,
O09,default,90,3,3,False,
O09,default,91,2,,False,
O09,default,91,3,3,False,
O09,default,92,2,,False,
O09,default,92,3,3,False,
O09,default,93,2,,False,
O09,default,93,3,3,False,
O09,default,94,2,,False,
O09,default,94,3,3,False,
O09,default,95,2,,False,
O09,default,95,3,3,False,
O09,default,96,2,,True,absent_or_warmup
O09,default,96,3,3,False,
O09,default,97,2,,True,absent_or_warmup
O09,default,97,3,3,False,
O09,default,98,2,,True,absent_or_warmup
O09,default,98,3,3,False,
O09,default,99,2,,True,absent_or_warmup
O09,default,99,3,3,False,
O09,default,100,2,,True,absent_or_warmup
O09,default,100,3,3,False,
O09,default,101,2,,True,absent_or_warmup
O09,default,101,3,8,False,
O09,default,102,2,,True,absent_or_warmup
O09,default,102,3,8,False,
O09,default,103,2,,True,absent_or_warmup
O09,default,103,3,8,False,
O09,default,104,2,,True,absent_or_warmup
O09,default,104,3,8,False,
O09,default,105,2,,True,absent_or_warmup
O09,default,105,3,8,False,
O09,default,106,2,,True,absent_or_warmup
O09,default,106,3,8,False,
O09,default,107,2,,True,absent_or_warmup
O09,default,107,3,8,False,
O09,default,108,2,,True,absent_or_warmup
O09,default,108,3,8,False,
O09,default,109,2,,True,absent_or_warmup
O09,default,109,3,8,False,
O09,default,110,2,,True,absent_or_warmup
O09,default,110,3,3,False,
O09,default,111,2,,True,absent_or_warmup
O09,default,111,3,3,False,
O09,default,112,2,,True,absent_or_warmup
O09,default,112,3,3,False,
O09,default,113,2,,True,absent_or_warmup
O09,default,113,3,3,False,
O09,default,114,2,,True,absent_or_warmup
O09,default,114,3,9,False,
O09,default,115,2,,True,absent_or_warmup
O09,default,115,3,9,False,
O09,default,116,2,,True,absent_or_warmup
O09,default,116,3,9,False,
O09,default,117,2,,True,absent_or_warmup
O09,default,117,3,9,False,
O09,default,118,2,,True,absent_or_warmup
O09,default,118,3,9,False,
O09,default,119,2,,True,absent_or_warmup
O09,default,119,3,9,False,
O09,default,120,2,,True,absent_or_warmup
O09,default,120,3,9,False,
O09,default,121,2,,True,absent_or_warmup
O09,default,121,3,9,False,
O09,default,122,2,,True,absent_or_warmup
O09,default,122,3,9,False,
O09,default,123,2,,True,absent_or_warmup
O09,default,123,3,9,False,
O09,default,124,2,,True,absent_or_warmup
O09,default,124,3,9,False,
O09,default,125,2,,True,absent_or_warmup
O09,default,125,3,9,False,
O09,default,126,2,,True,absent_or_warmup
O09,default,126,3,9,False,
O09,default,127,2,,True,absent_or_warmup
O09,default,127,3,9,False,
O09,default,128,2,,True,absent_or_warmup
O09,default,128,3,9,False,
O09,default,129,2,,True,absent_or_warmup
O09,default,129,3,9,False,
O09,default,130,2,,True,absent_or_warmup
O09,default,130,3,9,False,
O09,default,131,2,,True,absent_or_warmup
O09,default,131,3,9,False,
O09,default,132,2,,True,absent_or_warmup
O09,default,132,3,9,False,
O09,default,133,2,,True,absent_or_warmup
O09,default,133,3,9,False,
O09,default,134,2,,True,absent_or_warmup
O09,default,134,3,9,False,
O09,default,135,2,,True,absent_or_warmup
O09,default,135,3,9,False,
O09,default,136,2,,True,absent_or_warmup
O09,default,136,3,9,False,
O09,default,137,2,,True,absent_or_warmup
O09,default,137,3,,False,
O09,default,138,2,,True,absent_or_warmup
O09,default,138,3,10,False,
O09,default,139,2,,True,absent_or_warmup
O09,default,139,3,10,False,
O09,default,140,2,,True,absent_or_warmup
O09,default,140,3,10,False,
O09,default,141,2,,True,absent_or_warmup
O09,default,141,3,10,False,
O09,default,142,2,,True,absent_or_warmup
O09,default,142,3,10,False,
O09,default,143,2,,True,absent_or_warmup
O09,default,143,3,,False,
O09,default,144,2,,True,absent_or_warmup
O09,default,144,3,9,False,
O09,default,145,2,,True,absent_or_warmup
O09,default,145,3,11,False,
O09,default,146,2,,True,absent_or_warmup
O09,default,146,3,11,False,
O09,default,147,2,,True,absent_or_warmup
O09,default,147,3,11,False,
O09,default,148,2,,True,absent_or_warmup
O09,default,148,3,11,False,
O09,default,149,2,,True,absent_or_warmup
O09,default,149,3,11,False,
O10,default,590,1,19,False,
O10,default,590,2,,False,
O10,default,591,1,19,False,
O10,default,591,2,,False,
O10,default,592,1,19,False,
O10,default,592,2,,False,
O10,default,593,1,19,False,
O10,default,593,2,,False,
O10,default,594,1,19,False,
O10,default,594,2,,False,
O10,default,595,1,19,False,
O10,default,595,2,,False,
O10,default,596,1,19,False,
O10,default,596,2,,False,
O10,default,597,1,19,False,
O10,default,597,2,,False,
O10,default,598,1,19,False,
O10,default,598,2,,False,
O10,default,599,1,19,False,
O10,default,599,2,,False,
O10,default,600,1,19,False,
O10,default,600,2,,False,
O10,default,601,1,19,False,
O10,default,601,2,,False,
O10,default,602,1,19,False,
O10,default,602,2,,False,
O10,default,603,1,19,False,
O10,default,603,2,,False,
O10,default,604,1,19,False,
O10,default,604,2,,False,
O10,default,605,1,,False,
O10,default,605,2,,False,
O10,default,606,1,,False,
O10,default,606,2,,False,
O10,default,607,1,,False,
O10,default,607,2,,False,
O10,default,608,1,,False,
O10,default,608,2,,False,
O10,default,609,1,,False,
O10,default,609,2,,False,
O10,default,610,1,,False,
O10,default,610,2,,False,
O10,default,611,1,,False,
O10,default,611,2,,False,
O10,default,612,1,,False,
O10,default,612,2,,False,
O10,default,613,1,,False,
O10,default,613,2,,False,
O10,default,614,1,,False,
O10,default,614,2,,False,
O10,default,615,1,,False,
O10,default,615,2,,False,
O10,default,616,1,,False,
O10,default,616,2,,False,
O10,default,617,1,,False,
O10,default,617,2,,False,
O10,default,618,1,,False,
O10,default,618,2,,False,
O10,default,619,1,,False,
O10,default,619,2,,False,
O10,default,620,1,,False,
O10,default,620,2,,False,
O10,default,621,1,,False,
O10,default,621,2,,False,
O10,default,622,1,,False,
O10,default,622,2,,False,
O10,default,623,1,,False,
O10,default,623,2,,False,
O10,default,624,1,,False,
O10,default,624,2,,False,
O10,default,625,1,,False,
O10,default,625,2,,False,
O10,default,626,1,,False,
O10,default,626,2,,False,
O10,default,627,1,,False,
O10,default,627,2,,False,
O10,default,628,1,,False,
O10,default,628,2,,False,
O10,default,629,1,,False,
O10,default,629,2,,False,
O10,default,630,1,,False,
O10,default,630,2,,False,
O10,default,631,1,25,False,
O10,default,631,2,,False,
O10,default,632,1,25,False,
O10,default,632,2,,False,
O10,default,633,1,,False,
O10,default,633,2,,False,
O10,default,634,1,,False,
O10,default,634,2,,False,
O10,default,635,1,,False,
O10,default,635,2,,False,
O10,default,636,1,,False,
O10,default,636,2,,False,
O10,default,637,1,,False,
O10,default,637,2,,False,
O10,default,638,1,,False,
O10,default,638,2,,False,
O10,default,639,1,,False,
O10,default,639,2,,False,
O10,default,640,1,,False,
O10,default,640,2,,False,
O10,default,641,1,,False,
O10,default,641,2,25,False,
O10,default,642,1,,False,
O10,default,642,2,25,False,
O10,default,643,1,,False,
O10,default,643,2,25,False,
O10,default,644,1,,False,
O10,default,644,2,25,False,
O10,default,645,1,,False,
O10,default,645,2,25,False,
O10,default,646,1,,False,
O10,default,646,2,25,False,
O10,default,647,1,,False,
O10,default,647,2,,False,
O10,default,648,1,,False,
O10,default,648,2,,False,
O10,default,649,1,,False,
O10,default,649,2,,False,
O10,default,650,1,,False,
O10,default,650,2,,False,
O10,default,651,1,,False,
O10,default,651,2,,False,
O10,default,652,1,,False,
O10,default,652,2,,False,
O10,default,653,1,,False,
O10,default,653,2,,False,
O10,default,654,1,,False,
O10,default,654,2,,False,
O10,default,655,1,,False,
O10,default,655,2,,False,
O10,default,656,1,,False,
O10,default,656,2,,False,
O10,default,657,1,,False,
O10,default,657,2,,False,
O10,default,658,1,,False,
O10,default,658,2,,False,
O10,default,659,1,,False,
O10,default,659,2,,False,
O10,default,660,1,,False,
O10,default,660,2,,False,
O10,default,661,1,,False,
O10,default,661,2,,False,
O10,default,662,1,,False,
O10,default,662,2,,False,
O10,default,663,1,,False,
O10,default,663,2,,False,
O10,default,664,1,,False,
O10,default,664,2,,False,
O10,default,665,1,,False,
O10,default,665,2,,False,
O10,default,666,1,,False,
O10,default,666,2,,False,
O10,default,667,1,,False,
O10,default,667,2,,False,
O10,default,668,1,,False,
O10,default,668,2,,False,
O10,default,669,1,,False,
O10,default,669,2,,False,
O10,default,670,1,,False,
O10,default,670,2,,False,
O10,default,671,1,,False,
O10,default,671,2,,False,
O10,default,672,1,,False,
O10,default,672,2,,False,
O10,default,673,1,,False,
O10,default,673,2,,False,
O10,default,674,1,,False,
O10,default,674,2,,False,
O10,default,675,1,,False,
O10,default,675,2,,False,
O10,default,676,1,,False,
O10,default,676,2,,False,
O10,default,677,1,,False,
O10,default,677,2,,False,
O10,default,678,1,29,False,
O10,default,678,2,,False,
O10,default,679,1,,False,
O10,default,679,2,,False,
O10,default,680,1,,False,
O10,default,680,2,,False,
O10,default,681,1,,False,
O10,default,681,2,,False,
O10,default,682,1,,False,
O10,default,682,2,,False,
O10,default,683,1,,False,
O10,default,683,2,,False,
O10,default,684,1,,False,
O10,default,684,2,,False,
O10,default,685,1,,False,
O10,default,685,2,,False,
O10,default,686,1,,False,
O10,default,686,2,,False,
O10,default,687,1,,False,
O10,default,687,2,,False,
O10,default,688,1,,False,
O10,default,688,2,,False,
O10,default,689,1,,False,
O10,default,689,2,,False,
O10,default,690,1,,False,
O10,default,690,2,,False,
S01,default,95,0,1,False,
S01,default,96,0,1,False,
S01,default,97,0,1,False,
S01,default,98,0,1,False,
S01,default,99,0,1,False,
S01,default,100,0,1,False,
S01,default,101,0,,False,
S01,default,102,0,1,False,
S01,default,103,0,1,False,
S01,default,104,0,,False,
S01,default,105,0,,False,
S01,default,106,0,,False,
S01,default,107,0,,False,
S01,default,108,0,,False,
S01,default,109,0,,False,
S01,default,110,0,,False,
S01,default,111,0,,False,
S01,default,112,0,,False,
S01,default,113,0,,False,
S01,default,114,0,,False,
S01,default,115,0,,False,
S01,default,116,0,,False,
S01,default,117,0,,False,
S01,default,118,0,,False,
S01,default,119,0,,False,
S01,default,120,0,,False,
S02,default,355,1,,False,
S02,default,356,1,,False,
S02,default,357,1,,False,
S02,default,358,1,,False,
S02,default,359,1,,False,
S02,default,360,1,,False,
S02,default,361,1,,False,
S02,default,362,1,,False,
S02,default,363,1,,False,
S02,default,364,1,,False,
S02,default,365,1,,False,
S02,default,366,1,,False,
S02,default,367,1,,False,
S02,default,368,1,,False,
S02,default,369,1,,False,
S02,default,370,1,,False,
S02,default,371,1,,False,
S02,default,372,1,,False,
S02,default,373,1,,False,
S02,default,374,1,,False,
S02,default,375,1,,False,
S02,default,376,1,,False,
S02,default,377,1,,False,
S02,default,378,1,,False,
S02,default,379,1,,False,
S02,default,380,1,,False,
S02,default,381,1,,False,
S02,default,382,1,,False,
S02,default,383,1,,False,
S02,default,384,1,,False,
S02,default,385,1,,False,
S02,default,386,1,,False,
S02,default,387,1,,False,
S02,default,388,1,,False,
S02,default,389,1,,False,
S02,default,390,1,,False,
S03,default,159,1,1,False,
S03,default,160,1,1,False,
S03,default,161,1,1,False,
S03,default,162,1,1,False,
S03,default,163,1,1,False,
S03,default,164,1,1,False,
S03,default,165,1,1,False,
S03,default,166,1,1,False,
S03,default,167,1,1,False,
S03,default,168,1,8,False,
S03,default,169,1,8,False,
S03,default,170,1,,False,
S03,default,171,1,8,False,
S03,default,172,1,8,False,
S03,default,173,1,8,False,
S03,default,174,1,8,False,
S03,default,175,1,8,False,
S03,default,176,1,8,False,
S03,default,177,1,8,False,
S03,default,178,1,,False,
S03,default,179,1,,False,
S03,default,180,1,,False,
S03,default,181,1,,False,
S03,default,182,1,,False,
S03,default,183,1,,False,
S03,default,184,1,,False,
S03,default,185,1,,False,
S03,default,186,1,,False,
S03,default,187,1,,False,
S03,default,188,1,,False,
S03,default,189,1,,False,
S03,default,190,1,,False,
S03,default,191,1,,False,
S03,default,192,1,,False,
S03,default,193,1,,False,
S03,default,194,1,,False,
S03,default,195,1,,False,
S03,default,196,1,,False,
S03,default,197,1,,False,
S03,default,198,1,,False,
S03,default,199,1,,False,
S03,default,200,1,,False,
S03,default,201,1,,False,
S03,default,202,1,,False,
S03,default,203,1,,False,
S03,default,204,1,,False,
S03,default,205,1,,False,
S03,default,206,1,,False,
S03,default,207,1,,False,
S03,default,208,1,,False,
S03,default,209,1,,False,
S03,default,210,1,,False,
S03,default,211,1,,False,
S03,default,212,1,,False,
S03,default,213,1,,False,
S03,default,214,1,,False,
S03,default,215,1,,False,
S03,default,216,1,,False,
S03,default,217,1,,False,
S03,default,218,1,,False,
S03,default,219,1,,False,
S03,default,220,1,,False,
S03,default,221,1,,False,
S03,default,222,1,,False,
S03,default,223,1,,False,
S03,default,224,1,,False,
S03,default,225,1,,False,
S03,default,226,1,,False,
S03,default,227,1,,False,
S03,default,228,1,,False,
S03,default,229,1,,False,
S03,default,230,1,,False,
S03,default,231,1,,False,
S03,default,232,1,,False,
S03,default,233,1,,False,
S03,default,234,1,,False,
S03,default,235,1,,False,
S03,default,236,1,,False,
S03,default,237,1,,False,
S03,default,238,1,,False,
S03,default,239,1,,False,
S03,default,240,1,,False,
S03,default,241,1,,False,
S03,default,242,1,,False,
S03,default,243,1,,False,
S03,default,244,1,,False,
S03,default,245,1,,False,
S03,default,246,1,,False,
S03,default,247,1,,False,
S03,default,248,1,,False,
S03,default,249,1,,False,
S03,default,250,1,,False,
S03,default,251,1,,False,
S03,default,252,1,,False,
S03,default,253,1,,False,
S03,default,254,1,,False,
S03,default,255,1,,False,
S03,default,256,1,,False,
S03,default,257,1,,False,
S03,default,258,1,,False,
S03,default,259,1,,False,
S03,default,260,1,,False,
S03,default,261,1,,False,
S03,default,262,1,,False,
S03,default,263,1,,False,
S03,default,264,1,,False,
S03,default,265,1,,False,
S03,default,266,1,,False,
S03,default,267,1,,False,
S03,default,268,1,,False,
S03,default,269,1,,False,
S03,default,270,1,,False,
S03,default,271,1,9,False,
S03,default,272,1,9,False,
S03,default,273,1,9,False,
S04,default,123,1,2,False,
S04,default,124,1,2,False,
S04,default,125,1,2,False,
S04,default,126,1,6,False,
S04,default,127,1,6,False,
S04,default,128,1,,False,
S04,default,129,1,,False,
S04,default,130,1,,False,
S04,default,131,1,,False,
S04,default,132,1,,False,
S04,default,133,1,,False,
S05,default,177,1,14,False,
S05,default,178,1,,False,
S05,default,179,1,,False,
S05,default,180,1,,False,
S05,default,181,1,,False,
S05,default,182,1,28,False,
S05,default,183,1,28,False,
S05,default,184,1,,False,
S05,default,185,1,,False,
S05,default,186,1,,False,
S05,default,187,1,,False,
S05,default,188,1,14,False,
S05,default,189,1,28,False,
S05,default,190,1,31,False,
S05,default,191,1,28,False,
S05,default,192,1,,False,
S05,default,193,1,,False,
S05,default,194,1,,False,
S05,default,195,1,,False,
S05,default,196,1,14,False,
S05,default,197,1,14,False,
S05,default,198,1,14,False,
S05,default,199,1,14,False,
S05,default,200,1,14,False,
S05,default,201,1,14,False,
S05,default,202,1,14,False,
S05,default,203,1,14,False,
S05,default,204,1,14,False,
S05,default,205,1,14,False,
S05,default,206,1,14,False,
S05,default,207,1,14,False,
S05,default,208,1,14,False,
S05,default,209,1,14,False,
S05,default,210,1,14,False,
S05,default,211,1,14,False,
S05,default,212,1,32,False,
S05,default,213,1,14,False,
S05,default,214,1,14,False,
S05,default,215,1,35,False,
S05,default,216,1,,False,
S05,default,217,1,,False,
S05,default,218,1,,False,
S05,default,219,1,43,False,
S05,default,220,1,,False,
S05,default,221,1,,False,
S05,default,222,1,,False,
S05,default,223,1,,False,
S05,default,224,1,,False,
S05,default,225,1,33,False,
S05,default,226,1,33,False,
S05,default,227,1,,False,
S05,default,228,1,,False,
S05,default,229,1,,False,
S05,default,230,1,,False,
S05,default,231,1,,False,
S05,default,232,1,33,False,
S05,default,233,1,,False,
S05,default,234,1,,False,
S05,default,235,1,,False,
S05,default,236,1,,False,
S05,default,237,1,,False,
S05,default,238,1,,False,
S05,default,239,1,,False,
S05,default,240,1,,False,
S05,default,241,1,,False,
S05,default,242,1,33,False,
S05,default,243,1,33,False,
S05,default,244,1,33,False,
S05,default,245,1,33,False,
S05,default,246,1,33,False,
S05,default,247,1,33,False,
S05,default,248,1,33,False,
S05,default,249,1,33,False,
S05,default,250,1,33,False,
S05,default,251,1,33,False,
S05,default,252,1,33,False,
S05,default,253,1,33,False,
S05,default,254,1,33,False,
S05,default,255,1,33,False,
S05,default,256,1,33,False,
L01,default,119,1,2,False,
L01,default,120,1,2,False,
L01,default,121,1,2,False,
L01,default,122,1,2,False,
L01,default,123,1,2,False,
L01,default,124,1,2,False,
L01,default,125,1,2,False,
L01,default,126,1,6,False,
L01,default,127,1,6,False,
L01,default,128,1,,False,
L01,default,129,1,,False,
L01,default,130,1,,False,
L01,default,131,1,,False,
L01,default,132,1,,False,
L01,default,133,1,,False,
L01,default,134,1,,False,
L01,default,135,1,,False,
L01,default,136,1,,False,
L01,default,137,1,,False,
L01,default,138,1,2,False,
L01,default,139,1,2,False,
L01,default,140,1,2,False,
L01,default,141,1,2,False,
L01,default,142,1,2,False,
L01,default,143,1,2,False,
L01,default,144,1,19,False,
L01,default,145,1,19,False,
L01,default,146,1,19,False,
L01,default,147,1,19,False,
L01,default,148,1,19,False,
L01,default,149,1,19,False,
L01,default,150,1,19,False,
L01,default,151,1,19,False,
L01,default,152,1,19,False,
L01,default,153,1,25,False,
L01,default,154,1,25,False,
L01,default,155,1,25,False,
L01,default,156,1,25,False,
L01,default,157,1,25,False,
L01,default,158,1,25,False,
L01,default,159,1,25,False,
L01,default,160,1,25,False,
L01,default,161,1,25,False,
L01,default,162,1,25,False,
L01,default,163,1,25,False,
L01,default,164,1,25,False,
L01,default,165,1,25,False,
L01,default,166,1,25,False,
L01,default,167,1,25,False,
L01,default,168,1,25,False,
L01,default,169,1,25,False,
L01,default,170,1,25,False,
L01,default,171,1,25,False,
L01,default,172,1,25,False,
L01,default,173,1,25,False,
L01,default,174,1,25,False,
L02,default,204,1,14,False,
L02,default,205,1,14,False,
L02,default,206,1,14,False,
L02,default,207,1,14,False,
L02,default,208,1,14,False,
L02,default,209,1,14,False,
L02,default,210,1,14,False,
L02,default,211,1,14,False,
L02,default,212,1,32,False,
L02,default,213,1,14,False,
L02,default,214,1,14,False,
L02,default,215,1,35,False,
L02,default,216,1,,False,
L02,default,217,1,,False,
L02,default,218,1,,False,
L02,default,219,1,43,False,
L02,default,220,1,,False,
L02,default,221,1,,False,
L02,default,222,1,,False,
L02,default,223,1,,False,
L02,default,224,1,,False,
L02,default,225,1,33,False,
L02,default,226,1,33,False,
L02,default,227,1,,False,
L02,default,228,1,,False,
L02,default,229,1,,False,
L02,default,230,1,,False,
L02,default,231,1,,False,
L02,default,232,1,33,False,
L02,default,233,1,,False,
L02,default,234,1,,False,
L02,default,235,1,,False,
L02,default,236,1,,False,
L02,default,237,1,,False,
L02,default,238,1,,False,
L02,default,239,1,,False,
L02,default,240,1,,False,
L02,default,241,1,,False,
L02,default,242,1,33,False,
L02,default,243,1,33,False,
L02,default,244,1,33,False,
L02,default,245,1,33,False,
L02,default,246,1,33,False,
L02,default,247,1,33,False,
L02,default,248,1,33,False,
L02,default,249,1,33,False,
L03,default,800,1,,False,
L03,default,801,1,,False,
L03,default,802,1,,False,
L03,default,803,1,,False,
L03,default,804,1,,False,
L03,default,805,1,,False,
L03,default,806,1,,False,
L03,default,807,1,,False,
L03,default,808,1,2,False,
L03,default,809,1,2,False,
L03,default,810,1,2,False,
L03,default,811,1,2,False,
L03,default,812,1,,False,
L03,default,813,1,,False,
L03,default,814,1,,False,
L03,default,815,1,,False,
L03,default,816,1,,False,
L03,default,817,1,,False,
L03,default,818,1,,False,
L03,default,819,1,2,False,
L03,default,820,1,2,False,
L03,default,821,1,2,False,
L03,default,822,1,2,False,
L03,default,823,1,2,False,
L03,default,824,1,9,False,
L03,default,825,1,,False,
L03,default,826,1,,False,
L04,default,1851,1,,False,
L04,default,1852,1,,False,
L04,default,1853,1,,False,
L04,default,1854,1,,False,
L04,default,1855,1,,False,
L04,default,1856,1,,False,
L04,default,1857,1,,False,
L04,default,1858,1,,False,
L04,default,1859,1,,False,
L04,default,1860,1,,False,
L04,default,1861,1,,False,
L04,default,1862,1,,False,
L04,default,1863,1,13,False,
L04,default,1864,1,13,False,
L04,default,1865,1,14,False,
L04,default,1866,1,14,False,
L04,default,1867,1,14,False,
L04,default,1868,1,14,False,
L04,default,1869,1,14,False,
L04,default,1870,1,19,False,
L04,default,1871,1,19,False,
L04,default,1872,1,14,False,
L04,default,1873,1,,False,
L04,default,1874,1,19,False,
L04,default,1875,1,19,False,
L04,default,1876,1,19,False,
L04,default,1877,1,19,False,
L04,default,1878,1,,False,
L04,default,1879,1,,False,
L04,default,1880,1,,False,
L04,default,1881,1,,False,
L04,default,1882,1,,False,
L04,default,1883,1,,False,
L04,default,1884,1,,False,
L04,default,1885,1,,False,
L04,default,1886,1,,False,
L04,default,1887,1,,False,
L04,default,1888,1,,False,
L04,default,1889,1,,False,
L04,default,1890,1,,False,
L04,default,1891,1,,False,
L04,default,1892,1,,False,
L04,default,1893,1,,False,
L04,default,1894,1,,False,
L04,default,1895,1,,False,
L04,default,1896,1,,False,
L04,default,1897,1,,False,
L04,default,1898,1,,False,
L04,default,1899,1,,False,
L04,default,1900,1,,False,
L04,default,1901,1,,False,
L04,default,1902,1,,False,
L04,default,1903,1,,False,
L04,default,1904,1,,False,
L04,default,1905,1,,False,
L04,default,1906,1,,False,
L04,default,1907,1,,False,
L04,default,1908,1,,False,
L04,default,1909,1,,False,
L04,default,1910,1,,False,
L05,default,2160,1,24,False,
L05,default,2161,1,25,False,
L05,default,2162,1,25,False,
L05,default,2163,1,25,False,
L05,default,2164,1,25,False,
L05,default,2165,1,25,False,
L05,default,2166,1,25,False,
L05,default,2167,1,25,False,
L05,default,2168,1,25,False,
L05,default,2169,1,25,False,
L05,default,2170,1,25,False,
L05,default,2171,1,25,False,
L05,default,2172,1,24,False,
L05,default,2173,1,,False,
L05,default,2174,1,24,False,
L05,default,2175,1,24,False,
L05,default,2176,1,24,False,
L05,default,2177,1,,False,
L05,default,2178,1,,False,
L05,default,2179,1,,False,
L05,default,2180,1,30,False,
L05,default,2181,1,30,False,
L05,default,2182,1,30,False,
L05,default,2183,1,30,False,
L05,default,2184,1,30,False,
L05,default,2185,1,30,False,
L05,default,2186,1,30,False,
L05,default,2187,1,30,False,
L05,default,2188,1,,False,
L05,default,2189,1,,False,
L05,default,2190,1,,False,
L05,default,2191,1,,False,
L05,default,2192,1,,False,
M01,distance_80,89,1,1,False,
M01,distance_80,90,1,1,False,
M01,distance_80,91,1,1,False,
M01,distance_80,92,1,1,False,
M01,distance_80,93,1,1,False,
M01,distance_80,94,1,1,False,
M01,distance_80,95,1,1,False,
M01,distance_80,96,1,1,False,
M01,distance_80,97,1,1,False,
M01,distance_80,98,1,1,False,
M01,distance_80,99,1,1,False,
M01,distance_80,100,1,1,False,
M01,distance_80,101,1,1,False,
M01,distance_80,102,1,1,False,
M01,distance_80,103,1,1,False,
M01,distance_80,104,1,1,False,
M01,distance_80,105,1,1,False,
M01,distance_80,106,1,1,False,
M01,distance_80,107,1,1,False,
M01,distance_80,108,1,1,False,
M01,distance_80,109,1,1,False,
M01,distance_80,110,1,1,False,
M01,distance_80,111,1,1,False,
M01,distance_80,112,1,1,False,
M01,distance_80,113,1,1,False,
M01,distance_80,114,1,1,False,
M01,distance_80,115,1,1,False,
M01,distance_80,116,1,1,False,
M01,distance_80,117,1,1,False,
M01,distance_80,118,1,1,False,
M01,distance_80,119,1,1,False,
M01,distance_80,120,1,1,False,
M01,distance_80,121,1,1,False,
M01,distance_80,122,1,1,False,
M01,distance_80,123,1,1,False,
M01,distance_80,124,1,1,False,
M01,distance_80,125,1,1,False,
M01,distance_80,126,1,1,False,
M01,distance_80,127,1,1,False,
M01,distance_80,128,1,1,False,
M01,distance_80,129,1,1,False,
M01,distance_80,130,1,1,False,
M01,distance_80,131,1,1,False,
M01,distance_80,132,1,1,False,
M01,distance_80,133,1,1,False,
M01,distance_80,134,1,1,False,
M01,distance_80,135,1,1,False,
M01,distance_80,136,1,1,False,
M01,distance_80,137,1,1,False,
M01,distance_80,138,1,1,False,
M01,distance_80,139,1,1,False,
M01,distance_80,140,1,1,False,
M01,distance_80,141,1,1,False,
M01,distance_80,142,1,1,False,
M01,distance_80,143,1,1,False,
M01,distance_80,144,1,1,False,
M01,distance_80,145,1,1,False,
M01,distance_80,146,1,1,False,
M01,distance_80,147,1,1,False,
M01,distance_80,148,1,1,False,
M01,distance_80,149,1,1,False,
M02,distance_80,139,1,13,False,
M02,distance_80,140,1,13,False,
M02,distance_80,141,1,13,False,
M02,distance_80,142,1,13,False,
M02,distance_80,143,1,13,False,
M02,distance_80,144,1,9,False,
M02,distance_80,145,1,9,False,
M02,distance_80,146,1,9,False,
M02,distance_80,147,1,9,False,
M02,distance_80,148,1,9,False,
M02,distance_80,149,1,9,False,
M02,distance_80,150,1,9,False,
M02,distance_80,151,1,9,False,
M02,distance_80,152,1,9,False,
M02,distance_80,153,1,9,False,
M02,distance_80,154,1,9,False,
M02,distance_80,155,1,9,False,
M02,distance_80,156,1,9,False,
M02,distance_80,157,1,9,False,
M02,distance_80,158,1,9,False,
M02,distance_80,159,1,9,False,
M02,distance_80,160,1,9,False,
M02,distance_80,161,1,9,False,
M02,distance_80,162,1,9,False,
M02,distance_80,163,1,9,False,
M02,distance_80,164,1,9,False,
M02,distance_80,165,1,9,False,
M02,distance_80,166,1,9,False,
M02,distance_80,167,1,9,False,
M02,distance_80,168,1,9,False,
M02,distance_80,169,1,9,False,
M02,distance_80,170,1,9,False,
M02,distance_80,171,1,9,False,
M02,distance_80,172,1,9,False,
M02,distance_80,173,1,9,False,
M02,distance_80,174,1,9,False,
M02,distance_80,175,1,9,False,
M02,distance_80,176,1,9,False,
M02,distance_80,177,1,9,False,
M02,distance_80,178,1,9,False,
M02,distance_80,179,1,9,False,
M02,distance_80,180,1,9,False,
M02,distance_80,181,1,9,False,
M02,distance_80,182,1,9,False,
M02,distance_80,183,1,9,False,
M02,distance_80,184,1,9,False,
M02,distance_80,185,1,9,False,
M02,distance_80,186,1,9,False,
M02,distance_80,187,1,9,False,
M02,distance_80,188,1,9,False,
M02,distance_80,189,1,9,False,
M03,distance_80,79,1,3,False,
M03,distance_80,80,1,3,False,
M03,distance_80,81,1,3,False,
M03,distance_80,82,1,3,False,
M03,distance_80,83,1,3,False,
M03,distance_80,84,1,6,False,
M03,distance_80,85,1,6,False,
M03,distance_80,86,1,6,False,
M03,distance_80,87,1,6,False,
M03,distance_80,88,1,6,False,
M03,distance_80,89,1,6,False,
M03,distance_80,90,1,6,False,
M03,distance_80,91,1,6,False,
M03,distance_80,92,1,6,False,
M03,distance_80,93,1,6,False,
M03,distance_80,94,1,6,False,
M03,distance_80,95,1,6,False,
M03,distance_80,96,1,6,False,
M03,distance_80,97,1,6,False,
M03,distance_80,98,1,6,False,
M03,distance_80,99,1,6,False,
M03,distance_80,100,1,6,False,
M03,distance_80,101,1,6,False,
M03,distance_80,102,1,6,False,
M03,distance_80,103,1,20,False,
M03,distance_80,104,1,20,False,
M03,distance_80,105,1,20,False,
M03,distance_80,106,1,20,False,
M03,distance_80,107,1,20,False,
M03,distance_80,108,1,20,False,
M03,distance_80,109,1,20,False,
M03,distance_80,110,1,18,False,
M03,distance_80,111,1,18,False,
M03,distance_80,112,1,18,False,
M03,distance_80,113,1,18,False,
M03,distance_80,114,1,18,False,
M03,distance_80,115,1,18,False,
M03,distance_80,116,1,18,False,
M03,distance_80,117,1,18,False,
M03,distance_80,118,1,18,False,
M03,distance_80,119,1,18,False,
M03,distance_80,120,1,18,False,
M03,distance_80,121,1,18,False,
M03,distance_80,122,1,18,False,
M03,distance_80,123,1,18,False,
M03,distance_80,124,1,18,False,
M03,distance_80,125,1,18,False,
M03,distance_80,126,1,18,False,
M03,distance_80,127,1,18,False,
M03,distance_80,128,1,18,False,
M03,distance_80,129,1,18,False,
M03,distance_80,130,1,18,False,
M03,distance_80,131,1,18,False,
M03,distance_80,132,1,18,False,
M03,distance_80,133,1,18,False,
M03,distance_80,134,1,18,False,
M03,distance_80,135,1,18,False,
M03,distance_80,136,1,18,False,
M03,distance_80,137,1,18,False,
M03,distance_80,138,1,18,False,
M03,distance_80,139,1,18,False,
M03,distance_80,140,1,18,False,
M03,distance_80,141,1,18,False,
M03,distance_80,142,1,18,False,
M03,distance_80,143,1,18,False,
M03,distance_80,144,1,18,False,
M03,distance_80,145,1,18,False,
M03,distance_80,146,1,18,False,
M03,distance_80,147,1,18,False,
M03,distance_80,148,1,18,False,
M03,distance_80,149,1,18,False,
M03,distance_80,150,1,18,False,
M03,distance_80,151,1,18,False,
M03,distance_80,152,1,18,False,
M03,distance_80,153,1,18,False,
M03,distance_80,154,1,18,False,
M03,distance_80,155,1,18,False,
M03,distance_80,156,1,18,False,
M03,distance_80,157,1,18,False,
M03,distance_80,158,1,18,False,
M03,distance_80,159,1,18,False,
M03,distance_80,160,1,18,False,
M03,distance_80,161,1,18,False,
M03,distance_80,162,1,18,False,
M03,distance_80,163,1,18,False,
M03,distance_80,164,1,18,False,
M03,distance_80,165,1,18,False,
M03,distance_80,166,1,18,False,
M03,distance_80,167,1,18,False,
M03,distance_80,168,1,18,False,
M03,distance_80,169,1,18,False,
M04,distance_80,104,1,1,False,
M04,distance_80,105,1,1,False,
M04,distance_80,106,1,1,False,
M04,distance_80,107,1,1,False,
M04,distance_80,108,1,1,False,
M04,distance_80,109,1,1,False,
M04,distance_80,110,1,1,False,
M04,distance_80,111,1,1,False,
M04,distance_80,112,1,1,False,
M04,distance_80,113,1,1,False,
M04,distance_80,114,1,1,False,
M04,distance_80,115,1,1,False,
M04,distance_80,116,1,1,False,
M04,distance_80,117,1,1,False,
M04,distance_80,118,1,1,False,
M04,distance_80,119,1,1,False,
M04,distance_80,120,1,1,False,
M04,distance_80,121,1,1,False,
M04,distance_80,122,1,1,False,
M04,distance_80,123,1,1,False,
M04,distance_80,124,1,1,False,
M04,distance_80,125,1,1,False,
M04,distance_80,126,1,1,False,
M04,distance_80,127,1,1,False,
M04,distance_80,128,1,1,False,
M04,distance_80,129,1,1,False,
M04,distance_80,130,1,1,False,
M04,distance_80,131,1,1,False,
M04,distance_80,132,1,1,False,
M04,distance_80,133,1,1,False,
M04,distance_80,134,1,1,False,
M04,distance_80,135,1,1,False,
M04,distance_80,136,1,1,False,
M04,distance_80,137,1,1,False,
M04,distance_80,138,1,1,False,
M04,distance_80,139,1,1,False,
M04,distance_80,140,1,1,False,
M04,distance_80,141,1,1,False,
M04,distance_80,142,1,1,False,
M04,distance_80,143,1,1,False,
M04,distance_80,144,1,1,False,
M04,distance_80,145,1,1,False,
M04,distance_80,146,1,1,False,
M04,distance_80,147,1,1,False,
M04,distance_80,148,1,1,False,
M04,distance_80,149,1,1,False,
M04,distance_80,150,1,1,False,
M04,distance_80,151,1,1,False,
M04,distance_80,152,1,1,False,
M04,distance_80,153,1,1,False,
M04,distance_80,154,1,1,False,
M05,distance_80,94,1,2,False,
M05,distance_80,95,1,2,False,
M05,distance_80,96,1,2,False,
M05,distance_80,97,1,2,False,
M05,distance_80,98,1,2,False,
M05,distance_80,99,1,2,False,
M05,distance_80,100,1,2,False,
M05,distance_80,101,1,2,False,
M05,distance_80,102,1,2,False,
M05,distance_80,103,1,2,False,
M05,distance_80,104,1,2,False,
M05,distance_80,105,1,2,False,
M05,distance_80,106,1,2,False,
M05,distance_80,107,1,2,False,
M05,distance_80,108,1,2,False,
M05,distance_80,109,1,2,False,
M05,distance_80,110,1,2,False,
M05,distance_80,111,1,2,False,
M05,distance_80,112,1,2,False,
M05,distance_80,113,1,2,False,
M05,distance_80,114,1,2,False,
M05,distance_80,115,1,2,False,
M05,distance_80,116,1,2,False,
M05,distance_80,117,1,2,False,
M05,distance_80,118,1,2,False,
M05,distance_80,119,1,2,False,
M05,distance_80,120,1,2,False,
M05,distance_80,121,1,2,False,
M05,distance_80,122,1,2,False,
M05,distance_80,123,1,2,False,
M05,distance_80,124,1,2,False,
M05,distance_80,125,1,2,False,
M05,distance_80,126,1,2,False,
M05,distance_80,127,1,2,False,
M05,distance_80,128,1,2,False,
M05,distance_80,129,1,2,False,
M06,distance_80,30,0,1,False,
M06,distance_80,31,0,1,False,
M06,distance_80,32,0,1,False,
M06,distance_80,33,0,1,False,
M06,distance_80,34,0,1,False,
M06,distance_80,35,0,1,False,
M06,distance_80,36,0,1,False,
M06,distance_80,37,0,1,False,
M06,distance_80,38,0,1,False,
M06,distance_80,39,0,1,False,
M06,distance_80,40,0,1,False,
M06,distance_80,41,0,1,False,
M06,distance_80,42,0,1,False,
M06,distance_80,43,0,1,False,
M06,distance_80,44,0,1,False,
M06,distance_80,45,0,1,False,
M06,distance_80,46,0,1,False,
M06,distance_80,47,0,1,False,
M06,distance_80,48,0,1,False,
M06,distance_80,49,0,1,False,
M06,distance_80,50,0,1,False,
M06,distance_80,51,0,1,False,
M06,distance_80,52,0,1,False,
M06,distance_80,53,0,1,False,
M06,distance_80,54,0,1,False,
M06,distance_80,55,0,1,False,
M06,distance_80,56,0,1,False,
M06,distance_80,57,0,1,False,
M06,distance_80,58,0,1,False,
M06,distance_80,59,0,1,False,
M06,distance_80,60,0,1,False,
M06,distance_80,61,0,1,False,
M06,distance_80,62,0,1,False,
M06,distance_80,63,0,1,False,
M06,distance_80,64,0,1,False,
M06,distance_80,65,0,1,False,
M06,distance_80,66,0,1,False,
M06,distance_80,67,0,1,False,
M06,distance_80,68,0,1,False,
M06,distance_80,69,0,1,False,
M06,distance_80,70,0,1,False,
M06,distance_80,71,0,1,False,
M06,distance_80,72,0,1,False,
M06,distance_80,73,0,1,False,
M06,distance_80,74,0,1,False,
M06,distance_80,75,0,1,False,
M06,distance_80,76,0,1,False,
M06,distance_80,77,0,1,False,
M06,distance_80,78,0,1,False,
M06,distance_80,79,0,1,False,
M06,distance_80,80,0,1,False,
M06,distance_80,81,0,1,False,
M06,distance_80,82,0,1,False,
M06,distance_80,83,0,1,False,
M06,distance_80,84,0,1,False,
M06,distance_80,85,0,1,False,
M07,distance_80,310,1,6,False,
M07,distance_80,311,1,6,False,
M07,distance_80,312,1,6,False,
M07,distance_80,313,1,6,False,
M07,distance_80,314,1,6,False,
M07,distance_80,315,1,6,False,
M07,distance_80,316,1,6,False,
M07,distance_80,317,1,6,False,
M07,distance_80,318,1,6,False,
M07,distance_80,319,1,6,False,
M07,distance_80,320,1,6,False,
M07,distance_80,321,1,6,False,
M07,distance_80,322,1,6,False,
M07,distance_80,323,1,6,False,
M07,distance_80,324,1,6,False,
M07,distance_80,325,1,6,False,
M07,distance_80,326,1,6,False,
M07,distance_80,327,1,6,False,
M07,distance_80,328,1,6,False,
M07,distance_80,329,1,6,False,
M07,distance_80,330,1,6,False,
M07,distance_80,331,1,6,False,
M07,distance_80,332,1,6,False,
M07,distance_80,333,1,6,False,
M07,distance_80,334,1,6,False,
M07,distance_80,335,1,6,False,
M07,distance_80,336,1,6,False,
M07,distance_80,337,1,6,False,
M07,distance_80,338,1,6,False,
M07,distance_80,339,1,6,False,
M07,distance_80,340,1,6,False,
M07,distance_80,341,1,6,False,
M07,distance_80,342,1,6,False,
M07,distance_80,343,1,6,False,
M07,distance_80,344,1,6,False,
M07,distance_80,345,1,6,False,
M07,distance_80,346,1,6,False,
M07,distance_80,347,1,6,False,
M07,distance_80,348,1,6,False,
M07,distance_80,349,1,6,False,
M07,distance_80,350,1,6,False,
M07,distance_80,351,1,6,False,
M07,distance_80,352,1,6,False,
M07,distance_80,353,1,6,False,
M07,distance_80,354,1,6,False,
M07,distance_80,355,1,6,False,
M07,distance_80,356,1,6,False,
M07,distance_80,357,1,6,False,
M07,distance_80,358,1,6,False,
M07,distance_80,359,1,6,False,
M07,distance_80,360,1,6,False,
M07,distance_80,361,1,6,False,
M07,distance_80,362,1,6,False,
M07,distance_80,363,1,6,False,
M07,distance_80,364,1,6,False,
M07,distance_80,365,1,6,False,
M07,distance_80,366,1,6,False,
M07,distance_80,367,1,6,False,
M07,distance_80,368,1,,False,
M07,distance_80,369,1,6,False,
M07,distance_80,370,1,6,False,
M07,distance_80,371,1,6,False,
M07,distance_80,372,1,6,False,
M07,distance_80,373,1,6,False,
M07,distance_80,374,1,6,False,
M07,distance_80,375,1,6,False,
M07,distance_80,376,1,6,False,
M07,distance_80,377,1,6,False,
M07,distance_80,378,1,,False,
M07,distance_80,379,1,,False,
M07,distance_80,380,1,,False,
M07,distance_80,381,1,,False,
M07,distance_80,382,1,,False,
M07,distance_80,383,1,,False,
M07,distance_80,384,1,,False,
M07,distance_80,385,1,,False,
M07,distance_80,386,1,,False,
M07,distance_80,387,1,,False,
M07,distance_80,388,1,,False,
M07,distance_80,389,1,,False,
M07,distance_80,390,1,,False,
M07,distance_80,391,1,,False,
M07,distance_80,392,1,,False,
M07,distance_80,393,1,,False,
M07,distance_80,394,1,,False,
M07,distance_80,395,1,,False,
M07,distance_80,396,1,,False,
M07,distance_80,397,1,,False,
M07,distance_80,398,1,,False,
M07,distance_80,399,1,,False,
M07,distance_80,400,1,,False,
M07,distance_80,401,1,,False,
M07,distance_80,402,1,,False,
M07,distance_80,403,1,,False,
M07,distance_80,404,1,,False,
M07,distance_80,405,1,,False,
M07,distance_80,406,1,,False,
M07,distance_80,407,1,,False,
M07,distance_80,408,1,,False,
M07,distance_80,409,1,,False,
M07,distance_80,410,1,,False,
M07,distance_80,411,1,,False,
M07,distance_80,412,1,,False,
M07,distance_80,413,1,,False,
M07,distance_80,414,1,,False,
M07,distance_80,415,1,,False,
M07,distance_80,416,1,,False,
M07,distance_80,417,1,,False,
M07,distance_80,418,1,,False,
M07,distance_80,419,1,,False,
M07,distance_80,420,1,,False,
M07,distance_80,421,1,,False,
M07,distance_80,422,1,,False,
M07,distance_80,423,1,,False,
M07,distance_80,424,1,,False,
M07,distance_80,425,1,,False,
M07,distance_80,426,1,,False,
M07,distance_80,427,1,,False,
M07,distance_80,428,1,,False,
M07,distance_80,429,1,,False,
M07,distance_80,430,1,,False,
M07,distance_80,431,1,,False,
M07,distance_80,432,1,,False,
M07,distance_80,433,1,,False,
M07,distance_80,434,1,,False,
M07,distance_80,435,1,,False,
M07,distance_80,436,1,,False,
M07,distance_80,437,1,,False,
M07,distance_80,438,1,,False,
M07,distance_80,439,1,,False,
M07,distance_80,440,1,,False,
M07,distance_80,441,1,,False,
M07,distance_80,442,1,,False,
M07,distance_80,443,1,,False,
M07,distance_80,444,1,,False,
M07,distance_80,445,1,,False,
M08,distance_80,80,3,4,False,
M08,distance_80,81,3,4,False,
M08,distance_80,82,3,4,False,
M08,distance_80,83,3,4,False,
M08,distance_80,84,3,4,False,
M08,distance_80,85,3,4,False,
M08,distance_80,86,3,4,False,
M08,distance_80,87,3,4,False,
M08,distance_80,88,3,4,False,
M08,distance_80,89,3,4,False,
M08,distance_80,90,3,4,False,
M08,distance_80,91,3,4,False,
M08,distance_80,92,3,4,False,
M08,distance_80,93,3,4,False,
M08,distance_80,94,3,4,False,
M08,distance_80,95,3,4,False,
M08,distance_80,96,3,4,False,
M08,distance_80,97,3,4,False,
M08,distance_80,98,3,4,False,
M08,distance_80,99,3,4,False,
M08,distance_80,100,3,4,False,
M08,distance_80,101,3,4,False,
M08,distance_80,102,3,4,False,
M08,distance_80,103,3,4,False,
M08,distance_80,104,3,4,False,
M08,distance_80,105,3,4,False,
M08,distance_80,106,3,4,False,
M08,distance_80,107,3,4,False,
M08,distance_80,108,3,4,False,
M08,distance_80,109,3,4,False,
M08,distance_80,110,3,4,False,
M08,distance_80,111,3,4,False,
M08,distance_80,112,3,4,False,
M08,distance_80,113,3,4,False,
M08,distance_80,114,3,4,False,
M08,distance_80,115,3,4,False,
M08,distance_80,116,3,4,False,
M08,distance_80,117,3,4,False,
M08,distance_80,118,3,4,False,
M08,distance_80,119,3,4,False,
M08,distance_80,120,3,4,False,
M09,distance_80,105,1,,False,
M09,distance_80,106,1,,False,
M09,distance_80,107,1,,False,
M09,distance_80,108,1,,False,
M09,distance_80,109,1,,False,
M09,distance_80,110,1,,False,
M09,distance_80,111,1,,False,
M09,distance_80,112,1,,False,
M09,distance_80,113,1,,False,
M09,distance_80,114,1,,False,
M09,distance_80,115,1,,False,
M09,distance_80,116,1,,False,
M09,distance_80,117,1,,False,
M09,distance_80,118,1,,False,
M09,distance_80,119,1,,False,
M09,distance_80,120,1,,False,
M09,distance_80,121,1,,False,
M09,distance_80,122,1,,False,
M09,distance_80,123,1,,False,
M09,distance_80,124,1,,False,
M09,distance_80,125,1,,False,
M09,distance_80,126,1,2,False,
M09,distance_80,127,1,2,False,
M09,distance_80,128,1,2,False,
M09,distance_80,129,1,,False,
M09,distance_80,130,1,2,False,
M09,distance_80,131,1,3,False,
M09,distance_80,132,1,,False,
M09,distance_80,133,1,3,False,
M09,distance_80,134,1,3,False,
M09,distance_80,135,1,3,False,
M09,distance_80,136,1,3,False,
M09,distance_80,137,1,3,False,
M09,distance_80,138,1,,False,
M09,distance_80,139,1,,False,
M09,distance_80,140,1,,False,
M09,distance_80,141,1,3,False,
M09,distance_80,142,1,,False,
M09,distance_80,143,1,,False,
M09,distance_80,144,1,,False,
M09,distance_80,145,1,4,False,
M09,distance_80,146,1,4,False,
M09,distance_80,147,1,4,False,
M09,distance_80,148,1,4,False,
M09,distance_80,149,1,4,False,
M09,distance_80,150,1,4,False,
M09,distance_80,151,1,4,False,
M09,distance_80,152,1,4,False,
M09,distance_80,153,1,4,False,
M09,distance_80,154,1,4,False,
M09,distance_80,155,1,4,False,
M09,distance_80,156,1,4,False,
M09,distance_80,157,1,4,False,
M09,distance_80,158,1,4,False,
M09,distance_80,159,1,4,False,
M09,distance_80,160,1,4,False,
M09,distance_80,161,1,4,False,
M09,distance_80,162,1,4,False,
M09,distance_80,163,1,4,False,
M09,distance_80,164,1,4,False,
M09,distance_80,165,1,4,False,
M09,distance_80,166,1,4,False,
M09,distance_80,167,1,4,False,
M09,distance_80,168,1,4,False,
M09,distance_80,169,1,4,False,
M09,distance_80,170,1,4,False,
M09,distance_80,171,1,4,False,
M09,distance_80,172,1,4,False,
M09,distance_80,173,1,4,False,
M09,distance_80,174,1,4,False,
M09,distance_80,175,1,4,False,
M09,distance_80,176,1,4,False,
M09,distance_80,177,1,4,False,
M09,distance_80,178,1,4,False,
M09,distance_80,179,1,4,False,
M09,distance_80,180,1,4,False,
M09,distance_80,181,1,4,False,
M09,distance_80,182,1,4,False,
M09,distance_80,183,1,4,False,
M09,distance_80,184,1,4,False,
M09,distance_80,185,1,4,False,
M09,distance_80,186,1,4,False,
M09,distance_80,187,1,4,False,
M09,distance_80,188,1,4,False,
M09,distance_80,189,1,4,False,
M09,distance_80,190,1,4,False,
M09,distance_80,191,1,4,False,
M09,distance_80,192,1,4,False,
M09,distance_80,193,1,4,False,
M09,distance_80,194,1,4,False,
M09,distance_80,195,1,4,False,
M09,distance_80,196,1,4,False,
M09,distance_80,197,1,4,False,
M09,distance_80,198,1,4,False,
M09,distance_80,199,1,4,False,
M09,distance_80,200,1,4,False,
M09,distance_80,201,1,4,False,
M09,distance_80,202,1,4,False,
M09,distance_80,203,1,4,False,
M09,distance_80,204,1,4,False,
M09,distance_80,205,1,4,False,
M09,distance_80,206,1,4,False,
M09,distance_80,207,1,4,False,
M09,distance_80,208,1,4,False,
M09,distance_80,209,1,4,False,
M09,distance_80,210,1,4,False,
M09,distance_80,211,1,4,False,
M09,distance_80,212,1,4,False,
M09,distance_80,213,1,4,False,
M09,distance_80,214,1,,False,
M09,distance_80,215,1,4,False,
M09,distance_80,216,1,4,False,
M09,distance_80,217,1,,False,
M09,distance_80,218,1,4,False,
M09,distance_80,219,1,7,False,
M09,distance_80,220,1,7,False,
M09,distance_80,221,1,7,False,
M09,distance_80,222,1,7,False,
M09,distance_80,223,1,6,False,
M09,distance_80,224,1,6,False,
M09,distance_80,225,1,7,False,
M09,distance_80,226,1,7,False,
M09,distance_80,227,1,7,False,
M09,distance_80,228,1,4,False,
M09,distance_80,229,1,4,False,
M09,distance_80,230,1,4,False,
M09,distance_80,231,1,4,False,
M09,distance_80,232,1,7,False,
M09,distance_80,233,1,7,False,
M09,distance_80,234,1,7,False,
M09,distance_80,235,1,7,False,
M09,distance_80,236,1,7,False,
M09,distance_80,237,1,7,False,
M09,distance_80,238,1,7,False,
M09,distance_80,239,1,7,False,
M09,distance_80,240,1,7,False,
M09,distance_80,241,1,7,False,
M09,distance_80,242,1,7,False,
M09,distance_80,243,1,7,False,
M09,distance_80,244,1,7,False,
M09,distance_80,245,1,7,False,
M09,distance_80,246,1,6,False,
M09,distance_80,247,1,6,False,
M09,distance_80,248,1,6,False,
M09,distance_80,249,1,6,False,
M09,distance_80,250,1,6,False,
M09,distance_80,251,1,6,False,
M09,distance_80,252,1,6,False,
M09,distance_80,253,1,6,False,
M09,distance_80,254,1,6,False,
M09,distance_80,255,1,7,False,
M09,distance_80,256,1,6,False,
M09,distance_80,257,1,6,False,
M09,distance_80,258,1,6,False,
M09,distance_80,259,1,6,False,
M09,distance_80,260,1,6,False,
M09,distance_80,261,1,6,False,
M09,distance_80,262,1,6,False,
M09,distance_80,263,1,6,False,
M09,distance_80,264,1,6,False,
M09,distance_80,265,1,6,False,
M09,distance_80,266,1,6,False,
M09,distance_80,267,1,6,False,
M09,distance_80,268,1,6,False,
M09,distance_80,269,1,6,False,
M09,distance_80,270,1,6,False,
M09,distance_80,271,1,6,False,
M09,distance_80,272,1,6,False,
M09,distance_80,273,1,6,False,
M09,distance_80,274,1,6,False,
M09,distance_80,275,1,8,False,
M09,distance_80,276,1,8,False,
M09,distance_80,277,1,8,False,
M09,distance_80,278,1,8,False,
M09,distance_80,279,1,8,False,
M09,distance_80,280,1,8,False,
M09,distance_80,281,1,8,False,
M09,distance_80,282,1,8,False,
M09,distance_80,283,1,6,False,
M09,distance_80,284,1,8,False,
M09,distance_80,285,1,6,False,
M09,distance_80,286,1,6,False,
M09,distance_80,287,1,6,False,
M09,distance_80,288,1,6,False,
M09,distance_80,289,1,6,False,
M09,distance_80,290,1,6,False,
M09,distance_80,291,1,6,False,
M09,distance_80,292,1,6,False,
M09,distance_80,293,1,6,False,
M09,distance_80,294,1,6,False,
M09,distance_80,295,1,6,False,
M09,distance_80,296,1,6,False,
M09,distance_80,297,1,6,False,
M09,distance_80,298,1,6,False,
M09,distance_80,299,1,6,False,
M09,distance_80,300,1,6,False,
M09,distance_80,301,1,6,False,
M09,distance_80,302,1,6,False,
M09,distance_80,303,1,6,False,
M09,distance_80,304,1,6,False,
M09,distance_80,305,1,,False,
M09,distance_80,306,1,,False,
M09,distance_80,307,1,,False,
M09,distance_80,308,1,,False,
M09,distance_80,309,1,,False,
M09,distance_80,310,1,8,False,
M09,distance_80,311,1,8,False,
M09,distance_80,312,1,8,False,
M09,distance_80,313,1,8,False,
M09,distance_80,314,1,8,False,
M09,distance_80,315,1,8,False,
M09,distance_80,316,1,8,False,
M09,distance_80,317,1,8,False,
M09,distance_80,318,1,8,False,
M09,distance_80,319,1,9,False,
M09,distance_80,320,1,8,False,
M09,distance_80,321,1,9,False,
M09,distance_80,322,1,9,False,
M09,distance_80,323,1,9,False,
M09,distance_80,324,1,9,False,
M09,distance_80,325,1,9,False,
M10,distance_80,430,2,10,False,
M10,distance_80,431,2,10,False,
M10,distance_80,432,2,10,False,
M10,distance_80,433,2,10,False,
M10,distance_80,434,2,10,False,
M10,distance_80,435,2,10,False,
M10,distance_80,436,2,10,False,
M10,distance_80,437,2,10,False,
M10,distance_80,438,2,10,False,
M10,distance_80,439,2,10,False,
M10,distance_80,440,2,10,False,
M10,distance_80,441,2,10,False,
M10,distance_80,442,2,10,False,
M10,distance_80,443,2,10,False,
M10,distance_80,444,2,10,False,
M10,distance_80,445,2,13,False,
M10,distance_80,446,2,13,False,
M10,distance_80,447,2,13,False,
M10,distance_80,448,2,13,False,
M10,distance_80,449,2,13,False,
M10,distance_80,450,2,13,False,
M10,distance_80,451,2,13,False,
M10,distance_80,452,2,13,False,
M10,distance_80,453,2,13,False,
M10,distance_80,454,2,13,False,
M10,distance_80,455,2,13,False,
M10,distance_80,456,2,13,False,
M10,distance_80,457,2,13,False,
M10,distance_80,458,2,13,False,
M10,distance_80,459,2,13,False,
M10,distance_80,460,2,13,False,
M10,distance_80,461,2,13,False,
M10,distance_80,462,2,13,False,
M10,distance_80,463,2,13,False,
M10,distance_80,464,2,13,False,
M10,distance_80,465,2,13,False,
M10,distance_80,466,2,13,False,
M10,distance_80,467,2,13,False,
M10,distance_80,468,2,,False,
M10,distance_80,469,2,,False,
M10,distance_80,470,2,,False,
M10,distance_80,471,2,,False,
M10,distance_80,472,2,,False,
M10,distance_80,473,2,,False,
M10,distance_80,474,2,,False,
M10,distance_80,475,2,,False,
M10,distance_80,476,2,,False,
M10,distance_80,477,2,,False,
M10,distance_80,478,2,,False,
M10,distance_80,479,2,,False,
M10,distance_80,480,2,,False,
M10,distance_80,481,2,13,False,
M10,distance_80,482,2,13,False,
M10,distance_80,483,2,13,False,
M10,distance_80,484,2,13,False,
M10,distance_80,485,2,13,False,
M10,distance_80,486,2,13,False,
M10,distance_80,487,2,13,False,
M10,distance_80,488,2,13,False,
M10,distance_80,489,2,13,False,
M10,distance_80,490,2,13,False,
M10,distance_80,491,2,13,False,
M10,distance_80,492,2,13,False,
M10,distance_80,493,2,,False,
M10,distance_80,494,2,,False,
M10,distance_80,495,2,,False,
M10,distance_80,496,2,,False,
M10,distance_80,497,2,,False,
M10,distance_80,498,2,,False,
M10,distance_80,499,2,,False,
M10,distance_80,500,2,,False,
M10,distance_80,501,2,,False,
M10,distance_80,502,2,,False,
M10,distance_80,503,2,,False,
M10,distance_80,504,2,,False,
M10,distance_80,505,2,,False,
M10,distance_80,506,2,,False,
M10,distance_80,507,2,13,False,
M10,distance_80,508,2,13,False,
M10,distance_80,509,2,13,False,
M10,distance_80,510,2,13,False,
M10,distance_80,511,2,13,False,
M10,distance_80,512,2,13,False,
M10,distance_80,513,2,13,False,
M10,distance_80,514,2,13,False,
M10,distance_80,515,2,13,False,
M10,distance_80,516,2,,False,
M10,distance_80,517,2,,False,
M10,distance_80,518,2,,False,
M10,distance_80,519,2,,False,
M10,distance_80,520,2,,False,
M10,distance_80,521,2,,False,
M10,distance_80,522,2,,False,
M10,distance_80,523,2,,False,
M10,distance_80,524,2,,False,
M10,distance_80,525,2,,False,
M10,distance_80,526,2,,False,
M10,distance_80,527,2,,False,
M10,distance_80,528,2,,False,
M10,distance_80,529,2,,False,
M10,distance_80,530,2,,False,
M10,distance_80,531,2,,False,
M10,distance_80,532,2,,False,
M10,distance_80,533,2,,False,
M10,distance_80,534,2,,False,
M10,distance_80,535,2,,False,
M10,distance_80,536,2,13,False,
M10,distance_80,537,2,13,False,
M10,distance_80,538,2,,False,
M10,distance_80,539,2,,False,
M10,distance_80,540,2,,False,
M10,distance_80,541,2,,False,
M10,distance_80,542,2,,False,
M10,distance_80,543,2,,False,
M10,distance_80,544,2,,False,
M10,distance_80,545,2,,False,
M10,distance_80,546,2,,False,
M10,distance_80,547,2,,False,
M10,distance_80,548,2,,False,
M10,distance_80,549,2,,False,
M10,distance_80,550,2,,False,
M10,distance_80,551,2,,False,
M10,distance_80,552,2,,False,
M10,distance_80,553,2,,False,
M10,distance_80,554,2,,False,
M10,distance_80,555,2,,False,
M10,distance_80,556,2,,False,
M10,distance_80,557,2,,False,
M10,distance_80,558,2,,False,
M10,distance_80,559,2,,False,
M10,distance_80,560,2,,False,
M10,distance_80,561,2,17,False,
M10,distance_80,562,2,,False,
M10,distance_80,563,2,,False,
M10,distance_80,564,2,,False,
M10,distance_80,565,2,,False,
M10,distance_80,566,2,,False,
M10,distance_80,567,2,,False,
M10,distance_80,568,2,,False,
M10,distance_80,569,2,,False,
M10,distance_80,570,2,,False,
M10,distance_80,571,2,,False,
M10,distance_80,572,2,,False,
M10,distance_80,573,2,,False,
M10,distance_80,574,2,,False,
M10,distance_80,575,2,,False,
M10,distance_80,576,2,,False,
M10,distance_80,577,2,,False,
M10,distance_80,578,2,,False,
M10,distance_80,579,2,,False,
M10,distance_80,580,2,,False,
M10,distance_80,581,2,,False,
M10,distance_80,582,2,,False,
M10,distance_80,583,2,17,False,
M10,distance_80,584,2,17,False,
M10,distance_80,585,2,17,False,
M10,distance_80,586,2,17,False,
M10,distance_80,587,2,17,False,
M10,distance_80,588,2,17,False,
M10,distance_80,589,2,17,False,
M10,distance_80,590,2,,False,
O01,distance_80,110,1,2,False,
O01,distance_80,110,3,4,False,
O01,distance_80,111,1,2,False,
O01,distance_80,111,3,4,False,
O01,distance_80,112,1,2,False,
O01,distance_80,112,3,4,False,
O01,distance_80,113,1,2,False,
O01,distance_80,113,3,4,False,
O01,distance_80,114,1,2,False,
O01,distance_80,114,3,4,False,
O01,distance_80,115,1,2,False,
O01,distance_80,115,3,4,False,
O01,distance_80,116,1,2,False,
O01,distance_80,116,3,4,False,
O01,distance_80,117,1,2,False,
O01,distance_80,117,3,4,False,
O01,distance_80,118,1,2,False,
O01,distance_80,118,3,4,False,
O01,distance_80,119,1,2,False,
O01,distance_80,119,3,4,False,
O01,distance_80,120,1,2,False,
O01,distance_80,120,3,4,False,
O01,distance_80,121,1,2,False,
O01,distance_80,121,3,4,False,
O01,distance_80,122,1,2,False,
O01,distance_80,122,3,4,False,
O01,distance_80,123,1,2,False,
O01,distance_80,123,3,4,False,
O01,distance_80,124,1,2,False,
O01,distance_80,124,3,4,False,
O01,distance_80,125,1,2,False,
O01,distance_80,125,3,4,False,
O01,distance_80,126,1,2,False,
O01,distance_80,126,3,4,False,
O01,distance_80,127,1,2,False,
O01,distance_80,127,3,4,False,
O01,distance_80,128,1,2,False,
O01,distance_80,128,3,4,False,
O01,distance_80,129,1,2,False,
O01,distance_80,129,3,4,False,
O01,distance_80,130,1,2,False,
O01,distance_80,130,3,4,False,
O01,distance_80,131,1,2,False,
O01,distance_80,131,3,4,False,
O01,distance_80,132,1,2,False,
O01,distance_80,132,3,4,False,
O01,distance_80,133,1,2,False,
O01,distance_80,133,3,4,False,
O01,distance_80,134,1,2,False,
O01,distance_80,134,3,4,False,
O01,distance_80,135,1,2,False,
O01,distance_80,135,3,4,False,
O01,distance_80,136,1,2,False,
O01,distance_80,136,3,4,False,
O01,distance_80,137,1,2,False,
O01,distance_80,137,3,4,False,
O01,distance_80,138,1,2,False,
O01,distance_80,138,3,4,False,
O01,distance_80,139,1,2,False,
O01,distance_80,139,3,4,False,
O01,distance_80,140,1,2,False,
O01,distance_80,140,3,4,False,
O01,distance_80,141,1,2,False,
O01,distance_80,141,3,4,False,
O01,distance_80,142,1,2,False,
O01,distance_80,142,3,4,False,
O01,distance_80,143,1,2,False,
O01,distance_80,143,3,4,False,
O01,distance_80,144,1,2,False,
O01,distance_80,144,3,4,False,
O01,distance_80,145,1,2,False,
O01,distance_80,145,3,4,False,
O01,distance_80,146,1,2,False,
O01,distance_80,146,3,4,False,
O01,distance_80,147,1,2,False,
O01,distance_80,147,3,,False,
O01,distance_80,148,1,2,False,
O01,distance_80,148,3,,False,
O01,distance_80,149,1,2,False,
O01,distance_80,149,3,,False,
O01,distance_80,150,1,2,False,
O01,distance_80,150,3,,False,
O01,distance_80,151,1,2,False,
O01,distance_80,151,3,,False,
O01,distance_80,152,1,2,False,
O01,distance_80,152,3,,False,
O01,distance_80,153,1,2,False,
O01,distance_80,153,3,,False,
O01,distance_80,154,1,2,False,
O01,distance_80,154,3,4,False,
O01,distance_80,155,1,2,False,
O01,distance_80,155,3,,False,
O01,distance_80,156,1,2,False,
O01,distance_80,156,3,,False,
O01,distance_80,157,1,2,False,
O01,distance_80,157,3,,False,
O01,distance_80,158,1,2,False,
O01,distance_80,158,3,,False,
O01,distance_80,159,1,2,False,
O01,distance_80,159,3,,False,
O01,distance_80,160,1,2,False,
O01,distance_80,160,3,,False,
O01,distance_80,161,1,2,False,
O01,distance_80,161,3,,False,
O01,distance_80,162,1,2,False,
O01,distance_80,162,3,,False,
O01,distance_80,163,1,,False,
O01,distance_80,163,3,,False,
O01,distance_80,164,1,,False,
O01,distance_80,164,3,,False,
O01,distance_80,165,1,,False,
O01,distance_80,165,3,,False,
O01,distance_80,166,1,,False,
O01,distance_80,166,3,,False,
O01,distance_80,167,1,,False,
O01,distance_80,167,3,,False,
O01,distance_80,168,1,,False,
O01,distance_80,168,3,,False,
O01,distance_80,169,1,,False,
O01,distance_80,169,3,,False,
O01,distance_80,170,1,,False,
O01,distance_80,170,3,,False,
O01,distance_80,171,1,,False,
O01,distance_80,171,3,,False,
O01,distance_80,172,1,,False,
O01,distance_80,172,3,,False,
O01,distance_80,173,1,,False,
O01,distance_80,173,3,,False,
O01,distance_80,174,1,,False,
O01,distance_80,174,3,,False,
O01,distance_80,175,1,2,False,
O01,distance_80,175,3,,False,
O01,distance_80,176,1,2,False,
O01,distance_80,176,3,,False,
O01,distance_80,177,1,2,False,
O01,distance_80,177,3,,False,
O01,distance_80,178,1,2,False,
O01,distance_80,178,3,,False,
O01,distance_80,179,1,2,False,
O01,distance_80,179,3,,False,
O01,distance_80,180,1,2,False,
O01,distance_80,180,3,,False,
O01,distance_80,181,1,2,False,
O01,distance_80,181,3,,False,
O01,distance_80,182,1,2,False,
O01,distance_80,182,3,,False,
O01,distance_80,183,1,2,False,
O01,distance_80,183,3,,False,
O01,distance_80,184,1,2,False,
O01,distance_80,184,3,,False,
O01,distance_80,185,1,2,False,
O01,distance_80,185,3,,False,
O01,distance_80,186,1,2,False,
O01,distance_80,186,3,,False,
O01,distance_80,187,1,,False,
O01,distance_80,187,3,,False,
O01,distance_80,188,1,,False,
O01,distance_80,188,3,,False,
O01,distance_80,189,1,,False,
O01,distance_80,189,3,,False,
O01,distance_80,190,1,,False,
O01,distance_80,190,3,,False,
O01,distance_80,191,1,,False,
O01,distance_80,191,3,,False,
O01,distance_80,192,1,,False,
O01,distance_80,192,3,,False,
O01,distance_80,193,1,,False,
O01,distance_80,193,3,,False,
O01,distance_80,194,1,,False,
O01,distance_80,194,3,,False,
O01,distance_80,195,1,,False,
O01,distance_80,195,3,,False,
O01,distance_80,196,1,,False,
O01,distance_80,196,3,,False,
O01,distance_80,197,1,,False,
O01,distance_80,197,3,,False,
O01,distance_80,198,1,,False,
O01,distance_80,198,3,,False,
O01,distance_80,199,1,,False,
O01,distance_80,199,3,,False,
O01,distance_80,200,1,,False,
O01,distance_80,200,3,,False,
O01,distance_80,201,1,,False,
O01,distance_80,201,3,,False,
O01,distance_80,202,1,,False,
O01,distance_80,202,3,,False,
O01,distance_80,203,1,,False,
O01,distance_80,203,3,,False,
O01,distance_80,204,1,6,False,
O01,distance_80,204,3,,False,
O01,distance_80,205,1,,False,
O01,distance_80,205,3,,False,
O01,distance_80,206,1,,False,
O01,distance_80,206,3,,False,
O01,distance_80,207,1,,False,
O01,distance_80,207,3,,False,
O01,distance_80,208,1,,False,
O01,distance_80,208,3,,False,
O01,distance_80,209,1,6,False,
O01,distance_80,209,3,,False,
O01,distance_80,210,1,6,False,
O01,distance_80,210,3,,False,
O01,distance_80,211,1,6,False,
O01,distance_80,211,3,,False,
O01,distance_80,212,1,6,False,
O01,distance_80,212,3,,False,
O01,distance_80,213,1,6,False,
O01,distance_80,213,3,,False,
O01,distance_80,214,1,6,False,
O01,distance_80,214,3,,False,
O01,distance_80,215,1,6,False,
O01,distance_80,215,3,,False,
O01,distance_80,216,1,6,False,
O01,distance_80,216,3,,False,
O01,distance_80,217,1,6,False,
O01,distance_80,217,3,,False,
O01,distance_80,218,1,6,False,
O01,distance_80,218,3,,False,
O01,distance_80,219,1,6,False,
O01,distance_80,219,3,,False,
O01,distance_80,220,1,,False,
O01,distance_80,220,3,,False,
O01,distance_80,221,1,,False,
O01,distance_80,221,3,,False,
O01,distance_80,222,1,,False,
O01,distance_80,222,3,,False,
O01,distance_80,223,1,,False,
O01,distance_80,223,3,6,False,
O01,distance_80,224,1,,False,
O01,distance_80,224,3,,False,
O01,distance_80,225,1,,False,
O01,distance_80,225,3,6,False,
O01,distance_80,226,1,,False,
O01,distance_80,226,3,,False,
O01,distance_80,227,1,,False,
O01,distance_80,227,3,,False,
O01,distance_80,228,1,,False,
O01,distance_80,228,3,6,False,
O01,distance_80,229,1,,False,
O01,distance_80,229,3,6,False,
O01,distance_80,230,1,,False,
O01,distance_80,230,3,6,False,
O01,distance_80,231,1,,False,
O01,distance_80,231,3,6,False,
O01,distance_80,232,1,7,False,
O01,distance_80,232,3,6,False,
O01,distance_80,233,1,7,False,
O01,distance_80,233,3,,False,
O01,distance_80,234,1,7,False,
O01,distance_80,234,3,,False,
O01,distance_80,235,1,7,False,
O01,distance_80,235,3,,False,
O01,distance_80,236,1,,False,
O01,distance_80,236,3,,False,
O01,distance_80,237,1,,False,
O01,distance_80,237,3,,False,
O01,distance_80,238,1,,False,
O01,distance_80,238,3,,False,
O01,distance_80,239,1,,False,
O01,distance_80,239,3,,False,
O01,distance_80,240,1,,False,
O01,distance_80,240,3,,False,
O02,distance_80,25,1,,True,absent_or_warmup
O02,distance_80,25,2,1,False,
O02,distance_80,26,1,,True,absent_or_warmup
O02,distance_80,26,2,,False,
O02,distance_80,27,1,,True,absent_or_warmup
O02,distance_80,27,2,,False,
O02,distance_80,28,1,,True,absent_or_warmup
O02,distance_80,28,2,,False,
O02,distance_80,29,1,,True,absent_or_warmup
O02,distance_80,29,2,,False,
O02,distance_80,30,1,,True,absent_or_warmup
O02,distance_80,30,2,,False,
O02,distance_80,31,1,,True,absent_or_warmup
O02,distance_80,31,2,,False,
O02,distance_80,32,1,,True,absent_or_warmup
O02,distance_80,32,2,,False,
O02,distance_80,33,1,,True,absent_or_warmup
O02,distance_80,33,2,,False,
O02,distance_80,34,1,,True,absent_or_warmup
O02,distance_80,34,2,,False,
O02,distance_80,35,1,,True,absent_or_warmup
O02,distance_80,35,2,,False,
O02,distance_80,36,1,,True,absent_or_warmup
O02,distance_80,36,2,,False,
O02,distance_80,37,1,,True,absent_or_warmup
O02,distance_80,37,2,,False,
O02,distance_80,38,1,,True,absent_or_warmup
O02,distance_80,38,2,,False,
O02,distance_80,39,1,,True,absent_or_warmup
O02,distance_80,39,2,,False,
O02,distance_80,40,1,,True,absent_or_warmup
O02,distance_80,40,2,,False,
O02,distance_80,41,1,,True,absent_or_warmup
O02,distance_80,41,2,,False,
O02,distance_80,42,1,,True,absent_or_warmup
O02,distance_80,42,2,,False,
O02,distance_80,43,1,,True,absent_or_warmup
O02,distance_80,43,2,,False,
O02,distance_80,44,1,,True,absent_or_warmup
O02,distance_80,44,2,,False,
O02,distance_80,45,1,,True,absent_or_warmup
O02,distance_80,45,2,,False,
O02,distance_80,46,1,,True,absent_or_warmup
O02,distance_80,46,2,,False,
O02,distance_80,47,1,,True,absent_or_warmup
O02,distance_80,47,2,,False,
O02,distance_80,48,1,,True,absent_or_warmup
O02,distance_80,48,2,,False,
O02,distance_80,49,1,,False,
O02,distance_80,49,2,,False,
O02,distance_80,50,1,,False,
O02,distance_80,50,2,,False,
O02,distance_80,51,1,,False,
O02,distance_80,51,2,,False,
O02,distance_80,52,1,,False,
O02,distance_80,52,2,,False,
O02,distance_80,53,1,3,False,
O02,distance_80,53,2,,False,
O02,distance_80,54,1,3,False,
O02,distance_80,54,2,,False,
O02,distance_80,55,1,3,False,
O02,distance_80,55,2,,False,
O02,distance_80,56,1,3,False,
O02,distance_80,56,2,,False,
O02,distance_80,57,1,3,False,
O02,distance_80,57,2,,False,
O02,distance_80,58,1,3,False,
O02,distance_80,58,2,,False,
O02,distance_80,59,1,3,False,
O02,distance_80,59,2,,False,
O02,distance_80,60,1,3,False,
O02,distance_80,60,2,,False,
O02,distance_80,61,1,3,False,
O02,distance_80,61,2,,False,
O02,distance_80,62,1,3,False,
O02,distance_80,62,2,,False,
O02,distance_80,63,1,3,False,
O02,distance_80,63,2,,False,
O02,distance_80,64,1,3,False,
O02,distance_80,64,2,,False,
O02,distance_80,65,1,3,False,
O02,distance_80,65,2,,False,
O02,distance_80,66,1,3,False,
O02,distance_80,66,2,,False,
O02,distance_80,67,1,3,False,
O02,distance_80,67,2,,False,
O02,distance_80,68,1,3,False,
O02,distance_80,68,2,,False,
O02,distance_80,69,1,3,False,
O02,distance_80,69,2,,False,
O02,distance_80,70,1,3,False,
O02,distance_80,70,2,,False,
O02,distance_80,71,1,3,False,
O02,distance_80,71,2,,False,
O02,distance_80,72,1,3,False,
O02,distance_80,72,2,,False,
O02,distance_80,73,1,3,False,
O02,distance_80,73,2,,False,
O02,distance_80,74,1,3,False,
O02,distance_80,74,2,,False,
O02,distance_80,75,1,3,False,
O02,distance_80,75,2,,False,
O02,distance_80,76,1,3,False,
O02,distance_80,76,2,,False,
O02,distance_80,77,1,3,False,
O02,distance_80,77,2,,False,
O02,distance_80,78,1,3,True,candidate_occlusion
O02,distance_80,78,2,,True,candidate_occlusion
O02,distance_80,79,1,3,True,candidate_occlusion
O02,distance_80,79,2,,True,candidate_occlusion
O02,distance_80,80,1,3,True,candidate_occlusion
O02,distance_80,80,2,,True,candidate_occlusion
O02,distance_80,81,1,3,True,candidate_occlusion
O02,distance_80,81,2,,True,candidate_occlusion
O02,distance_80,82,1,,True,candidate_occlusion
O02,distance_80,82,2,,True,candidate_occlusion
O02,distance_80,83,1,,True,candidate_occlusion
O02,distance_80,83,2,,True,candidate_occlusion
O02,distance_80,84,1,,True,candidate_occlusion
O02,distance_80,84,2,,True,candidate_occlusion
O02,distance_80,85,1,,True,candidate_occlusion
O02,distance_80,85,2,,True,candidate_occlusion
O02,distance_80,86,1,,True,candidate_occlusion
O02,distance_80,86,2,,True,candidate_occlusion
O02,distance_80,87,1,,True,candidate_occlusion
O02,distance_80,87,2,,True,candidate_occlusion
O02,distance_80,88,1,,True,candidate_occlusion
O02,distance_80,88,2,,True,candidate_occlusion
O02,distance_80,89,1,,True,candidate_occlusion
O02,distance_80,89,2,,True,candidate_occlusion
O02,distance_80,90,1,7,True,candidate_occlusion
O02,distance_80,90,2,,True,candidate_occlusion
O02,distance_80,91,1,7,True,candidate_occlusion
O02,distance_80,91,2,,True,candidate_occlusion
O02,distance_80,92,1,7,True,candidate_occlusion
O02,distance_80,92,2,,True,candidate_occlusion
O02,distance_80,93,1,7,True,candidate_occlusion
O02,distance_80,93,2,,True,candidate_occlusion
O02,distance_80,94,1,7,True,candidate_occlusion
O02,distance_80,94,2,,True,candidate_occlusion
O02,distance_80,95,1,7,True,candidate_occlusion
O02,distance_80,95,2,,True,candidate_occlusion
O02,distance_80,96,1,7,True,candidate_occlusion
O02,distance_80,96,2,,True,candidate_occlusion
O02,distance_80,97,1,7,False,
O02,distance_80,97,2,,False,
O02,distance_80,98,1,7,False,
O02,distance_80,98,2,,False,
O02,distance_80,99,1,7,False,
O02,distance_80,99,2,,False,
O02,distance_80,100,1,7,False,
O02,distance_80,100,2,,False,
O02,distance_80,101,1,7,False,
O02,distance_80,101,2,,False,
O02,distance_80,102,1,7,False,
O02,distance_80,102,2,,False,
O02,distance_80,103,1,7,False,
O02,distance_80,103,2,,False,
O02,distance_80,104,1,7,False,
O02,distance_80,104,2,,False,
O02,distance_80,105,1,7,False,
O02,distance_80,105,2,,False,
O02,distance_80,106,1,7,False,
O02,distance_80,106,2,,False,
O02,distance_80,107,1,7,False,
O02,distance_80,107,2,,False,
O02,distance_80,108,1,7,False,
O02,distance_80,108,2,,False,
O02,distance_80,109,1,7,False,
O02,distance_80,109,2,,False,
O02,distance_80,110,1,3,False,
O02,distance_80,110,2,,False,
O02,distance_80,111,1,7,False,
O02,distance_80,111,2,,False,
O02,distance_80,112,1,7,False,
O02,distance_80,112,2,,False,
O02,distance_80,113,1,7,False,
O02,distance_80,113,2,,False,
O02,distance_80,114,1,7,False,
O02,distance_80,114,2,,False,
O02,distance_80,115,1,7,False,
O02,distance_80,115,2,,False,
O02,distance_80,116,1,7,False,
O02,distance_80,116,2,,False,
O02,distance_80,117,1,7,False,
O02,distance_80,117,2,,False,
O02,distance_80,118,1,7,False,
O02,distance_80,118,2,,False,
O02,distance_80,119,1,7,False,
O02,distance_80,119,2,,False,
O02,distance_80,120,1,7,False,
O02,distance_80,120,2,,False,
O02,distance_80,121,1,7,False,
O02,distance_80,121,2,,False,
O02,distance_80,122,1,7,False,
O02,distance_80,122,2,,False,
O02,distance_80,123,1,7,False,
O02,distance_80,123,2,5,False,
O02,distance_80,124,1,7,False,
O02,distance_80,124,2,5,False,
O02,distance_80,125,1,7,False,
O02,distance_80,125,2,5,False,
O02,distance_80,126,1,7,False,
O02,distance_80,126,2,5,False,
O02,distance_80,127,1,7,False,
O02,distance_80,127,2,5,False,
O02,distance_80,128,1,7,False,
O02,distance_80,128,2,,False,
O02,distance_80,129,1,7,False,
O02,distance_80,129,2,,False,
O02,distance_80,130,1,7,False,
O02,distance_80,130,2,,False,
O02,distance_80,131,1,7,False,
O02,distance_80,131,2,,False,
O02,distance_80,132,1,7,False,
O02,distance_80,132,2,,False,
O02,distance_80,133,1,7,False,
O02,distance_80,133,2,,False,
O02,distance_80,134,1,7,False,
O02,distance_80,134,2,,False,
O02,distance_80,135,1,3,False,
O02,distance_80,135,2,,False,
O02,distance_80,136,1,3,False,
O02,distance_80,136,2,,False,
O02,distance_80,137,1,3,False,
O02,distance_80,137,2,,False,
O02,distance_80,138,1,,False,
O02,distance_80,138,2,,False,
O02,distance_80,139,1,,False,
O02,distance_80,139,2,,False,
O02,distance_80,140,1,,False,
O02,distance_80,140,2,,False,
O02,distance_80,141,1,,False,
O02,distance_80,141,2,,False,
O02,distance_80,142,1,,False,
O02,distance_80,142,2,,False,
O02,distance_80,143,1,,False,
O02,distance_80,143,2,,False,
O02,distance_80,144,1,7,False,
O02,distance_80,144,2,,False,
O02,distance_80,145,1,7,False,
O02,distance_80,145,2,,False,
O02,distance_80,146,1,7,False,
O02,distance_80,146,2,,False,
O02,distance_80,147,1,7,False,
O02,distance_80,147,2,,False,
O02,distance_80,148,1,7,False,
O02,distance_80,148,2,,False,
O02,distance_80,149,1,3,False,
O02,distance_80,149,2,,False,
O02,distance_80,150,1,3,False,
O02,distance_80,150,2,,False,
O02,distance_80,151,1,,False,
O02,distance_80,151,2,,False,
O02,distance_80,152,1,,False,
O02,distance_80,152,2,,False,
O02,distance_80,153,1,,False,
O02,distance_80,153,2,,False,
O02,distance_80,154,1,,False,
O02,distance_80,154,2,,False,
O02,distance_80,155,1,,False,
O02,distance_80,155,2,,False,
O02,distance_80,156,1,,False,
O02,distance_80,156,2,,False,
O02,distance_80,157,1,,False,
O02,distance_80,157,2,,False,
O02,distance_80,158,1,,False,
O02,distance_80,158,2,,False,
O02,distance_80,159,1,,False,
O02,distance_80,159,2,,False,
O02,distance_80,160,1,,False,
O02,distance_80,160,2,,False,
O02,distance_80,161,1,,False,
O02,distance_80,161,2,,False,
O02,distance_80,162,1,,False,
O02,distance_80,162,2,,False,
O02,distance_80,163,1,,False,
O02,distance_80,163,2,,False,
O02,distance_80,164,1,,False,
O02,distance_80,164,2,,False,
O02,distance_80,165,1,,False,
O02,distance_80,165,2,,False,
O02,distance_80,166,1,,False,
O02,distance_80,166,2,,False,
O02,distance_80,167,1,,False,
O02,distance_80,167,2,,False,
O02,distance_80,168,1,,False,
O02,distance_80,168,2,6,False,
O02,distance_80,169,1,3,False,
O02,distance_80,169,2,6,False,
O02,distance_80,170,1,3,False,
O02,distance_80,170,2,,False,
O02,distance_80,171,1,3,False,
O02,distance_80,171,2,6,False,
O02,distance_80,172,1,3,False,
O02,distance_80,172,2,6,False,
O02,distance_80,173,1,3,False,
O02,distance_80,173,2,6,False,
O02,distance_80,174,1,3,False,
O02,distance_80,174,2,6,False,
O02,distance_80,175,1,3,False,
O02,distance_80,175,2,9,False,
O02,distance_80,176,1,3,False,
O02,distance_80,176,2,9,False,
O02,distance_80,177,1,3,False,
O02,distance_80,177,2,9,False,
O02,distance_80,178,1,3,False,
O02,distance_80,178,2,9,False,
O02,distance_80,179,1,3,False,
O02,distance_80,179,2,9,False,
O02,distance_80,180,1,3,False,
O02,distance_80,180,2,9,False,
O02,distance_80,181,1,3,False,
O02,distance_80,181,2,9,False,
O02,distance_80,182,1,3,False,
O02,distance_80,182,2,,False,
O02,distance_80,183,1,3,False,
O02,distance_80,183,2,,False,
O02,distance_80,184,1,,False,
O02,distance_80,184,2,12,False,
O02,distance_80,185,1,,False,
O02,distance_80,185,2,12,False,
O02,distance_80,186,1,,False,
O02,distance_80,186,2,12,False,
O02,distance_80,187,1,,False,
O02,distance_80,187,2,12,False,
O02,distance_80,188,1,,False,
O02,distance_80,188,2,12,False,
O02,distance_80,189,1,,False,
O02,distance_80,189,2,6,False,
O02,distance_80,190,1,,False,
O02,distance_80,190,2,6,False,
O02,distance_80,191,1,,False,
O02,distance_80,191,2,6,False,
O02,distance_80,192,1,,False,
O02,distance_80,192,2,6,False,
O02,distance_80,193,1,,False,
O02,distance_80,193,2,6,False,
O02,distance_80,194,1,,False,
O02,distance_80,194,2,6,False,
O02,distance_80,195,1,,False,
O02,distance_80,195,2,6,False,
O02,distance_80,196,1,,False,
O02,distance_80,196,2,,False,
O02,distance_80,197,1,3,False,
O02,distance_80,197,2,,False,
O02,distance_80,198,1,3,False,
O02,distance_80,198,2,,False,
O02,distance_80,199,1,3,False,
O02,distance_80,199,2,,False,
O02,distance_80,200,1,3,False,
O02,distance_80,200,2,,False,
O02,distance_80,201,1,3,False,
O02,distance_80,201,2,,False,
O02,distance_80,202,1,3,False,
O02,distance_80,202,2,,False,
O02,distance_80,203,1,3,False,
O02,distance_80,203,2,,False,
O02,distance_80,204,1,3,False,
O02,distance_80,204,2,,False,
O02,distance_80,205,1,3,False,
O02,distance_80,205,2,,False,
O02,distance_80,206,1,3,False,
O02,distance_80,206,2,,False,
O02,distance_80,207,1,3,False,
O02,distance_80,207,2,,False,
O02,distance_80,208,1,3,False,
O02,distance_80,208,2,,False,
O02,distance_80,209,1,,False,
O02,distance_80,209,2,,False,
O02,distance_80,210,1,,False,
O02,distance_80,210,2,,False,
O02,distance_80,211,1,,False,
O02,distance_80,211,2,,False,
O02,distance_80,212,1,,False,
O02,distance_80,212,2,,False,
O02,distance_80,213,1,,False,
O02,distance_80,213,2,,False,
O02,distance_80,214,1,,False,
O02,distance_80,214,2,,False,
O02,distance_80,215,1,,False,
O02,distance_80,215,2,,False,
O02,distance_80,216,1,,False,
O02,distance_80,216,2,,False,
O02,distance_80,217,1,,False,
O02,distance_80,217,2,,False,
O02,distance_80,218,1,,False,
O02,distance_80,218,2,,False,
O02,distance_80,219,1,,False,
O02,distance_80,219,2,,False,
O02,distance_80,220,1,,False,
O02,distance_80,220,2,,False,
O02,distance_80,221,1,,False,
O02,distance_80,221,2,,False,
O02,distance_80,222,1,,False,
O02,distance_80,222,2,,False,
O02,distance_80,223,1,3,False,
O02,distance_80,223,2,,False,
O02,distance_80,224,1,3,False,
O02,distance_80,224,2,,False,
O03,distance_80,25,1,,False,
O03,distance_80,25,2,1,False,
O03,distance_80,26,1,,False,
O03,distance_80,26,2,1,False,
O03,distance_80,27,1,,False,
O03,distance_80,27,2,1,False,
O03,distance_80,28,1,,False,
O03,distance_80,28,2,,False,
O03,distance_80,29,1,,False,
O03,distance_80,29,2,1,False,
O03,distance_80,30,1,,False,
O03,distance_80,30,2,1,False,
O03,distance_80,31,1,,False,
O03,distance_80,31,2,2,False,
O03,distance_80,32,1,,False,
O03,distance_80,32,2,2,False,
O03,distance_80,33,1,,False,
O03,distance_80,33,2,1,False,
O03,distance_80,34,1,,False,
O03,distance_80,34,2,1,False,
O03,distance_80,35,1,,False,
O03,distance_80,35,2,1,False,
O03,distance_80,36,1,,False,
O03,distance_80,36,2,1,False,
O03,distance_80,37,1,,False,
O03,distance_80,37,2,,False,
O03,distance_80,38,1,,False,
O03,distance_80,38,2,,False,
O03,distance_80,39,1,,False,
O03,distance_80,39,2,,False,
O03,distance_80,40,1,,False,
O03,distance_80,40,2,,False,
O03,distance_80,41,1,,False,
O03,distance_80,41,2,,False,
O03,distance_80,42,1,,False,
O03,distance_80,42,2,,False,
O03,distance_80,43,1,,False,
O03,distance_80,43,2,1,False,
O03,distance_80,44,1,,False,
O03,distance_80,44,2,2,False,
O03,distance_80,45,1,,False,
O03,distance_80,45,2,1,False,
O03,distance_80,46,1,,False,
O03,distance_80,46,2,1,False,
O03,distance_80,47,1,,False,
O03,distance_80,47,2,1,False,
O03,distance_80,48,1,,False,
O03,distance_80,48,2,1,False,
O03,distance_80,49,1,,False,
O03,distance_80,49,2,,False,
O03,distance_80,50,1,,False,
O03,distance_80,50,2,1,False,
O03,distance_80,51,1,,False,
O03,distance_80,51,2,,False,
O03,distance_80,52,1,,False,
O03,distance_80,52,2,,False,
O03,distance_80,53,1,,False,
O03,distance_80,53,2,,False,
O03,distance_80,54,1,,False,
O03,distance_80,54,2,,False,
O03,distance_80,55,1,,False,
O03,distance_80,55,2,,False,
O03,distance_80,56,1,,False,
O03,distance_80,56,2,,False,
O03,distance_80,57,1,,False,
O03,distance_80,57,2,,False,
O03,distance_80,58,1,,False,
O03,distance_80,58,2,,False,
O03,distance_80,59,1,,False,
O03,distance_80,59,2,,False,
O03,distance_80,60,1,,False,
O03,distance_80,60,2,,False,
O03,distance_80,61,1,,False,
O03,distance_80,61,2,,False,
O03,distance_80,62,1,,False,
O03,distance_80,62,2,,False,
O03,distance_80,63,1,,False,
O03,distance_80,63,2,,False,
O03,distance_80,64,1,,False,
O03,distance_80,64,2,,False,
O03,distance_80,65,1,,False,
O03,distance_80,65,2,,False,
O03,distance_80,66,1,,False,
O03,distance_80,66,2,,False,
O03,distance_80,67,1,,False,
O03,distance_80,67,2,,False,
O03,distance_80,68,1,,False,
O03,distance_80,68,2,,False,
O03,distance_80,69,1,,False,
O03,distance_80,69,2,,False,
O03,distance_80,70,1,,False,
O03,distance_80,70,2,,False,
O03,distance_80,71,1,,False,
O03,distance_80,71,2,,False,
O03,distance_80,72,1,,False,
O03,distance_80,72,2,,False,
O03,distance_80,73,1,,False,
O03,distance_80,73,2,,False,
O03,distance_80,74,1,,False,
O03,distance_80,74,2,,False,
O03,distance_80,75,1,,False,
O03,distance_80,75,2,,False,
O03,distance_80,76,1,,False,
O03,distance_80,76,2,,False,
O03,distance_80,77,1,,False,
O03,distance_80,77,2,,False,
O03,distance_80,78,1,,False,
O03,distance_80,78,2,,False,
O03,distance_80,79,1,,False,
O03,distance_80,79,2,,False,
O03,distance_80,80,1,,False,
O03,distance_80,80,2,,False,
O03,distance_80,81,1,,False,
O03,distance_80,81,2,,False,
O03,distance_80,82,1,,False,
O03,distance_80,82,2,,False,
O03,distance_80,83,1,,False,
O03,distance_80,83,2,,False,
O03,distance_80,84,1,,False,
O03,distance_80,84,2,,False,
O03,distance_80,85,1,,False,
O03,distance_80,85,2,,False,
O03,distance_80,86,1,,False,
O03,distance_80,86,2,,False,
O03,distance_80,87,1,,False,
O03,distance_80,87,2,,False,
O03,distance_80,88,1,,False,
O03,distance_80,88,2,,False,
O03,distance_80,89,1,,False,
O03,distance_80,89,2,,False,
O03,distance_80,90,1,,False,
O03,distance_80,90,2,,False,
O03,distance_80,91,1,,False,
O03,distance_80,91,2,,False,
O03,distance_80,92,1,,False,
O03,distance_80,92,2,,False,
O03,distance_80,93,1,,False,
O03,distance_80,93,2,,False,
O03,distance_80,94,1,,False,
O03,distance_80,94,2,,False,
O03,distance_80,95,1,,False,
O03,distance_80,95,2,,False,
O03,distance_80,96,1,,False,
O03,distance_80,96,2,,False,
O03,distance_80,97,1,,False,
O03,distance_80,97,2,,False,
O03,distance_80,98,1,,False,
O03,distance_80,98,2,,False,
O03,distance_80,99,1,,True,candidate_occlusion
O03,distance_80,99,2,,True,candidate_occlusion
O03,distance_80,100,1,,True,candidate_occlusion
O03,distance_80,100,2,,True,candidate_occlusion
O03,distance_80,101,1,,True,candidate_occlusion
O03,distance_80,101,2,,True,candidate_occlusion
O03,distance_80,102,1,,True,candidate_occlusion
O03,distance_80,102,2,,True,candidate_occlusion
O03,distance_80,103,1,,True,candidate_occlusion
O03,distance_80,103,2,,True,candidate_occlusion
O03,distance_80,104,1,,True,candidate_occlusion
O03,distance_80,104,2,,True,candidate_occlusion
O03,distance_80,105,1,,True,candidate_occlusion
O03,distance_80,105,2,,True,candidate_occlusion
O03,distance_80,106,1,,True,candidate_occlusion
O03,distance_80,106,2,,True,candidate_occlusion
O03,distance_80,107,1,,True,candidate_occlusion
O03,distance_80,107,2,,True,candidate_occlusion
O03,distance_80,108,1,,True,candidate_occlusion
O03,distance_80,108,2,,True,candidate_occlusion
O03,distance_80,109,1,,True,candidate_occlusion
O03,distance_80,109,2,,True,candidate_occlusion
O03,distance_80,110,1,,True,candidate_occlusion
O03,distance_80,110,2,,True,candidate_occlusion
O03,distance_80,111,1,,True,candidate_occlusion
O03,distance_80,111,2,,True,candidate_occlusion
O03,distance_80,112,1,,True,candidate_occlusion
O03,distance_80,112,2,,True,candidate_occlusion
O03,distance_80,113,1,,True,candidate_occlusion
O03,distance_80,113,2,,True,candidate_occlusion
O03,distance_80,114,1,,True,candidate_occlusion
O03,distance_80,114,2,,True,candidate_occlusion
O03,distance_80,115,1,,True,candidate_occlusion
O03,distance_80,115,2,,True,candidate_occlusion
O03,distance_80,116,1,,True,candidate_occlusion
O03,distance_80,116,2,,True,candidate_occlusion
O03,distance_80,117,1,,True,candidate_occlusion
O03,distance_80,117,2,,True,candidate_occlusion
O03,distance_80,118,1,,True,candidate_occlusion
O03,distance_80,118,2,,True,candidate_occlusion
O03,distance_80,119,1,,True,candidate_occlusion
O03,distance_80,119,2,,True,candidate_occlusion
O03,distance_80,120,1,,True,candidate_occlusion
O03,distance_80,120,2,,True,candidate_occlusion
O03,distance_80,121,1,,True,candidate_occlusion
O03,distance_80,121,2,,True,candidate_occlusion
O03,distance_80,122,1,,True,candidate_occlusion
O03,distance_80,122,2,,True,candidate_occlusion
O03,distance_80,123,1,,True,candidate_occlusion
O03,distance_80,123,2,,True,candidate_occlusion
O03,distance_80,124,1,,True,candidate_occlusion
O03,distance_80,124,2,,True,candidate_occlusion
O03,distance_80,125,1,,True,candidate_occlusion
O03,distance_80,125,2,,True,candidate_occlusion
O03,distance_80,126,1,,True,candidate_occlusion
O03,distance_80,126,2,,True,candidate_occlusion
O03,distance_80,127,1,,True,candidate_occlusion
O03,distance_80,127,2,,True,candidate_occlusion
O03,distance_80,128,1,,True,candidate_occlusion
O03,distance_80,128,2,,True,candidate_occlusion
O03,distance_80,129,1,,True,candidate_occlusion
O03,distance_80,129,2,,True,candidate_occlusion
O03,distance_80,130,1,,True,candidate_occlusion
O03,distance_80,130,2,,True,candidate_occlusion
O03,distance_80,131,1,,True,candidate_occlusion
O03,distance_80,131,2,,True,candidate_occlusion
O03,distance_80,132,1,,True,candidate_occlusion
O03,distance_80,132,2,,True,candidate_occlusion
O03,distance_80,133,1,,True,candidate_occlusion
O03,distance_80,133,2,,True,candidate_occlusion
O03,distance_80,134,1,,True,candidate_occlusion
O03,distance_80,134,2,,True,candidate_occlusion
O03,distance_80,135,1,,True,candidate_occlusion
O03,distance_80,135,2,,True,candidate_occlusion
O03,distance_80,136,1,,True,candidate_occlusion
O03,distance_80,136,2,,True,candidate_occlusion
O03,distance_80,137,1,,True,candidate_occlusion
O03,distance_80,137,2,,True,candidate_occlusion
O03,distance_80,138,1,,False,
O03,distance_80,138,2,,False,
O03,distance_80,139,1,,False,
O03,distance_80,139,2,,False,
O03,distance_80,140,1,,False,
O03,distance_80,140,2,,False,
O03,distance_80,141,1,3,False,
O03,distance_80,141,2,,False,
O03,distance_80,142,1,,False,
O03,distance_80,142,2,,False,
O03,distance_80,143,1,,False,
O03,distance_80,143,2,,False,
O03,distance_80,144,1,,False,
O03,distance_80,144,2,,False,
O03,distance_80,145,1,,False,
O03,distance_80,145,2,,False,
O03,distance_80,146,1,3,False,
O03,distance_80,146,2,,False,
O03,distance_80,147,1,3,False,
O03,distance_80,147,2,4,False,
O03,distance_80,148,1,3,False,
O03,distance_80,148,2,,False,
O03,distance_80,149,1,3,False,
O03,distance_80,149,2,,False,
O03,distance_80,150,1,3,False,
O03,distance_80,150,2,,False,
O03,distance_80,151,1,3,False,
O03,distance_80,151,2,,False,
O03,distance_80,152,1,3,False,
O03,distance_80,152,2,,False,
O03,distance_80,153,1,3,False,
O03,distance_80,153,2,,False,
O03,distance_80,154,1,3,False,
O03,distance_80,154,2,,False,
O03,distance_80,155,1,3,False,
O03,distance_80,155,2,,False,
O03,distance_80,156,1,3,False,
O03,distance_80,156,2,,False,
O03,distance_80,157,1,3,False,
O03,distance_80,157,2,,False,
O03,distance_80,158,1,3,False,
O03,distance_80,158,2,,False,
O03,distance_80,159,1,3,False,
O03,distance_80,159,2,4,False,
O03,distance_80,160,1,3,False,
O03,distance_80,160,2,4,False,
O03,distance_80,161,1,3,False,
O03,distance_80,161,2,4,False,
O03,distance_80,162,1,3,False,
O03,distance_80,162,2,,False,
O03,distance_80,163,1,3,False,
O03,distance_80,163,2,,False,
O03,distance_80,164,1,3,False,
O03,distance_80,164,2,,False,
O03,distance_80,165,1,3,False,
O03,distance_80,165,2,,False,
O03,distance_80,166,1,3,False,
O03,distance_80,166,2,,False,
O03,distance_80,167,1,3,False,
O03,distance_80,167,2,,False,
O03,distance_80,168,1,3,False,
O03,distance_80,168,2,,False,
O03,distance_80,169,1,3,False,
O03,distance_80,169,2,,False,
O03,distance_80,170,1,,False,
O03,distance_80,170,2,,False,
O03,distance_80,171,1,,False,
O03,distance_80,171,2,4,False,
O03,distance_80,172,1,,False,
O03,distance_80,172,2,4,False,
O03,distance_80,173,1,,False,
O03,distance_80,173,2,4,False,
O03,distance_80,174,1,3,False,
O03,distance_80,174,2,,False,
O03,distance_80,175,1,3,False,
O03,distance_80,175,2,,False,
O03,distance_80,176,1,3,False,
O03,distance_80,176,2,,False,
O03,distance_80,177,1,3,False,
O03,distance_80,177,2,4,False,
O03,distance_80,178,1,3,False,
O03,distance_80,178,2,4,False,
O03,distance_80,179,1,3,False,
O03,distance_80,179,2,,False,
O03,distance_80,180,1,3,False,
O03,distance_80,180,2,,False,
O03,distance_80,181,1,3,False,
O03,distance_80,181,2,4,False,
O03,distance_80,182,1,3,False,
O03,distance_80,182,2,,False,
O03,distance_80,183,1,3,False,
O03,distance_80,183,2,4,False,
O03,distance_80,184,1,3,False,
O03,distance_80,184,2,4,False,
O03,distance_80,185,1,,False,
O03,distance_80,185,2,4,False,
O03,distance_80,186,1,,False,
O03,distance_80,186,2,4,False,
O03,distance_80,187,1,,False,
O03,distance_80,187,2,4,False,
O03,distance_80,188,1,,False,
O03,distance_80,188,2,4,False,
O03,distance_80,189,1,,False,
O03,distance_80,189,2,4,False,
O03,distance_80,190,1,,False,
O03,distance_80,190,2,4,False,
O03,distance_80,191,1,,False,
O03,distance_80,191,2,4,False,
O03,distance_80,192,1,,False,
O03,distance_80,192,2,4,False,
O03,distance_80,193,1,,False,
O03,distance_80,193,2,4,False,
O03,distance_80,194,1,,False,
O03,distance_80,194,2,4,False,
O03,distance_80,195,1,,False,
O03,distance_80,195,2,4,False,
O03,distance_80,196,1,,False,
O03,distance_80,196,2,4,False,
O03,distance_80,197,1,,False,
O03,distance_80,197,2,4,False,
O03,distance_80,198,1,,False,
O03,distance_80,198,2,4,False,
O03,distance_80,199,1,,False,
O03,distance_80,199,2,4,False,
O03,distance_80,200,1,,False,
O03,distance_80,200,2,4,False,
O03,distance_80,201,1,,False,
O03,distance_80,201,2,4,False,
O03,distance_80,202,1,,False,
O03,distance_80,202,2,4,False,
O03,distance_80,203,1,,False,
O03,distance_80,203,2,4,False,
O03,distance_80,204,1,,False,
O03,distance_80,204,2,,False,
O03,distance_80,205,1,,False,
O03,distance_80,205,2,,False,
O03,distance_80,206,1,,False,
O03,distance_80,206,2,,False,
O03,distance_80,207,1,,False,
O03,distance_80,207,2,,False,
O03,distance_80,208,1,,False,
O03,distance_80,208,2,,False,
O03,distance_80,209,1,,False,
O03,distance_80,209,2,,False,
O03,distance_80,210,1,4,False,
O03,distance_80,210,2,,False,
O03,distance_80,211,1,,False,
O03,distance_80,211,2,,False,
O03,distance_80,212,1,,False,
O03,distance_80,212,2,,False,
O03,distance_80,213,1,,False,
O03,distance_80,213,2,,False,
O03,distance_80,214,1,,False,
O03,distance_80,214,2,,False,
O03,distance_80,215,1,,False,
O03,distance_80,215,2,,False,
O03,distance_80,216,1,4,False,
O03,distance_80,216,2,,False,
O03,distance_80,217,1,,False,
O03,distance_80,217,2,,False,
O03,distance_80,218,1,,False,
O03,distance_80,218,2,,False,
O03,distance_80,219,1,4,False,
O03,distance_80,219,2,,False,
O03,distance_80,220,1,4,False,
O03,distance_80,220,2,,False,
O03,distance_80,221,1,,False,
O03,distance_80,221,2,,False,
O03,distance_80,222,1,,False,
O03,distance_80,222,2,,False,
O03,distance_80,223,1,,False,
O03,distance_80,223,2,,False,
O03,distance_80,224,1,,False,
O03,distance_80,224,2,,False,
O04,distance_80,25,6,1,False,
O04,distance_80,25,7,,False,
O04,distance_80,26,6,1,False,
O04,distance_80,26,7,,False,
O04,distance_80,27,6,1,False,
O04,distance_80,27,7,,False,
O04,distance_80,28,6,1,False,
O04,distance_80,28,7,,False,
O04,distance_80,29,6,1,False,
O04,distance_80,29,7,,False,
O04,distance_80,30,6,1,False,
O04,distance_80,30,7,,False,
O04,distance_80,31,6,1,False,
O04,distance_80,31,7,,False,
O04,distance_80,32,6,1,False,
O04,distance_80,32,7,,False,
O04,distance_80,33,6,1,False,
O04,distance_80,33,7,,False,
O04,distance_80,34,6,1,False,
O04,distance_80,34,7,,False,
O04,distance_80,35,6,1,False,
O04,distance_80,35,7,,False,
O04,distance_80,36,6,1,False,
O04,distance_80,36,7,,False,
O04,distance_80,37,6,1,False,
O04,distance_80,37,7,,False,
O04,distance_80,38,6,1,False,
O04,distance_80,38,7,,False,
O04,distance_80,39,6,1,False,
O04,distance_80,39,7,,False,
O04,distance_80,40,6,1,False,
O04,distance_80,40,7,,False,
O04,distance_80,41,6,1,False,
O04,distance_80,41,7,,False,
O04,distance_80,42,6,1,False,
O04,distance_80,42,7,,False,
O04,distance_80,43,6,1,False,
O04,distance_80,43,7,,False,
O04,distance_80,44,6,1,False,
O04,distance_80,44,7,,False,
O04,distance_80,45,6,1,False,
O04,distance_80,45,7,,False,
O04,distance_80,46,6,1,False,
O04,distance_80,46,7,,False,
O04,distance_80,47,6,1,False,
O04,distance_80,47,7,,False,
O04,distance_80,48,6,1,False,
O04,distance_80,48,7,,False,
O04,distance_80,49,6,1,False,
O04,distance_80,49,7,,False,
O04,distance_80,50,6,1,False,
O04,distance_80,50,7,,False,
O04,distance_80,51,6,1,False,
O04,distance_80,51,7,,False,
O04,distance_80,52,6,1,False,
O04,distance_80,52,7,,False,
O04,distance_80,53,6,1,False,
O04,distance_80,53,7,,False,
O04,distance_80,54,6,1,False,
O04,distance_80,54,7,,False,
O04,distance_80,55,6,1,False,
O04,distance_80,55,7,,False,
O04,distance_80,56,6,1,False,
O04,distance_80,56,7,,False,
O04,distance_80,57,6,1,False,
O04,distance_80,57,7,,False,
O04,distance_80,58,6,1,False,
O04,distance_80,58,7,,False,
O04,distance_80,59,6,1,False,
O04,distance_80,59,7,,False,
O04,distance_80,60,6,1,False,
O04,distance_80,60,7,,False,
O04,distance_80,61,6,1,False,
O04,distance_80,61,7,,False,
O04,distance_80,62,6,1,False,
O04,distance_80,62,7,,False,
O04,distance_80,63,6,1,False,
O04,distance_80,63,7,,False,
O04,distance_80,64,6,1,False,
O04,distance_80,64,7,,False,
O04,distance_80,65,6,1,False,
O04,distance_80,65,7,,False,
O04,distance_80,66,6,1,False,
O04,distance_80,66,7,,False,
O04,distance_80,67,6,1,False,
O04,distance_80,67,7,,False,
O04,distance_80,68,6,1,False,
O04,distance_80,68,7,,False,
O04,distance_80,69,6,1,False,
O04,distance_80,69,7,,False,
O04,distance_80,70,6,1,False,
O04,distance_80,70,7,,False,
O04,distance_80,71,6,1,False,
O04,distance_80,71,7,,False,
O04,distance_80,72,6,1,False,
O04,distance_80,72,7,,False,
O04,distance_80,73,6,1,False,
O04,distance_80,73,7,,False,
O04,distance_80,74,6,1,False,
O04,distance_80,74,7,,False,
O04,distance_80,75,6,1,False,
O04,distance_80,75,7,,False,
O04,distance_80,76,6,1,False,
O04,distance_80,76,7,,False,
O04,distance_80,77,6,1,False,
O04,distance_80,77,7,,False,
O04,distance_80,78,6,1,False,
O04,distance_80,78,7,,False,
O04,distance_80,79,6,1,False,
O04,distance_80,79,7,,False,
O04,distance_80,80,6,1,False,
O04,distance_80,80,7,,False,
O04,distance_80,81,6,1,False,
O04,distance_80,81,7,,False,
O04,distance_80,82,6,1,False,
O04,distance_80,82,7,,False,
O04,distance_80,83,6,1,False,
O04,distance_80,83,7,,False,
O04,distance_80,84,6,1,False,
O04,distance_80,84,7,,False,
O04,distance_80,85,6,1,False,
O04,distance_80,85,7,,False,
O04,distance_80,86,6,1,False,
O04,distance_80,86,7,,False,
O04,distance_80,87,6,1,False,
O04,distance_80,87,7,,False,
O04,distance_80,88,6,1,False,
O04,distance_80,88,7,,False,
O04,distance_80,89,6,,False,
O04,distance_80,89,7,1,False,
O04,distance_80,90,6,,False,
O04,distance_80,90,7,1,False,
O04,distance_80,91,6,,False,
O04,distance_80,91,7,1,False,
O04,distance_80,92,6,,False,
O04,distance_80,92,7,1,False,
O04,distance_80,93,6,,False,
O04,distance_80,93,7,1,False,
O04,distance_80,94,6,,False,
O04,distance_80,94,7,1,False,
O04,distance_80,95,6,1,False,
O04,distance_80,95,7,,False,
O04,distance_80,96,6,1,True,candidate_occlusion
O04,distance_80,96,7,,True,candidate_occlusion
O04,distance_80,97,6,,True,candidate_occlusion
O04,distance_80,97,7,,True,candidate_occlusion
O04,distance_80,98,6,,True,candidate_occlusion
O04,distance_80,98,7,,True,candidate_occlusion
O04,distance_80,99,6,,True,candidate_occlusion
O04,distance_80,99,7,,True,candidate_occlusion
O04,distance_80,100,6,,True,candidate_occlusion
O04,distance_80,100,7,,True,candidate_occlusion
O04,distance_80,101,6,,True,candidate_occlusion
O04,distance_80,101,7,,True,candidate_occlusion
O04,distance_80,102,6,,True,candidate_occlusion
O04,distance_80,102,7,,True,candidate_occlusion
O04,distance_80,103,6,,True,candidate_occlusion
O04,distance_80,103,7,,True,candidate_occlusion
O04,distance_80,104,6,,True,candidate_occlusion
O04,distance_80,104,7,,True,candidate_occlusion
O04,distance_80,105,6,,True,candidate_occlusion
O04,distance_80,105,7,,True,candidate_occlusion
O04,distance_80,106,6,,True,candidate_occlusion
O04,distance_80,106,7,,True,candidate_occlusion
O04,distance_80,107,6,,True,candidate_occlusion
O04,distance_80,107,7,,True,candidate_occlusion
O04,distance_80,108,6,,True,candidate_occlusion
O04,distance_80,108,7,,True,candidate_occlusion
O04,distance_80,109,6,,True,candidate_occlusion
O04,distance_80,109,7,,True,candidate_occlusion
O04,distance_80,110,6,,True,candidate_occlusion
O04,distance_80,110,7,,True,candidate_occlusion
O04,distance_80,111,6,,True,candidate_occlusion
O04,distance_80,111,7,,True,candidate_occlusion
O04,distance_80,112,6,,True,candidate_occlusion
O04,distance_80,112,7,,True,candidate_occlusion
O04,distance_80,113,6,,True,candidate_occlusion
O04,distance_80,113,7,,True,candidate_occlusion
O04,distance_80,114,6,,True,candidate_occlusion
O04,distance_80,114,7,,True,candidate_occlusion
O04,distance_80,115,6,,True,candidate_occlusion
O04,distance_80,115,7,,True,candidate_occlusion
O04,distance_80,116,6,,True,candidate_occlusion
O04,distance_80,116,7,,True,candidate_occlusion
O04,distance_80,117,6,,True,candidate_occlusion
O04,distance_80,117,7,,True,candidate_occlusion
O04,distance_80,118,6,,True,candidate_occlusion
O04,distance_80,118,7,,True,candidate_occlusion
O04,distance_80,119,6,,True,candidate_occlusion
O04,distance_80,119,7,,True,candidate_occlusion
O04,distance_80,120,6,,True,candidate_occlusion
O04,distance_80,120,7,,True,candidate_occlusion
O04,distance_80,121,6,,True,candidate_occlusion
O04,distance_80,121,7,,True,candidate_occlusion
O04,distance_80,122,6,,True,candidate_occlusion
O04,distance_80,122,7,,True,candidate_occlusion
O04,distance_80,123,6,,True,candidate_occlusion
O04,distance_80,123,7,,True,candidate_occlusion
O04,distance_80,124,6,,True,candidate_occlusion
O04,distance_80,124,7,,True,candidate_occlusion
O04,distance_80,125,6,,True,candidate_occlusion
O04,distance_80,125,7,,True,candidate_occlusion
O04,distance_80,126,6,,True,candidate_occlusion
O04,distance_80,126,7,,True,candidate_occlusion
O04,distance_80,127,6,,False,
O04,distance_80,127,7,,False,
O04,distance_80,128,6,2,False,
O04,distance_80,128,7,,False,
O04,distance_80,129,6,,False,
O04,distance_80,129,7,,False,
O04,distance_80,130,6,,False,
O04,distance_80,130,7,,False,
O04,distance_80,131,6,,False,
O04,distance_80,131,7,,False,
O04,distance_80,132,6,,False,
O04,distance_80,132,7,,False,
O04,distance_80,133,6,,False,
O04,distance_80,133,7,,False,
O04,distance_80,134,6,,False,
O04,distance_80,134,7,,False,
O04,distance_80,135,6,,False,
O04,distance_80,135,7,,False,
O04,distance_80,136,6,,False,
O04,distance_80,136,7,,False,
O04,distance_80,137,6,,False,
O04,distance_80,137,7,,False,
O04,distance_80,138,6,,False,
O04,distance_80,138,7,,False,
O04,distance_80,139,6,,False,
O04,distance_80,139,7,,False,
O04,distance_80,140,6,,False,
O04,distance_80,140,7,,False,
O04,distance_80,141,6,,False,
O04,distance_80,141,7,,False,
O04,distance_80,142,6,,False,
O04,distance_80,142,7,,False,
O04,distance_80,143,6,,False,
O04,distance_80,143,7,,False,
O04,distance_80,144,6,,False,
O04,distance_80,144,7,,False,
O04,distance_80,145,6,,False,
O04,distance_80,145,7,,False,
O04,distance_80,146,6,,False,
O04,distance_80,146,7,,False,
O04,distance_80,147,6,,False,
O04,distance_80,147,7,,False,
O04,distance_80,148,6,3,False,
O04,distance_80,148,7,,False,
O04,distance_80,149,6,3,False,
O04,distance_80,149,7,,False,
O04,distance_80,150,6,3,False,
O04,distance_80,150,7,,False,
O04,distance_80,151,6,3,False,
O04,distance_80,151,7,,False,
O04,distance_80,152,6,3,False,
O04,distance_80,152,7,,False,
O04,distance_80,153,6,3,False,
O04,distance_80,153,7,,False,
O04,distance_80,154,6,3,False,
O04,distance_80,154,7,,False,
O04,distance_80,155,6,3,False,
O04,distance_80,155,7,,False,
O04,distance_80,156,6,3,False,
O04,distance_80,156,7,,False,
O04,distance_80,157,6,3,False,
O04,distance_80,157,7,,False,
O04,distance_80,158,6,3,False,
O04,distance_80,158,7,4,False,
O04,distance_80,159,6,3,False,
O04,distance_80,159,7,4,False,
O04,distance_80,160,6,3,False,
O04,distance_80,160,7,4,False,
O04,distance_80,161,6,3,False,
O04,distance_80,161,7,4,False,
O04,distance_80,162,6,3,False,
O04,distance_80,162,7,4,False,
O04,distance_80,163,6,3,False,
O04,distance_80,163,7,4,False,
O04,distance_80,164,6,3,False,
O04,distance_80,164,7,4,False,
O04,distance_80,165,6,3,False,
O04,distance_80,165,7,4,False,
O04,distance_80,166,6,3,False,
O04,distance_80,166,7,4,False,
O04,distance_80,167,6,3,False,
O04,distance_80,167,7,4,False,
O04,distance_80,168,6,3,False,
O04,distance_80,168,7,4,False,
O04,distance_80,169,6,3,False,
O04,distance_80,169,7,4,False,
O04,distance_80,170,6,3,False,
O04,distance_80,170,7,4,False,
O04,distance_80,171,6,3,False,
O04,distance_80,171,7,4,False,
O04,distance_80,172,6,3,False,
O04,distance_80,172,7,4,False,
O04,distance_80,173,6,3,False,
O04,distance_80,173,7,4,False,
O04,distance_80,174,6,3,False,
O04,distance_80,174,7,4,False,
O04,distance_80,175,6,3,False,
O04,distance_80,175,7,4,False,
O04,distance_80,176,6,3,False,
O04,distance_80,176,7,4,False,
O04,distance_80,177,6,3,False,
O04,distance_80,177,7,4,False,
O04,distance_80,178,6,3,False,
O04,distance_80,178,7,4,False,
O04,distance_80,179,6,3,False,
O04,distance_80,179,7,4,False,
O04,distance_80,180,6,3,False,
O04,distance_80,180,7,,False,
O04,distance_80,181,6,3,False,
O04,distance_80,181,7,4,False,
O04,distance_80,182,6,3,False,
O04,distance_80,182,7,4,False,
O04,distance_80,183,6,3,False,
O04,distance_80,183,7,4,False,
O04,distance_80,184,6,3,False,
O04,distance_80,184,7,,False,
O04,distance_80,185,6,3,False,
O04,distance_80,185,7,,False,
O04,distance_80,186,6,3,False,
O04,distance_80,186,7,4,False,
O04,distance_80,187,6,3,False,
O04,distance_80,187,7,,False,
O04,distance_80,188,6,3,False,
O04,distance_80,188,7,,False,
O04,distance_80,189,6,3,False,
O04,distance_80,189,7,,False,
O04,distance_80,190,6,3,False,
O04,distance_80,190,7,,False,
O04,distance_80,191,6,3,False,
O04,distance_80,191,7,,False,
O04,distance_80,192,6,3,False,
O04,distance_80,192,7,,False,
O04,distance_80,193,6,3,False,
O04,distance_80,193,7,,False,
O04,distance_80,194,6,3,False,
O04,distance_80,194,7,,False,
O04,distance_80,195,6,3,False,
O04,distance_80,195,7,,False,
O04,distance_80,196,6,3,False,
O04,distance_80,196,7,,False,
O04,distance_80,197,6,3,False,
O04,distance_80,197,7,,False,
O04,distance_80,198,6,3,False,
O04,distance_80,198,7,,False,
O04,distance_80,199,6,3,False,
O04,distance_80,199,7,,False,
O04,distance_80,200,6,3,False,
O04,distance_80,200,7,,False,
O04,distance_80,201,6,3,False,
O04,distance_80,201,7,,False,
O04,distance_80,202,6,3,False,
O04,distance_80,202,7,,False,
O04,distance_80,203,6,3,False,
O04,distance_80,203,7,,False,
O04,distance_80,204,6,3,False,
O04,distance_80,204,7,,False,
O04,distance_80,205,6,3,False,
O04,distance_80,205,7,,False,
O04,distance_80,206,6,3,False,
O04,distance_80,206,7,,False,
O04,distance_80,207,6,3,False,
O04,distance_80,207,7,,False,
O04,distance_80,208,6,3,False,
O04,distance_80,208,7,,False,
O04,distance_80,209,6,3,False,
O04,distance_80,209,7,,False,
O04,distance_80,210,6,3,False,
O04,distance_80,210,7,,False,
O04,distance_80,211,6,3,False,
O04,distance_80,211,7,,False,
O04,distance_80,212,6,,False,
O04,distance_80,212,7,,False,
O04,distance_80,213,6,,False,
O04,distance_80,213,7,,False,
O04,distance_80,214,6,,False,
O04,distance_80,214,7,,False,
O04,distance_80,215,6,3,False,
O04,distance_80,215,7,,False,
O04,distance_80,216,6,3,False,
O04,distance_80,216,7,,False,
O04,distance_80,217,6,3,False,
O04,distance_80,217,7,,False,
O04,distance_80,218,6,3,False,
O04,distance_80,218,7,,False,
O04,distance_80,219,6,3,False,
O04,distance_80,219,7,,False,
O04,distance_80,220,6,3,False,
O04,distance_80,220,7,,False,
O04,distance_80,221,6,3,False,
O04,distance_80,221,7,,False,
O04,distance_80,222,6,3,False,
O04,distance_80,222,7,,False,
O04,distance_80,223,6,3,False,
O04,distance_80,223,7,,False,
O04,distance_80,224,6,3,False,
O04,distance_80,224,7,,False,
O05,distance_80,25,3,1,False,
O05,distance_80,25,4,,False,
O05,distance_80,26,3,1,False,
O05,distance_80,26,4,,False,
O05,distance_80,27,3,1,False,
O05,distance_80,27,4,,False,
O05,distance_80,28,3,1,False,
O05,distance_80,28,4,,False,
O05,distance_80,29,3,1,False,
O05,distance_80,29,4,,False,
O05,distance_80,30,3,1,False,
O05,distance_80,30,4,,False,
O05,distance_80,31,3,1,False,
O05,distance_80,31,4,,False,
O05,distance_80,32,3,1,False,
O05,distance_80,32,4,,False,
O05,distance_80,33,3,1,False,
O05,distance_80,33,4,,False,
O05,distance_80,34,3,1,False,
O05,distance_80,34,4,,False,
O05,distance_80,35,3,1,False,
O05,distance_80,35,4,,False,
O05,distance_80,36,3,,False,
O05,distance_80,36,4,,False,
O05,distance_80,37,3,1,False,
O05,distance_80,37,4,,False,
O05,distance_80,38,3,,False,
O05,distance_80,38,4,,False,
O05,distance_80,39,3,1,False,
O05,distance_80,39,4,,False,
O05,distance_80,40,3,1,False,
O05,distance_80,40,4,,False,
O05,distance_80,41,3,1,False,
O05,distance_80,41,4,,False,
O05,distance_80,42,3,,False,
O05,distance_80,42,4,,False,
O05,distance_80,43,3,1,False,
O05,distance_80,43,4,,False,
O05,distance_80,44,3,1,False,
O05,distance_80,44,4,,False,
O05,distance_80,45,3,1,False,
O05,distance_80,45,4,,False,
O05,distance_80,46,3,1,False,
O05,distance_80,46,4,,False,
O05,distance_80,47,3,1,False,
O05,distance_80,47,4,,False,
O05,distance_80,48,3,,False,
O05,distance_80,48,4,,False,
O05,distance_80,49,3,,False,
O05,distance_80,49,4,,False,
O05,distance_80,50,3,,True,candidate_occlusion
O05,distance_80,50,4,,True,candidate_occlusion
O05,distance_80,51,3,1,True,candidate_occlusion
O05,distance_80,51,4,,True,candidate_occlusion
O05,distance_80,52,3,1,True,candidate_occlusion
O05,distance_80,52,4,,True,candidate_occlusion
O05,distance_80,53,3,,True,candidate_occlusion
O05,distance_80,53,4,,True,candidate_occlusion
O05,distance_80,54,3,,True,candidate_occlusion
O05,distance_80,54,4,,True,candidate_occlusion
O05,distance_80,55,3,,True,candidate_occlusion
O05,distance_80,55,4,,True,candidate_occlusion
O05,distance_80,56,3,,True,candidate_occlusion
O05,distance_80,56,4,,True,candidate_occlusion
O05,distance_80,57,3,,True,candidate_occlusion
O05,distance_80,57,4,,True,candidate_occlusion
O05,distance_80,58,3,,True,candidate_occlusion
O05,distance_80,58,4,,True,candidate_occlusion
O05,distance_80,59,3,,True,candidate_occlusion
O05,distance_80,59,4,,True,candidate_occlusion
O05,distance_80,60,3,,True,candidate_occlusion
O05,distance_80,60,4,,True,candidate_occlusion
O05,distance_80,61,3,,True,candidate_occlusion
O05,distance_80,61,4,,True,candidate_occlusion
O05,distance_80,62,3,,True,candidate_occlusion
O05,distance_80,62,4,,True,candidate_occlusion
O05,distance_80,63,3,,True,candidate_occlusion
O05,distance_80,63,4,,True,candidate_occlusion
O05,distance_80,64,3,,True,candidate_occlusion
O05,distance_80,64,4,,True,candidate_occlusion
O05,distance_80,65,3,,True,candidate_occlusion
O05,distance_80,65,4,,True,candidate_occlusion
O05,distance_80,66,3,,True,candidate_occlusion
O05,distance_80,66,4,,True,candidate_occlusion
O05,distance_80,67,3,,True,candidate_occlusion
O05,distance_80,67,4,,True,candidate_occlusion
O05,distance_80,68,3,,True,candidate_occlusion
O05,distance_80,68,4,,True,candidate_occlusion
O05,distance_80,69,3,,True,candidate_occlusion
O05,distance_80,69,4,,True,candidate_occlusion
O05,distance_80,70,3,,True,candidate_occlusion
O05,distance_80,70,4,,True,candidate_occlusion
O05,distance_80,71,3,,True,candidate_occlusion
O05,distance_80,71,4,,True,candidate_occlusion
O05,distance_80,72,3,,True,candidate_occlusion
O05,distance_80,72,4,,True,candidate_occlusion
O05,distance_80,73,3,,True,candidate_occlusion
O05,distance_80,73,4,,True,candidate_occlusion
O05,distance_80,74,3,,True,candidate_occlusion
O05,distance_80,74,4,,True,candidate_occlusion
O05,distance_80,75,3,,True,candidate_occlusion
O05,distance_80,75,4,,True,candidate_occlusion
O05,distance_80,76,3,,True,candidate_occlusion
O05,distance_80,76,4,,True,candidate_occlusion
O05,distance_80,77,3,,True,candidate_occlusion
O05,distance_80,77,4,,True,candidate_occlusion
O05,distance_80,78,3,,True,candidate_occlusion
O05,distance_80,78,4,,True,candidate_occlusion
O05,distance_80,79,3,,True,candidate_occlusion
O05,distance_80,79,4,,True,candidate_occlusion
O05,distance_80,80,3,,True,candidate_occlusion
O05,distance_80,80,4,,True,candidate_occlusion
O05,distance_80,81,3,,True,candidate_occlusion
O05,distance_80,81,4,,True,candidate_occlusion
O05,distance_80,82,3,,True,candidate_occlusion
O05,distance_80,82,4,,True,candidate_occlusion
O05,distance_80,83,3,,True,candidate_occlusion
O05,distance_80,83,4,,True,candidate_occlusion
O05,distance_80,84,3,,True,candidate_occlusion
O05,distance_80,84,4,,True,candidate_occlusion
O05,distance_80,85,3,,True,candidate_occlusion
O05,distance_80,85,4,,True,candidate_occlusion
O05,distance_80,86,3,,True,candidate_occlusion
O05,distance_80,86,4,,True,candidate_occlusion
O05,distance_80,87,3,,True,candidate_occlusion
O05,distance_80,87,4,,True,candidate_occlusion
O05,distance_80,88,3,,True,candidate_occlusion
O05,distance_80,88,4,,True,candidate_occlusion
O05,distance_80,89,3,,True,candidate_occlusion
O05,distance_80,89,4,,True,candidate_occlusion
O05,distance_80,90,3,,True,candidate_occlusion
O05,distance_80,90,4,,True,candidate_occlusion
O05,distance_80,91,3,,True,candidate_occlusion
O05,distance_80,91,4,,True,candidate_occlusion
O05,distance_80,92,3,,True,candidate_occlusion
O05,distance_80,92,4,,True,candidate_occlusion
O05,distance_80,93,3,,True,candidate_occlusion
O05,distance_80,93,4,,True,candidate_occlusion
O05,distance_80,94,3,,True,candidate_occlusion
O05,distance_80,94,4,,True,candidate_occlusion
O05,distance_80,95,3,,True,candidate_occlusion
O05,distance_80,95,4,,True,candidate_occlusion
O05,distance_80,96,3,,True,candidate_occlusion
O05,distance_80,96,4,,True,candidate_occlusion
O05,distance_80,97,3,,True,candidate_occlusion
O05,distance_80,97,4,,True,candidate_occlusion
O05,distance_80,98,3,,True,candidate_occlusion
O05,distance_80,98,4,,True,candidate_occlusion
O05,distance_80,99,3,,True,candidate_occlusion
O05,distance_80,99,4,,True,candidate_occlusion
O05,distance_80,100,3,,True,candidate_occlusion
O05,distance_80,100,4,,True,candidate_occlusion
O05,distance_80,101,3,,True,candidate_occlusion
O05,distance_80,101,4,,True,candidate_occlusion
O05,distance_80,102,3,,True,candidate_occlusion
O05,distance_80,102,4,,True,candidate_occlusion
O05,distance_80,103,3,,True,candidate_occlusion
O05,distance_80,103,4,,True,candidate_occlusion
O05,distance_80,104,3,,True,candidate_occlusion
O05,distance_80,104,4,,True,candidate_occlusion
O05,distance_80,105,3,,True,candidate_occlusion
O05,distance_80,105,4,,True,candidate_occlusion
O05,distance_80,106,3,,True,candidate_occlusion
O05,distance_80,106,4,,True,candidate_occlusion
O05,distance_80,107,3,,True,candidate_occlusion
O05,distance_80,107,4,,True,candidate_occlusion
O05,distance_80,108,3,,True,candidate_occlusion
O05,distance_80,108,4,,True,candidate_occlusion
O05,distance_80,109,3,,True,candidate_occlusion
O05,distance_80,109,4,,True,candidate_occlusion
O05,distance_80,110,3,,True,candidate_occlusion
O05,distance_80,110,4,,True,candidate_occlusion
O05,distance_80,111,3,,True,candidate_occlusion
O05,distance_80,111,4,,True,candidate_occlusion
O05,distance_80,112,3,,True,candidate_occlusion
O05,distance_80,112,4,,True,candidate_occlusion
O05,distance_80,113,3,,True,candidate_occlusion
O05,distance_80,113,4,,True,candidate_occlusion
O05,distance_80,114,3,,True,candidate_occlusion
O05,distance_80,114,4,,True,candidate_occlusion
O05,distance_80,115,3,,True,candidate_occlusion
O05,distance_80,115,4,,True,candidate_occlusion
O05,distance_80,116,3,,True,candidate_occlusion
O05,distance_80,116,4,,True,candidate_occlusion
O05,distance_80,117,3,3,True,candidate_occlusion
O05,distance_80,117,4,,True,candidate_occlusion
O05,distance_80,118,3,3,True,candidate_occlusion
O05,distance_80,118,4,,True,candidate_occlusion
O05,distance_80,119,3,3,True,candidate_occlusion
O05,distance_80,119,4,,True,candidate_occlusion
O05,distance_80,120,3,3,True,candidate_occlusion
O05,distance_80,120,4,,True,candidate_occlusion
O05,distance_80,121,3,3,True,candidate_occlusion
O05,distance_80,121,4,,True,candidate_occlusion
O05,distance_80,122,3,3,True,candidate_occlusion
O05,distance_80,122,4,,True,candidate_occlusion
O05,distance_80,123,3,3,True,candidate_occlusion
O05,distance_80,123,4,,True,candidate_occlusion
O05,distance_80,124,3,,True,candidate_occlusion
O05,distance_80,124,4,,True,candidate_occlusion
O05,distance_80,125,3,3,True,candidate_occlusion
O05,distance_80,125,4,,True,candidate_occlusion
O05,distance_80,126,3,3,True,candidate_occlusion
O05,distance_80,126,4,,True,candidate_occlusion
O05,distance_80,127,3,3,True,candidate_occlusion
O05,distance_80,127,4,,True,candidate_occlusion
O05,distance_80,128,3,,True,candidate_occlusion
O05,distance_80,128,4,,True,candidate_occlusion
O05,distance_80,129,3,,True,candidate_occlusion
O05,distance_80,129,4,,True,candidate_occlusion
O05,distance_80,130,3,,True,candidate_occlusion
O05,distance_80,130,4,,True,candidate_occlusion
O05,distance_80,131,3,3,True,candidate_occlusion
O05,distance_80,131,4,,True,candidate_occlusion
O05,distance_80,132,3,,True,candidate_occlusion
O05,distance_80,132,4,,True,candidate_occlusion
O05,distance_80,133,3,,True,candidate_occlusion
O05,distance_80,133,4,,True,candidate_occlusion
O05,distance_80,134,3,3,True,candidate_occlusion
O05,distance_80,134,4,,True,candidate_occlusion
O05,distance_80,135,3,3,True,candidate_occlusion
O05,distance_80,135,4,,True,candidate_occlusion
O05,distance_80,136,3,3,True,candidate_occlusion
O05,distance_80,136,4,,True,candidate_occlusion
O05,distance_80,137,3,3,True,candidate_occlusion
O05,distance_80,137,4,,True,candidate_occlusion
O05,distance_80,138,3,3,True,candidate_occlusion
O05,distance_80,138,4,,True,candidate_occlusion
O05,distance_80,139,3,3,True,candidate_occlusion
O05,distance_80,139,4,,True,candidate_occlusion
O05,distance_80,140,3,,True,candidate_occlusion
O05,distance_80,140,4,,True,candidate_occlusion
O05,distance_80,141,3,,True,candidate_occlusion
O05,distance_80,141,4,,True,candidate_occlusion
O05,distance_80,142,3,,True,candidate_occlusion
O05,distance_80,142,4,,True,candidate_occlusion
O05,distance_80,143,3,3,True,candidate_occlusion
O05,distance_80,143,4,,True,candidate_occlusion
O05,distance_80,144,3,,True,candidate_occlusion
O05,distance_80,144,4,,True,candidate_occlusion
O05,distance_80,145,3,,True,candidate_occlusion
O05,distance_80,145,4,,True,candidate_occlusion
O05,distance_80,146,3,,True,candidate_occlusion
O05,distance_80,146,4,,True,candidate_occlusion
O05,distance_80,147,3,,True,candidate_occlusion
O05,distance_80,147,4,,True,candidate_occlusion
O05,distance_80,148,3,,True,candidate_occlusion
O05,distance_80,148,4,,True,candidate_occlusion
O05,distance_80,149,3,,True,candidate_occlusion
O05,distance_80,149,4,,True,candidate_occlusion
O05,distance_80,150,3,,True,candidate_occlusion
O05,distance_80,150,4,,True,candidate_occlusion
O05,distance_80,151,3,,True,candidate_occlusion
O05,distance_80,151,4,,True,candidate_occlusion
O05,distance_80,152,3,,True,candidate_occlusion
O05,distance_80,152,4,,True,candidate_occlusion
O05,distance_80,153,3,,True,candidate_occlusion
O05,distance_80,153,4,,True,candidate_occlusion
O05,distance_80,154,3,,False,
O05,distance_80,154,4,,False,
O05,distance_80,155,3,,False,
O05,distance_80,155,4,,False,
O05,distance_80,156,3,,False,
O05,distance_80,156,4,,False,
O05,distance_80,157,3,,False,
O05,distance_80,157,4,,False,
O05,distance_80,158,3,,False,
O05,distance_80,158,4,,False,
O05,distance_80,159,3,,False,
O05,distance_80,159,4,,False,
O05,distance_80,160,3,,False,
O05,distance_80,160,4,,False,
O05,distance_80,161,3,,False,
O05,distance_80,161,4,4,False,
O05,distance_80,162,3,,False,
O05,distance_80,162,4,4,False,
O05,distance_80,163,3,,False,
O05,distance_80,163,4,4,False,
O05,distance_80,164,3,,False,
O05,distance_80,164,4,4,False,
O05,distance_80,165,3,,False,
O05,distance_80,165,4,4,False,
O05,distance_80,166,3,,False,
O05,distance_80,166,4,4,False,
O05,distance_80,167,3,,False,
O05,distance_80,167,4,4,False,
O05,distance_80,168,3,,False,
O05,distance_80,168,4,4,False,
O05,distance_80,169,3,,False,
O05,distance_80,169,4,4,False,
O05,distance_80,170,3,,False,
O05,distance_80,170,4,4,False,
O05,distance_80,171,3,,False,
O05,distance_80,171,4,4,False,
O05,distance_80,172,3,,False,
O05,distance_80,172,4,4,False,
O05,distance_80,173,3,5,False,
O05,distance_80,173,4,4,False,
O05,distance_80,174,3,5,False,
O05,distance_80,174,4,4,False,
O05,distance_80,175,3,5,False,
O05,distance_80,175,4,4,False,
O05,distance_80,176,3,5,False,
O05,distance_80,176,4,4,False,
O05,distance_80,177,3,5,False,
O05,distance_80,177,4,4,False,
O05,distance_80,178,3,5,False,
O05,distance_80,178,4,4,False,
O05,distance_80,179,3,5,False,
O05,distance_80,179,4,4,False,
O05,distance_80,180,3,5,False,
O05,distance_80,180,4,,False,
O05,distance_80,181,3,5,False,
O05,distance_80,181,4,,False,
O05,distance_80,182,3,5,False,
O05,distance_80,182,4,,False,
O05,distance_80,183,3,5,False,
O05,distance_80,183,4,,False,
O05,distance_80,184,3,5,False,
O05,distance_80,184,4,,False,
O05,distance_80,185,3,5,False,
O05,distance_80,185,4,,False,
O05,distance_80,186,3,5,False,
O05,distance_80,186,4,,False,
O05,distance_80,187,3,5,False,
O05,distance_80,187,4,,False,
O05,distance_80,188,3,5,False,
O05,distance_80,188,4,,False,
O05,distance_80,189,3,5,False,
O05,distance_80,189,4,,False,
O05,distance_80,190,3,5,False,
O05,distance_80,190,4,,False,
O05,distance_80,191,3,5,False,
O05,distance_80,191,4,,False,
O05,distance_80,192,3,5,False,
O05,distance_80,192,4,,False,
O05,distance_80,193,3,5,False,
O05,distance_80,193,4,,False,
O05,distance_80,194,3,5,False,
O05,distance_80,194,4,,False,
O05,distance_80,195,3,5,False,
O05,distance_80,195,4,,False,
O05,distance_80,196,3,5,False,
O05,distance_80,196,4,,False,
O05,distance_80,197,3,5,False,
O05,distance_80,197,4,,False,
O05,distance_80,198,3,5,False,
O05,distance_80,198,4,,False,
O05,distance_80,199,3,5,False,
O05,distance_80,199,4,,False,
O05,distance_80,200,3,5,False,
O05,distance_80,200,4,,False,
O05,distance_80,201,3,5,False,
O05,distance_80,201,4,,False,
O05,distance_80,202,3,5,False,
O05,distance_80,202,4,,False,
O05,distance_80,203,3,5,False,
O05,distance_80,203,4,,False,
O05,distance_80,204,3,5,False,
O05,distance_80,204,4,,False,
O05,distance_80,205,3,5,False,
O05,distance_80,205,4,,False,
O05,distance_80,206,3,5,False,
O05,distance_80,206,4,,False,
O05,distance_80,207,3,5,False,
O05,distance_80,207,4,,False,
O05,distance_80,208,3,5,False,
O05,distance_80,208,4,,False,
O05,distance_80,209,3,5,False,
O05,distance_80,209,4,,False,
O05,distance_80,210,3,5,False,
O05,distance_80,210,4,,False,
O05,distance_80,211,3,5,False,
O05,distance_80,211,4,,False,
O05,distance_80,212,3,5,False,
O05,distance_80,212,4,,False,
O05,distance_80,213,3,5,False,
O05,distance_80,213,4,,False,
O05,distance_80,214,3,5,False,
O05,distance_80,214,4,,False,
O05,distance_80,215,3,5,False,
O05,distance_80,215,4,,False,
O05,distance_80,216,3,5,False,
O05,distance_80,216,4,,False,
O05,distance_80,217,3,5,False,
O05,distance_80,217,4,,False,
O05,distance_80,218,3,,False,
O05,distance_80,218,4,,False,
O05,distance_80,219,3,5,False,
O05,distance_80,219,4,,False,
O05,distance_80,220,3,,False,
O05,distance_80,220,4,,False,
O05,distance_80,221,3,,False,
O05,distance_80,221,4,,False,
O05,distance_80,222,3,,False,
O05,distance_80,222,4,,False,
O05,distance_80,223,3,,False,
O05,distance_80,223,4,,False,
O05,distance_80,224,3,,False,
O05,distance_80,224,4,,False,
O06,distance_80,25,7,,True,absent_or_warmup
O06,distance_80,25,9,,False,
O06,distance_80,26,7,,True,absent_or_warmup
O06,distance_80,26,9,,False,
O06,distance_80,27,7,,True,absent_or_warmup
O06,distance_80,27,9,,False,
O06,distance_80,28,7,,True,absent_or_warmup
O06,distance_80,28,9,,False,
O06,distance_80,29,7,,True,absent_or_warmup
O06,distance_80,29,9,,False,
O06,distance_80,30,7,,True,absent_or_warmup
O06,distance_80,30,9,,False,
O06,distance_80,31,7,,True,absent_or_warmup
O06,distance_80,31,9,,False,
O06,distance_80,32,7,,True,absent_or_warmup
O06,distance_80,32,9,,False,
O06,distance_80,33,7,,True,absent_or_warmup
O06,distance_80,33,9,,False,
O06,distance_80,34,7,,True,absent_or_warmup
O06,distance_80,34,9,,False,
O06,distance_80,35,7,,True,absent_or_warmup
O06,distance_80,35,9,,False,
O06,distance_80,36,7,,True,absent_or_warmup
O06,distance_80,36,9,,False,
O06,distance_80,37,7,,True,absent_or_warmup
O06,distance_80,37,9,,False,
O06,distance_80,38,7,,True,absent_or_warmup
O06,distance_80,38,9,,False,
O06,distance_80,39,7,,True,absent_or_warmup
O06,distance_80,39,9,,False,
O06,distance_80,40,7,,True,absent_or_warmup
O06,distance_80,40,9,,False,
O06,distance_80,41,7,,True,absent_or_warmup
O06,distance_80,41,9,,False,
O06,distance_80,42,7,,True,absent_or_warmup
O06,distance_80,42,9,,False,
O06,distance_80,43,7,,True,absent_or_warmup
O06,distance_80,43,9,,False,
O06,distance_80,44,7,,True,absent_or_warmup
O06,distance_80,44,9,,False,
O06,distance_80,45,7,,True,absent_or_warmup
O06,distance_80,45,9,,False,
O06,distance_80,46,7,,True,absent_or_warmup
O06,distance_80,46,9,,False,
O06,distance_80,47,7,,True,absent_or_warmup
O06,distance_80,47,9,,False,
O06,distance_80,48,7,,True,absent_or_warmup
O06,distance_80,48,9,,False,
O06,distance_80,49,7,,True,absent_or_warmup
O06,distance_80,49,9,,False,
O06,distance_80,50,7,,True,absent_or_warmup
O06,distance_80,50,9,,False,
O06,distance_80,51,7,,True,absent_or_warmup
O06,distance_80,51,9,,False,
O06,distance_80,52,7,,True,absent_or_warmup
O06,distance_80,52,9,,False,
O06,distance_80,53,7,,True,absent_or_warmup
O06,distance_80,53,9,,False,
O06,distance_80,54,7,,True,absent_or_warmup
O06,distance_80,54,9,,False,
O06,distance_80,55,7,,True,candidate_occlusion
O06,distance_80,55,9,,True,candidate_occlusion
O06,distance_80,56,7,,True,candidate_occlusion
O06,distance_80,56,9,,True,candidate_occlusion
O06,distance_80,57,7,,True,candidate_occlusion
O06,distance_80,57,9,,True,candidate_occlusion
O06,distance_80,58,7,,True,candidate_occlusion
O06,distance_80,58,9,,True,candidate_occlusion
O06,distance_80,59,7,,True,candidate_occlusion
O06,distance_80,59,9,,True,candidate_occlusion
O06,distance_80,60,7,,True,candidate_occlusion
O06,distance_80,60,9,,True,candidate_occlusion
O06,distance_80,61,7,,True,candidate_occlusion
O06,distance_80,61,9,,True,candidate_occlusion
O06,distance_80,62,7,,True,candidate_occlusion
O06,distance_80,62,9,,True,candidate_occlusion
O06,distance_80,63,7,,True,candidate_occlusion
O06,distance_80,63,9,,True,candidate_occlusion
O06,distance_80,64,7,,True,candidate_occlusion
O06,distance_80,64,9,,True,candidate_occlusion
O06,distance_80,65,7,,True,candidate_occlusion
O06,distance_80,65,9,,True,candidate_occlusion
O06,distance_80,66,7,,True,candidate_occlusion
O06,distance_80,66,9,,True,candidate_occlusion
O06,distance_80,67,7,,True,candidate_occlusion
O06,distance_80,67,9,,True,candidate_occlusion
O06,distance_80,68,7,,True,candidate_occlusion
O06,distance_80,68,9,,True,candidate_occlusion
O06,distance_80,69,7,,True,candidate_occlusion
O06,distance_80,69,9,,True,candidate_occlusion
O06,distance_80,70,7,,True,candidate_occlusion
O06,distance_80,70,9,,True,candidate_occlusion
O06,distance_80,71,7,,True,candidate_occlusion
O06,distance_80,71,9,,True,candidate_occlusion
O06,distance_80,72,7,,True,candidate_occlusion
O06,distance_80,72,9,,True,candidate_occlusion
O06,distance_80,73,7,,True,candidate_occlusion
O06,distance_80,73,9,,True,candidate_occlusion
O06,distance_80,74,7,,True,candidate_occlusion
O06,distance_80,74,9,,True,candidate_occlusion
O06,distance_80,75,7,,True,candidate_occlusion
O06,distance_80,75,9,,True,candidate_occlusion
O06,distance_80,76,7,,True,candidate_occlusion
O06,distance_80,76,9,,True,candidate_occlusion
O06,distance_80,77,7,,True,candidate_occlusion
O06,distance_80,77,9,,True,candidate_occlusion
O06,distance_80,78,7,,True,candidate_occlusion
O06,distance_80,78,9,,True,candidate_occlusion
O06,distance_80,79,7,,True,candidate_occlusion
O06,distance_80,79,9,,True,candidate_occlusion
O06,distance_80,80,7,,True,candidate_occlusion
O06,distance_80,80,9,,True,candidate_occlusion
O06,distance_80,81,7,,True,candidate_occlusion
O06,distance_80,81,9,,True,candidate_occlusion
O06,distance_80,82,7,,True,candidate_occlusion
O06,distance_80,82,9,,True,candidate_occlusion
O06,distance_80,83,7,,True,candidate_occlusion
O06,distance_80,83,9,,True,candidate_occlusion
O06,distance_80,84,7,,True,candidate_occlusion
O06,distance_80,84,9,,True,candidate_occlusion
O06,distance_80,85,7,,True,candidate_occlusion
O06,distance_80,85,9,,True,candidate_occlusion
O06,distance_80,86,7,,True,candidate_occlusion
O06,distance_80,86,9,,True,candidate_occlusion
O06,distance_80,87,7,,True,candidate_occlusion
O06,distance_80,87,9,,True,candidate_occlusion
O06,distance_80,88,7,,True,candidate_occlusion
O06,distance_80,88,9,,True,candidate_occlusion
O06,distance_80,89,7,,True,candidate_occlusion
O06,distance_80,89,9,,True,candidate_occlusion
O06,distance_80,90,7,,True,candidate_occlusion
O06,distance_80,90,9,,True,candidate_occlusion
O06,distance_80,91,7,,True,candidate_occlusion
O06,distance_80,91,9,,True,candidate_occlusion
O06,distance_80,92,7,,True,candidate_occlusion
O06,distance_80,92,9,,True,candidate_occlusion
O06,distance_80,93,7,,True,candidate_occlusion
O06,distance_80,93,9,,True,candidate_occlusion
O06,distance_80,94,7,,True,candidate_occlusion
O06,distance_80,94,9,,True,candidate_occlusion
O06,distance_80,95,7,,True,candidate_occlusion
O06,distance_80,95,9,,True,candidate_occlusion
O06,distance_80,96,7,,True,candidate_occlusion
O06,distance_80,96,9,,True,candidate_occlusion
O06,distance_80,97,7,,True,candidate_occlusion
O06,distance_80,97,9,,True,candidate_occlusion
O06,distance_80,98,7,,True,candidate_occlusion
O06,distance_80,98,9,,True,candidate_occlusion
O06,distance_80,99,7,,True,candidate_occlusion
O06,distance_80,99,9,,True,candidate_occlusion
O06,distance_80,100,7,,True,candidate_occlusion
O06,distance_80,100,9,,True,candidate_occlusion
O06,distance_80,101,7,,True,candidate_occlusion
O06,distance_80,101,9,,True,candidate_occlusion
O06,distance_80,102,7,,True,candidate_occlusion
O06,distance_80,102,9,,True,candidate_occlusion
O06,distance_80,103,7,,True,candidate_occlusion
O06,distance_80,103,9,,True,candidate_occlusion
O06,distance_80,104,7,,True,candidate_occlusion
O06,distance_80,104,9,,True,candidate_occlusion
O06,distance_80,105,7,,True,candidate_occlusion
O06,distance_80,105,9,,True,candidate_occlusion
O06,distance_80,106,7,,True,candidate_occlusion
O06,distance_80,106,9,,True,candidate_occlusion
O06,distance_80,107,7,,True,candidate_occlusion
O06,distance_80,107,9,,True,candidate_occlusion
O06,distance_80,108,7,,True,candidate_occlusion
O06,distance_80,108,9,,True,candidate_occlusion
O06,distance_80,109,7,,True,candidate_occlusion
O06,distance_80,109,9,,True,candidate_occlusion
O06,distance_80,110,7,,True,candidate_occlusion
O06,distance_80,110,9,,True,candidate_occlusion
O06,distance_80,111,7,,True,candidate_occlusion
O06,distance_80,111,9,,True,candidate_occlusion
O06,distance_80,112,7,,True,candidate_occlusion
O06,distance_80,112,9,,True,candidate_occlusion
O06,distance_80,113,7,,True,candidate_occlusion
O06,distance_80,113,9,,True,candidate_occlusion
O06,distance_80,114,7,,True,candidate_occlusion
O06,distance_80,114,9,,True,candidate_occlusion
O06,distance_80,115,7,,True,candidate_occlusion
O06,distance_80,115,9,,True,candidate_occlusion
O06,distance_80,116,7,,True,candidate_occlusion
O06,distance_80,116,9,,True,candidate_occlusion
O06,distance_80,117,7,,True,candidate_occlusion
O06,distance_80,117,9,,True,candidate_occlusion
O06,distance_80,118,7,,True,candidate_occlusion
O06,distance_80,118,9,,True,candidate_occlusion
O06,distance_80,119,7,,True,candidate_occlusion
O06,distance_80,119,9,,True,candidate_occlusion
O06,distance_80,120,7,,True,candidate_occlusion
O06,distance_80,120,9,,True,candidate_occlusion
O06,distance_80,121,7,,True,candidate_occlusion
O06,distance_80,121,9,,True,candidate_occlusion
O06,distance_80,122,7,,True,candidate_occlusion
O06,distance_80,122,9,,True,candidate_occlusion
O06,distance_80,123,7,,True,candidate_occlusion
O06,distance_80,123,9,,True,candidate_occlusion
O06,distance_80,124,7,,True,candidate_occlusion
O06,distance_80,124,9,,True,candidate_occlusion
O06,distance_80,125,7,,True,candidate_occlusion
O06,distance_80,125,9,,True,candidate_occlusion
O06,distance_80,126,7,,True,candidate_occlusion
O06,distance_80,126,9,,True,candidate_occlusion
O06,distance_80,127,7,,True,candidate_occlusion
O06,distance_80,127,9,,True,candidate_occlusion
O06,distance_80,128,7,,True,candidate_occlusion
O06,distance_80,128,9,,True,candidate_occlusion
O06,distance_80,129,7,,True,candidate_occlusion
O06,distance_80,129,9,,True,candidate_occlusion
O06,distance_80,130,7,,True,candidate_occlusion
O06,distance_80,130,9,,True,candidate_occlusion
O06,distance_80,131,7,,True,candidate_occlusion
O06,distance_80,131,9,,True,candidate_occlusion
O06,distance_80,132,7,,True,candidate_occlusion
O06,distance_80,132,9,,True,candidate_occlusion
O06,distance_80,133,7,,True,candidate_occlusion
O06,distance_80,133,9,,True,candidate_occlusion
O06,distance_80,134,7,,True,candidate_occlusion
O06,distance_80,134,9,,True,candidate_occlusion
O06,distance_80,135,7,,True,candidate_occlusion
O06,distance_80,135,9,,True,candidate_occlusion
O06,distance_80,136,7,,True,candidate_occlusion
O06,distance_80,136,9,,True,candidate_occlusion
O06,distance_80,137,7,,True,candidate_occlusion
O06,distance_80,137,9,,True,candidate_occlusion
O06,distance_80,138,7,,True,candidate_occlusion
O06,distance_80,138,9,,True,candidate_occlusion
O06,distance_80,139,7,,True,candidate_occlusion
O06,distance_80,139,9,,True,candidate_occlusion
O06,distance_80,140,7,,True,candidate_occlusion
O06,distance_80,140,9,,True,candidate_occlusion
O06,distance_80,141,7,,False,
O06,distance_80,141,9,,False,
O06,distance_80,142,7,,False,
O06,distance_80,142,9,,False,
O06,distance_80,143,7,,False,
O06,distance_80,143,9,,False,
O06,distance_80,144,7,,False,
O06,distance_80,144,9,,False,
O06,distance_80,145,7,,False,
O06,distance_80,145,9,,False,
O06,distance_80,146,7,,False,
O06,distance_80,146,9,,False,
O06,distance_80,147,7,,False,
O06,distance_80,147,9,,False,
O06,distance_80,148,7,,False,
O06,distance_80,148,9,,False,
O06,distance_80,149,7,,False,
O06,distance_80,149,9,,False,
O06,distance_80,150,7,,False,
O06,distance_80,150,9,,False,
O06,distance_80,151,7,,False,
O06,distance_80,151,9,,False,
O06,distance_80,152,7,,False,
O06,distance_80,152,9,,False,
O06,distance_80,153,7,,False,
O06,distance_80,153,9,,False,
O06,distance_80,154,7,,False,
O06,distance_80,154,9,,False,
O06,distance_80,155,7,,False,
O06,distance_80,155,9,,False,
O06,distance_80,156,7,,False,
O06,distance_80,156,9,,False,
O06,distance_80,157,7,,False,
O06,distance_80,157,9,,False,
O06,distance_80,158,7,,False,
O06,distance_80,158,9,,False,
O06,distance_80,159,7,,False,
O06,distance_80,159,9,,False,
O06,distance_80,160,7,,False,
O06,distance_80,160,9,,False,
O06,distance_80,161,7,,False,
O06,distance_80,161,9,,False,
O06,distance_80,162,7,,False,
O06,distance_80,162,9,,False,
O06,distance_80,163,7,,False,
O06,distance_80,163,9,,False,
O06,distance_80,164,7,,False,
O06,distance_80,164,9,,False,
O06,distance_80,165,7,,False,
O06,distance_80,165,9,,False,
O06,distance_80,166,7,,False,
O06,distance_80,166,9,,False,
O06,distance_80,167,7,,False,
O06,distance_80,167,9,,False,
O06,distance_80,168,7,,False,
O06,distance_80,168,9,,False,
O06,distance_80,169,7,,False,
O06,distance_80,169,9,,False,
O06,distance_80,170,7,,False,
O06,distance_80,170,9,,False,
O06,distance_80,171,7,,False,
O06,distance_80,171,9,,False,
O06,distance_80,172,7,,False,
O06,distance_80,172,9,,False,
O06,distance_80,173,7,,False,
O06,distance_80,173,9,,False,
O06,distance_80,174,7,,False,
O06,distance_80,174,9,,False,
O06,distance_80,175,7,,False,
O06,distance_80,175,9,,False,
O06,distance_80,176,7,,False,
O06,distance_80,176,9,,False,
O06,distance_80,177,7,,False,
O06,distance_80,177,9,,False,
O06,distance_80,178,7,,False,
O06,distance_80,178,9,,False,
O06,distance_80,179,7,,False,
O06,distance_80,179,9,,False,
O06,distance_80,180,7,,False,
O06,distance_80,180,9,,False,
O06,distance_80,181,7,,False,
O06,distance_80,181,9,,False,
O06,distance_80,182,7,,False,
O06,distance_80,182,9,,False,
O06,distance_80,183,7,,False,
O06,distance_80,183,9,,False,
O06,distance_80,184,7,,False,
O06,distance_80,184,9,,False,
O06,distance_80,185,7,,False,
O06,distance_80,185,9,,False,
O06,distance_80,186,7,,False,
O06,distance_80,186,9,,False,
O06,distance_80,187,7,,False,
O06,distance_80,187,9,,False,
O06,distance_80,188,7,,False,
O06,distance_80,188,9,,False,
O06,distance_80,189,7,,False,
O06,distance_80,189,9,,False,
O06,distance_80,190,7,,False,
O06,distance_80,190,9,,False,
O06,distance_80,191,7,,False,
O06,distance_80,191,9,,False,
O06,distance_80,192,7,,False,
O06,distance_80,192,9,,False,
O06,distance_80,193,7,,False,
O06,distance_80,193,9,,False,
O06,distance_80,194,7,,False,
O06,distance_80,194,9,,False,
O06,distance_80,195,7,,False,
O06,distance_80,195,9,,False,
O06,distance_80,196,7,,False,
O06,distance_80,196,9,,False,
O06,distance_80,197,7,,False,
O06,distance_80,197,9,,False,
O06,distance_80,198,7,,False,
O06,distance_80,198,9,,False,
O06,distance_80,199,7,,False,
O06,distance_80,199,9,,False,
O06,distance_80,200,7,,False,
O06,distance_80,200,9,,False,
O06,distance_80,201,7,,False,
O06,distance_80,201,9,,False,
O06,distance_80,202,7,,False,
O06,distance_80,202,9,,False,
O06,distance_80,203,7,,False,
O06,distance_80,203,9,,False,
O06,distance_80,204,7,,False,
O06,distance_80,204,9,,False,
O06,distance_80,205,7,,False,
O06,distance_80,205,9,,False,
O06,distance_80,206,7,,False,
O06,distance_80,206,9,,False,
O06,distance_80,207,7,,False,
O06,distance_80,207,9,,False,
O06,distance_80,208,7,,False,
O06,distance_80,208,9,,False,
O06,distance_80,209,7,,False,
O06,distance_80,209,9,,False,
O06,distance_80,210,7,,False,
O06,distance_80,210,9,,False,
O06,distance_80,211,7,,False,
O06,distance_80,211,9,,False,
O06,distance_80,212,7,,False,
O06,distance_80,212,9,,False,
O06,distance_80,213,7,,False,
O06,distance_80,213,9,,False,
O06,distance_80,214,7,,False,
O06,distance_80,214,9,,False,
O06,distance_80,215,7,,False,
O06,distance_80,215,9,,False,
O06,distance_80,216,7,,False,
O06,distance_80,216,9,,False,
O06,distance_80,217,7,,False,
O06,distance_80,217,9,,False,
O06,distance_80,218,7,,False,
O06,distance_80,218,9,,False,
O06,distance_80,219,7,,False,
O06,distance_80,219,9,,False,
O06,distance_80,220,7,,False,
O06,distance_80,220,9,,False,
O06,distance_80,221,7,,False,
O06,distance_80,221,9,,False,
O06,distance_80,222,7,,False,
O06,distance_80,222,9,,False,
O06,distance_80,223,7,,False,
O06,distance_80,223,9,,False,
O06,distance_80,224,7,,False,
O06,distance_80,224,9,,False,
O07,distance_80,25,1,,False,
O07,distance_80,25,2,1,False,
O07,distance_80,26,1,,False,
O07,distance_80,26,2,1,False,
O07,distance_80,27,1,,False,
O07,distance_80,27,2,1,False,
O07,distance_80,28,1,,False,
O07,distance_80,28,2,1,False,
O07,distance_80,29,1,,False,
O07,distance_80,29,2,1,False,
O07,distance_80,30,1,2,False,
O07,distance_80,30,2,1,False,
O07,distance_80,31,1,,False,
O07,distance_80,31,2,1,False,
O07,distance_80,32,1,,False,
O07,distance_80,32,2,1,False,
O07,distance_80,33,1,,False,
O07,distance_80,33,2,1,False,
O07,distance_80,34,1,,False,
O07,distance_80,34,2,,False,
O07,distance_80,35,1,,False,
O07,distance_80,35,2,,False,
O07,distance_80,36,1,,False,
O07,distance_80,36,2,,False,
O07,distance_80,37,1,,False,
O07,distance_80,37,2,,False,
O07,distance_80,38,1,,False,
O07,distance_80,38,2,,False,
O07,distance_80,39,1,,False,
O07,distance_80,39,2,,False,
O07,distance_80,40,1,,False,
O07,distance_80,40,2,,False,
O07,distance_80,41,1,,False,
O07,distance_80,41,2,,False,
O07,distance_80,42,1,,False,
O07,distance_80,42,2,,False,
O07,distance_80,43,1,,False,
O07,distance_80,43,2,1,False,
O07,distance_80,44,1,,False,
O07,distance_80,44,2,1,False,
O07,distance_80,45,1,,False,
O07,distance_80,45,2,1,False,
O07,distance_80,46,1,,False,
O07,distance_80,46,2,1,False,
O07,distance_80,47,1,,False,
O07,distance_80,47,2,1,False,
O07,distance_80,48,1,,False,
O07,distance_80,48,2,1,False,
O07,distance_80,49,1,,False,
O07,distance_80,49,2,1,False,
O07,distance_80,50,1,,False,
O07,distance_80,50,2,1,False,
O07,distance_80,51,1,,False,
O07,distance_80,51,2,1,False,
O07,distance_80,52,1,,False,
O07,distance_80,52,2,1,False,
O07,distance_80,53,1,,False,
O07,distance_80,53,2,1,False,
O07,distance_80,54,1,,False,
O07,distance_80,54,2,1,False,
O07,distance_80,55,1,,False,
O07,distance_80,55,2,1,False,
O07,distance_80,56,1,,False,
O07,distance_80,56,2,1,False,
O07,distance_80,57,1,,False,
O07,distance_80,57,2,1,False,
O07,distance_80,58,1,,False,
O07,distance_80,58,2,1,False,
O07,distance_80,59,1,,False,
O07,distance_80,59,2,1,False,
O07,distance_80,60,1,,False,
O07,distance_80,60,2,1,False,
O07,distance_80,61,1,,False,
O07,distance_80,61,2,1,False,
O07,distance_80,62,1,,False,
O07,distance_80,62,2,1,False,
O07,distance_80,63,1,,False,
O07,distance_80,63,2,1,False,
O07,distance_80,64,1,,False,
O07,distance_80,64,2,1,False,
O07,distance_80,65,1,,False,
O07,distance_80,65,2,1,False,
O07,distance_80,66,1,,False,
O07,distance_80,66,2,1,False,
O07,distance_80,67,1,,False,
O07,distance_80,67,2,1,False,
O07,distance_80,68,1,,False,
O07,distance_80,68,2,1,False,
O07,distance_80,69,1,,False,
O07,distance_80,69,2,1,False,
O07,distance_80,70,1,,False,
O07,distance_80,70,2,1,False,
O07,distance_80,71,1,,False,
O07,distance_80,71,2,1,False,
O07,distance_80,72,1,,False,
O07,distance_80,72,2,1,False,
O07,distance_80,73,1,,False,
O07,distance_80,73,2,1,False,
O07,distance_80,74,1,,False,
O07,distance_80,74,2,,False,
O07,distance_80,75,1,,False,
O07,distance_80,75,2,,False,
O07,distance_80,76,1,,False,
O07,distance_80,76,2,1,False,
O07,distance_80,77,1,,False,
O07,distance_80,77,2,1,False,
O07,distance_80,78,1,,False,
O07,distance_80,78,2,1,False,
O07,distance_80,79,1,,False,
O07,distance_80,79,2,,False,
O07,distance_80,80,1,,False,
O07,distance_80,80,2,,False,
O07,distance_80,81,1,,False,
O07,distance_80,81,2,,False,
O07,distance_80,82,1,,False,
O07,distance_80,82,2,,False,
O07,distance_80,83,1,,False,
O07,distance_80,83,2,,False,
O07,distance_80,84,1,,False,
O07,distance_80,84,2,,False,
O07,distance_80,85,1,,False,
O07,distance_80,85,2,,False,
O07,distance_80,86,1,,False,
O07,distance_80,86,2,,False,
O07,distance_80,87,1,,False,
O07,distance_80,87,2,,False,
O07,distance_80,88,1,,False,
O07,distance_80,88,2,,False,
O07,distance_80,89,1,,False,
O07,distance_80,89,2,,False,
O07,distance_80,90,1,,False,
O07,distance_80,90,2,,False,
O07,distance_80,91,1,,False,
O07,distance_80,91,2,,False,
O07,distance_80,92,1,,False,
O07,distance_80,92,2,,False,
O07,distance_80,93,1,,False,
O07,distance_80,93,2,,False,
O07,distance_80,94,1,,False,
O07,distance_80,94,2,,False,
O07,distance_80,95,1,,False,
O07,distance_80,95,2,,False,
O07,distance_80,96,1,,False,
O07,distance_80,96,2,,False,
O07,distance_80,97,1,,False,
O07,distance_80,97,2,,False,
O07,distance_80,98,1,,False,
O07,distance_80,98,2,,False,
O07,distance_80,99,1,,False,
O07,distance_80,99,2,,False,
O07,distance_80,100,1,,False,
O07,distance_80,100,2,,False,
O07,distance_80,101,1,,False,
O07,distance_80,101,2,,False,
O07,distance_80,102,1,,False,
O07,distance_80,102,2,,False,
O07,distance_80,103,1,,False,
O07,distance_80,103,2,,False,
O07,distance_80,104,1,,False,
O07,distance_80,104,2,,False,
O07,distance_80,105,1,,False,
O07,distance_80,105,2,,False,
O07,distance_80,106,1,,False,
O07,distance_80,106,2,,False,
O07,distance_80,107,1,,False,
O07,distance_80,107,2,,False,
O07,distance_80,108,1,,False,
O07,distance_80,108,2,,False,
O07,distance_80,109,1,,False,
O07,distance_80,109,2,,False,
O07,distance_80,110,1,,False,
O07,distance_80,110,2,,False,
O07,distance_80,111,1,,False,
O07,distance_80,111,2,,False,
O07,distance_80,112,1,,False,
O07,distance_80,112,2,,False,
O07,distance_80,113,1,,False,
O07,distance_80,113,2,,False,
O07,distance_80,114,1,,False,
O07,distance_80,114,2,4,False,
O07,distance_80,115,1,,False,
O07,distance_80,115,2,4,False,
O07,distance_80,116,1,,False,
O07,distance_80,116,2,4,False,
O07,distance_80,117,1,,False,
O07,distance_80,117,2,4,False,
O07,distance_80,118,1,,False,
O07,distance_80,118,2,4,False,
O07,distance_80,119,1,,False,
O07,distance_80,119,2,4,False,
O07,distance_80,120,1,,False,
O07,distance_80,120,2,4,False,
O07,distance_80,121,1,,False,
O07,distance_80,121,2,,False,
O07,distance_80,122,1,,False,
O07,distance_80,122,2,,False,
O07,distance_80,123,1,,False,
O07,distance_80,123,2,,False,
O07,distance_80,124,1,,False,
O07,distance_80,124,2,,False,
O07,distance_80,125,1,,False,
O07,distance_80,125,2,,False,
O07,distance_80,126,1,,False,
O07,distance_80,126,2,,False,
O07,distance_80,127,1,,False,
O07,distance_80,127,2,,False,
O07,distance_80,128,1,,False,
O07,distance_80,128,2,,False,
O07,distance_80,129,1,,False,
O07,distance_80,129,2,,False,
O07,distance_80,130,1,,False,
O07,distance_80,130,2,,False,
O07,distance_80,131,1,,False,
O07,distance_80,131,2,,False,
O07,distance_80,132,1,,False,
O07,distance_80,132,2,,False,
O07,distance_80,133,1,,False,
O07,distance_80,133,2,,False,
O07,distance_80,134,1,,False,
O07,distance_80,134,2,,False,
O07,distance_80,135,1,,False,
O07,distance_80,135,2,,False,
O07,distance_80,136,1,,False,
O07,distance_80,136,2,,False,
O07,distance_80,137,1,,False,
O07,distance_80,137,2,,False,
O07,distance_80,138,1,5,True,candidate_occlusion
O07,distance_80,138,2,,True,candidate_occlusion
O07,distance_80,139,1,,True,candidate_occlusion
O07,distance_80,139,2,5,True,candidate_occlusion
O07,distance_80,140,1,,True,candidate_occlusion
O07,distance_80,140,2,,True,candidate_occlusion
O07,distance_80,141,1,,True,candidate_occlusion
O07,distance_80,141,2,,True,candidate_occlusion
O07,distance_80,142,1,,True,candidate_occlusion
O07,distance_80,142,2,,True,candidate_occlusion
O07,distance_80,143,1,,True,candidate_occlusion
O07,distance_80,143,2,5,True,candidate_occlusion
O07,distance_80,144,1,,True,candidate_occlusion
O07,distance_80,144,2,5,True,candidate_occlusion
O07,distance_80,145,1,,True,candidate_occlusion
O07,distance_80,145,2,5,True,candidate_occlusion
O07,distance_80,146,1,,True,candidate_occlusion
O07,distance_80,146,2,5,True,candidate_occlusion
O07,distance_80,147,1,,True,candidate_occlusion
O07,distance_80,147,2,5,True,candidate_occlusion
O07,distance_80,148,1,,True,candidate_occlusion
O07,distance_80,148,2,5,True,candidate_occlusion
O07,distance_80,149,1,5,True,candidate_occlusion
O07,distance_80,149,2,,True,candidate_occlusion
O07,distance_80,150,1,,True,candidate_occlusion
O07,distance_80,150,2,5,True,candidate_occlusion
O07,distance_80,151,1,,True,candidate_occlusion
O07,distance_80,151,2,5,True,candidate_occlusion
O07,distance_80,152,1,,True,candidate_occlusion
O07,distance_80,152,2,,True,candidate_occlusion
O07,distance_80,153,1,,True,candidate_occlusion
O07,distance_80,153,2,5,True,candidate_occlusion
O07,distance_80,154,1,,True,candidate_occlusion
O07,distance_80,154,2,,True,candidate_occlusion
O07,distance_80,155,1,,True,candidate_occlusion
O07,distance_80,155,2,,True,candidate_occlusion
O07,distance_80,156,1,,True,candidate_occlusion
O07,distance_80,156,2,,True,candidate_occlusion
O07,distance_80,157,1,,True,candidate_occlusion
O07,distance_80,157,2,,True,candidate_occlusion
O07,distance_80,158,1,,True,candidate_occlusion
O07,distance_80,158,2,,True,candidate_occlusion
O07,distance_80,159,1,,True,candidate_occlusion
O07,distance_80,159,2,,True,candidate_occlusion
O07,distance_80,160,1,,True,candidate_occlusion
O07,distance_80,160,2,,True,candidate_occlusion
O07,distance_80,161,1,,True,candidate_occlusion
O07,distance_80,161,2,,True,candidate_occlusion
O07,distance_80,162,1,,True,candidate_occlusion
O07,distance_80,162,2,,True,candidate_occlusion
O07,distance_80,163,1,,True,candidate_occlusion
O07,distance_80,163,2,,True,candidate_occlusion
O07,distance_80,164,1,,True,candidate_occlusion
O07,distance_80,164,2,,True,candidate_occlusion
O07,distance_80,165,1,,True,candidate_occlusion
O07,distance_80,165,2,5,True,candidate_occlusion
O07,distance_80,166,1,,True,candidate_occlusion
O07,distance_80,166,2,,True,candidate_occlusion
O07,distance_80,167,1,,True,candidate_occlusion
O07,distance_80,167,2,,True,candidate_occlusion
O07,distance_80,168,1,,True,candidate_occlusion
O07,distance_80,168,2,,True,candidate_occlusion
O07,distance_80,169,1,,True,candidate_occlusion
O07,distance_80,169,2,,True,candidate_occlusion
O07,distance_80,170,1,,True,candidate_occlusion
O07,distance_80,170,2,5,True,candidate_occlusion
O07,distance_80,171,1,,True,candidate_occlusion
O07,distance_80,171,2,,True,candidate_occlusion
O07,distance_80,172,1,,True,candidate_occlusion
O07,distance_80,172,2,,True,candidate_occlusion
O07,distance_80,173,1,,True,candidate_occlusion
O07,distance_80,173,2,,True,candidate_occlusion
O07,distance_80,174,1,,True,candidate_occlusion
O07,distance_80,174,2,,True,candidate_occlusion
O07,distance_80,175,1,,True,candidate_occlusion
O07,distance_80,175,2,,True,candidate_occlusion
O07,distance_80,176,1,,True,candidate_occlusion
O07,distance_80,176,2,,True,candidate_occlusion
O07,distance_80,177,1,,True,candidate_occlusion
O07,distance_80,177,2,,True,candidate_occlusion
O07,distance_80,178,1,,True,candidate_occlusion
O07,distance_80,178,2,,True,candidate_occlusion
O07,distance_80,179,1,,True,candidate_occlusion
O07,distance_80,179,2,,True,candidate_occlusion
O07,distance_80,180,1,,True,candidate_occlusion
O07,distance_80,180,2,,True,candidate_occlusion
O07,distance_80,181,1,,True,candidate_occlusion
O07,distance_80,181,2,,True,candidate_occlusion
O07,distance_80,182,1,,True,candidate_occlusion
O07,distance_80,182,2,,True,candidate_occlusion
O07,distance_80,183,1,,True,candidate_occlusion
O07,distance_80,183,2,,True,candidate_occlusion
O07,distance_80,184,1,,True,candidate_occlusion
O07,distance_80,184,2,,True,candidate_occlusion
O07,distance_80,185,1,,True,candidate_occlusion
O07,distance_80,185,2,,True,candidate_occlusion
O07,distance_80,186,1,,True,candidate_occlusion
O07,distance_80,186,2,,True,candidate_occlusion
O07,distance_80,187,1,,True,candidate_occlusion
O07,distance_80,187,2,,True,candidate_occlusion
O07,distance_80,188,1,,True,candidate_occlusion
O07,distance_80,188,2,,True,candidate_occlusion
O07,distance_80,189,1,,True,candidate_occlusion
O07,distance_80,189,2,,True,candidate_occlusion
O07,distance_80,190,1,,True,candidate_occlusion
O07,distance_80,190,2,,True,candidate_occlusion
O07,distance_80,191,1,,True,candidate_occlusion
O07,distance_80,191,2,,True,candidate_occlusion
O07,distance_80,192,1,,False,
O07,distance_80,192,2,,True,absent_or_warmup
O07,distance_80,193,1,,False,
O07,distance_80,193,2,,True,absent_or_warmup
O07,distance_80,194,1,,False,
O07,distance_80,194,2,,True,absent_or_warmup
O07,distance_80,195,1,,False,
O07,distance_80,195,2,,True,absent_or_warmup
O07,distance_80,196,1,,False,
O07,distance_80,196,2,,True,absent_or_warmup
O07,distance_80,197,1,,False,
O07,distance_80,197,2,,True,absent_or_warmup
O07,distance_80,198,1,,False,
O07,distance_80,198,2,,True,absent_or_warmup
O07,distance_80,199,1,,False,
O07,distance_80,199,2,,True,absent_or_warmup
O07,distance_80,200,1,,False,
O07,distance_80,200,2,,True,absent_or_warmup
O07,distance_80,201,1,,False,
O07,distance_80,201,2,,True,absent_or_warmup
O07,distance_80,202,1,,True,absent_or_warmup
O07,distance_80,202,2,,True,absent_or_warmup
O07,distance_80,203,1,,True,absent_or_warmup
O07,distance_80,203,2,,True,absent_or_warmup
O07,distance_80,204,1,,True,absent_or_warmup
O07,distance_80,204,2,,True,absent_or_warmup
O07,distance_80,205,1,,True,absent_or_warmup
O07,distance_80,205,2,,True,absent_or_warmup
O07,distance_80,206,1,,True,absent_or_warmup
O07,distance_80,206,2,,True,absent_or_warmup
O08,distance_80,25,1,,False,
O08,distance_80,25,2,,False,
O08,distance_80,26,1,,False,
O08,distance_80,26,2,,False,
O08,distance_80,27,1,,False,
O08,distance_80,27,2,,False,
O08,distance_80,28,1,,False,
O08,distance_80,28,2,,False,
O08,distance_80,29,1,,False,
O08,distance_80,29,2,,False,
O08,distance_80,30,1,,False,
O08,distance_80,30,2,,False,
O08,distance_80,31,1,,False,
O08,distance_80,31,2,,False,
O08,distance_80,32,1,1,False,
O08,distance_80,32,2,,False,
O08,distance_80,33,1,1,False,
O08,distance_80,33,2,,False,
O08,distance_80,34,1,,False,
O08,distance_80,34,2,,False,
O08,distance_80,35,1,2,False,
O08,distance_80,35,2,3,False,
O08,distance_80,36,1,2,False,
O08,distance_80,36,2,3,False,
O08,distance_80,37,1,2,False,
O08,distance_80,37,2,3,False,
O08,distance_80,38,1,2,False,
O08,distance_80,38,2,3,False,
O08,distance_80,39,1,2,False,
O08,distance_80,39,2,3,False,
O08,distance_80,40,1,2,False,
O08,distance_80,40,2,3,False,
O08,distance_80,41,1,2,False,
O08,distance_80,41,2,3,False,
O08,distance_80,42,1,2,False,
O08,distance_80,42,2,3,False,
O08,distance_80,43,1,2,False,
O08,distance_80,43,2,3,False,
O08,distance_80,44,1,2,False,
O08,distance_80,44,2,3,False,
O08,distance_80,45,1,2,False,
O08,distance_80,45,2,3,False,
O08,distance_80,46,1,2,False,
O08,distance_80,46,2,3,False,
O08,distance_80,47,1,,False,
O08,distance_80,47,2,3,False,
O08,distance_80,48,1,,False,
O08,distance_80,48,2,3,False,
O08,distance_80,49,1,,False,
O08,distance_80,49,2,3,False,
O08,distance_80,50,1,,False,
O08,distance_80,50,2,3,False,
O08,distance_80,51,1,,False,
O08,distance_80,51,2,3,False,
O08,distance_80,52,1,,False,
O08,distance_80,52,2,3,False,
O08,distance_80,53,1,,False,
O08,distance_80,53,2,3,False,
O08,distance_80,54,1,,False,
O08,distance_80,54,2,3,False,
O08,distance_80,55,1,,False,
O08,distance_80,55,2,3,False,
O08,distance_80,56,1,,False,
O08,distance_80,56,2,3,False,
O08,distance_80,57,1,,False,
O08,distance_80,57,2,3,False,
O08,distance_80,58,1,,False,
O08,distance_80,58,2,3,False,
O08,distance_80,59,1,,False,
O08,distance_80,59,2,3,False,
O08,distance_80,60,1,,False,
O08,distance_80,60,2,3,False,
O08,distance_80,61,1,,True,candidate_occlusion
O08,distance_80,61,2,3,True,candidate_occlusion
O08,distance_80,62,1,,True,candidate_occlusion
O08,distance_80,62,2,3,True,candidate_occlusion
O08,distance_80,63,1,,True,candidate_occlusion
O08,distance_80,63,2,3,True,candidate_occlusion
O08,distance_80,64,1,,True,candidate_occlusion
O08,distance_80,64,2,3,True,candidate_occlusion
O08,distance_80,65,1,,True,candidate_occlusion
O08,distance_80,65,2,3,True,candidate_occlusion
O08,distance_80,66,1,3,True,candidate_occlusion
O08,distance_80,66,2,,True,candidate_occlusion
O08,distance_80,67,1,4,True,candidate_occlusion
O08,distance_80,67,2,,True,candidate_occlusion
O08,distance_80,68,1,,True,candidate_occlusion
O08,distance_80,68,2,,True,candidate_occlusion
O08,distance_80,69,1,,True,candidate_occlusion
O08,distance_80,69,2,,True,candidate_occlusion
O08,distance_80,70,1,,True,candidate_occlusion
O08,distance_80,70,2,,True,candidate_occlusion
O08,distance_80,71,1,,True,candidate_occlusion
O08,distance_80,71,2,,True,candidate_occlusion
O08,distance_80,72,1,,True,candidate_occlusion
O08,distance_80,72,2,,True,candidate_occlusion
O08,distance_80,73,1,,True,candidate_occlusion
O08,distance_80,73,2,,True,candidate_occlusion
O08,distance_80,74,1,,True,candidate_occlusion
O08,distance_80,74,2,4,True,candidate_occlusion
O08,distance_80,75,1,,True,candidate_occlusion
O08,distance_80,75,2,4,True,candidate_occlusion
O08,distance_80,76,1,,True,candidate_occlusion
O08,distance_80,76,2,4,True,candidate_occlusion
O08,distance_80,77,1,,True,candidate_occlusion
O08,distance_80,77,2,4,True,candidate_occlusion
O08,distance_80,78,1,,True,candidate_occlusion
O08,distance_80,78,2,4,True,candidate_occlusion
O08,distance_80,79,1,,True,candidate_occlusion
O08,distance_80,79,2,4,True,candidate_occlusion
O08,distance_80,80,1,,False,
O08,distance_80,80,2,4,False,
O08,distance_80,81,1,,False,
O08,distance_80,81,2,4,False,
O08,distance_80,82,1,,False,
O08,distance_80,82,2,4,False,
O08,distance_80,83,1,,False,
O08,distance_80,83,2,4,False,
O08,distance_80,84,1,,False,
O08,distance_80,84,2,4,False,
O08,distance_80,85,1,,False,
O08,distance_80,85,2,4,False,
O08,distance_80,86,1,,False,
O08,distance_80,86,2,4,False,
O08,distance_80,87,1,,False,
O08,distance_80,87,2,,False,
O08,distance_80,88,1,,False,
O08,distance_80,88,2,,False,
O08,distance_80,89,1,,False,
O08,distance_80,89,2,4,False,
O08,distance_80,90,1,,False,
O08,distance_80,90,2,4,False,
O08,distance_80,91,1,,False,
O08,distance_80,91,2,4,False,
O08,distance_80,92,1,,False,
O08,distance_80,92,2,4,False,
O08,distance_80,93,1,,False,
O08,distance_80,93,2,4,False,
O08,distance_80,94,1,,False,
O08,distance_80,94,2,4,False,
O08,distance_80,95,1,,False,
O08,distance_80,95,2,4,False,
O08,distance_80,96,1,,False,
O08,distance_80,96,2,4,False,
O08,distance_80,97,1,,False,
O08,distance_80,97,2,4,False,
O08,distance_80,98,1,,False,
O08,distance_80,98,2,4,False,
O08,distance_80,99,1,,False,
O08,distance_80,99,2,4,False,
O08,distance_80,100,1,,False,
O08,distance_80,100,2,4,False,
O08,distance_80,101,1,,False,
O08,distance_80,101,2,4,False,
O08,distance_80,102,1,,False,
O08,distance_80,102,2,4,False,
O08,distance_80,103,1,,False,
O08,distance_80,103,2,4,False,
O08,distance_80,104,1,,False,
O08,distance_80,104,2,4,False,
O08,distance_80,105,1,,False,
O08,distance_80,105,2,4,False,
O08,distance_80,106,1,,False,
O08,distance_80,106,2,4,False,
O08,distance_80,107,1,,False,
O08,distance_80,107,2,4,False,
O08,distance_80,108,1,,False,
O08,distance_80,108,2,4,False,
O08,distance_80,109,1,,False,
O08,distance_80,109,2,4,False,
O08,distance_80,110,1,,False,
O08,distance_80,110,2,4,False,
O08,distance_80,111,1,,False,
O08,distance_80,111,2,4,False,
O08,distance_80,112,1,,False,
O08,distance_80,112,2,4,False,
O08,distance_80,113,1,,False,
O08,distance_80,113,2,4,False,
O08,distance_80,114,1,,False,
O08,distance_80,114,2,4,False,
O08,distance_80,115,1,,False,
O08,distance_80,115,2,4,False,
O08,distance_80,116,1,,False,
O08,distance_80,116,2,4,False,
O08,distance_80,117,1,,False,
O08,distance_80,117,2,4,False,
O08,distance_80,118,1,,False,
O08,distance_80,118,2,4,False,
O08,distance_80,119,1,,False,
O08,distance_80,119,2,4,False,
O08,distance_80,120,1,,False,
O08,distance_80,120,2,4,False,
O08,distance_80,121,1,,False,
O08,distance_80,121,2,4,False,
O08,distance_80,122,1,,False,
O08,distance_80,122,2,4,False,
O08,distance_80,123,1,,False,
O08,distance_80,123,2,4,False,
O08,distance_80,124,1,,False,
O08,distance_80,124,2,4,False,
O08,distance_80,125,1,,False,
O08,distance_80,125,2,4,False,
O08,distance_80,126,1,,False,
O08,distance_80,126,2,4,False,
O08,distance_80,127,1,,False,
O08,distance_80,127,2,4,False,
O08,distance_80,128,1,,False,
O08,distance_80,128,2,4,False,
O08,distance_80,129,1,,False,
O08,distance_80,129,2,4,False,
O08,distance_80,130,1,,False,
O08,distance_80,130,2,4,False,
O08,distance_80,131,1,,False,
O08,distance_80,131,2,4,False,
O08,distance_80,132,1,,False,
O08,distance_80,132,2,,False,
O08,distance_80,133,1,,False,
O08,distance_80,133,2,,False,
O08,distance_80,134,1,,False,
O08,distance_80,134,2,,True,absent_or_warmup
O08,distance_80,135,1,,False,
O08,distance_80,135,2,,True,absent_or_warmup
O08,distance_80,136,1,,False,
O08,distance_80,136,2,,True,absent_or_warmup
O08,distance_80,137,1,,False,
O08,distance_80,137,2,,True,absent_or_warmup
O08,distance_80,138,1,,False,
O08,distance_80,138,2,,True,absent_or_warmup
O08,distance_80,139,1,,False,
O08,distance_80,139,2,,True,absent_or_warmup
O08,distance_80,140,1,,False,
O08,distance_80,140,2,,True,absent_or_warmup
O08,distance_80,141,1,,False,
O08,distance_80,141,2,,True,absent_or_warmup
O08,distance_80,142,1,11,False,
O08,distance_80,142,2,,True,absent_or_warmup
O08,distance_80,143,1,11,False,
O08,distance_80,143,2,,True,absent_or_warmup
O08,distance_80,144,1,11,False,
O08,distance_80,144,2,,True,absent_or_warmup
O08,distance_80,145,1,11,False,
O08,distance_80,145,2,,True,absent_or_warmup
O08,distance_80,146,1,11,False,
O08,distance_80,146,2,,True,absent_or_warmup
O08,distance_80,147,1,11,False,
O08,distance_80,147,2,,True,absent_or_warmup
O08,distance_80,148,1,11,False,
O08,distance_80,148,2,,True,absent_or_warmup
O08,distance_80,149,1,11,False,
O08,distance_80,149,2,,True,absent_or_warmup
O09,distance_80,25,2,1,False,
O09,distance_80,25,3,,True,absent_or_warmup
O09,distance_80,26,2,1,False,
O09,distance_80,26,3,,True,absent_or_warmup
O09,distance_80,27,2,1,False,
O09,distance_80,27,3,,True,absent_or_warmup
O09,distance_80,28,2,1,False,
O09,distance_80,28,3,,True,absent_or_warmup
O09,distance_80,29,2,1,False,
O09,distance_80,29,3,,True,absent_or_warmup
O09,distance_80,30,2,1,False,
O09,distance_80,30,3,,True,absent_or_warmup
O09,distance_80,31,2,1,False,
O09,distance_80,31,3,,True,absent_or_warmup
O09,distance_80,32,2,1,False,
O09,distance_80,32,3,,True,absent_or_warmup
O09,distance_80,33,2,1,False,
O09,distance_80,33,3,,True,absent_or_warmup
O09,distance_80,34,2,1,False,
O09,distance_80,34,3,,True,absent_or_warmup
O09,distance_80,35,2,1,False,
O09,distance_80,35,3,,False,
O09,distance_80,36,2,1,False,
O09,distance_80,36,3,,False,
O09,distance_80,37,2,1,False,
O09,distance_80,37,3,,False,
O09,distance_80,38,2,1,False,
O09,distance_80,38,3,,False,
O09,distance_80,39,2,1,False,
O09,distance_80,39,3,3,False,
O09,distance_80,40,2,1,False,
O09,distance_80,40,3,3,False,
O09,distance_80,41,2,1,False,
O09,distance_80,41,3,3,False,
O09,distance_80,42,2,1,False,
O09,distance_80,42,3,3,False,
O09,distance_80,43,2,1,False,
O09,distance_80,43,3,3,False,
O09,distance_80,44,2,1,False,
O09,distance_80,44,3,3,False,
O09,distance_80,45,2,1,False,
O09,distance_80,45,3,3,False,
O09,distance_80,46,2,1,False,
O09,distance_80,46,3,3,False,
O09,distance_80,47,2,1,False,
O09,distance_80,47,3,3,False,
O09,distance_80,48,2,1,False,
O09,distance_80,48,3,3,False,
O09,distance_80,49,2,1,False,
O09,distance_80,49,3,3,False,
O09,distance_80,50,2,1,False,
O09,distance_80,50,3,3,False,
O09,distance_80,51,2,1,False,
O09,distance_80,51,3,3,False,
O09,distance_80,52,2,1,False,
O09,distance_80,52,3,3,False,
O09,distance_80,53,2,1,False,
O09,distance_80,53,3,3,False,
O09,distance_80,54,2,3,False,
O09,distance_80,54,3,,False,
O09,distance_80,55,2,3,False,
O09,distance_80,55,3,,False,
O09,distance_80,56,2,3,False,
O09,distance_80,56,3,,False,
O09,distance_80,57,2,3,False,
O09,distance_80,57,3,,False,
O09,distance_80,58,2,3,False,
O09,distance_80,58,3,,False,
O09,distance_80,59,2,,True,candidate_occlusion
O09,distance_80,59,3,3,True,candidate_occlusion
O09,distance_80,60,2,,True,candidate_occlusion
O09,distance_80,60,3,3,True,candidate_occlusion
O09,distance_80,61,2,,True,candidate_occlusion
O09,distance_80,61,3,3,True,candidate_occlusion
O09,distance_80,62,2,,True,candidate_occlusion
O09,distance_80,62,3,3,True,candidate_occlusion
O09,distance_80,63,2,,True,candidate_occlusion
O09,distance_80,63,3,3,True,candidate_occlusion
O09,distance_80,64,2,,True,candidate_occlusion
O09,distance_80,64,3,3,True,candidate_occlusion
O09,distance_80,65,2,1,True,candidate_occlusion
O09,distance_80,65,3,3,True,candidate_occlusion
O09,distance_80,66,2,3,True,candidate_occlusion
O09,distance_80,66,3,1,True,candidate_occlusion
O09,distance_80,67,2,3,True,candidate_occlusion
O09,distance_80,67,3,1,True,candidate_occlusion
O09,distance_80,68,2,3,True,candidate_occlusion
O09,distance_80,68,3,4,True,candidate_occlusion
O09,distance_80,69,2,3,False,
O09,distance_80,69,3,4,False,
O09,distance_80,70,2,3,False,
O09,distance_80,70,3,4,False,
O09,distance_80,71,2,3,False,
O09,distance_80,71,3,4,False,
O09,distance_80,72,2,3,False,
O09,distance_80,72,3,4,False,
O09,distance_80,73,2,3,False,
O09,distance_80,73,3,4,False,
O09,distance_80,74,2,3,False,
O09,distance_80,74,3,4,False,
O09,distance_80,75,2,3,False,
O09,distance_80,75,3,4,False,
O09,distance_80,76,2,3,False,
O09,distance_80,76,3,4,False,
O09,distance_80,77,2,3,False,
O09,distance_80,77,3,4,False,
O09,distance_80,78,2,3,False,
O09,distance_80,78,3,4,False,
O09,distance_80,79,2,,False,
O09,distance_80,79,3,4,False,
O09,distance_80,80,2,,False,
O09,distance_80,80,3,4,False,
O09,distance_80,81,2,,False,
O09,distance_80,81,3,4,False,
O09,distance_80,82,2,,False,
O09,distance_80,82,3,4,False,
O09,distance_80,83,2,,False,
O09,distance_80,83,3,4,False,
O09,distance_80,84,2,,False,
O09,distance_80,84,3,4,False,
O09,distance_80,85,2,,False,
O09,distance_80,85,3,4,False,
O09,distance_80,86,2,,False,
O09,distance_80,86,3,4,False,
O09,distance_80,87,2,,False,
O09,distance_80,87,3,4,False,
O09,distance_80,88,2,,False,
O09,distance_80,88,3,4,False,
O09,distance_80,89,2,,False,
O09,distance_80,89,3,4,False,
O09,distance_80,90,2,,False,
O09,distance_80,90,3,4,False,
O09,distance_80,91,2,,False,
O09,distance_80,91,3,4,False,
O09,distance_80,92,2,,False,
O09,distance_80,92,3,4,False,
O09,distance_80,93,2,,False,
O09,distance_80,93,3,4,False,
O09,distance_80,94,2,,False,
O09,distance_80,94,3,4,False,
O09,distance_80,95,2,,False,
O09,distance_80,95,3,4,False,
O09,distance_80,96,2,,True,absent_or_warmup
O09,distance_80,96,3,4,False,
O09,distance_80,97,2,,True,absent_or_warmup
O09,distance_80,97,3,4,False,
O09,distance_80,98,2,,True,absent_or_warmup
O09,distance_80,98,3,4,False,
O09,distance_80,99,2,,True,absent_or_warmup
O09,distance_80,99,3,4,False,
O09,distance_80,100,2,,True,absent_or_warmup
O09,distance_80,100,3,4,False,
O09,distance_80,101,2,,True,absent_or_warmup
O09,distance_80,101,3,7,False,
O09,distance_80,102,2,,True,absent_or_warmup
O09,distance_80,102,3,7,False,
O09,distance_80,103,2,,True,absent_or_warmup
O09,distance_80,103,3,7,False,
O09,distance_80,104,2,,True,absent_or_warmup
O09,distance_80,104,3,7,False,
O09,distance_80,105,2,,True,absent_or_warmup
O09,distance_80,105,3,7,False,
O09,distance_80,106,2,,True,absent_or_warmup
O09,distance_80,106,3,7,False,
O09,distance_80,107,2,,True,absent_or_warmup
O09,distance_80,107,3,7,False,
O09,distance_80,108,2,,True,absent_or_warmup
O09,distance_80,108,3,7,False,
O09,distance_80,109,2,,True,absent_or_warmup
O09,distance_80,109,3,7,False,
O09,distance_80,110,2,,True,absent_or_warmup
O09,distance_80,110,3,4,False,
O09,distance_80,111,2,,True,absent_or_warmup
O09,distance_80,111,3,4,False,
O09,distance_80,112,2,,True,absent_or_warmup
O09,distance_80,112,3,4,False,
O09,distance_80,113,2,,True,absent_or_warmup
O09,distance_80,113,3,4,False,
O09,distance_80,114,2,,True,absent_or_warmup
O09,distance_80,114,3,8,False,
O09,distance_80,115,2,,True,absent_or_warmup
O09,distance_80,115,3,8,False,
O09,distance_80,116,2,,True,absent_or_warmup
O09,distance_80,116,3,8,False,
O09,distance_80,117,2,,True,absent_or_warmup
O09,distance_80,117,3,8,False,
O09,distance_80,118,2,,True,absent_or_warmup
O09,distance_80,118,3,8,False,
O09,distance_80,119,2,,True,absent_or_warmup
O09,distance_80,119,3,8,False,
O09,distance_80,120,2,,True,absent_or_warmup
O09,distance_80,120,3,8,False,
O09,distance_80,121,2,,True,absent_or_warmup
O09,distance_80,121,3,8,False,
O09,distance_80,122,2,,True,absent_or_warmup
O09,distance_80,122,3,8,False,
O09,distance_80,123,2,,True,absent_or_warmup
O09,distance_80,123,3,8,False,
O09,distance_80,124,2,,True,absent_or_warmup
O09,distance_80,124,3,8,False,
O09,distance_80,125,2,,True,absent_or_warmup
O09,distance_80,125,3,8,False,
O09,distance_80,126,2,,True,absent_or_warmup
O09,distance_80,126,3,8,False,
O09,distance_80,127,2,,True,absent_or_warmup
O09,distance_80,127,3,8,False,
O09,distance_80,128,2,,True,absent_or_warmup
O09,distance_80,128,3,8,False,
O09,distance_80,129,2,,True,absent_or_warmup
O09,distance_80,129,3,8,False,
O09,distance_80,130,2,,True,absent_or_warmup
O09,distance_80,130,3,8,False,
O09,distance_80,131,2,,True,absent_or_warmup
O09,distance_80,131,3,8,False,
O09,distance_80,132,2,,True,absent_or_warmup
O09,distance_80,132,3,8,False,
O09,distance_80,133,2,,True,absent_or_warmup
O09,distance_80,133,3,8,False,
O09,distance_80,134,2,,True,absent_or_warmup
O09,distance_80,134,3,8,False,
O09,distance_80,135,2,,True,absent_or_warmup
O09,distance_80,135,3,8,False,
O09,distance_80,136,2,,True,absent_or_warmup
O09,distance_80,136,3,8,False,
O09,distance_80,137,2,,True,absent_or_warmup
O09,distance_80,137,3,,False,
O09,distance_80,138,2,,True,absent_or_warmup
O09,distance_80,138,3,9,False,
O09,distance_80,139,2,,True,absent_or_warmup
O09,distance_80,139,3,9,False,
O09,distance_80,140,2,,True,absent_or_warmup
O09,distance_80,140,3,9,False,
O09,distance_80,141,2,,True,absent_or_warmup
O09,distance_80,141,3,9,False,
O09,distance_80,142,2,,True,absent_or_warmup
O09,distance_80,142,3,9,False,
O09,distance_80,143,2,,True,absent_or_warmup
O09,distance_80,143,3,,False,
O09,distance_80,144,2,,True,absent_or_warmup
O09,distance_80,144,3,8,False,
O09,distance_80,145,2,,True,absent_or_warmup
O09,distance_80,145,3,7,False,
O09,distance_80,146,2,,True,absent_or_warmup
O09,distance_80,146,3,7,False,
O09,distance_80,147,2,,True,absent_or_warmup
O09,distance_80,147,3,7,False,
O09,distance_80,148,2,,True,absent_or_warmup
O09,distance_80,148,3,7,False,
O09,distance_80,149,2,,True,absent_or_warmup
O09,distance_80,149,3,7,False,
O10,distance_80,590,1,16,False,
O10,distance_80,590,2,,False,
O10,distance_80,591,1,16,False,
O10,distance_80,591,2,,False,
O10,distance_80,592,1,16,False,
O10,distance_80,592,2,,False,
O10,distance_80,593,1,16,False,
O10,distance_80,593,2,,False,
O10,distance_80,594,1,16,False,
O10,distance_80,594,2,,False,
O10,distance_80,595,1,16,False,
O10,distance_80,595,2,,False,
O10,distance_80,596,1,16,False,
O10,distance_80,596,2,,False,
O10,distance_80,597,1,16,False,
O10,distance_80,597,2,,False,
O10,distance_80,598,1,16,False,
O10,distance_80,598,2,,False,
O10,distance_80,599,1,16,False,
O10,distance_80,599,2,,False,
O10,distance_80,600,1,16,False,
O10,distance_80,600,2,,False,
O10,distance_80,601,1,16,False,
O10,distance_80,601,2,,False,
O10,distance_80,602,1,16,False,
O10,distance_80,602,2,,False,
O10,distance_80,603,1,16,False,
O10,distance_80,603,2,,False,
O10,distance_80,604,1,16,False,
O10,distance_80,604,2,,False,
O10,distance_80,605,1,,False,
O10,distance_80,605,2,,False,
O10,distance_80,606,1,,False,
O10,distance_80,606,2,,False,
O10,distance_80,607,1,,False,
O10,distance_80,607,2,,False,
O10,distance_80,608,1,,False,
O10,distance_80,608,2,,False,
O10,distance_80,609,1,,False,
O10,distance_80,609,2,,False,
O10,distance_80,610,1,,False,
O10,distance_80,610,2,,False,
O10,distance_80,611,1,,False,
O10,distance_80,611,2,,False,
O10,distance_80,612,1,,False,
O10,distance_80,612,2,,False,
O10,distance_80,613,1,,False,
O10,distance_80,613,2,,False,
O10,distance_80,614,1,,False,
O10,distance_80,614,2,,False,
O10,distance_80,615,1,,False,
O10,distance_80,615,2,,False,
O10,distance_80,616,1,,False,
O10,distance_80,616,2,,False,
O10,distance_80,617,1,,False,
O10,distance_80,617,2,,False,
O10,distance_80,618,1,,False,
O10,distance_80,618,2,,False,
O10,distance_80,619,1,,False,
O10,distance_80,619,2,,False,
O10,distance_80,620,1,,False,
O10,distance_80,620,2,,False,
O10,distance_80,621,1,,False,
O10,distance_80,621,2,,False,
O10,distance_80,622,1,,False,
O10,distance_80,622,2,,False,
O10,distance_80,623,1,,False,
O10,distance_80,623,2,,False,
O10,distance_80,624,1,,False,
O10,distance_80,624,2,,False,
O10,distance_80,625,1,,False,
O10,distance_80,625,2,,False,
O10,distance_80,626,1,,False,
O10,distance_80,626,2,,False,
O10,distance_80,627,1,,False,
O10,distance_80,627,2,,False,
O10,distance_80,628,1,,False,
O10,distance_80,628,2,,False,
O10,distance_80,629,1,,False,
O10,distance_80,629,2,,False,
O10,distance_80,630,1,,False,
O10,distance_80,630,2,,False,
O10,distance_80,631,1,18,False,
O10,distance_80,631,2,,False,
O10,distance_80,632,1,18,False,
O10,distance_80,632,2,,False,
O10,distance_80,633,1,,False,
O10,distance_80,633,2,,False,
O10,distance_80,634,1,,False,
O10,distance_80,634,2,,False,
O10,distance_80,635,1,,False,
O10,distance_80,635,2,,False,
O10,distance_80,636,1,,False,
O10,distance_80,636,2,,False,
O10,distance_80,637,1,,False,
O10,distance_80,637,2,,False,
O10,distance_80,638,1,,False,
O10,distance_80,638,2,,False,
O10,distance_80,639,1,,False,
O10,distance_80,639,2,,False,
O10,distance_80,640,1,,False,
O10,distance_80,640,2,,False,
O10,distance_80,641,1,,False,
O10,distance_80,641,2,18,False,
O10,distance_80,642,1,,False,
O10,distance_80,642,2,18,False,
O10,distance_80,643,1,,False,
O10,distance_80,643,2,18,False,
O10,distance_80,644,1,,False,
O10,distance_80,644,2,18,False,
O10,distance_80,645,1,,False,
O10,distance_80,645,2,18,False,
O10,distance_80,646,1,,False,
O10,distance_80,646,2,18,False,
O10,distance_80,647,1,,False,
O10,distance_80,647,2,,False,
O10,distance_80,648,1,,False,
O10,distance_80,648,2,,False,
O10,distance_80,649,1,,False,
O10,distance_80,649,2,,False,
O10,distance_80,650,1,,False,
O10,distance_80,650,2,,False,
O10,distance_80,651,1,,False,
O10,distance_80,651,2,,False,
O10,distance_80,652,1,,False,
O10,distance_80,652,2,,False,
O10,distance_80,653,1,,False,
O10,distance_80,653,2,,False,
O10,distance_80,654,1,,False,
O10,distance_80,654,2,,False,
O10,distance_80,655,1,,False,
O10,distance_80,655,2,,False,
O10,distance_80,656,1,,False,
O10,distance_80,656,2,,False,
O10,distance_80,657,1,,False,
O10,distance_80,657,2,,False,
O10,distance_80,658,1,,False,
O10,distance_80,658,2,,False,
O10,distance_80,659,1,,False,
O10,distance_80,659,2,,False,
O10,distance_80,660,1,,False,
O10,distance_80,660,2,,False,
O10,distance_80,661,1,,False,
O10,distance_80,661,2,,False,
O10,distance_80,662,1,,False,
O10,distance_80,662,2,,False,
O10,distance_80,663,1,,False,
O10,distance_80,663,2,,False,
O10,distance_80,664,1,,False,
O10,distance_80,664,2,,False,
O10,distance_80,665,1,,False,
O10,distance_80,665,2,,False,
O10,distance_80,666,1,,False,
O10,distance_80,666,2,,False,
O10,distance_80,667,1,,False,
O10,distance_80,667,2,,False,
O10,distance_80,668,1,,False,
O10,distance_80,668,2,,False,
O10,distance_80,669,1,,False,
O10,distance_80,669,2,,False,
O10,distance_80,670,1,,False,
O10,distance_80,670,2,,False,
O10,distance_80,671,1,,False,
O10,distance_80,671,2,,False,
O10,distance_80,672,1,,False,
O10,distance_80,672,2,,False,
O10,distance_80,673,1,,False,
O10,distance_80,673,2,,False,
O10,distance_80,674,1,,False,
O10,distance_80,674,2,,False,
O10,distance_80,675,1,,False,
O10,distance_80,675,2,,False,
O10,distance_80,676,1,,False,
O10,distance_80,676,2,,False,
O10,distance_80,677,1,,False,
O10,distance_80,677,2,,False,
O10,distance_80,678,1,18,False,
O10,distance_80,678,2,,False,
O10,distance_80,679,1,,False,
O10,distance_80,679,2,,False,
O10,distance_80,680,1,,False,
O10,distance_80,680,2,,False,
O10,distance_80,681,1,,False,
O10,distance_80,681,2,,False,
O10,distance_80,682,1,,False,
O10,distance_80,682,2,,False,
O10,distance_80,683,1,,False,
O10,distance_80,683,2,,False,
O10,distance_80,684,1,,False,
O10,distance_80,684,2,,False,
O10,distance_80,685,1,,False,
O10,distance_80,685,2,,False,
O10,distance_80,686,1,,False,
O10,distance_80,686,2,,False,
O10,distance_80,687,1,,False,
O10,distance_80,687,2,,False,
O10,distance_80,688,1,,False,
O10,distance_80,688,2,,False,
O10,distance_80,689,1,,False,
O10,distance_80,689,2,,False,
O10,distance_80,690,1,,False,
O10,distance_80,690,2,,False,
S01,distance_80,95,0,1,False,
S01,distance_80,96,0,1,False,
S01,distance_80,97,0,1,False,
S01,distance_80,98,0,1,False,
S01,distance_80,99,0,1,False,
S01,distance_80,100,0,1,False,
S01,distance_80,101,0,,False,
S01,distance_80,102,0,1,False,
S01,distance_80,103,0,1,False,
S01,distance_80,104,0,,False,
S01,distance_80,105,0,,False,
S01,distance_80,106,0,,False,
S01,distance_80,107,0,,False,
S01,distance_80,108,0,,False,
S01,distance_80,109,0,,False,
S01,distance_80,110,0,,False,
S01,distance_80,111,0,,False,
S01,distance_80,112,0,,False,
S01,distance_80,113,0,,False,
S01,distance_80,114,0,,False,
S01,distance_80,115,0,,False,
S01,distance_80,116,0,,False,
S01,distance_80,117,0,,False,
S01,distance_80,118,0,,False,
S01,distance_80,119,0,,False,
S01,distance_80,120,0,,False,
S02,distance_80,355,1,,False,
S02,distance_80,356,1,,False,
S02,distance_80,357,1,,False,
S02,distance_80,358,1,,False,
S02,distance_80,359,1,,False,
S02,distance_80,360,1,,False,
S02,distance_80,361,1,,False,
S02,distance_80,362,1,,False,
S02,distance_80,363,1,,False,
S02,distance_80,364,1,,False,
S02,distance_80,365,1,,False,
S02,distance_80,366,1,,False,
S02,distance_80,367,1,,False,
S02,distance_80,368,1,,False,
S02,distance_80,369,1,,False,
S02,distance_80,370,1,,False,
S02,distance_80,371,1,,False,
S02,distance_80,372,1,,False,
S02,distance_80,373,1,,False,
S02,distance_80,374,1,,False,
S02,distance_80,375,1,,False,
S02,distance_80,376,1,,False,
S02,distance_80,377,1,,False,
S02,distance_80,378,1,,False,
S02,distance_80,379,1,,False,
S02,distance_80,380,1,,False,
S02,distance_80,381,1,,False,
S02,distance_80,382,1,,False,
S02,distance_80,383,1,,False,
S02,distance_80,384,1,,False,
S02,distance_80,385,1,,False,
S02,distance_80,386,1,,False,
S02,distance_80,387,1,,False,
S02,distance_80,388,1,,False,
S02,distance_80,389,1,,False,
S02,distance_80,390,1,,False,
S03,distance_80,159,1,1,False,
S03,distance_80,160,1,1,False,
S03,distance_80,161,1,1,False,
S03,distance_80,162,1,1,False,
S03,distance_80,163,1,1,False,
S03,distance_80,164,1,1,False,
S03,distance_80,165,1,1,False,
S03,distance_80,166,1,1,False,
S03,distance_80,167,1,1,False,
S03,distance_80,168,1,4,False,
S03,distance_80,169,1,4,False,
S03,distance_80,170,1,,False,
S03,distance_80,171,1,4,False,
S03,distance_80,172,1,4,False,
S03,distance_80,173,1,4,False,
S03,distance_80,174,1,4,False,
S03,distance_80,175,1,4,False,
S03,distance_80,176,1,4,False,
S03,distance_80,177,1,4,False,
S03,distance_80,178,1,,False,
S03,distance_80,179,1,,False,
S03,distance_80,180,1,,False,
S03,distance_80,181,1,,False,
S03,distance_80,182,1,,False,
S03,distance_80,183,1,,False,
S03,distance_80,184,1,,False,
S03,distance_80,185,1,,False,
S03,distance_80,186,1,,False,
S03,distance_80,187,1,,False,
S03,distance_80,188,1,,False,
S03,distance_80,189,1,,False,
S03,distance_80,190,1,,False,
S03,distance_80,191,1,,False,
S03,distance_80,192,1,,False,
S03,distance_80,193,1,,False,
S03,distance_80,194,1,,False,
S03,distance_80,195,1,,False,
S03,distance_80,196,1,,False,
S03,distance_80,197,1,,False,
S03,distance_80,198,1,,False,
S03,distance_80,199,1,,False,
S03,distance_80,200,1,,False,
S03,distance_80,201,1,,False,
S03,distance_80,202,1,,False,
S03,distance_80,203,1,,False,
S03,distance_80,204,1,,False,
S03,distance_80,205,1,,False,
S03,distance_80,206,1,,False,
S03,distance_80,207,1,,False,
S03,distance_80,208,1,,False,
S03,distance_80,209,1,,False,
S03,distance_80,210,1,,False,
S03,distance_80,211,1,,False,
S03,distance_80,212,1,,False,
S03,distance_80,213,1,,False,
S03,distance_80,214,1,,False,
S03,distance_80,215,1,,False,
S03,distance_80,216,1,,False,
S03,distance_80,217,1,,False,
S03,distance_80,218,1,,False,
S03,distance_80,219,1,,False,
S03,distance_80,220,1,,False,
S03,distance_80,221,1,,False,
S03,distance_80,222,1,,False,
S03,distance_80,223,1,,False,
S03,distance_80,224,1,,False,
S03,distance_80,225,1,,False,
S03,distance_80,226,1,,False,
S03,distance_80,227,1,,False,
S03,distance_80,228,1,,False,
S03,distance_80,229,1,,False,
S03,distance_80,230,1,,False,
S03,distance_80,231,1,,False,
S03,distance_80,232,1,,False,
S03,distance_80,233,1,,False,
S03,distance_80,234,1,,False,
S03,distance_80,235,1,,False,
S03,distance_80,236,1,,False,
S03,distance_80,237,1,,False,
S03,distance_80,238,1,,False,
S03,distance_80,239,1,,False,
S03,distance_80,240,1,,False,
S03,distance_80,241,1,,False,
S03,distance_80,242,1,,False,
S03,distance_80,243,1,,False,
S03,distance_80,244,1,,False,
S03,distance_80,245,1,,False,
S03,distance_80,246,1,,False,
S03,distance_80,247,1,,False,
S03,distance_80,248,1,,False,
S03,distance_80,249,1,,False,
S03,distance_80,250,1,,False,
S03,distance_80,251,1,,False,
S03,distance_80,252,1,,False,
S03,distance_80,253,1,,False,
S03,distance_80,254,1,,False,
S03,distance_80,255,1,,False,
S03,distance_80,256,1,,False,
S03,distance_80,257,1,,False,
S03,distance_80,258,1,,False,
S03,distance_80,259,1,,False,
S03,distance_80,260,1,,False,
S03,distance_80,261,1,,False,
S03,distance_80,262,1,,False,
S03,distance_80,263,1,,False,
S03,distance_80,264,1,,False,
S03,distance_80,265,1,,False,
S03,distance_80,266,1,,False,
S03,distance_80,267,1,,False,
S03,distance_80,268,1,,False,
S03,distance_80,269,1,,False,
S03,distance_80,270,1,,False,
S03,distance_80,271,1,7,False,
S03,distance_80,272,1,7,False,
S03,distance_80,273,1,7,False,
S04,distance_80,123,1,2,False,
S04,distance_80,124,1,2,False,
S04,distance_80,125,1,2,False,
S04,distance_80,126,1,5,False,
S04,distance_80,127,1,5,False,
S04,distance_80,128,1,,False,
S04,distance_80,129,1,,False,
S04,distance_80,130,1,,False,
S04,distance_80,131,1,,False,
S04,distance_80,132,1,,False,
S04,distance_80,133,1,,False,
S05,distance_80,177,1,18,False,
S05,distance_80,178,1,,False,
S05,distance_80,179,1,,False,
S05,distance_80,180,1,,False,
S05,distance_80,181,1,,False,
S05,distance_80,182,1,23,False,
S05,distance_80,183,1,23,False,
S05,distance_80,184,1,,False,
S05,distance_80,185,1,,False,
S05,distance_80,186,1,,False,
S05,distance_80,187,1,,False,
S05,distance_80,188,1,18,False,
S05,distance_80,189,1,23,False,
S05,distance_80,190,1,24,False,
S05,distance_80,191,1,23,False,
S05,distance_80,192,1,,False,
S05,distance_80,193,1,,False,
S05,distance_80,194,1,,False,
S05,distance_80,195,1,,False,
S05,distance_80,196,1,18,False,
S05,distance_80,197,1,18,False,
S05,distance_80,198,1,18,False,
S05,distance_80,199,1,18,False,
S05,distance_80,200,1,18,False,
S05,distance_80,201,1,18,False,
S05,distance_80,202,1,18,False,
S05,distance_80,203,1,18,False,
S05,distance_80,204,1,18,False,
S05,distance_80,205,1,18,False,
S05,distance_80,206,1,18,False,
S05,distance_80,207,1,18,False,
S05,distance_80,208,1,18,False,
S05,distance_80,209,1,18,False,
S05,distance_80,210,1,18,False,
S05,distance_80,211,1,18,False,
S05,distance_80,212,1,26,False,
S05,distance_80,213,1,18,False,
S05,distance_80,214,1,18,False,
S05,distance_80,215,1,29,False,
S05,distance_80,216,1,,False,
S05,distance_80,217,1,,False,
S05,distance_80,218,1,,False,
S05,distance_80,219,1,36,False,
S05,distance_80,220,1,,False,
S05,distance_80,221,1,,False,
S05,distance_80,222,1,,False,
S05,distance_80,223,1,,False,
S05,distance_80,224,1,,False,
S05,distance_80,225,1,26,False,
S05,distance_80,226,1,26,False,
S05,distance_80,227,1,,False,
S05,distance_80,228,1,,False,
S05,distance_80,229,1,,False,
S05,distance_80,230,1,,False,
S05,distance_80,231,1,,False,
S05,distance_80,232,1,42,False,
S05,distance_80,233,1,,False,
S05,distance_80,234,1,,False,
S05,distance_80,235,1,,False,
S05,distance_80,236,1,,False,
S05,distance_80,237,1,,False,
S05,distance_80,238,1,,False,
S05,distance_80,239,1,,False,
S05,distance_80,240,1,,False,
S05,distance_80,241,1,,False,
S05,distance_80,242,1,42,False,
S05,distance_80,243,1,42,False,
S05,distance_80,244,1,42,False,
S05,distance_80,245,1,42,False,
S05,distance_80,246,1,42,False,
S05,distance_80,247,1,42,False,
S05,distance_80,248,1,42,False,
S05,distance_80,249,1,42,False,
S05,distance_80,250,1,42,False,
S05,distance_80,251,1,42,False,
S05,distance_80,252,1,42,False,
S05,distance_80,253,1,42,False,
S05,distance_80,254,1,42,False,
S05,distance_80,255,1,42,False,
S05,distance_80,256,1,42,False,
L01,distance_80,119,1,2,False,
L01,distance_80,120,1,2,False,
L01,distance_80,121,1,2,False,
L01,distance_80,122,1,2,False,
L01,distance_80,123,1,2,False,
L01,distance_80,124,1,2,False,
L01,distance_80,125,1,2,False,
L01,distance_80,126,1,5,False,
L01,distance_80,127,1,5,False,
L01,distance_80,128,1,,False,
L01,distance_80,129,1,,False,
L01,distance_80,130,1,,False,
L01,distance_80,131,1,,False,
L01,distance_80,132,1,,False,
L01,distance_80,133,1,,False,
L01,distance_80,134,1,,False,
L01,distance_80,135,1,,False,
L01,distance_80,136,1,,False,
L01,distance_80,137,1,,False,
L01,distance_80,138,1,13,False,
L01,distance_80,139,1,13,False,
L01,distance_80,140,1,13,False,
L01,distance_80,141,1,13,False,
L01,distance_80,142,1,13,False,
L01,distance_80,143,1,13,False,
L01,distance_80,144,1,9,False,
L01,distance_80,145,1,9,False,
L01,distance_80,146,1,9,False,
L01,distance_80,147,1,9,False,
L01,distance_80,148,1,9,False,
L01,distance_80,149,1,9,False,
L01,distance_80,150,1,9,False,
L01,distance_80,151,1,9,False,
L01,distance_80,152,1,9,False,
L01,distance_80,153,1,9,False,
L01,distance_80,154,1,9,False,
L01,distance_80,155,1,9,False,
L01,distance_80,156,1,9,False,
L01,distance_80,157,1,9,False,
L01,distance_80,158,1,9,False,
L01,distance_80,159,1,9,False,
L01,distance_80,160,1,9,False,
L01,distance_80,161,1,9,False,
L01,distance_80,162,1,9,False,
L01,distance_80,163,1,9,False,
L01,distance_80,164,1,9,False,
L01,distance_80,165,1,9,False,
L01,distance_80,166,1,9,False,
L01,distance_80,167,1,9,False,
L01,distance_80,168,1,9,False,
L01,distance_80,169,1,9,False,
L01,distance_80,170,1,9,False,
L01,distance_80,171,1,9,False,
L01,distance_80,172,1,9,False,
L01,distance_80,173,1,9,False,
L01,distance_80,174,1,9,False,
L02,distance_80,204,1,18,False,
L02,distance_80,205,1,18,False,
L02,distance_80,206,1,18,False,
L02,distance_80,207,1,18,False,
L02,distance_80,208,1,18,False,
L02,distance_80,209,1,18,False,
L02,distance_80,210,1,18,False,
L02,distance_80,211,1,18,False,
L02,distance_80,212,1,26,False,
L02,distance_80,213,1,18,False,
L02,distance_80,214,1,18,False,
L02,distance_80,215,1,29,False,
L02,distance_80,216,1,,False,
L02,distance_80,217,1,,False,
L02,distance_80,218,1,,False,
L02,distance_80,219,1,36,False,
L02,distance_80,220,1,,False,
L02,distance_80,221,1,,False,
L02,distance_80,222,1,,False,
L02,distance_80,223,1,,False,
L02,distance_80,224,1,,False,
L02,distance_80,225,1,26,False,
L02,distance_80,226,1,26,False,
L02,distance_80,227,1,,False,
L02,distance_80,228,1,,False,
L02,distance_80,229,1,,False,
L02,distance_80,230,1,,False,
L02,distance_80,231,1,,False,
L02,distance_80,232,1,42,False,
L02,distance_80,233,1,,False,
L02,distance_80,234,1,,False,
L02,distance_80,235,1,,False,
L02,distance_80,236,1,,False,
L02,distance_80,237,1,,False,
L02,distance_80,238,1,,False,
L02,distance_80,239,1,,False,
L02,distance_80,240,1,,False,
L02,distance_80,241,1,,False,
L02,distance_80,242,1,42,False,
L02,distance_80,243,1,42,False,
L02,distance_80,244,1,42,False,
L02,distance_80,245,1,42,False,
L02,distance_80,246,1,42,False,
L02,distance_80,247,1,42,False,
L02,distance_80,248,1,42,False,
L02,distance_80,249,1,42,False,
L03,distance_80,800,1,,False,
L03,distance_80,801,1,,False,
L03,distance_80,802,1,,False,
L03,distance_80,803,1,,False,
L03,distance_80,804,1,,False,
L03,distance_80,805,1,,False,
L03,distance_80,806,1,,False,
L03,distance_80,807,1,,False,
L03,distance_80,808,1,2,False,
L03,distance_80,809,1,2,False,
L03,distance_80,810,1,2,False,
L03,distance_80,811,1,2,False,
L03,distance_80,812,1,,False,
L03,distance_80,813,1,,False,
L03,distance_80,814,1,,False,
L03,distance_80,815,1,,False,
L03,distance_80,816,1,,False,
L03,distance_80,817,1,,False,
L03,distance_80,818,1,,False,
L03,distance_80,819,1,2,False,
L03,distance_80,820,1,2,False,
L03,distance_80,821,1,2,False,
L03,distance_80,822,1,2,False,
L03,distance_80,823,1,2,False,
L03,distance_80,824,1,7,False,
L03,distance_80,825,1,,False,
L03,distance_80,826,1,,False,
L04,distance_80,1851,1,,False,
L04,distance_80,1852,1,,False,
L04,distance_80,1853,1,,False,
L04,distance_80,1854,1,,False,
L04,distance_80,1855,1,,False,
L04,distance_80,1856,1,,False,
L04,distance_80,1857,1,,False,
L04,distance_80,1858,1,,False,
L04,distance_80,1859,1,,False,
L04,distance_80,1860,1,,False,
L04,distance_80,1861,1,,False,
L04,distance_80,1862,1,,False,
L04,distance_80,1863,1,9,False,
L04,distance_80,1864,1,9,False,
L04,distance_80,1865,1,16,False,
L04,distance_80,1866,1,16,False,
L04,distance_80,1867,1,16,False,
L04,distance_80,1868,1,16,False,
L04,distance_80,1869,1,16,False,
L04,distance_80,1870,1,15,False,
L04,distance_80,1871,1,15,False,
L04,distance_80,1872,1,16,False,
L04,distance_80,1873,1,,False,
L04,distance_80,1874,1,15,False,
L04,distance_80,1875,1,15,False,
L04,distance_80,1876,1,15,False,
L04,distance_80,1877,1,15,False,
L04,distance_80,1878,1,,False,
L04,distance_80,1879,1,,False,
L04,distance_80,1880,1,,False,
L04,distance_80,1881,1,,False,
L04,distance_80,1882,1,,False,
L04,distance_80,1883,1,,False,
L04,distance_80,1884,1,,False,
L04,distance_80,1885,1,,False,
L04,distance_80,1886,1,,False,
L04,distance_80,1887,1,,False,
L04,distance_80,1888,1,,False,
L04,distance_80,1889,1,,False,
L04,distance_80,1890,1,,False,
L04,distance_80,1891,1,,False,
L04,distance_80,1892,1,,False,
L04,distance_80,1893,1,,False,
L04,distance_80,1894,1,,False,
L04,distance_80,1895,1,,False,
L04,distance_80,1896,1,,False,
L04,distance_80,1897,1,,False,
L04,distance_80,1898,1,,False,
L04,distance_80,1899,1,,False,
L04,distance_80,1900,1,,False,
L04,distance_80,1901,1,,False,
L04,distance_80,1902,1,,False,
L04,distance_80,1903,1,,False,
L04,distance_80,1904,1,,False,
L04,distance_80,1905,1,,False,
L04,distance_80,1906,1,,False,
L04,distance_80,1907,1,,False,
L04,distance_80,1908,1,,False,
L04,distance_80,1909,1,,False,
L04,distance_80,1910,1,,False,
L05,distance_80,2160,1,21,False,
L05,distance_80,2161,1,22,False,
L05,distance_80,2162,1,22,False,
L05,distance_80,2163,1,22,False,
L05,distance_80,2164,1,22,False,
L05,distance_80,2165,1,22,False,
L05,distance_80,2166,1,22,False,
L05,distance_80,2167,1,22,False,
L05,distance_80,2168,1,22,False,
L05,distance_80,2169,1,22,False,
L05,distance_80,2170,1,22,False,
L05,distance_80,2171,1,22,False,
L05,distance_80,2172,1,23,False,
L05,distance_80,2173,1,,False,
L05,distance_80,2174,1,23,False,
L05,distance_80,2175,1,23,False,
L05,distance_80,2176,1,23,False,
L05,distance_80,2177,1,,False,
L05,distance_80,2178,1,,False,
L05,distance_80,2179,1,,False,
L05,distance_80,2180,1,23,False,
L05,distance_80,2181,1,23,False,
L05,distance_80,2182,1,23,False,
L05,distance_80,2183,1,23,False,
L05,distance_80,2184,1,23,False,
L05,distance_80,2185,1,23,False,
L05,distance_80,2186,1,23,False,
L05,distance_80,2187,1,23,False,
L05,distance_80,2188,1,,False,
L05,distance_80,2189,1,,False,
L05,distance_80,2190,1,,False,
L05,distance_80,2191,1,,False,
L05,distance_80,2192,1,,False,
M01,missing_30,89,1,1,False,
M01,missing_30,90,1,1,False,
M01,missing_30,91,1,1,False,
M01,missing_30,92,1,1,False,
M01,missing_30,93,1,1,False,
M01,missing_30,94,1,1,False,
M01,missing_30,95,1,1,False,
M01,missing_30,96,1,1,False,
M01,missing_30,97,1,1,False,
M01,missing_30,98,1,1,False,
M01,missing_30,99,1,1,False,
M01,missing_30,100,1,1,False,
M01,missing_30,101,1,1,False,
M01,missing_30,102,1,1,False,
M01,missing_30,103,1,1,False,
M01,missing_30,104,1,1,False,
M01,missing_30,105,1,1,False,
M01,missing_30,106,1,1,False,
M01,missing_30,107,1,1,False,
M01,missing_30,108,1,1,False,
M01,missing_30,109,1,1,False,
M01,missing_30,110,1,1,False,
M01,missing_30,111,1,1,False,
M01,missing_30,112,1,1,False,
M01,missing_30,113,1,1,False,
M01,missing_30,114,1,1,False,
M01,missing_30,115,1,1,False,
M01,missing_30,116,1,1,False,
M01,missing_30,117,1,1,False,
M01,missing_30,118,1,1,False,
M01,missing_30,119,1,1,False,
M01,missing_30,120,1,1,False,
M01,missing_30,121,1,1,False,
M01,missing_30,122,1,1,False,
M01,missing_30,123,1,1,False,
M01,missing_30,124,1,1,False,
M01,missing_30,125,1,1,False,
M01,missing_30,126,1,1,False,
M01,missing_30,127,1,1,False,
M01,missing_30,128,1,1,False,
M01,missing_30,129,1,1,False,
M01,missing_30,130,1,1,False,
M01,missing_30,131,1,1,False,
M01,missing_30,132,1,1,False,
M01,missing_30,133,1,1,False,
M01,missing_30,134,1,1,False,
M01,missing_30,135,1,1,False,
M01,missing_30,136,1,1,False,
M01,missing_30,137,1,1,False,
M01,missing_30,138,1,1,False,
M01,missing_30,139,1,1,False,
M01,missing_30,140,1,1,False,
M01,missing_30,141,1,1,False,
M01,missing_30,142,1,1,False,
M01,missing_30,143,1,1,False,
M01,missing_30,144,1,1,False,
M01,missing_30,145,1,1,False,
M01,missing_30,146,1,1,False,
M01,missing_30,147,1,1,False,
M01,missing_30,148,1,1,False,
M01,missing_30,149,1,1,False,
M02,missing_30,139,1,2,False,
M02,missing_30,140,1,2,False,
M02,missing_30,141,1,2,False,
M02,missing_30,142,1,2,False,
M02,missing_30,143,1,2,False,
M02,missing_30,144,1,17,False,
M02,missing_30,145,1,17,False,
M02,missing_30,146,1,17,False,
M02,missing_30,147,1,17,False,
M02,missing_30,148,1,17,False,
M02,missing_30,149,1,17,False,
M02,missing_30,150,1,17,False,
M02,missing_30,151,1,17,False,
M02,missing_30,152,1,17,False,
M02,missing_30,153,1,23,False,
M02,missing_30,154,1,23,False,
M02,missing_30,155,1,23,False,
M02,missing_30,156,1,23,False,
M02,missing_30,157,1,23,False,
M02,missing_30,158,1,23,False,
M02,missing_30,159,1,23,False,
M02,missing_30,160,1,23,False,
M02,missing_30,161,1,23,False,
M02,missing_30,162,1,23,False,
M02,missing_30,163,1,23,False,
M02,missing_30,164,1,23,False,
M02,missing_30,165,1,23,False,
M02,missing_30,166,1,23,False,
M02,missing_30,167,1,23,False,
M02,missing_30,168,1,23,False,
M02,missing_30,169,1,23,False,
M02,missing_30,170,1,23,False,
M02,missing_30,171,1,23,False,
M02,missing_30,172,1,23,False,
M02,missing_30,173,1,23,False,
M02,missing_30,174,1,23,False,
M02,missing_30,175,1,23,False,
M02,missing_30,176,1,23,False,
M02,missing_30,177,1,23,False,
M02,missing_30,178,1,23,False,
M02,missing_30,179,1,23,False,
M02,missing_30,180,1,23,False,
M02,missing_30,181,1,21,False,
M02,missing_30,182,1,21,False,
M02,missing_30,183,1,21,False,
M02,missing_30,184,1,21,False,
M02,missing_30,185,1,21,False,
M02,missing_30,186,1,21,False,
M02,missing_30,187,1,21,False,
M02,missing_30,188,1,21,False,
M02,missing_30,189,1,21,False,
M03,missing_30,79,1,3,False,
M03,missing_30,80,1,3,False,
M03,missing_30,81,1,3,False,
M03,missing_30,82,1,3,False,
M03,missing_30,83,1,3,False,
M03,missing_30,84,1,6,False,
M03,missing_30,85,1,6,False,
M03,missing_30,86,1,6,False,
M03,missing_30,87,1,6,False,
M03,missing_30,88,1,6,False,
M03,missing_30,89,1,6,False,
M03,missing_30,90,1,6,False,
M03,missing_30,91,1,6,False,
M03,missing_30,92,1,6,False,
M03,missing_30,93,1,6,False,
M03,missing_30,94,1,6,False,
M03,missing_30,95,1,6,False,
M03,missing_30,96,1,6,False,
M03,missing_30,97,1,6,False,
M03,missing_30,98,1,6,False,
M03,missing_30,99,1,6,False,
M03,missing_30,100,1,6,False,
M03,missing_30,101,1,6,False,
M03,missing_30,102,1,6,False,
M03,missing_30,103,1,23,False,
M03,missing_30,104,1,23,False,
M03,missing_30,105,1,23,False,
M03,missing_30,106,1,23,False,
M03,missing_30,107,1,23,False,
M03,missing_30,108,1,23,False,
M03,missing_30,109,1,23,False,
M03,missing_30,110,1,14,False,
M03,missing_30,111,1,14,False,
M03,missing_30,112,1,14,False,
M03,missing_30,113,1,14,False,
M03,missing_30,114,1,14,False,
M03,missing_30,115,1,14,False,
M03,missing_30,116,1,14,False,
M03,missing_30,117,1,14,False,
M03,missing_30,118,1,14,False,
M03,missing_30,119,1,14,False,
M03,missing_30,120,1,14,False,
M03,missing_30,121,1,14,False,
M03,missing_30,122,1,14,False,
M03,missing_30,123,1,14,False,
M03,missing_30,124,1,14,False,
M03,missing_30,125,1,14,False,
M03,missing_30,126,1,14,False,
M03,missing_30,127,1,14,False,
M03,missing_30,128,1,14,False,
M03,missing_30,129,1,14,False,
M03,missing_30,130,1,14,False,
M03,missing_30,131,1,14,False,
M03,missing_30,132,1,14,False,
M03,missing_30,133,1,14,False,
M03,missing_30,134,1,14,False,
M03,missing_30,135,1,14,False,
M03,missing_30,136,1,14,False,
M03,missing_30,137,1,14,False,
M03,missing_30,138,1,14,False,
M03,missing_30,139,1,14,False,
M03,missing_30,140,1,14,False,
M03,missing_30,141,1,14,False,
M03,missing_30,142,1,14,False,
M03,missing_30,143,1,14,False,
M03,missing_30,144,1,14,False,
M03,missing_30,145,1,14,False,
M03,missing_30,146,1,14,False,
M03,missing_30,147,1,14,False,
M03,missing_30,148,1,14,False,
M03,missing_30,149,1,14,False,
M03,missing_30,150,1,14,False,
M03,missing_30,151,1,14,False,
M03,missing_30,152,1,14,False,
M03,missing_30,153,1,14,False,
M03,missing_30,154,1,14,False,
M03,missing_30,155,1,14,False,
M03,missing_30,156,1,14,False,
M03,missing_30,157,1,14,False,
M03,missing_30,158,1,14,False,
M03,missing_30,159,1,14,False,
M03,missing_30,160,1,14,False,
M03,missing_30,161,1,14,False,
M03,missing_30,162,1,14,False,
M03,missing_30,163,1,14,False,
M03,missing_30,164,1,14,False,
M03,missing_30,165,1,14,False,
M03,missing_30,166,1,14,False,
M03,missing_30,167,1,14,False,
M03,missing_30,168,1,14,False,
M03,missing_30,169,1,14,False,
M04,missing_30,104,1,1,False,
M04,missing_30,105,1,1,False,
M04,missing_30,106,1,1,False,
M04,missing_30,107,1,1,False,
M04,missing_30,108,1,1,False,
M04,missing_30,109,1,1,False,
M04,missing_30,110,1,1,False,
M04,missing_30,111,1,1,False,
M04,missing_30,112,1,1,False,
M04,missing_30,113,1,1,False,
M04,missing_30,114,1,1,False,
M04,missing_30,115,1,1,False,
M04,missing_30,116,1,1,False,
M04,missing_30,117,1,1,False,
M04,missing_30,118,1,1,False,
M04,missing_30,119,1,1,False,
M04,missing_30,120,1,1,False,
M04,missing_30,121,1,1,False,
M04,missing_30,122,1,1,False,
M04,missing_30,123,1,1,False,
M04,missing_30,124,1,1,False,
M04,missing_30,125,1,1,False,
M04,missing_30,126,1,1,False,
M04,missing_30,127,1,1,False,
M04,missing_30,128,1,1,False,
M04,missing_30,129,1,1,False,
M04,missing_30,130,1,1,False,
M04,missing_30,131,1,1,False,
M04,missing_30,132,1,1,False,
M04,missing_30,133,1,1,False,
M04,missing_30,134,1,1,False,
M04,missing_30,135,1,1,False,
M04,missing_30,136,1,1,False,
M04,missing_30,137,1,1,False,
M04,missing_30,138,1,1,False,
M04,missing_30,139,1,1,False,
M04,missing_30,140,1,1,False,
M04,missing_30,141,1,1,False,
M04,missing_30,142,1,1,False,
M04,missing_30,143,1,1,False,
M04,missing_30,144,1,1,False,
M04,missing_30,145,1,1,False,
M04,missing_30,146,1,1,False,
M04,missing_30,147,1,1,False,
M04,missing_30,148,1,1,False,
M04,missing_30,149,1,1,False,
M04,missing_30,150,1,1,False,
M04,missing_30,151,1,1,False,
M04,missing_30,152,1,1,False,
M04,missing_30,153,1,1,False,
M04,missing_30,154,1,1,False,
M05,missing_30,94,1,2,False,
M05,missing_30,95,1,2,False,
M05,missing_30,96,1,2,False,
M05,missing_30,97,1,2,False,
M05,missing_30,98,1,2,False,
M05,missing_30,99,1,2,False,
M05,missing_30,100,1,2,False,
M05,missing_30,101,1,2,False,
M05,missing_30,102,1,2,False,
M05,missing_30,103,1,2,False,
M05,missing_30,104,1,2,False,
M05,missing_30,105,1,2,False,
M05,missing_30,106,1,2,False,
M05,missing_30,107,1,2,False,
M05,missing_30,108,1,2,False,
M05,missing_30,109,1,2,False,
M05,missing_30,110,1,2,False,
M05,missing_30,111,1,2,False,
M05,missing_30,112,1,2,False,
M05,missing_30,113,1,19,False,
M05,missing_30,114,1,19,False,
M05,missing_30,115,1,19,False,
M05,missing_30,116,1,19,False,
M05,missing_30,117,1,19,False,
M05,missing_30,118,1,19,False,
M05,missing_30,119,1,19,False,
M05,missing_30,120,1,19,False,
M05,missing_30,121,1,19,False,
M05,missing_30,122,1,19,False,
M05,missing_30,123,1,19,False,
M05,missing_30,124,1,19,False,
M05,missing_30,125,1,19,False,
M05,missing_30,126,1,19,False,
M05,missing_30,127,1,19,False,
M05,missing_30,128,1,19,False,
M05,missing_30,129,1,19,False,
M06,missing_30,30,0,1,False,
M06,missing_30,31,0,1,False,
M06,missing_30,32,0,1,False,
M06,missing_30,33,0,1,False,
M06,missing_30,34,0,1,False,
M06,missing_30,35,0,1,False,
M06,missing_30,36,0,1,False,
M06,missing_30,37,0,1,False,
M06,missing_30,38,0,1,False,
M06,missing_30,39,0,1,False,
M06,missing_30,40,0,1,False,
M06,missing_30,41,0,1,False,
M06,missing_30,42,0,1,False,
M06,missing_30,43,0,1,False,
M06,missing_30,44,0,1,False,
M06,missing_30,45,0,1,False,
M06,missing_30,46,0,1,False,
M06,missing_30,47,0,1,False,
M06,missing_30,48,0,1,False,
M06,missing_30,49,0,1,False,
M06,missing_30,50,0,1,False,
M06,missing_30,51,0,1,False,
M06,missing_30,52,0,1,False,
M06,missing_30,53,0,1,False,
M06,missing_30,54,0,1,False,
M06,missing_30,55,0,1,False,
M06,missing_30,56,0,1,False,
M06,missing_30,57,0,1,False,
M06,missing_30,58,0,1,False,
M06,missing_30,59,0,1,False,
M06,missing_30,60,0,1,False,
M06,missing_30,61,0,1,False,
M06,missing_30,62,0,1,False,
M06,missing_30,63,0,1,False,
M06,missing_30,64,0,1,False,
M06,missing_30,65,0,1,False,
M06,missing_30,66,0,1,False,
M06,missing_30,67,0,1,False,
M06,missing_30,68,0,1,False,
M06,missing_30,69,0,1,False,
M06,missing_30,70,0,1,False,
M06,missing_30,71,0,1,False,
M06,missing_30,72,0,1,False,
M06,missing_30,73,0,1,False,
M06,missing_30,74,0,1,False,
M06,missing_30,75,0,1,False,
M06,missing_30,76,0,1,False,
M06,missing_30,77,0,1,False,
M06,missing_30,78,0,1,False,
M06,missing_30,79,0,1,False,
M06,missing_30,80,0,1,False,
M06,missing_30,81,0,1,False,
M06,missing_30,82,0,1,False,
M06,missing_30,83,0,1,False,
M06,missing_30,84,0,1,False,
M06,missing_30,85,0,1,False,
M07,missing_30,310,1,5,False,
M07,missing_30,311,1,5,False,
M07,missing_30,312,1,5,False,
M07,missing_30,313,1,5,False,
M07,missing_30,314,1,5,False,
M07,missing_30,315,1,5,False,
M07,missing_30,316,1,5,False,
M07,missing_30,317,1,5,False,
M07,missing_30,318,1,5,False,
M07,missing_30,319,1,5,False,
M07,missing_30,320,1,5,False,
M07,missing_30,321,1,5,False,
M07,missing_30,322,1,5,False,
M07,missing_30,323,1,5,False,
M07,missing_30,324,1,5,False,
M07,missing_30,325,1,5,False,
M07,missing_30,326,1,5,False,
M07,missing_30,327,1,5,False,
M07,missing_30,328,1,5,False,
M07,missing_30,329,1,5,False,
M07,missing_30,330,1,5,False,
M07,missing_30,331,1,5,False,
M07,missing_30,332,1,5,False,
M07,missing_30,333,1,5,False,
M07,missing_30,334,1,5,False,
M07,missing_30,335,1,5,False,
M07,missing_30,336,1,5,False,
M07,missing_30,337,1,5,False,
M07,missing_30,338,1,5,False,
M07,missing_30,339,1,5,False,
M07,missing_30,340,1,5,False,
M07,missing_30,341,1,5,False,
M07,missing_30,342,1,5,False,
M07,missing_30,343,1,5,False,
M07,missing_30,344,1,5,False,
M07,missing_30,345,1,5,False,
M07,missing_30,346,1,5,False,
M07,missing_30,347,1,5,False,
M07,missing_30,348,1,5,False,
M07,missing_30,349,1,5,False,
M07,missing_30,350,1,5,False,
M07,missing_30,351,1,5,False,
M07,missing_30,352,1,5,False,
M07,missing_30,353,1,5,False,
M07,missing_30,354,1,5,False,
M07,missing_30,355,1,5,False,
M07,missing_30,356,1,5,False,
M07,missing_30,357,1,5,False,
M07,missing_30,358,1,5,False,
M07,missing_30,359,1,5,False,
M07,missing_30,360,1,5,False,
M07,missing_30,361,1,5,False,
M07,missing_30,362,1,5,False,
M07,missing_30,363,1,5,False,
M07,missing_30,364,1,5,False,
M07,missing_30,365,1,5,False,
M07,missing_30,366,1,5,False,
M07,missing_30,367,1,5,False,
M07,missing_30,368,1,,False,
M07,missing_30,369,1,5,False,
M07,missing_30,370,1,5,False,
M07,missing_30,371,1,5,False,
M07,missing_30,372,1,5,False,
M07,missing_30,373,1,5,False,
M07,missing_30,374,1,5,False,
M07,missing_30,375,1,5,False,
M07,missing_30,376,1,5,False,
M07,missing_30,377,1,5,False,
M07,missing_30,378,1,,False,
M07,missing_30,379,1,,False,
M07,missing_30,380,1,,False,
M07,missing_30,381,1,,False,
M07,missing_30,382,1,,False,
M07,missing_30,383,1,,False,
M07,missing_30,384,1,,False,
M07,missing_30,385,1,,False,
M07,missing_30,386,1,,False,
M07,missing_30,387,1,,False,
M07,missing_30,388,1,,False,
M07,missing_30,389,1,,False,
M07,missing_30,390,1,,False,
M07,missing_30,391,1,,False,
M07,missing_30,392,1,,False,
M07,missing_30,393,1,,False,
M07,missing_30,394,1,,False,
M07,missing_30,395,1,,False,
M07,missing_30,396,1,,False,
M07,missing_30,397,1,,False,
M07,missing_30,398,1,,False,
M07,missing_30,399,1,,False,
M07,missing_30,400,1,,False,
M07,missing_30,401,1,,False,
M07,missing_30,402,1,,False,
M07,missing_30,403,1,,False,
M07,missing_30,404,1,,False,
M07,missing_30,405,1,,False,
M07,missing_30,406,1,,False,
M07,missing_30,407,1,,False,
M07,missing_30,408,1,,False,
M07,missing_30,409,1,,False,
M07,missing_30,410,1,,False,
M07,missing_30,411,1,,False,
M07,missing_30,412,1,,False,
M07,missing_30,413,1,,False,
M07,missing_30,414,1,,False,
M07,missing_30,415,1,,False,
M07,missing_30,416,1,,False,
M07,missing_30,417,1,,False,
M07,missing_30,418,1,,False,
M07,missing_30,419,1,,False,
M07,missing_30,420,1,,False,
M07,missing_30,421,1,,False,
M07,missing_30,422,1,,False,
M07,missing_30,423,1,,False,
M07,missing_30,424,1,,False,
M07,missing_30,425,1,,False,
M07,missing_30,426,1,,False,
M07,missing_30,427,1,,False,
M07,missing_30,428,1,,False,
M07,missing_30,429,1,,False,
M07,missing_30,430,1,,False,
M07,missing_30,431,1,,False,
M07,missing_30,432,1,,False,
M07,missing_30,433,1,,False,
M07,missing_30,434,1,,False,
M07,missing_30,435,1,,False,
M07,missing_30,436,1,,False,
M07,missing_30,437,1,,False,
M07,missing_30,438,1,,False,
M07,missing_30,439,1,,False,
M07,missing_30,440,1,,False,
M07,missing_30,441,1,,False,
M07,missing_30,442,1,,False,
M07,missing_30,443,1,,False,
M07,missing_30,444,1,,False,
M07,missing_30,445,1,,False,
M08,missing_30,80,3,4,False,
M08,missing_30,81,3,4,False,
M08,missing_30,82,3,4,False,
M08,missing_30,83,3,4,False,
M08,missing_30,84,3,4,False,
M08,missing_30,85,3,4,False,
M08,missing_30,86,3,4,False,
M08,missing_30,87,3,4,False,
M08,missing_30,88,3,4,False,
M08,missing_30,89,3,4,False,
M08,missing_30,90,3,4,False,
M08,missing_30,91,3,4,False,
M08,missing_30,92,3,4,False,
M08,missing_30,93,3,4,False,
M08,missing_30,94,3,4,False,
M08,missing_30,95,3,4,False,
M08,missing_30,96,3,4,False,
M08,missing_30,97,3,4,False,
M08,missing_30,98,3,4,False,
M08,missing_30,99,3,4,False,
M08,missing_30,100,3,4,False,
M08,missing_30,101,3,4,False,
M08,missing_30,102,3,4,False,
M08,missing_30,103,3,4,False,
M08,missing_30,104,3,4,False,
M08,missing_30,105,3,4,False,
M08,missing_30,106,3,4,False,
M08,missing_30,107,3,4,False,
M08,missing_30,108,3,4,False,
M08,missing_30,109,3,4,False,
M08,missing_30,110,3,4,False,
M08,missing_30,111,3,4,False,
M08,missing_30,112,3,4,False,
M08,missing_30,113,3,4,False,
M08,missing_30,114,3,4,False,
M08,missing_30,115,3,4,False,
M08,missing_30,116,3,4,False,
M08,missing_30,117,3,4,False,
M08,missing_30,118,3,4,False,
M08,missing_30,119,3,4,False,
M08,missing_30,120,3,4,False,
M09,missing_30,105,1,,False,
M09,missing_30,106,1,,False,
M09,missing_30,107,1,,False,
M09,missing_30,108,1,,False,
M09,missing_30,109,1,,False,
M09,missing_30,110,1,,False,
M09,missing_30,111,1,,False,
M09,missing_30,112,1,,False,
M09,missing_30,113,1,,False,
M09,missing_30,114,1,,False,
M09,missing_30,115,1,,False,
M09,missing_30,116,1,,False,
M09,missing_30,117,1,,False,
M09,missing_30,118,1,,False,
M09,missing_30,119,1,,False,
M09,missing_30,120,1,,False,
M09,missing_30,121,1,,False,
M09,missing_30,122,1,,False,
M09,missing_30,123,1,,False,
M09,missing_30,124,1,,False,
M09,missing_30,125,1,,False,
M09,missing_30,126,1,2,False,
M09,missing_30,127,1,2,False,
M09,missing_30,128,1,2,False,
M09,missing_30,129,1,,False,
M09,missing_30,130,1,2,False,
M09,missing_30,131,1,3,False,
M09,missing_30,132,1,,False,
M09,missing_30,133,1,3,False,
M09,missing_30,134,1,3,False,
M09,missing_30,135,1,3,False,
M09,missing_30,136,1,3,False,
M09,missing_30,137,1,3,False,
M09,missing_30,138,1,,False,
M09,missing_30,139,1,,False,
M09,missing_30,140,1,,False,
M09,missing_30,141,1,3,False,
M09,missing_30,142,1,,False,
M09,missing_30,143,1,,False,
M09,missing_30,144,1,,False,
M09,missing_30,145,1,2,False,
M09,missing_30,146,1,2,False,
M09,missing_30,147,1,2,False,
M09,missing_30,148,1,2,False,
M09,missing_30,149,1,2,False,
M09,missing_30,150,1,2,False,
M09,missing_30,151,1,2,False,
M09,missing_30,152,1,2,False,
M09,missing_30,153,1,2,False,
M09,missing_30,154,1,2,False,
M09,missing_30,155,1,2,False,
M09,missing_30,156,1,2,False,
M09,missing_30,157,1,2,False,
M09,missing_30,158,1,2,False,
M09,missing_30,159,1,2,False,
M09,missing_30,160,1,2,False,
M09,missing_30,161,1,2,False,
M09,missing_30,162,1,2,False,
M09,missing_30,163,1,2,False,
M09,missing_30,164,1,2,False,
M09,missing_30,165,1,2,False,
M09,missing_30,166,1,2,False,
M09,missing_30,167,1,2,False,
M09,missing_30,168,1,2,False,
M09,missing_30,169,1,2,False,
M09,missing_30,170,1,2,False,
M09,missing_30,171,1,2,False,
M09,missing_30,172,1,2,False,
M09,missing_30,173,1,2,False,
M09,missing_30,174,1,2,False,
M09,missing_30,175,1,2,False,
M09,missing_30,176,1,2,False,
M09,missing_30,177,1,2,False,
M09,missing_30,178,1,2,False,
M09,missing_30,179,1,2,False,
M09,missing_30,180,1,2,False,
M09,missing_30,181,1,2,False,
M09,missing_30,182,1,2,False,
M09,missing_30,183,1,2,False,
M09,missing_30,184,1,2,False,
M09,missing_30,185,1,2,False,
M09,missing_30,186,1,2,False,
M09,missing_30,187,1,2,False,
M09,missing_30,188,1,2,False,
M09,missing_30,189,1,2,False,
M09,missing_30,190,1,2,False,
M09,missing_30,191,1,2,False,
M09,missing_30,192,1,2,False,
M09,missing_30,193,1,2,False,
M09,missing_30,194,1,2,False,
M09,missing_30,195,1,2,False,
M09,missing_30,196,1,2,False,
M09,missing_30,197,1,2,False,
M09,missing_30,198,1,2,False,
M09,missing_30,199,1,2,False,
M09,missing_30,200,1,2,False,
M09,missing_30,201,1,2,False,
M09,missing_30,202,1,2,False,
M09,missing_30,203,1,2,False,
M09,missing_30,204,1,2,False,
M09,missing_30,205,1,2,False,
M09,missing_30,206,1,2,False,
M09,missing_30,207,1,2,False,
M09,missing_30,208,1,2,False,
M09,missing_30,209,1,2,False,
M09,missing_30,210,1,2,False,
M09,missing_30,211,1,2,False,
M09,missing_30,212,1,2,False,
M09,missing_30,213,1,2,False,
M09,missing_30,214,1,,False,
M09,missing_30,215,1,2,False,
M09,missing_30,216,1,2,False,
M09,missing_30,217,1,,False,
M09,missing_30,218,1,2,False,
M09,missing_30,219,1,3,False,
M09,missing_30,220,1,3,False,
M09,missing_30,221,1,3,False,
M09,missing_30,222,1,3,False,
M09,missing_30,223,1,5,False,
M09,missing_30,224,1,5,False,
M09,missing_30,225,1,3,False,
M09,missing_30,226,1,3,False,
M09,missing_30,227,1,3,False,
M09,missing_30,228,1,2,False,
M09,missing_30,229,1,2,False,
M09,missing_30,230,1,2,False,
M09,missing_30,231,1,2,False,
M09,missing_30,232,1,3,False,
M09,missing_30,233,1,3,False,
M09,missing_30,234,1,3,False,
M09,missing_30,235,1,3,False,
M09,missing_30,236,1,3,False,
M09,missing_30,237,1,3,False,
M09,missing_30,238,1,3,False,
M09,missing_30,239,1,3,False,
M09,missing_30,240,1,3,False,
M09,missing_30,241,1,3,False,
M09,missing_30,242,1,3,False,
M09,missing_30,243,1,3,False,
M09,missing_30,244,1,3,False,
M09,missing_30,245,1,3,False,
M09,missing_30,246,1,5,False,
M09,missing_30,247,1,5,False,
M09,missing_30,248,1,5,False,
M09,missing_30,249,1,5,False,
M09,missing_30,250,1,5,False,
M09,missing_30,251,1,5,False,
M09,missing_30,252,1,5,False,
M09,missing_30,253,1,5,False,
M09,missing_30,254,1,5,False,
M09,missing_30,255,1,3,False,
M09,missing_30,256,1,2,False,
M09,missing_30,257,1,2,False,
M09,missing_30,258,1,2,False,
M09,missing_30,259,1,2,False,
M09,missing_30,260,1,2,False,
M09,missing_30,261,1,2,False,
M09,missing_30,262,1,2,False,
M09,missing_30,263,1,2,False,
M09,missing_30,264,1,2,False,
M09,missing_30,265,1,2,False,
M09,missing_30,266,1,2,False,
M09,missing_30,267,1,2,False,
M09,missing_30,268,1,2,False,
M09,missing_30,269,1,2,False,
M09,missing_30,270,1,2,False,
M09,missing_30,271,1,2,False,
M09,missing_30,272,1,2,False,
M09,missing_30,273,1,2,False,
M09,missing_30,274,1,2,False,
M09,missing_30,275,1,5,False,
M09,missing_30,276,1,5,False,
M09,missing_30,277,1,5,False,
M09,missing_30,278,1,5,False,
M09,missing_30,279,1,5,False,
M09,missing_30,280,1,5,False,
M09,missing_30,281,1,5,False,
M09,missing_30,282,1,5,False,
M09,missing_30,283,1,2,False,
M09,missing_30,284,1,5,False,
M09,missing_30,285,1,2,False,
M09,missing_30,286,1,2,False,
M09,missing_30,287,1,2,False,
M09,missing_30,288,1,2,False,
M09,missing_30,289,1,2,False,
M09,missing_30,290,1,2,False,
M09,missing_30,291,1,2,False,
M09,missing_30,292,1,2,False,
M09,missing_30,293,1,2,False,
M09,missing_30,294,1,2,False,
M09,missing_30,295,1,2,False,
M09,missing_30,296,1,2,False,
M09,missing_30,297,1,2,False,
M09,missing_30,298,1,2,False,
M09,missing_30,299,1,2,False,
M09,missing_30,300,1,2,False,
M09,missing_30,301,1,2,False,
M09,missing_30,302,1,2,False,
M09,missing_30,303,1,2,False,
M09,missing_30,304,1,2,False,
M09,missing_30,305,1,,False,
M09,missing_30,306,1,,False,
M09,missing_30,307,1,,False,
M09,missing_30,308,1,,False,
M09,missing_30,309,1,,False,
M09,missing_30,310,1,5,False,
M09,missing_30,311,1,5,False,
M09,missing_30,312,1,5,False,
M09,missing_30,313,1,5,False,
M09,missing_30,314,1,5,False,
M09,missing_30,315,1,5,False,
M09,missing_30,316,1,5,False,
M09,missing_30,317,1,5,False,
M09,missing_30,318,1,5,False,
M09,missing_30,319,1,6,False,
M09,missing_30,320,1,5,False,
M09,missing_30,321,1,6,False,
M09,missing_30,322,1,6,False,
M09,missing_30,323,1,6,False,
M09,missing_30,324,1,6,False,
M09,missing_30,325,1,6,False,
M10,missing_30,430,2,7,False,
M10,missing_30,431,2,7,False,
M10,missing_30,432,2,7,False,
M10,missing_30,433,2,7,False,
M10,missing_30,434,2,7,False,
M10,missing_30,435,2,7,False,
M10,missing_30,436,2,7,False,
M10,missing_30,437,2,7,False,
M10,missing_30,438,2,7,False,
M10,missing_30,439,2,7,False,
M10,missing_30,440,2,7,False,
M10,missing_30,441,2,7,False,
M10,missing_30,442,2,7,False,
M10,missing_30,443,2,7,False,
M10,missing_30,444,2,7,False,
M10,missing_30,445,2,10,False,
M10,missing_30,446,2,10,False,
M10,missing_30,447,2,10,False,
M10,missing_30,448,2,10,False,
M10,missing_30,449,2,10,False,
M10,missing_30,450,2,10,False,
M10,missing_30,451,2,10,False,
M10,missing_30,452,2,10,False,
M10,missing_30,453,2,10,False,
M10,missing_30,454,2,10,False,
M10,missing_30,455,2,10,False,
M10,missing_30,456,2,10,False,
M10,missing_30,457,2,10,False,
M10,missing_30,458,2,10,False,
M10,missing_30,459,2,10,False,
M10,missing_30,460,2,10,False,
M10,missing_30,461,2,10,False,
M10,missing_30,462,2,10,False,
M10,missing_30,463,2,10,False,
M10,missing_30,464,2,10,False,
M10,missing_30,465,2,10,False,
M10,missing_30,466,2,7,False,
M10,missing_30,467,2,7,False,
M10,missing_30,468,2,,False,
M10,missing_30,469,2,,False,
M10,missing_30,470,2,,False,
M10,missing_30,471,2,,False,
M10,missing_30,472,2,,False,
M10,missing_30,473,2,,False,
M10,missing_30,474,2,,False,
M10,missing_30,475,2,,False,
M10,missing_30,476,2,,False,
M10,missing_30,477,2,,False,
M10,missing_30,478,2,,False,
M10,missing_30,479,2,,False,
M10,missing_30,480,2,,False,
M10,missing_30,481,2,7,False,
M10,missing_30,482,2,7,False,
M10,missing_30,483,2,7,False,
M10,missing_30,484,2,7,False,
M10,missing_30,485,2,7,False,
M10,missing_30,486,2,7,False,
M10,missing_30,487,2,7,False,
M10,missing_30,488,2,7,False,
M10,missing_30,489,2,7,False,
M10,missing_30,490,2,7,False,
M10,missing_30,491,2,7,False,
M10,missing_30,492,2,7,False,
M10,missing_30,493,2,,False,
M10,missing_30,494,2,,False,
M10,missing_30,495,2,,False,
M10,missing_30,496,2,,False,
M10,missing_30,497,2,,False,
M10,missing_30,498,2,,False,
M10,missing_30,499,2,,False,
M10,missing_30,500,2,,False,
M10,missing_30,501,2,,False,
M10,missing_30,502,2,,False,
M10,missing_30,503,2,,False,
M10,missing_30,504,2,,False,
M10,missing_30,505,2,,False,
M10,missing_30,506,2,,False,
M10,missing_30,507,2,7,False,
M10,missing_30,508,2,7,False,
M10,missing_30,509,2,7,False,
M10,missing_30,510,2,7,False,
M10,missing_30,511,2,7,False,
M10,missing_30,512,2,7,False,
M10,missing_30,513,2,7,False,
M10,missing_30,514,2,7,False,
M10,missing_30,515,2,7,False,
M10,missing_30,516,2,,False,
M10,missing_30,517,2,,False,
M10,missing_30,518,2,,False,
M10,missing_30,519,2,,False,
M10,missing_30,520,2,,False,
M10,missing_30,521,2,,False,
M10,missing_30,522,2,,False,
M10,missing_30,523,2,,False,
M10,missing_30,524,2,,False,
M10,missing_30,525,2,,False,
M10,missing_30,526,2,,False,
M10,missing_30,527,2,,False,
M10,missing_30,528,2,,False,
M10,missing_30,529,2,,False,
M10,missing_30,530,2,,False,
M10,missing_30,531,2,,False,
M10,missing_30,532,2,,False,
M10,missing_30,533,2,,False,
M10,missing_30,534,2,,False,
M10,missing_30,535,2,,False,
M10,missing_30,536,2,12,False,
M10,missing_30,537,2,12,False,
M10,missing_30,538,2,,False,
M10,missing_30,539,2,,False,
M10,missing_30,540,2,,False,
M10,missing_30,541,2,,False,
M10,missing_30,542,2,,False,
M10,missing_30,543,2,,False,
M10,missing_30,544,2,,False,
M10,missing_30,545,2,,False,
M10,missing_30,546,2,,False,
M10,missing_30,547,2,,False,
M10,missing_30,548,2,,False,
M10,missing_30,549,2,,False,
M10,missing_30,550,2,,False,
M10,missing_30,551,2,,False,
M10,missing_30,552,2,,False,
M10,missing_30,553,2,,False,
M10,missing_30,554,2,,False,
M10,missing_30,555,2,,False,
M10,missing_30,556,2,,False,
M10,missing_30,557,2,,False,
M10,missing_30,558,2,,False,
M10,missing_30,559,2,,False,
M10,missing_30,560,2,,False,
M10,missing_30,561,2,12,False,
M10,missing_30,562,2,,False,
M10,missing_30,563,2,,False,
M10,missing_30,564,2,,False,
M10,missing_30,565,2,,False,
M10,missing_30,566,2,,False,
M10,missing_30,567,2,,False,
M10,missing_30,568,2,,False,
M10,missing_30,569,2,,False,
M10,missing_30,570,2,,False,
M10,missing_30,571,2,,False,
M10,missing_30,572,2,,False,
M10,missing_30,573,2,,False,
M10,missing_30,574,2,,False,
M10,missing_30,575,2,,False,
M10,missing_30,576,2,,False,
M10,missing_30,577,2,,False,
M10,missing_30,578,2,,False,
M10,missing_30,579,2,,False,
M10,missing_30,580,2,,False,
M10,missing_30,581,2,,False,
M10,missing_30,582,2,,False,
M10,missing_30,583,2,12,False,
M10,missing_30,584,2,12,False,
M10,missing_30,585,2,12,False,
M10,missing_30,586,2,12,False,
M10,missing_30,587,2,12,False,
M10,missing_30,588,2,12,False,
M10,missing_30,589,2,12,False,
M10,missing_30,590,2,,False,
O01,missing_30,110,1,2,False,
O01,missing_30,110,3,4,False,
O01,missing_30,111,1,2,False,
O01,missing_30,111,3,4,False,
O01,missing_30,112,1,2,False,
O01,missing_30,112,3,4,False,
O01,missing_30,113,1,2,False,
O01,missing_30,113,3,4,False,
O01,missing_30,114,1,2,False,
O01,missing_30,114,3,4,False,
O01,missing_30,115,1,2,False,
O01,missing_30,115,3,4,False,
O01,missing_30,116,1,2,False,
O01,missing_30,116,3,4,False,
O01,missing_30,117,1,2,False,
O01,missing_30,117,3,4,False,
O01,missing_30,118,1,2,False,
O01,missing_30,118,3,4,False,
O01,missing_30,119,1,2,False,
O01,missing_30,119,3,4,False,
O01,missing_30,120,1,2,False,
O01,missing_30,120,3,4,False,
O01,missing_30,121,1,2,False,
O01,missing_30,121,3,4,False,
O01,missing_30,122,1,2,False,
O01,missing_30,122,3,4,False,
O01,missing_30,123,1,2,False,
O01,missing_30,123,3,4,False,
O01,missing_30,124,1,2,False,
O01,missing_30,124,3,4,False,
O01,missing_30,125,1,2,False,
O01,missing_30,125,3,4,False,
O01,missing_30,126,1,2,False,
O01,missing_30,126,3,4,False,
O01,missing_30,127,1,2,False,
O01,missing_30,127,3,4,False,
O01,missing_30,128,1,2,False,
O01,missing_30,128,3,4,False,
O01,missing_30,129,1,2,False,
O01,missing_30,129,3,4,False,
O01,missing_30,130,1,2,False,
O01,missing_30,130,3,4,False,
O01,missing_30,131,1,2,False,
O01,missing_30,131,3,4,False,
O01,missing_30,132,1,2,False,
O01,missing_30,132,3,4,False,
O01,missing_30,133,1,2,False,
O01,missing_30,133,3,4,False,
O01,missing_30,134,1,2,False,
O01,missing_30,134,3,4,False,
O01,missing_30,135,1,2,False,
O01,missing_30,135,3,4,False,
O01,missing_30,136,1,2,False,
O01,missing_30,136,3,4,False,
O01,missing_30,137,1,2,False,
O01,missing_30,137,3,4,False,
O01,missing_30,138,1,2,False,
O01,missing_30,138,3,4,False,
O01,missing_30,139,1,2,False,
O01,missing_30,139,3,4,False,
O01,missing_30,140,1,2,False,
O01,missing_30,140,3,4,False,
O01,missing_30,141,1,2,False,
O01,missing_30,141,3,4,False,
O01,missing_30,142,1,2,False,
O01,missing_30,142,3,4,False,
O01,missing_30,143,1,2,False,
O01,missing_30,143,3,4,False,
O01,missing_30,144,1,2,False,
O01,missing_30,144,3,4,False,
O01,missing_30,145,1,2,False,
O01,missing_30,145,3,4,False,
O01,missing_30,146,1,2,False,
O01,missing_30,146,3,4,False,
O01,missing_30,147,1,2,False,
O01,missing_30,147,3,,False,
O01,missing_30,148,1,2,False,
O01,missing_30,148,3,,False,
O01,missing_30,149,1,2,False,
O01,missing_30,149,3,,False,
O01,missing_30,150,1,2,False,
O01,missing_30,150,3,,False,
O01,missing_30,151,1,2,False,
O01,missing_30,151,3,,False,
O01,missing_30,152,1,2,False,
O01,missing_30,152,3,,False,
O01,missing_30,153,1,2,False,
O01,missing_30,153,3,,False,
O01,missing_30,154,1,2,False,
O01,missing_30,154,3,4,False,
O01,missing_30,155,1,2,False,
O01,missing_30,155,3,,False,
O01,missing_30,156,1,2,False,
O01,missing_30,156,3,,False,
O01,missing_30,157,1,2,False,
O01,missing_30,157,3,,False,
O01,missing_30,158,1,2,False,
O01,missing_30,158,3,,False,
O01,missing_30,159,1,2,False,
O01,missing_30,159,3,,False,
O01,missing_30,160,1,2,False,
O01,missing_30,160,3,,False,
O01,missing_30,161,1,2,False,
O01,missing_30,161,3,,False,
O01,missing_30,162,1,2,False,
O01,missing_30,162,3,,False,
O01,missing_30,163,1,,False,
O01,missing_30,163,3,,False,
O01,missing_30,164,1,,False,
O01,missing_30,164,3,,False,
O01,missing_30,165,1,,False,
O01,missing_30,165,3,,False,
O01,missing_30,166,1,,False,
O01,missing_30,166,3,,False,
O01,missing_30,167,1,,False,
O01,missing_30,167,3,,False,
O01,missing_30,168,1,,False,
O01,missing_30,168,3,,False,
O01,missing_30,169,1,,False,
O01,missing_30,169,3,,False,
O01,missing_30,170,1,,False,
O01,missing_30,170,3,,False,
O01,missing_30,171,1,,False,
O01,missing_30,171,3,,False,
O01,missing_30,172,1,,False,
O01,missing_30,172,3,,False,
O01,missing_30,173,1,,False,
O01,missing_30,173,3,,False,
O01,missing_30,174,1,,False,
O01,missing_30,174,3,,False,
O01,missing_30,175,1,2,False,
O01,missing_30,175,3,,False,
O01,missing_30,176,1,2,False,
O01,missing_30,176,3,,False,
O01,missing_30,177,1,2,False,
O01,missing_30,177,3,,False,
O01,missing_30,178,1,2,False,
O01,missing_30,178,3,,False,
O01,missing_30,179,1,2,False,
O01,missing_30,179,3,,False,
O01,missing_30,180,1,2,False,
O01,missing_30,180,3,,False,
O01,missing_30,181,1,2,False,
O01,missing_30,181,3,,False,
O01,missing_30,182,1,2,False,
O01,missing_30,182,3,,False,
O01,missing_30,183,1,2,False,
O01,missing_30,183,3,,False,
O01,missing_30,184,1,2,False,
O01,missing_30,184,3,,False,
O01,missing_30,185,1,2,False,
O01,missing_30,185,3,,False,
O01,missing_30,186,1,2,False,
O01,missing_30,186,3,,False,
O01,missing_30,187,1,,False,
O01,missing_30,187,3,,False,
O01,missing_30,188,1,,False,
O01,missing_30,188,3,,False,
O01,missing_30,189,1,,False,
O01,missing_30,189,3,,False,
O01,missing_30,190,1,,False,
O01,missing_30,190,3,,False,
O01,missing_30,191,1,,False,
O01,missing_30,191,3,,False,
O01,missing_30,192,1,,False,
O01,missing_30,192,3,,False,
O01,missing_30,193,1,,False,
O01,missing_30,193,3,,False,
O01,missing_30,194,1,,False,
O01,missing_30,194,3,,False,
O01,missing_30,195,1,,False,
O01,missing_30,195,3,,False,
O01,missing_30,196,1,,False,
O01,missing_30,196,3,,False,
O01,missing_30,197,1,,False,
O01,missing_30,197,3,,False,
O01,missing_30,198,1,,False,
O01,missing_30,198,3,,False,
O01,missing_30,199,1,,False,
O01,missing_30,199,3,,False,
O01,missing_30,200,1,,False,
O01,missing_30,200,3,,False,
O01,missing_30,201,1,,False,
O01,missing_30,201,3,,False,
O01,missing_30,202,1,,False,
O01,missing_30,202,3,,False,
O01,missing_30,203,1,,False,
O01,missing_30,203,3,,False,
O01,missing_30,204,1,2,False,
O01,missing_30,204,3,,False,
O01,missing_30,205,1,,False,
O01,missing_30,205,3,,False,
O01,missing_30,206,1,,False,
O01,missing_30,206,3,,False,
O01,missing_30,207,1,,False,
O01,missing_30,207,3,,False,
O01,missing_30,208,1,,False,
O01,missing_30,208,3,,False,
O01,missing_30,209,1,2,False,
O01,missing_30,209,3,,False,
O01,missing_30,210,1,2,False,
O01,missing_30,210,3,,False,
O01,missing_30,211,1,2,False,
O01,missing_30,211,3,,False,
O01,missing_30,212,1,2,False,
O01,missing_30,212,3,,False,
O01,missing_30,213,1,2,False,
O01,missing_30,213,3,,False,
O01,missing_30,214,1,2,False,
O01,missing_30,214,3,,False,
O01,missing_30,215,1,2,False,
O01,missing_30,215,3,,False,
O01,missing_30,216,1,2,False,
O01,missing_30,216,3,,False,
O01,missing_30,217,1,2,False,
O01,missing_30,217,3,,False,
O01,missing_30,218,1,2,False,
O01,missing_30,218,3,,False,
O01,missing_30,219,1,2,False,
O01,missing_30,219,3,,False,
O01,missing_30,220,1,,False,
O01,missing_30,220,3,,False,
O01,missing_30,221,1,,False,
O01,missing_30,221,3,,False,
O01,missing_30,222,1,,False,
O01,missing_30,222,3,,False,
O01,missing_30,223,1,,False,
O01,missing_30,223,3,2,False,
O01,missing_30,224,1,,False,
O01,missing_30,224,3,,False,
O01,missing_30,225,1,,False,
O01,missing_30,225,3,2,False,
O01,missing_30,226,1,,False,
O01,missing_30,226,3,,False,
O01,missing_30,227,1,,False,
O01,missing_30,227,3,,False,
O01,missing_30,228,1,,False,
O01,missing_30,228,3,2,False,
O01,missing_30,229,1,,False,
O01,missing_30,229,3,2,False,
O01,missing_30,230,1,,False,
O01,missing_30,230,3,2,False,
O01,missing_30,231,1,,False,
O01,missing_30,231,3,2,False,
O01,missing_30,232,1,6,False,
O01,missing_30,232,3,2,False,
O01,missing_30,233,1,6,False,
O01,missing_30,233,3,,False,
O01,missing_30,234,1,6,False,
O01,missing_30,234,3,,False,
O01,missing_30,235,1,6,False,
O01,missing_30,235,3,,False,
O01,missing_30,236,1,,False,
O01,missing_30,236,3,,False,
O01,missing_30,237,1,,False,
O01,missing_30,237,3,,False,
O01,missing_30,238,1,,False,
O01,missing_30,238,3,,False,
O01,missing_30,239,1,,False,
O01,missing_30,239,3,,False,
O01,missing_30,240,1,,False,
O01,missing_30,240,3,,False,
O02,missing_30,25,1,,True,absent_or_warmup
O02,missing_30,25,2,1,False,
O02,missing_30,26,1,,True,absent_or_warmup
O02,missing_30,26,2,,False,
O02,missing_30,27,1,,True,absent_or_warmup
O02,missing_30,27,2,,False,
O02,missing_30,28,1,,True,absent_or_warmup
O02,missing_30,28,2,,False,
O02,missing_30,29,1,,True,absent_or_warmup
O02,missing_30,29,2,,False,
O02,missing_30,30,1,,True,absent_or_warmup
O02,missing_30,30,2,,False,
O02,missing_30,31,1,,True,absent_or_warmup
O02,missing_30,31,2,,False,
O02,missing_30,32,1,,True,absent_or_warmup
O02,missing_30,32,2,,False,
O02,missing_30,33,1,,True,absent_or_warmup
O02,missing_30,33,2,,False,
O02,missing_30,34,1,,True,absent_or_warmup
O02,missing_30,34,2,,False,
O02,missing_30,35,1,,True,absent_or_warmup
O02,missing_30,35,2,,False,
O02,missing_30,36,1,,True,absent_or_warmup
O02,missing_30,36,2,,False,
O02,missing_30,37,1,,True,absent_or_warmup
O02,missing_30,37,2,,False,
O02,missing_30,38,1,,True,absent_or_warmup
O02,missing_30,38,2,,False,
O02,missing_30,39,1,,True,absent_or_warmup
O02,missing_30,39,2,,False,
O02,missing_30,40,1,,True,absent_or_warmup
O02,missing_30,40,2,,False,
O02,missing_30,41,1,,True,absent_or_warmup
O02,missing_30,41,2,,False,
O02,missing_30,42,1,,True,absent_or_warmup
O02,missing_30,42,2,,False,
O02,missing_30,43,1,,True,absent_or_warmup
O02,missing_30,43,2,,False,
O02,missing_30,44,1,,True,absent_or_warmup
O02,missing_30,44,2,,False,
O02,missing_30,45,1,,True,absent_or_warmup
O02,missing_30,45,2,,False,
O02,missing_30,46,1,,True,absent_or_warmup
O02,missing_30,46,2,,False,
O02,missing_30,47,1,,True,absent_or_warmup
O02,missing_30,47,2,,False,
O02,missing_30,48,1,,True,absent_or_warmup
O02,missing_30,48,2,,False,
O02,missing_30,49,1,,False,
O02,missing_30,49,2,,False,
O02,missing_30,50,1,,False,
O02,missing_30,50,2,,False,
O02,missing_30,51,1,,False,
O02,missing_30,51,2,,False,
O02,missing_30,52,1,,False,
O02,missing_30,52,2,,False,
O02,missing_30,53,1,1,False,
O02,missing_30,53,2,,False,
O02,missing_30,54,1,1,False,
O02,missing_30,54,2,,False,
O02,missing_30,55,1,1,False,
O02,missing_30,55,2,,False,
O02,missing_30,56,1,1,False,
O02,missing_30,56,2,,False,
O02,missing_30,57,1,1,False,
O02,missing_30,57,2,,False,
O02,missing_30,58,1,1,False,
O02,missing_30,58,2,,False,
O02,missing_30,59,1,1,False,
O02,missing_30,59,2,,False,
O02,missing_30,60,1,1,False,
O02,missing_30,60,2,,False,
O02,missing_30,61,1,1,False,
O02,missing_30,61,2,,False,
O02,missing_30,62,1,1,False,
O02,missing_30,62,2,,False,
O02,missing_30,63,1,1,False,
O02,missing_30,63,2,,False,
O02,missing_30,64,1,1,False,
O02,missing_30,64,2,,False,
O02,missing_30,65,1,1,False,
O02,missing_30,65,2,,False,
O02,missing_30,66,1,1,False,
O02,missing_30,66,2,,False,
O02,missing_30,67,1,1,False,
O02,missing_30,67,2,,False,
O02,missing_30,68,1,1,False,
O02,missing_30,68,2,,False,
O02,missing_30,69,1,1,False,
O02,missing_30,69,2,,False,
O02,missing_30,70,1,1,False,
O02,missing_30,70,2,,False,
O02,missing_30,71,1,1,False,
O02,missing_30,71,2,,False,
O02,missing_30,72,1,1,False,
O02,missing_30,72,2,,False,
O02,missing_30,73,1,1,False,
O02,missing_30,73,2,,False,
O02,missing_30,74,1,1,False,
O02,missing_30,74,2,,False,
O02,missing_30,75,1,1,False,
O02,missing_30,75,2,,False,
O02,missing_30,76,1,1,False,
O02,missing_30,76,2,,False,
O02,missing_30,77,1,1,False,
O02,missing_30,77,2,,False,
O02,missing_30,78,1,1,True,candidate_occlusion
O02,missing_30,78,2,,True,candidate_occlusion
O02,missing_30,79,1,1,True,candidate_occlusion
O02,missing_30,79,2,,True,candidate_occlusion
O02,missing_30,80,1,1,True,candidate_occlusion
O02,missing_30,80,2,,True,candidate_occlusion
O02,missing_30,81,1,1,True,candidate_occlusion
O02,missing_30,81,2,,True,candidate_occlusion
O02,missing_30,82,1,,True,candidate_occlusion
O02,missing_30,82,2,,True,candidate_occlusion
O02,missing_30,83,1,,True,candidate_occlusion
O02,missing_30,83,2,,True,candidate_occlusion
O02,missing_30,84,1,,True,candidate_occlusion
O02,missing_30,84,2,,True,candidate_occlusion
O02,missing_30,85,1,,True,candidate_occlusion
O02,missing_30,85,2,,True,candidate_occlusion
O02,missing_30,86,1,,True,candidate_occlusion
O02,missing_30,86,2,,True,candidate_occlusion
O02,missing_30,87,1,,True,candidate_occlusion
O02,missing_30,87,2,,True,candidate_occlusion
O02,missing_30,88,1,,True,candidate_occlusion
O02,missing_30,88,2,,True,candidate_occlusion
O02,missing_30,89,1,,True,candidate_occlusion
O02,missing_30,89,2,,True,candidate_occlusion
O02,missing_30,90,1,1,True,candidate_occlusion
O02,missing_30,90,2,,True,candidate_occlusion
O02,missing_30,91,1,1,True,candidate_occlusion
O02,missing_30,91,2,,True,candidate_occlusion
O02,missing_30,92,1,1,True,candidate_occlusion
O02,missing_30,92,2,,True,candidate_occlusion
O02,missing_30,93,1,1,True,candidate_occlusion
O02,missing_30,93,2,,True,candidate_occlusion
O02,missing_30,94,1,1,True,candidate_occlusion
O02,missing_30,94,2,,True,candidate_occlusion
O02,missing_30,95,1,1,True,candidate_occlusion
O02,missing_30,95,2,,True,candidate_occlusion
O02,missing_30,96,1,1,True,candidate_occlusion
O02,missing_30,96,2,,True,candidate_occlusion
O02,missing_30,97,1,1,False,
O02,missing_30,97,2,,False,
O02,missing_30,98,1,1,False,
O02,missing_30,98,2,,False,
O02,missing_30,99,1,1,False,
O02,missing_30,99,2,,False,
O02,missing_30,100,1,1,False,
O02,missing_30,100,2,,False,
O02,missing_30,101,1,1,False,
O02,missing_30,101,2,,False,
O02,missing_30,102,1,1,False,
O02,missing_30,102,2,,False,
O02,missing_30,103,1,1,False,
O02,missing_30,103,2,,False,
O02,missing_30,104,1,1,False,
O02,missing_30,104,2,,False,
O02,missing_30,105,1,1,False,
O02,missing_30,105,2,,False,
O02,missing_30,106,1,1,False,
O02,missing_30,106,2,,False,
O02,missing_30,107,1,1,False,
O02,missing_30,107,2,,False,
O02,missing_30,108,1,1,False,
O02,missing_30,108,2,,False,
O02,missing_30,109,1,1,False,
O02,missing_30,109,2,,False,
O02,missing_30,110,1,7,False,
O02,missing_30,110,2,,False,
O02,missing_30,111,1,1,False,
O02,missing_30,111,2,,False,
O02,missing_30,112,1,1,False,
O02,missing_30,112,2,,False,
O02,missing_30,113,1,1,False,
O02,missing_30,113,2,,False,
O02,missing_30,114,1,1,False,
O02,missing_30,114,2,,False,
O02,missing_30,115,1,1,False,
O02,missing_30,115,2,,False,
O02,missing_30,116,1,1,False,
O02,missing_30,116,2,,False,
O02,missing_30,117,1,1,False,
O02,missing_30,117,2,,False,
O02,missing_30,118,1,1,False,
O02,missing_30,118,2,,False,
O02,missing_30,119,1,1,False,
O02,missing_30,119,2,,False,
O02,missing_30,120,1,1,False,
O02,missing_30,120,2,,False,
O02,missing_30,121,1,1,False,
O02,missing_30,121,2,,False,
O02,missing_30,122,1,1,False,
O02,missing_30,122,2,,False,
O02,missing_30,123,1,1,False,
O02,missing_30,123,2,6,False,
O02,missing_30,124,1,1,False,
O02,missing_30,124,2,6,False,
O02,missing_30,125,1,1,False,
O02,missing_30,125,2,6,False,
O02,missing_30,126,1,1,False,
O02,missing_30,126,2,6,False,
O02,missing_30,127,1,1,False,
O02,missing_30,127,2,6,False,
O02,missing_30,128,1,1,False,
O02,missing_30,128,2,,False,
O02,missing_30,129,1,1,False,
O02,missing_30,129,2,,False,
O02,missing_30,130,1,1,False,
O02,missing_30,130,2,,False,
O02,missing_30,131,1,1,False,
O02,missing_30,131,2,,False,
O02,missing_30,132,1,1,False,
O02,missing_30,132,2,,False,
O02,missing_30,133,1,1,False,
O02,missing_30,133,2,,False,
O02,missing_30,134,1,1,False,
O02,missing_30,134,2,,False,
O02,missing_30,135,1,7,False,
O02,missing_30,135,2,,False,
O02,missing_30,136,1,7,False,
O02,missing_30,136,2,,False,
O02,missing_30,137,1,7,False,
O02,missing_30,137,2,,False,
O02,missing_30,138,1,,False,
O02,missing_30,138,2,,False,
O02,missing_30,139,1,,False,
O02,missing_30,139,2,,False,
O02,missing_30,140,1,,False,
O02,missing_30,140,2,,False,
O02,missing_30,141,1,,False,
O02,missing_30,141,2,,False,
O02,missing_30,142,1,,False,
O02,missing_30,142,2,,False,
O02,missing_30,143,1,,False,
O02,missing_30,143,2,,False,
O02,missing_30,144,1,1,False,
O02,missing_30,144,2,,False,
O02,missing_30,145,1,1,False,
O02,missing_30,145,2,,False,
O02,missing_30,146,1,1,False,
O02,missing_30,146,2,,False,
O02,missing_30,147,1,1,False,
O02,missing_30,147,2,,False,
O02,missing_30,148,1,1,False,
O02,missing_30,148,2,,False,
O02,missing_30,149,1,5,False,
O02,missing_30,149,2,,False,
O02,missing_30,150,1,5,False,
O02,missing_30,150,2,,False,
O02,missing_30,151,1,,False,
O02,missing_30,151,2,,False,
O02,missing_30,152,1,,False,
O02,missing_30,152,2,,False,
O02,missing_30,153,1,,False,
O02,missing_30,153,2,,False,
O02,missing_30,154,1,,False,
O02,missing_30,154,2,,False,
O02,missing_30,155,1,,False,
O02,missing_30,155,2,,False,
O02,missing_30,156,1,,False,
O02,missing_30,156,2,,False,
O02,missing_30,157,1,,False,
O02,missing_30,157,2,,False,
O02,missing_30,158,1,,False,
O02,missing_30,158,2,,False,
O02,missing_30,159,1,,False,
O02,missing_30,159,2,,False,
O02,missing_30,160,1,,False,
O02,missing_30,160,2,,False,
O02,missing_30,161,1,,False,
O02,missing_30,161,2,,False,
O02,missing_30,162,1,,False,
O02,missing_30,162,2,,False,
O02,missing_30,163,1,,False,
O02,missing_30,163,2,,False,
O02,missing_30,164,1,,False,
O02,missing_30,164,2,,False,
O02,missing_30,165,1,,False,
O02,missing_30,165,2,,False,
O02,missing_30,166,1,,False,
O02,missing_30,166,2,,False,
O02,missing_30,167,1,,False,
O02,missing_30,167,2,,False,
O02,missing_30,168,1,,False,
O02,missing_30,168,2,2,False,
O02,missing_30,169,1,1,False,
O02,missing_30,169,2,2,False,
O02,missing_30,170,1,1,False,
O02,missing_30,170,2,,False,
O02,missing_30,171,1,1,False,
O02,missing_30,171,2,2,False,
O02,missing_30,172,1,1,False,
O02,missing_30,172,2,2,False,
O02,missing_30,173,1,1,False,
O02,missing_30,173,2,2,False,
O02,missing_30,174,1,1,False,
O02,missing_30,174,2,2,False,
O02,missing_30,175,1,1,False,
O02,missing_30,175,2,10,False,
O02,missing_30,176,1,1,False,
O02,missing_30,176,2,10,False,
O02,missing_30,177,1,1,False,
O02,missing_30,177,2,10,False,
O02,missing_30,178,1,1,False,
O02,missing_30,178,2,10,False,
O02,missing_30,179,1,1,False,
O02,missing_30,179,2,10,False,
O02,missing_30,180,1,1,False,
O02,missing_30,180,2,10,False,
O02,missing_30,181,1,1,False,
O02,missing_30,181,2,10,False,
O02,missing_30,182,1,1,False,
O02,missing_30,182,2,,False,
O02,missing_30,183,1,1,False,
O02,missing_30,183,2,,False,
O02,missing_30,184,1,,False,
O02,missing_30,184,2,5,False,
O02,missing_30,185,1,,False,
O02,missing_30,185,2,5,False,
O02,missing_30,186,1,,False,
O02,missing_30,186,2,5,False,
O02,missing_30,187,1,,False,
O02,missing_30,187,2,5,False,
O02,missing_30,188,1,,False,
O02,missing_30,188,2,5,False,
O02,missing_30,189,1,,False,
O02,missing_30,189,2,2,False,
O02,missing_30,190,1,,False,
O02,missing_30,190,2,2,False,
O02,missing_30,191,1,,False,
O02,missing_30,191,2,2,False,
O02,missing_30,192,1,,False,
O02,missing_30,192,2,2,False,
O02,missing_30,193,1,,False,
O02,missing_30,193,2,2,False,
O02,missing_30,194,1,,False,
O02,missing_30,194,2,2,False,
O02,missing_30,195,1,,False,
O02,missing_30,195,2,2,False,
O02,missing_30,196,1,,False,
O02,missing_30,196,2,,False,
O02,missing_30,197,1,1,False,
O02,missing_30,197,2,,False,
O02,missing_30,198,1,1,False,
O02,missing_30,198,2,,False,
O02,missing_30,199,1,1,False,
O02,missing_30,199,2,,False,
O02,missing_30,200,1,1,False,
O02,missing_30,200,2,,False,
O02,missing_30,201,1,1,False,
O02,missing_30,201,2,,False,
O02,missing_30,202,1,1,False,
O02,missing_30,202,2,,False,
O02,missing_30,203,1,1,False,
O02,missing_30,203,2,,False,
O02,missing_30,204,1,1,False,
O02,missing_30,204,2,,False,
O02,missing_30,205,1,1,False,
O02,missing_30,205,2,,False,
O02,missing_30,206,1,1,False,
O02,missing_30,206,2,,False,
O02,missing_30,207,1,1,False,
O02,missing_30,207,2,,False,
O02,missing_30,208,1,1,False,
O02,missing_30,208,2,,False,
O02,missing_30,209,1,,False,
O02,missing_30,209,2,,False,
O02,missing_30,210,1,,False,
O02,missing_30,210,2,,False,
O02,missing_30,211,1,,False,
O02,missing_30,211,2,,False,
O02,missing_30,212,1,,False,
O02,missing_30,212,2,,False,
O02,missing_30,213,1,,False,
O02,missing_30,213,2,,False,
O02,missing_30,214,1,,False,
O02,missing_30,214,2,,False,
O02,missing_30,215,1,,False,
O02,missing_30,215,2,,False,
O02,missing_30,216,1,,False,
O02,missing_30,216,2,,False,
O02,missing_30,217,1,,False,
O02,missing_30,217,2,,False,
O02,missing_30,218,1,,False,
O02,missing_30,218,2,,False,
O02,missing_30,219,1,,False,
O02,missing_30,219,2,,False,
O02,missing_30,220,1,,False,
O02,missing_30,220,2,,False,
O02,missing_30,221,1,,False,
O02,missing_30,221,2,,False,
O02,missing_30,222,1,,False,
O02,missing_30,222,2,,False,
O02,missing_30,223,1,1,False,
O02,missing_30,223,2,,False,
O02,missing_30,224,1,1,False,
O02,missing_30,224,2,,False,
O03,missing_30,25,1,,False,
O03,missing_30,25,2,1,False,
O03,missing_30,26,1,,False,
O03,missing_30,26,2,1,False,
O03,missing_30,27,1,,False,
O03,missing_30,27,2,1,False,
O03,missing_30,28,1,,False,
O03,missing_30,28,2,,False,
O03,missing_30,29,1,,False,
O03,missing_30,29,2,1,False,
O03,missing_30,30,1,,False,
O03,missing_30,30,2,1,False,
O03,missing_30,31,1,,False,
O03,missing_30,31,2,2,False,
O03,missing_30,32,1,,False,
O03,missing_30,32,2,2,False,
O03,missing_30,33,1,,False,
O03,missing_30,33,2,1,False,
O03,missing_30,34,1,,False,
O03,missing_30,34,2,1,False,
O03,missing_30,35,1,,False,
O03,missing_30,35,2,1,False,
O03,missing_30,36,1,,False,
O03,missing_30,36,2,1,False,
O03,missing_30,37,1,,False,
O03,missing_30,37,2,,False,
O03,missing_30,38,1,,False,
O03,missing_30,38,2,,False,
O03,missing_30,39,1,,False,
O03,missing_30,39,2,,False,
O03,missing_30,40,1,,False,
O03,missing_30,40,2,,False,
O03,missing_30,41,1,,False,
O03,missing_30,41,2,,False,
O03,missing_30,42,1,,False,
O03,missing_30,42,2,,False,
O03,missing_30,43,1,,False,
O03,missing_30,43,2,1,False,
O03,missing_30,44,1,,False,
O03,missing_30,44,2,2,False,
O03,missing_30,45,1,,False,
O03,missing_30,45,2,1,False,
O03,missing_30,46,1,,False,
O03,missing_30,46,2,1,False,
O03,missing_30,47,1,,False,
O03,missing_30,47,2,1,False,
O03,missing_30,48,1,,False,
O03,missing_30,48,2,1,False,
O03,missing_30,49,1,,False,
O03,missing_30,49,2,,False,
O03,missing_30,50,1,,False,
O03,missing_30,50,2,1,False,
O03,missing_30,51,1,,False,
O03,missing_30,51,2,,False,
O03,missing_30,52,1,,False,
O03,missing_30,52,2,,False,
O03,missing_30,53,1,,False,
O03,missing_30,53,2,,False,
O03,missing_30,54,1,,False,
O03,missing_30,54,2,,False,
O03,missing_30,55,1,,False,
O03,missing_30,55,2,,False,
O03,missing_30,56,1,,False,
O03,missing_30,56,2,,False,
O03,missing_30,57,1,,False,
O03,missing_30,57,2,,False,
O03,missing_30,58,1,,False,
O03,missing_30,58,2,,False,
O03,missing_30,59,1,,False,
O03,missing_30,59,2,,False,
O03,missing_30,60,1,,False,
O03,missing_30,60,2,,False,
O03,missing_30,61,1,,False,
O03,missing_30,61,2,,False,
O03,missing_30,62,1,,False,
O03,missing_30,62,2,,False,
O03,missing_30,63,1,,False,
O03,missing_30,63,2,,False,
O03,missing_30,64,1,,False,
O03,missing_30,64,2,,False,
O03,missing_30,65,1,,False,
O03,missing_30,65,2,,False,
O03,missing_30,66,1,,False,
O03,missing_30,66,2,,False,
O03,missing_30,67,1,,False,
O03,missing_30,67,2,,False,
O03,missing_30,68,1,,False,
O03,missing_30,68,2,,False,
O03,missing_30,69,1,,False,
O03,missing_30,69,2,,False,
O03,missing_30,70,1,,False,
O03,missing_30,70,2,,False,
O03,missing_30,71,1,,False,
O03,missing_30,71,2,,False,
O03,missing_30,72,1,,False,
O03,missing_30,72,2,,False,
O03,missing_30,73,1,,False,
O03,missing_30,73,2,,False,
O03,missing_30,74,1,,False,
O03,missing_30,74,2,,False,
O03,missing_30,75,1,,False,
O03,missing_30,75,2,,False,
O03,missing_30,76,1,,False,
O03,missing_30,76,2,,False,
O03,missing_30,77,1,,False,
O03,missing_30,77,2,,False,
O03,missing_30,78,1,,False,
O03,missing_30,78,2,,False,
O03,missing_30,79,1,,False,
O03,missing_30,79,2,,False,
O03,missing_30,80,1,,False,
O03,missing_30,80,2,,False,
O03,missing_30,81,1,,False,
O03,missing_30,81,2,,False,
O03,missing_30,82,1,,False,
O03,missing_30,82,2,,False,
O03,missing_30,83,1,,False,
O03,missing_30,83,2,,False,
O03,missing_30,84,1,,False,
O03,missing_30,84,2,,False,
O03,missing_30,85,1,,False,
O03,missing_30,85,2,,False,
O03,missing_30,86,1,,False,
O03,missing_30,86,2,,False,
O03,missing_30,87,1,,False,
O03,missing_30,87,2,,False,
O03,missing_30,88,1,,False,
O03,missing_30,88,2,,False,
O03,missing_30,89,1,,False,
O03,missing_30,89,2,,False,
O03,missing_30,90,1,,False,
O03,missing_30,90,2,,False,
O03,missing_30,91,1,,False,
O03,missing_30,91,2,,False,
O03,missing_30,92,1,,False,
O03,missing_30,92,2,,False,
O03,missing_30,93,1,,False,
O03,missing_30,93,2,,False,
O03,missing_30,94,1,,False,
O03,missing_30,94,2,,False,
O03,missing_30,95,1,,False,
O03,missing_30,95,2,,False,
O03,missing_30,96,1,,False,
O03,missing_30,96,2,,False,
O03,missing_30,97,1,,False,
O03,missing_30,97,2,,False,
O03,missing_30,98,1,,False,
O03,missing_30,98,2,,False,
O03,missing_30,99,1,,True,candidate_occlusion
O03,missing_30,99,2,,True,candidate_occlusion
O03,missing_30,100,1,,True,candidate_occlusion
O03,missing_30,100,2,,True,candidate_occlusion
O03,missing_30,101,1,,True,candidate_occlusion
O03,missing_30,101,2,,True,candidate_occlusion
O03,missing_30,102,1,,True,candidate_occlusion
O03,missing_30,102,2,,True,candidate_occlusion
O03,missing_30,103,1,,True,candidate_occlusion
O03,missing_30,103,2,,True,candidate_occlusion
O03,missing_30,104,1,,True,candidate_occlusion
O03,missing_30,104,2,,True,candidate_occlusion
O03,missing_30,105,1,,True,candidate_occlusion
O03,missing_30,105,2,,True,candidate_occlusion
O03,missing_30,106,1,,True,candidate_occlusion
O03,missing_30,106,2,,True,candidate_occlusion
O03,missing_30,107,1,,True,candidate_occlusion
O03,missing_30,107,2,,True,candidate_occlusion
O03,missing_30,108,1,,True,candidate_occlusion
O03,missing_30,108,2,,True,candidate_occlusion
O03,missing_30,109,1,,True,candidate_occlusion
O03,missing_30,109,2,,True,candidate_occlusion
O03,missing_30,110,1,,True,candidate_occlusion
O03,missing_30,110,2,,True,candidate_occlusion
O03,missing_30,111,1,,True,candidate_occlusion
O03,missing_30,111,2,,True,candidate_occlusion
O03,missing_30,112,1,,True,candidate_occlusion
O03,missing_30,112,2,,True,candidate_occlusion
O03,missing_30,113,1,,True,candidate_occlusion
O03,missing_30,113,2,,True,candidate_occlusion
O03,missing_30,114,1,,True,candidate_occlusion
O03,missing_30,114,2,,True,candidate_occlusion
O03,missing_30,115,1,,True,candidate_occlusion
O03,missing_30,115,2,,True,candidate_occlusion
O03,missing_30,116,1,,True,candidate_occlusion
O03,missing_30,116,2,,True,candidate_occlusion
O03,missing_30,117,1,,True,candidate_occlusion
O03,missing_30,117,2,,True,candidate_occlusion
O03,missing_30,118,1,,True,candidate_occlusion
O03,missing_30,118,2,,True,candidate_occlusion
O03,missing_30,119,1,,True,candidate_occlusion
O03,missing_30,119,2,,True,candidate_occlusion
O03,missing_30,120,1,,True,candidate_occlusion
O03,missing_30,120,2,,True,candidate_occlusion
O03,missing_30,121,1,,True,candidate_occlusion
O03,missing_30,121,2,,True,candidate_occlusion
O03,missing_30,122,1,,True,candidate_occlusion
O03,missing_30,122,2,,True,candidate_occlusion
O03,missing_30,123,1,,True,candidate_occlusion
O03,missing_30,123,2,,True,candidate_occlusion
O03,missing_30,124,1,,True,candidate_occlusion
O03,missing_30,124,2,,True,candidate_occlusion
O03,missing_30,125,1,,True,candidate_occlusion
O03,missing_30,125,2,,True,candidate_occlusion
O03,missing_30,126,1,,True,candidate_occlusion
O03,missing_30,126,2,,True,candidate_occlusion
O03,missing_30,127,1,,True,candidate_occlusion
O03,missing_30,127,2,,True,candidate_occlusion
O03,missing_30,128,1,,True,candidate_occlusion
O03,missing_30,128,2,,True,candidate_occlusion
O03,missing_30,129,1,,True,candidate_occlusion
O03,missing_30,129,2,,True,candidate_occlusion
O03,missing_30,130,1,,True,candidate_occlusion
O03,missing_30,130,2,,True,candidate_occlusion
O03,missing_30,131,1,,True,candidate_occlusion
O03,missing_30,131,2,,True,candidate_occlusion
O03,missing_30,132,1,,True,candidate_occlusion
O03,missing_30,132,2,,True,candidate_occlusion
O03,missing_30,133,1,,True,candidate_occlusion
O03,missing_30,133,2,,True,candidate_occlusion
O03,missing_30,134,1,,True,candidate_occlusion
O03,missing_30,134,2,,True,candidate_occlusion
O03,missing_30,135,1,,True,candidate_occlusion
O03,missing_30,135,2,,True,candidate_occlusion
O03,missing_30,136,1,,True,candidate_occlusion
O03,missing_30,136,2,,True,candidate_occlusion
O03,missing_30,137,1,,True,candidate_occlusion
O03,missing_30,137,2,,True,candidate_occlusion
O03,missing_30,138,1,,False,
O03,missing_30,138,2,,False,
O03,missing_30,139,1,,False,
O03,missing_30,139,2,,False,
O03,missing_30,140,1,,False,
O03,missing_30,140,2,,False,
O03,missing_30,141,1,3,False,
O03,missing_30,141,2,,False,
O03,missing_30,142,1,,False,
O03,missing_30,142,2,,False,
O03,missing_30,143,1,,False,
O03,missing_30,143,2,,False,
O03,missing_30,144,1,,False,
O03,missing_30,144,2,,False,
O03,missing_30,145,1,,False,
O03,missing_30,145,2,,False,
O03,missing_30,146,1,3,False,
O03,missing_30,146,2,,False,
O03,missing_30,147,1,3,False,
O03,missing_30,147,2,4,False,
O03,missing_30,148,1,3,False,
O03,missing_30,148,2,,False,
O03,missing_30,149,1,3,False,
O03,missing_30,149,2,,False,
O03,missing_30,150,1,3,False,
O03,missing_30,150,2,,False,
O03,missing_30,151,1,3,False,
O03,missing_30,151,2,,False,
O03,missing_30,152,1,3,False,
O03,missing_30,152,2,,False,
O03,missing_30,153,1,3,False,
O03,missing_30,153,2,,False,
O03,missing_30,154,1,3,False,
O03,missing_30,154,2,,False,
O03,missing_30,155,1,3,False,
O03,missing_30,155,2,,False,
O03,missing_30,156,1,3,False,
O03,missing_30,156,2,,False,
O03,missing_30,157,1,3,False,
O03,missing_30,157,2,,False,
O03,missing_30,158,1,3,False,
O03,missing_30,158,2,,False,
O03,missing_30,159,1,3,False,
O03,missing_30,159,2,4,False,
O03,missing_30,160,1,3,False,
O03,missing_30,160,2,4,False,
O03,missing_30,161,1,3,False,
O03,missing_30,161,2,4,False,
O03,missing_30,162,1,3,False,
O03,missing_30,162,2,,False,
O03,missing_30,163,1,3,False,
O03,missing_30,163,2,,False,
O03,missing_30,164,1,3,False,
O03,missing_30,164,2,,False,
O03,missing_30,165,1,3,False,
O03,missing_30,165,2,,False,
O03,missing_30,166,1,3,False,
O03,missing_30,166,2,,False,
O03,missing_30,167,1,3,False,
O03,missing_30,167,2,,False,
O03,missing_30,168,1,3,False,
O03,missing_30,168,2,,False,
O03,missing_30,169,1,3,False,
O03,missing_30,169,2,,False,
O03,missing_30,170,1,,False,
O03,missing_30,170,2,,False,
O03,missing_30,171,1,,False,
O03,missing_30,171,2,4,False,
O03,missing_30,172,1,,False,
O03,missing_30,172,2,4,False,
O03,missing_30,173,1,,False,
O03,missing_30,173,2,4,False,
O03,missing_30,174,1,3,False,
O03,missing_30,174,2,,False,
O03,missing_30,175,1,3,False,
O03,missing_30,175,2,,False,
O03,missing_30,176,1,3,False,
O03,missing_30,176,2,,False,
O03,missing_30,177,1,3,False,
O03,missing_30,177,2,4,False,
O03,missing_30,178,1,3,False,
O03,missing_30,178,2,4,False,
O03,missing_30,179,1,3,False,
O03,missing_30,179,2,,False,
O03,missing_30,180,1,3,False,
O03,missing_30,180,2,,False,
O03,missing_30,181,1,3,False,
O03,missing_30,181,2,4,False,
O03,missing_30,182,1,3,False,
O03,missing_30,182,2,,False,
O03,missing_30,183,1,3,False,
O03,missing_30,183,2,4,False,
O03,missing_30,184,1,3,False,
O03,missing_30,184,2,4,False,
O03,missing_30,185,1,,False,
O03,missing_30,185,2,4,False,
O03,missing_30,186,1,,False,
O03,missing_30,186,2,4,False,
O03,missing_30,187,1,,False,
O03,missing_30,187,2,4,False,
O03,missing_30,188,1,,False,
O03,missing_30,188,2,4,False,
O03,missing_30,189,1,,False,
O03,missing_30,189,2,4,False,
O03,missing_30,190,1,,False,
O03,missing_30,190,2,4,False,
O03,missing_30,191,1,,False,
O03,missing_30,191,2,4,False,
O03,missing_30,192,1,,False,
O03,missing_30,192,2,4,False,
O03,missing_30,193,1,,False,
O03,missing_30,193,2,4,False,
O03,missing_30,194,1,,False,
O03,missing_30,194,2,4,False,
O03,missing_30,195,1,,False,
O03,missing_30,195,2,4,False,
O03,missing_30,196,1,,False,
O03,missing_30,196,2,4,False,
O03,missing_30,197,1,,False,
O03,missing_30,197,2,4,False,
O03,missing_30,198,1,,False,
O03,missing_30,198,2,4,False,
O03,missing_30,199,1,,False,
O03,missing_30,199,2,4,False,
O03,missing_30,200,1,,False,
O03,missing_30,200,2,4,False,
O03,missing_30,201,1,,False,
O03,missing_30,201,2,4,False,
O03,missing_30,202,1,,False,
O03,missing_30,202,2,4,False,
O03,missing_30,203,1,,False,
O03,missing_30,203,2,4,False,
O03,missing_30,204,1,,False,
O03,missing_30,204,2,,False,
O03,missing_30,205,1,,False,
O03,missing_30,205,2,,False,
O03,missing_30,206,1,,False,
O03,missing_30,206,2,,False,
O03,missing_30,207,1,,False,
O03,missing_30,207,2,,False,
O03,missing_30,208,1,,False,
O03,missing_30,208,2,,False,
O03,missing_30,209,1,,False,
O03,missing_30,209,2,,False,
O03,missing_30,210,1,3,False,
O03,missing_30,210,2,,False,
O03,missing_30,211,1,,False,
O03,missing_30,211,2,,False,
O03,missing_30,212,1,,False,
O03,missing_30,212,2,,False,
O03,missing_30,213,1,,False,
O03,missing_30,213,2,,False,
O03,missing_30,214,1,,False,
O03,missing_30,214,2,,False,
O03,missing_30,215,1,,False,
O03,missing_30,215,2,,False,
O03,missing_30,216,1,3,False,
O03,missing_30,216,2,,False,
O03,missing_30,217,1,,False,
O03,missing_30,217,2,,False,
O03,missing_30,218,1,,False,
O03,missing_30,218,2,,False,
O03,missing_30,219,1,3,False,
O03,missing_30,219,2,,False,
O03,missing_30,220,1,3,False,
O03,missing_30,220,2,,False,
O03,missing_30,221,1,,False,
O03,missing_30,221,2,,False,
O03,missing_30,222,1,,False,
O03,missing_30,222,2,,False,
O03,missing_30,223,1,,False,
O03,missing_30,223,2,,False,
O03,missing_30,224,1,,False,
O03,missing_30,224,2,,False,
O04,missing_30,25,6,1,False,
O04,missing_30,25,7,,False,
O04,missing_30,26,6,1,False,
O04,missing_30,26,7,,False,
O04,missing_30,27,6,1,False,
O04,missing_30,27,7,,False,
O04,missing_30,28,6,1,False,
O04,missing_30,28,7,,False,
O04,missing_30,29,6,1,False,
O04,missing_30,29,7,,False,
O04,missing_30,30,6,1,False,
O04,missing_30,30,7,,False,
O04,missing_30,31,6,1,False,
O04,missing_30,31,7,,False,
O04,missing_30,32,6,1,False,
O04,missing_30,32,7,,False,
O04,missing_30,33,6,1,False,
O04,missing_30,33,7,,False,
O04,missing_30,34,6,1,False,
O04,missing_30,34,7,,False,
O04,missing_30,35,6,1,False,
O04,missing_30,35,7,,False,
O04,missing_30,36,6,1,False,
O04,missing_30,36,7,,False,
O04,missing_30,37,6,1,False,
O04,missing_30,37,7,,False,
O04,missing_30,38,6,1,False,
O04,missing_30,38,7,,False,
O04,missing_30,39,6,1,False,
O04,missing_30,39,7,,False,
O04,missing_30,40,6,1,False,
O04,missing_30,40,7,,False,
O04,missing_30,41,6,1,False,
O04,missing_30,41,7,,False,
O04,missing_30,42,6,1,False,
O04,missing_30,42,7,,False,
O04,missing_30,43,6,1,False,
O04,missing_30,43,7,,False,
O04,missing_30,44,6,1,False,
O04,missing_30,44,7,,False,
O04,missing_30,45,6,1,False,
O04,missing_30,45,7,,False,
O04,missing_30,46,6,1,False,
O04,missing_30,46,7,,False,
O04,missing_30,47,6,1,False,
O04,missing_30,47,7,,False,
O04,missing_30,48,6,1,False,
O04,missing_30,48,7,,False,
O04,missing_30,49,6,1,False,
O04,missing_30,49,7,,False,
O04,missing_30,50,6,1,False,
O04,missing_30,50,7,,False,
O04,missing_30,51,6,1,False,
O04,missing_30,51,7,,False,
O04,missing_30,52,6,1,False,
O04,missing_30,52,7,,False,
O04,missing_30,53,6,1,False,
O04,missing_30,53,7,,False,
O04,missing_30,54,6,1,False,
O04,missing_30,54,7,,False,
O04,missing_30,55,6,1,False,
O04,missing_30,55,7,,False,
O04,missing_30,56,6,1,False,
O04,missing_30,56,7,,False,
O04,missing_30,57,6,1,False,
O04,missing_30,57,7,,False,
O04,missing_30,58,6,1,False,
O04,missing_30,58,7,,False,
O04,missing_30,59,6,1,False,
O04,missing_30,59,7,,False,
O04,missing_30,60,6,1,False,
O04,missing_30,60,7,,False,
O04,missing_30,61,6,1,False,
O04,missing_30,61,7,,False,
O04,missing_30,62,6,1,False,
O04,missing_30,62,7,,False,
O04,missing_30,63,6,1,False,
O04,missing_30,63,7,,False,
O04,missing_30,64,6,1,False,
O04,missing_30,64,7,,False,
O04,missing_30,65,6,1,False,
O04,missing_30,65,7,,False,
O04,missing_30,66,6,1,False,
O04,missing_30,66,7,,False,
O04,missing_30,67,6,1,False,
O04,missing_30,67,7,,False,
O04,missing_30,68,6,1,False,
O04,missing_30,68,7,,False,
O04,missing_30,69,6,1,False,
O04,missing_30,69,7,,False,
O04,missing_30,70,6,1,False,
O04,missing_30,70,7,,False,
O04,missing_30,71,6,1,False,
O04,missing_30,71,7,,False,
O04,missing_30,72,6,1,False,
O04,missing_30,72,7,,False,
O04,missing_30,73,6,1,False,
O04,missing_30,73,7,,False,
O04,missing_30,74,6,1,False,
O04,missing_30,74,7,,False,
O04,missing_30,75,6,1,False,
O04,missing_30,75,7,,False,
O04,missing_30,76,6,1,False,
O04,missing_30,76,7,,False,
O04,missing_30,77,6,1,False,
O04,missing_30,77,7,,False,
O04,missing_30,78,6,1,False,
O04,missing_30,78,7,,False,
O04,missing_30,79,6,1,False,
O04,missing_30,79,7,,False,
O04,missing_30,80,6,1,False,
O04,missing_30,80,7,,False,
O04,missing_30,81,6,1,False,
O04,missing_30,81,7,,False,
O04,missing_30,82,6,1,False,
O04,missing_30,82,7,,False,
O04,missing_30,83,6,1,False,
O04,missing_30,83,7,,False,
O04,missing_30,84,6,1,False,
O04,missing_30,84,7,,False,
O04,missing_30,85,6,1,False,
O04,missing_30,85,7,,False,
O04,missing_30,86,6,1,False,
O04,missing_30,86,7,,False,
O04,missing_30,87,6,1,False,
O04,missing_30,87,7,,False,
O04,missing_30,88,6,1,False,
O04,missing_30,88,7,,False,
O04,missing_30,89,6,,False,
O04,missing_30,89,7,1,False,
O04,missing_30,90,6,,False,
O04,missing_30,90,7,1,False,
O04,missing_30,91,6,,False,
O04,missing_30,91,7,1,False,
O04,missing_30,92,6,,False,
O04,missing_30,92,7,1,False,
O04,missing_30,93,6,,False,
O04,missing_30,93,7,1,False,
O04,missing_30,94,6,,False,
O04,missing_30,94,7,1,False,
O04,missing_30,95,6,1,False,
O04,missing_30,95,7,,False,
O04,missing_30,96,6,1,True,candidate_occlusion
O04,missing_30,96,7,,True,candidate_occlusion
O04,missing_30,97,6,,True,candidate_occlusion
O04,missing_30,97,7,,True,candidate_occlusion
O04,missing_30,98,6,,True,candidate_occlusion
O04,missing_30,98,7,,True,candidate_occlusion
O04,missing_30,99,6,,True,candidate_occlusion
O04,missing_30,99,7,,True,candidate_occlusion
O04,missing_30,100,6,,True,candidate_occlusion
O04,missing_30,100,7,,True,candidate_occlusion
O04,missing_30,101,6,,True,candidate_occlusion
O04,missing_30,101,7,,True,candidate_occlusion
O04,missing_30,102,6,,True,candidate_occlusion
O04,missing_30,102,7,,True,candidate_occlusion
O04,missing_30,103,6,,True,candidate_occlusion
O04,missing_30,103,7,,True,candidate_occlusion
O04,missing_30,104,6,,True,candidate_occlusion
O04,missing_30,104,7,,True,candidate_occlusion
O04,missing_30,105,6,,True,candidate_occlusion
O04,missing_30,105,7,,True,candidate_occlusion
O04,missing_30,106,6,,True,candidate_occlusion
O04,missing_30,106,7,,True,candidate_occlusion
O04,missing_30,107,6,,True,candidate_occlusion
O04,missing_30,107,7,,True,candidate_occlusion
O04,missing_30,108,6,,True,candidate_occlusion
O04,missing_30,108,7,,True,candidate_occlusion
O04,missing_30,109,6,,True,candidate_occlusion
O04,missing_30,109,7,,True,candidate_occlusion
O04,missing_30,110,6,,True,candidate_occlusion
O04,missing_30,110,7,,True,candidate_occlusion
O04,missing_30,111,6,,True,candidate_occlusion
O04,missing_30,111,7,,True,candidate_occlusion
O04,missing_30,112,6,,True,candidate_occlusion
O04,missing_30,112,7,,True,candidate_occlusion
O04,missing_30,113,6,,True,candidate_occlusion
O04,missing_30,113,7,,True,candidate_occlusion
O04,missing_30,114,6,,True,candidate_occlusion
O04,missing_30,114,7,,True,candidate_occlusion
O04,missing_30,115,6,,True,candidate_occlusion
O04,missing_30,115,7,,True,candidate_occlusion
O04,missing_30,116,6,,True,candidate_occlusion
O04,missing_30,116,7,,True,candidate_occlusion
O04,missing_30,117,6,,True,candidate_occlusion
O04,missing_30,117,7,,True,candidate_occlusion
O04,missing_30,118,6,,True,candidate_occlusion
O04,missing_30,118,7,,True,candidate_occlusion
O04,missing_30,119,6,,True,candidate_occlusion
O04,missing_30,119,7,,True,candidate_occlusion
O04,missing_30,120,6,,True,candidate_occlusion
O04,missing_30,120,7,,True,candidate_occlusion
O04,missing_30,121,6,,True,candidate_occlusion
O04,missing_30,121,7,,True,candidate_occlusion
O04,missing_30,122,6,,True,candidate_occlusion
O04,missing_30,122,7,,True,candidate_occlusion
O04,missing_30,123,6,,True,candidate_occlusion
O04,missing_30,123,7,,True,candidate_occlusion
O04,missing_30,124,6,,True,candidate_occlusion
O04,missing_30,124,7,,True,candidate_occlusion
O04,missing_30,125,6,,True,candidate_occlusion
O04,missing_30,125,7,,True,candidate_occlusion
O04,missing_30,126,6,,True,candidate_occlusion
O04,missing_30,126,7,,True,candidate_occlusion
O04,missing_30,127,6,,False,
O04,missing_30,127,7,,False,
O04,missing_30,128,6,2,False,
O04,missing_30,128,7,,False,
O04,missing_30,129,6,,False,
O04,missing_30,129,7,,False,
O04,missing_30,130,6,,False,
O04,missing_30,130,7,,False,
O04,missing_30,131,6,,False,
O04,missing_30,131,7,,False,
O04,missing_30,132,6,,False,
O04,missing_30,132,7,,False,
O04,missing_30,133,6,,False,
O04,missing_30,133,7,,False,
O04,missing_30,134,6,,False,
O04,missing_30,134,7,,False,
O04,missing_30,135,6,,False,
O04,missing_30,135,7,,False,
O04,missing_30,136,6,,False,
O04,missing_30,136,7,,False,
O04,missing_30,137,6,,False,
O04,missing_30,137,7,,False,
O04,missing_30,138,6,,False,
O04,missing_30,138,7,,False,
O04,missing_30,139,6,,False,
O04,missing_30,139,7,,False,
O04,missing_30,140,6,,False,
O04,missing_30,140,7,,False,
O04,missing_30,141,6,,False,
O04,missing_30,141,7,,False,
O04,missing_30,142,6,,False,
O04,missing_30,142,7,,False,
O04,missing_30,143,6,,False,
O04,missing_30,143,7,,False,
O04,missing_30,144,6,,False,
O04,missing_30,144,7,,False,
O04,missing_30,145,6,,False,
O04,missing_30,145,7,,False,
O04,missing_30,146,6,,False,
O04,missing_30,146,7,,False,
O04,missing_30,147,6,,False,
O04,missing_30,147,7,,False,
O04,missing_30,148,6,2,False,
O04,missing_30,148,7,,False,
O04,missing_30,149,6,2,False,
O04,missing_30,149,7,,False,
O04,missing_30,150,6,2,False,
O04,missing_30,150,7,,False,
O04,missing_30,151,6,2,False,
O04,missing_30,151,7,,False,
O04,missing_30,152,6,2,False,
O04,missing_30,152,7,,False,
O04,missing_30,153,6,2,False,
O04,missing_30,153,7,,False,
O04,missing_30,154,6,2,False,
O04,missing_30,154,7,,False,
O04,missing_30,155,6,2,False,
O04,missing_30,155,7,,False,
O04,missing_30,156,6,2,False,
O04,missing_30,156,7,,False,
O04,missing_30,157,6,2,False,
O04,missing_30,157,7,,False,
O04,missing_30,158,6,2,False,
O04,missing_30,158,7,3,False,
O04,missing_30,159,6,2,False,
O04,missing_30,159,7,3,False,
O04,missing_30,160,6,2,False,
O04,missing_30,160,7,3,False,
O04,missing_30,161,6,2,False,
O04,missing_30,161,7,3,False,
O04,missing_30,162,6,2,False,
O04,missing_30,162,7,3,False,
O04,missing_30,163,6,2,False,
O04,missing_30,163,7,3,False,
O04,missing_30,164,6,2,False,
O04,missing_30,164,7,3,False,
O04,missing_30,165,6,2,False,
O04,missing_30,165,7,3,False,
O04,missing_30,166,6,2,False,
O04,missing_30,166,7,3,False,
O04,missing_30,167,6,2,False,
O04,missing_30,167,7,3,False,
O04,missing_30,168,6,2,False,
O04,missing_30,168,7,3,False,
O04,missing_30,169,6,2,False,
O04,missing_30,169,7,3,False,
O04,missing_30,170,6,2,False,
O04,missing_30,170,7,3,False,
O04,missing_30,171,6,2,False,
O04,missing_30,171,7,3,False,
O04,missing_30,172,6,2,False,
O04,missing_30,172,7,3,False,
O04,missing_30,173,6,2,False,
O04,missing_30,173,7,3,False,
O04,missing_30,174,6,2,False,
O04,missing_30,174,7,3,False,
O04,missing_30,175,6,2,False,
O04,missing_30,175,7,3,False,
O04,missing_30,176,6,2,False,
O04,missing_30,176,7,3,False,
O04,missing_30,177,6,2,False,
O04,missing_30,177,7,3,False,
O04,missing_30,178,6,2,False,
O04,missing_30,178,7,3,False,
O04,missing_30,179,6,2,False,
O04,missing_30,179,7,3,False,
O04,missing_30,180,6,2,False,
O04,missing_30,180,7,,False,
O04,missing_30,181,6,2,False,
O04,missing_30,181,7,3,False,
O04,missing_30,182,6,2,False,
O04,missing_30,182,7,3,False,
O04,missing_30,183,6,2,False,
O04,missing_30,183,7,3,False,
O04,missing_30,184,6,2,False,
O04,missing_30,184,7,,False,
O04,missing_30,185,6,2,False,
O04,missing_30,185,7,,False,
O04,missing_30,186,6,2,False,
O04,missing_30,186,7,3,False,
O04,missing_30,187,6,2,False,
O04,missing_30,187,7,,False,
O04,missing_30,188,6,2,False,
O04,missing_30,188,7,,False,
O04,missing_30,189,6,2,False,
O04,missing_30,189,7,,False,
O04,missing_30,190,6,2,False,
O04,missing_30,190,7,,False,
O04,missing_30,191,6,2,False,
O04,missing_30,191,7,,False,
O04,missing_30,192,6,2,False,
O04,missing_30,192,7,,False,
O04,missing_30,193,6,2,False,
O04,missing_30,193,7,,False,
O04,missing_30,194,6,2,False,
O04,missing_30,194,7,,False,
O04,missing_30,195,6,2,False,
O04,missing_30,195,7,,False,
O04,missing_30,196,6,2,False,
O04,missing_30,196,7,,False,
O04,missing_30,197,6,2,False,
O04,missing_30,197,7,,False,
O04,missing_30,198,6,2,False,
O04,missing_30,198,7,,False,
O04,missing_30,199,6,2,False,
O04,missing_30,199,7,,False,
O04,missing_30,200,6,2,False,
O04,missing_30,200,7,,False,
O04,missing_30,201,6,2,False,
O04,missing_30,201,7,,False,
O04,missing_30,202,6,2,False,
O04,missing_30,202,7,,False,
O04,missing_30,203,6,2,False,
O04,missing_30,203,7,,False,
O04,missing_30,204,6,2,False,
O04,missing_30,204,7,,False,
O04,missing_30,205,6,2,False,
O04,missing_30,205,7,,False,
O04,missing_30,206,6,2,False,
O04,missing_30,206,7,,False,
O04,missing_30,207,6,2,False,
O04,missing_30,207,7,,False,
O04,missing_30,208,6,2,False,
O04,missing_30,208,7,,False,
O04,missing_30,209,6,2,False,
O04,missing_30,209,7,,False,
O04,missing_30,210,6,2,False,
O04,missing_30,210,7,,False,
O04,missing_30,211,6,2,False,
O04,missing_30,211,7,,False,
O04,missing_30,212,6,,False,
O04,missing_30,212,7,,False,
O04,missing_30,213,6,,False,
O04,missing_30,213,7,,False,
O04,missing_30,214,6,,False,
O04,missing_30,214,7,,False,
O04,missing_30,215,6,2,False,
O04,missing_30,215,7,,False,
O04,missing_30,216,6,2,False,
O04,missing_30,216,7,,False,
O04,missing_30,217,6,2,False,
O04,missing_30,217,7,,False,
O04,missing_30,218,6,2,False,
O04,missing_30,218,7,,False,
O04,missing_30,219,6,2,False,
O04,missing_30,219,7,,False,
O04,missing_30,220,6,2,False,
O04,missing_30,220,7,,False,
O04,missing_30,221,6,2,False,
O04,missing_30,221,7,,False,
O04,missing_30,222,6,2,False,
O04,missing_30,222,7,,False,
O04,missing_30,223,6,2,False,
O04,missing_30,223,7,,False,
O04,missing_30,224,6,2,False,
O04,missing_30,224,7,,False,
O05,missing_30,25,3,1,False,
O05,missing_30,25,4,,False,
O05,missing_30,26,3,1,False,
O05,missing_30,26,4,,False,
O05,missing_30,27,3,1,False,
O05,missing_30,27,4,,False,
O05,missing_30,28,3,1,False,
O05,missing_30,28,4,,False,
O05,missing_30,29,3,1,False,
O05,missing_30,29,4,,False,
O05,missing_30,30,3,1,False,
O05,missing_30,30,4,,False,
O05,missing_30,31,3,1,False,
O05,missing_30,31,4,,False,
O05,missing_30,32,3,1,False,
O05,missing_30,32,4,,False,
O05,missing_30,33,3,1,False,
O05,missing_30,33,4,,False,
O05,missing_30,34,3,1,False,
O05,missing_30,34,4,,False,
O05,missing_30,35,3,1,False,
O05,missing_30,35,4,,False,
O05,missing_30,36,3,,False,
O05,missing_30,36,4,,False,
O05,missing_30,37,3,1,False,
O05,missing_30,37,4,,False,
O05,missing_30,38,3,,False,
O05,missing_30,38,4,,False,
O05,missing_30,39,3,1,False,
O05,missing_30,39,4,,False,
O05,missing_30,40,3,1,False,
O05,missing_30,40,4,,False,
O05,missing_30,41,3,1,False,
O05,missing_30,41,4,,False,
O05,missing_30,42,3,,False,
O05,missing_30,42,4,,False,
O05,missing_30,43,3,1,False,
O05,missing_30,43,4,,False,
O05,missing_30,44,3,1,False,
O05,missing_30,44,4,,False,
O05,missing_30,45,3,1,False,
O05,missing_30,45,4,,False,
O05,missing_30,46,3,1,False,
O05,missing_30,46,4,,False,
O05,missing_30,47,3,1,False,
O05,missing_30,47,4,,False,
O05,missing_30,48,3,,False,
O05,missing_30,48,4,,False,
O05,missing_30,49,3,,False,
O05,missing_30,49,4,,False,
O05,missing_30,50,3,,True,candidate_occlusion
O05,missing_30,50,4,,True,candidate_occlusion
O05,missing_30,51,3,1,True,candidate_occlusion
O05,missing_30,51,4,,True,candidate_occlusion
O05,missing_30,52,3,1,True,candidate_occlusion
O05,missing_30,52,4,,True,candidate_occlusion
O05,missing_30,53,3,,True,candidate_occlusion
O05,missing_30,53,4,,True,candidate_occlusion
O05,missing_30,54,3,,True,candidate_occlusion
O05,missing_30,54,4,,True,candidate_occlusion
O05,missing_30,55,3,,True,candidate_occlusion
O05,missing_30,55,4,,True,candidate_occlusion
O05,missing_30,56,3,,True,candidate_occlusion
O05,missing_30,56,4,,True,candidate_occlusion
O05,missing_30,57,3,,True,candidate_occlusion
O05,missing_30,57,4,,True,candidate_occlusion
O05,missing_30,58,3,,True,candidate_occlusion
O05,missing_30,58,4,,True,candidate_occlusion
O05,missing_30,59,3,,True,candidate_occlusion
O05,missing_30,59,4,,True,candidate_occlusion
O05,missing_30,60,3,,True,candidate_occlusion
O05,missing_30,60,4,,True,candidate_occlusion
O05,missing_30,61,3,,True,candidate_occlusion
O05,missing_30,61,4,,True,candidate_occlusion
O05,missing_30,62,3,,True,candidate_occlusion
O05,missing_30,62,4,,True,candidate_occlusion
O05,missing_30,63,3,,True,candidate_occlusion
O05,missing_30,63,4,,True,candidate_occlusion
O05,missing_30,64,3,,True,candidate_occlusion
O05,missing_30,64,4,,True,candidate_occlusion
O05,missing_30,65,3,,True,candidate_occlusion
O05,missing_30,65,4,,True,candidate_occlusion
O05,missing_30,66,3,,True,candidate_occlusion
O05,missing_30,66,4,,True,candidate_occlusion
O05,missing_30,67,3,,True,candidate_occlusion
O05,missing_30,67,4,,True,candidate_occlusion
O05,missing_30,68,3,,True,candidate_occlusion
O05,missing_30,68,4,,True,candidate_occlusion
O05,missing_30,69,3,,True,candidate_occlusion
O05,missing_30,69,4,,True,candidate_occlusion
O05,missing_30,70,3,,True,candidate_occlusion
O05,missing_30,70,4,,True,candidate_occlusion
O05,missing_30,71,3,,True,candidate_occlusion
O05,missing_30,71,4,,True,candidate_occlusion
O05,missing_30,72,3,,True,candidate_occlusion
O05,missing_30,72,4,,True,candidate_occlusion
O05,missing_30,73,3,,True,candidate_occlusion
O05,missing_30,73,4,,True,candidate_occlusion
O05,missing_30,74,3,,True,candidate_occlusion
O05,missing_30,74,4,,True,candidate_occlusion
O05,missing_30,75,3,,True,candidate_occlusion
O05,missing_30,75,4,,True,candidate_occlusion
O05,missing_30,76,3,,True,candidate_occlusion
O05,missing_30,76,4,,True,candidate_occlusion
O05,missing_30,77,3,,True,candidate_occlusion
O05,missing_30,77,4,,True,candidate_occlusion
O05,missing_30,78,3,,True,candidate_occlusion
O05,missing_30,78,4,,True,candidate_occlusion
O05,missing_30,79,3,,True,candidate_occlusion
O05,missing_30,79,4,,True,candidate_occlusion
O05,missing_30,80,3,,True,candidate_occlusion
O05,missing_30,80,4,,True,candidate_occlusion
O05,missing_30,81,3,,True,candidate_occlusion
O05,missing_30,81,4,,True,candidate_occlusion
O05,missing_30,82,3,,True,candidate_occlusion
O05,missing_30,82,4,,True,candidate_occlusion
O05,missing_30,83,3,,True,candidate_occlusion
O05,missing_30,83,4,,True,candidate_occlusion
O05,missing_30,84,3,,True,candidate_occlusion
O05,missing_30,84,4,,True,candidate_occlusion
O05,missing_30,85,3,,True,candidate_occlusion
O05,missing_30,85,4,,True,candidate_occlusion
O05,missing_30,86,3,,True,candidate_occlusion
O05,missing_30,86,4,,True,candidate_occlusion
O05,missing_30,87,3,,True,candidate_occlusion
O05,missing_30,87,4,,True,candidate_occlusion
O05,missing_30,88,3,,True,candidate_occlusion
O05,missing_30,88,4,,True,candidate_occlusion
O05,missing_30,89,3,,True,candidate_occlusion
O05,missing_30,89,4,,True,candidate_occlusion
O05,missing_30,90,3,,True,candidate_occlusion
O05,missing_30,90,4,,True,candidate_occlusion
O05,missing_30,91,3,,True,candidate_occlusion
O05,missing_30,91,4,,True,candidate_occlusion
O05,missing_30,92,3,,True,candidate_occlusion
O05,missing_30,92,4,,True,candidate_occlusion
O05,missing_30,93,3,,True,candidate_occlusion
O05,missing_30,93,4,,True,candidate_occlusion
O05,missing_30,94,3,,True,candidate_occlusion
O05,missing_30,94,4,,True,candidate_occlusion
O05,missing_30,95,3,,True,candidate_occlusion
O05,missing_30,95,4,,True,candidate_occlusion
O05,missing_30,96,3,,True,candidate_occlusion
O05,missing_30,96,4,,True,candidate_occlusion
O05,missing_30,97,3,,True,candidate_occlusion
O05,missing_30,97,4,,True,candidate_occlusion
O05,missing_30,98,3,,True,candidate_occlusion
O05,missing_30,98,4,,True,candidate_occlusion
O05,missing_30,99,3,,True,candidate_occlusion
O05,missing_30,99,4,,True,candidate_occlusion
O05,missing_30,100,3,,True,candidate_occlusion
O05,missing_30,100,4,,True,candidate_occlusion
O05,missing_30,101,3,,True,candidate_occlusion
O05,missing_30,101,4,,True,candidate_occlusion
O05,missing_30,102,3,,True,candidate_occlusion
O05,missing_30,102,4,,True,candidate_occlusion
O05,missing_30,103,3,,True,candidate_occlusion
O05,missing_30,103,4,,True,candidate_occlusion
O05,missing_30,104,3,,True,candidate_occlusion
O05,missing_30,104,4,,True,candidate_occlusion
O05,missing_30,105,3,,True,candidate_occlusion
O05,missing_30,105,4,,True,candidate_occlusion
O05,missing_30,106,3,,True,candidate_occlusion
O05,missing_30,106,4,,True,candidate_occlusion
O05,missing_30,107,3,,True,candidate_occlusion
O05,missing_30,107,4,,True,candidate_occlusion
O05,missing_30,108,3,,True,candidate_occlusion
O05,missing_30,108,4,,True,candidate_occlusion
O05,missing_30,109,3,,True,candidate_occlusion
O05,missing_30,109,4,,True,candidate_occlusion
O05,missing_30,110,3,,True,candidate_occlusion
O05,missing_30,110,4,,True,candidate_occlusion
O05,missing_30,111,3,,True,candidate_occlusion
O05,missing_30,111,4,,True,candidate_occlusion
O05,missing_30,112,3,,True,candidate_occlusion
O05,missing_30,112,4,,True,candidate_occlusion
O05,missing_30,113,3,,True,candidate_occlusion
O05,missing_30,113,4,,True,candidate_occlusion
O05,missing_30,114,3,,True,candidate_occlusion
O05,missing_30,114,4,,True,candidate_occlusion
O05,missing_30,115,3,,True,candidate_occlusion
O05,missing_30,115,4,,True,candidate_occlusion
O05,missing_30,116,3,,True,candidate_occlusion
O05,missing_30,116,4,,True,candidate_occlusion
O05,missing_30,117,3,3,True,candidate_occlusion
O05,missing_30,117,4,,True,candidate_occlusion
O05,missing_30,118,3,3,True,candidate_occlusion
O05,missing_30,118,4,,True,candidate_occlusion
O05,missing_30,119,3,3,True,candidate_occlusion
O05,missing_30,119,4,,True,candidate_occlusion
O05,missing_30,120,3,3,True,candidate_occlusion
O05,missing_30,120,4,,True,candidate_occlusion
O05,missing_30,121,3,3,True,candidate_occlusion
O05,missing_30,121,4,,True,candidate_occlusion
O05,missing_30,122,3,3,True,candidate_occlusion
O05,missing_30,122,4,,True,candidate_occlusion
O05,missing_30,123,3,3,True,candidate_occlusion
O05,missing_30,123,4,,True,candidate_occlusion
O05,missing_30,124,3,,True,candidate_occlusion
O05,missing_30,124,4,,True,candidate_occlusion
O05,missing_30,125,3,3,True,candidate_occlusion
O05,missing_30,125,4,,True,candidate_occlusion
O05,missing_30,126,3,3,True,candidate_occlusion
O05,missing_30,126,4,,True,candidate_occlusion
O05,missing_30,127,3,3,True,candidate_occlusion
O05,missing_30,127,4,,True,candidate_occlusion
O05,missing_30,128,3,,True,candidate_occlusion
O05,missing_30,128,4,,True,candidate_occlusion
O05,missing_30,129,3,,True,candidate_occlusion
O05,missing_30,129,4,,True,candidate_occlusion
O05,missing_30,130,3,,True,candidate_occlusion
O05,missing_30,130,4,,True,candidate_occlusion
O05,missing_30,131,3,3,True,candidate_occlusion
O05,missing_30,131,4,,True,candidate_occlusion
O05,missing_30,132,3,,True,candidate_occlusion
O05,missing_30,132,4,,True,candidate_occlusion
O05,missing_30,133,3,,True,candidate_occlusion
O05,missing_30,133,4,,True,candidate_occlusion
O05,missing_30,134,3,3,True,candidate_occlusion
O05,missing_30,134,4,,True,candidate_occlusion
O05,missing_30,135,3,3,True,candidate_occlusion
O05,missing_30,135,4,,True,candidate_occlusion
O05,missing_30,136,3,3,True,candidate_occlusion
O05,missing_30,136,4,,True,candidate_occlusion
O05,missing_30,137,3,3,True,candidate_occlusion
O05,missing_30,137,4,,True,candidate_occlusion
O05,missing_30,138,3,3,True,candidate_occlusion
O05,missing_30,138,4,,True,candidate_occlusion
O05,missing_30,139,3,3,True,candidate_occlusion
O05,missing_30,139,4,,True,candidate_occlusion
O05,missing_30,140,3,,True,candidate_occlusion
O05,missing_30,140,4,,True,candidate_occlusion
O05,missing_30,141,3,,True,candidate_occlusion
O05,missing_30,141,4,,True,candidate_occlusion
O05,missing_30,142,3,,True,candidate_occlusion
O05,missing_30,142,4,,True,candidate_occlusion
O05,missing_30,143,3,3,True,candidate_occlusion
O05,missing_30,143,4,,True,candidate_occlusion
O05,missing_30,144,3,,True,candidate_occlusion
O05,missing_30,144,4,,True,candidate_occlusion
O05,missing_30,145,3,,True,candidate_occlusion
O05,missing_30,145,4,,True,candidate_occlusion
O05,missing_30,146,3,,True,candidate_occlusion
O05,missing_30,146,4,,True,candidate_occlusion
O05,missing_30,147,3,,True,candidate_occlusion
O05,missing_30,147,4,,True,candidate_occlusion
O05,missing_30,148,3,,True,candidate_occlusion
O05,missing_30,148,4,,True,candidate_occlusion
O05,missing_30,149,3,,True,candidate_occlusion
O05,missing_30,149,4,,True,candidate_occlusion
O05,missing_30,150,3,,True,candidate_occlusion
O05,missing_30,150,4,,True,candidate_occlusion
O05,missing_30,151,3,,True,candidate_occlusion
O05,missing_30,151,4,,True,candidate_occlusion
O05,missing_30,152,3,,True,candidate_occlusion
O05,missing_30,152,4,,True,candidate_occlusion
O05,missing_30,153,3,,True,candidate_occlusion
O05,missing_30,153,4,,True,candidate_occlusion
O05,missing_30,154,3,,False,
O05,missing_30,154,4,,False,
O05,missing_30,155,3,,False,
O05,missing_30,155,4,,False,
O05,missing_30,156,3,,False,
O05,missing_30,156,4,,False,
O05,missing_30,157,3,,False,
O05,missing_30,157,4,,False,
O05,missing_30,158,3,,False,
O05,missing_30,158,4,,False,
O05,missing_30,159,3,,False,
O05,missing_30,159,4,,False,
O05,missing_30,160,3,,False,
O05,missing_30,160,4,,False,
O05,missing_30,161,3,,False,
O05,missing_30,161,4,3,False,
O05,missing_30,162,3,,False,
O05,missing_30,162,4,3,False,
O05,missing_30,163,3,,False,
O05,missing_30,163,4,3,False,
O05,missing_30,164,3,,False,
O05,missing_30,164,4,3,False,
O05,missing_30,165,3,,False,
O05,missing_30,165,4,3,False,
O05,missing_30,166,3,,False,
O05,missing_30,166,4,3,False,
O05,missing_30,167,3,,False,
O05,missing_30,167,4,3,False,
O05,missing_30,168,3,,False,
O05,missing_30,168,4,3,False,
O05,missing_30,169,3,,False,
O05,missing_30,169,4,3,False,
O05,missing_30,170,3,,False,
O05,missing_30,170,4,3,False,
O05,missing_30,171,3,,False,
O05,missing_30,171,4,3,False,
O05,missing_30,172,3,,False,
O05,missing_30,172,4,3,False,
O05,missing_30,173,3,4,False,
O05,missing_30,173,4,3,False,
O05,missing_30,174,3,4,False,
O05,missing_30,174,4,3,False,
O05,missing_30,175,3,4,False,
O05,missing_30,175,4,3,False,
O05,missing_30,176,3,4,False,
O05,missing_30,176,4,3,False,
O05,missing_30,177,3,4,False,
O05,missing_30,177,4,3,False,
O05,missing_30,178,3,4,False,
O05,missing_30,178,4,3,False,
O05,missing_30,179,3,4,False,
O05,missing_30,179,4,3,False,
O05,missing_30,180,3,4,False,
O05,missing_30,180,4,,False,
O05,missing_30,181,3,4,False,
O05,missing_30,181,4,,False,
O05,missing_30,182,3,4,False,
O05,missing_30,182,4,,False,
O05,missing_30,183,3,4,False,
O05,missing_30,183,4,,False,
O05,missing_30,184,3,4,False,
O05,missing_30,184,4,,False,
O05,missing_30,185,3,4,False,
O05,missing_30,185,4,,False,
O05,missing_30,186,3,4,False,
O05,missing_30,186,4,,False,
O05,missing_30,187,3,4,False,
O05,missing_30,187,4,,False,
O05,missing_30,188,3,4,False,
O05,missing_30,188,4,,False,
O05,missing_30,189,3,4,False,
O05,missing_30,189,4,,False,
O05,missing_30,190,3,4,False,
O05,missing_30,190,4,,False,
O05,missing_30,191,3,4,False,
O05,missing_30,191,4,,False,
O05,missing_30,192,3,4,False,
O05,missing_30,192,4,,False,
O05,missing_30,193,3,4,False,
O05,missing_30,193,4,,False,
O05,missing_30,194,3,4,False,
O05,missing_30,194,4,,False,
O05,missing_30,195,3,4,False,
O05,missing_30,195,4,,False,
O05,missing_30,196,3,4,False,
O05,missing_30,196,4,,False,
O05,missing_30,197,3,4,False,
O05,missing_30,197,4,,False,
O05,missing_30,198,3,4,False,
O05,missing_30,198,4,,False,
O05,missing_30,199,3,4,False,
O05,missing_30,199,4,,False,
O05,missing_30,200,3,4,False,
O05,missing_30,200,4,,False,
O05,missing_30,201,3,4,False,
O05,missing_30,201,4,,False,
O05,missing_30,202,3,4,False,
O05,missing_30,202,4,,False,
O05,missing_30,203,3,4,False,
O05,missing_30,203,4,,False,
O05,missing_30,204,3,4,False,
O05,missing_30,204,4,,False,
O05,missing_30,205,3,4,False,
O05,missing_30,205,4,,False,
O05,missing_30,206,3,4,False,
O05,missing_30,206,4,,False,
O05,missing_30,207,3,4,False,
O05,missing_30,207,4,,False,
O05,missing_30,208,3,4,False,
O05,missing_30,208,4,,False,
O05,missing_30,209,3,4,False,
O05,missing_30,209,4,,False,
O05,missing_30,210,3,4,False,
O05,missing_30,210,4,,False,
O05,missing_30,211,3,4,False,
O05,missing_30,211,4,,False,
O05,missing_30,212,3,4,False,
O05,missing_30,212,4,,False,
O05,missing_30,213,3,4,False,
O05,missing_30,213,4,,False,
O05,missing_30,214,3,4,False,
O05,missing_30,214,4,,False,
O05,missing_30,215,3,4,False,
O05,missing_30,215,4,,False,
O05,missing_30,216,3,4,False,
O05,missing_30,216,4,,False,
O05,missing_30,217,3,4,False,
O05,missing_30,217,4,,False,
O05,missing_30,218,3,,False,
O05,missing_30,218,4,,False,
O05,missing_30,219,3,4,False,
O05,missing_30,219,4,,False,
O05,missing_30,220,3,,False,
O05,missing_30,220,4,,False,
O05,missing_30,221,3,,False,
O05,missing_30,221,4,,False,
O05,missing_30,222,3,,False,
O05,missing_30,222,4,,False,
O05,missing_30,223,3,,False,
O05,missing_30,223,4,,False,
O05,missing_30,224,3,,False,
O05,missing_30,224,4,,False,
O06,missing_30,25,7,,True,absent_or_warmup
O06,missing_30,25,9,,False,
O06,missing_30,26,7,,True,absent_or_warmup
O06,missing_30,26,9,,False,
O06,missing_30,27,7,,True,absent_or_warmup
O06,missing_30,27,9,,False,
O06,missing_30,28,7,,True,absent_or_warmup
O06,missing_30,28,9,,False,
O06,missing_30,29,7,,True,absent_or_warmup
O06,missing_30,29,9,,False,
O06,missing_30,30,7,,True,absent_or_warmup
O06,missing_30,30,9,,False,
O06,missing_30,31,7,,True,absent_or_warmup
O06,missing_30,31,9,,False,
O06,missing_30,32,7,,True,absent_or_warmup
O06,missing_30,32,9,,False,
O06,missing_30,33,7,,True,absent_or_warmup
O06,missing_30,33,9,,False,
O06,missing_30,34,7,,True,absent_or_warmup
O06,missing_30,34,9,,False,
O06,missing_30,35,7,,True,absent_or_warmup
O06,missing_30,35,9,,False,
O06,missing_30,36,7,,True,absent_or_warmup
O06,missing_30,36,9,,False,
O06,missing_30,37,7,,True,absent_or_warmup
O06,missing_30,37,9,,False,
O06,missing_30,38,7,,True,absent_or_warmup
O06,missing_30,38,9,,False,
O06,missing_30,39,7,,True,absent_or_warmup
O06,missing_30,39,9,,False,
O06,missing_30,40,7,,True,absent_or_warmup
O06,missing_30,40,9,,False,
O06,missing_30,41,7,,True,absent_or_warmup
O06,missing_30,41,9,,False,
O06,missing_30,42,7,,True,absent_or_warmup
O06,missing_30,42,9,,False,
O06,missing_30,43,7,,True,absent_or_warmup
O06,missing_30,43,9,,False,
O06,missing_30,44,7,,True,absent_or_warmup
O06,missing_30,44,9,,False,
O06,missing_30,45,7,,True,absent_or_warmup
O06,missing_30,45,9,,False,
O06,missing_30,46,7,,True,absent_or_warmup
O06,missing_30,46,9,,False,
O06,missing_30,47,7,,True,absent_or_warmup
O06,missing_30,47,9,,False,
O06,missing_30,48,7,,True,absent_or_warmup
O06,missing_30,48,9,,False,
O06,missing_30,49,7,,True,absent_or_warmup
O06,missing_30,49,9,,False,
O06,missing_30,50,7,,True,absent_or_warmup
O06,missing_30,50,9,,False,
O06,missing_30,51,7,,True,absent_or_warmup
O06,missing_30,51,9,,False,
O06,missing_30,52,7,,True,absent_or_warmup
O06,missing_30,52,9,,False,
O06,missing_30,53,7,,True,absent_or_warmup
O06,missing_30,53,9,,False,
O06,missing_30,54,7,,True,absent_or_warmup
O06,missing_30,54,9,,False,
O06,missing_30,55,7,,True,candidate_occlusion
O06,missing_30,55,9,,True,candidate_occlusion
O06,missing_30,56,7,,True,candidate_occlusion
O06,missing_30,56,9,,True,candidate_occlusion
O06,missing_30,57,7,,True,candidate_occlusion
O06,missing_30,57,9,,True,candidate_occlusion
O06,missing_30,58,7,,True,candidate_occlusion
O06,missing_30,58,9,,True,candidate_occlusion
O06,missing_30,59,7,,True,candidate_occlusion
O06,missing_30,59,9,,True,candidate_occlusion
O06,missing_30,60,7,,True,candidate_occlusion
O06,missing_30,60,9,,True,candidate_occlusion
O06,missing_30,61,7,,True,candidate_occlusion
O06,missing_30,61,9,,True,candidate_occlusion
O06,missing_30,62,7,,True,candidate_occlusion
O06,missing_30,62,9,,True,candidate_occlusion
O06,missing_30,63,7,,True,candidate_occlusion
O06,missing_30,63,9,,True,candidate_occlusion
O06,missing_30,64,7,,True,candidate_occlusion
O06,missing_30,64,9,,True,candidate_occlusion
O06,missing_30,65,7,,True,candidate_occlusion
O06,missing_30,65,9,,True,candidate_occlusion
O06,missing_30,66,7,,True,candidate_occlusion
O06,missing_30,66,9,,True,candidate_occlusion
O06,missing_30,67,7,,True,candidate_occlusion
O06,missing_30,67,9,,True,candidate_occlusion
O06,missing_30,68,7,,True,candidate_occlusion
O06,missing_30,68,9,,True,candidate_occlusion
O06,missing_30,69,7,,True,candidate_occlusion
O06,missing_30,69,9,,True,candidate_occlusion
O06,missing_30,70,7,,True,candidate_occlusion
O06,missing_30,70,9,,True,candidate_occlusion
O06,missing_30,71,7,,True,candidate_occlusion
O06,missing_30,71,9,,True,candidate_occlusion
O06,missing_30,72,7,,True,candidate_occlusion
O06,missing_30,72,9,,True,candidate_occlusion
O06,missing_30,73,7,,True,candidate_occlusion
O06,missing_30,73,9,,True,candidate_occlusion
O06,missing_30,74,7,,True,candidate_occlusion
O06,missing_30,74,9,,True,candidate_occlusion
O06,missing_30,75,7,,True,candidate_occlusion
O06,missing_30,75,9,,True,candidate_occlusion
O06,missing_30,76,7,,True,candidate_occlusion
O06,missing_30,76,9,,True,candidate_occlusion
O06,missing_30,77,7,,True,candidate_occlusion
O06,missing_30,77,9,,True,candidate_occlusion
O06,missing_30,78,7,,True,candidate_occlusion
O06,missing_30,78,9,,True,candidate_occlusion
O06,missing_30,79,7,,True,candidate_occlusion
O06,missing_30,79,9,,True,candidate_occlusion
O06,missing_30,80,7,,True,candidate_occlusion
O06,missing_30,80,9,,True,candidate_occlusion
O06,missing_30,81,7,,True,candidate_occlusion
O06,missing_30,81,9,,True,candidate_occlusion
O06,missing_30,82,7,,True,candidate_occlusion
O06,missing_30,82,9,,True,candidate_occlusion
O06,missing_30,83,7,,True,candidate_occlusion
O06,missing_30,83,9,,True,candidate_occlusion
O06,missing_30,84,7,,True,candidate_occlusion
O06,missing_30,84,9,,True,candidate_occlusion
O06,missing_30,85,7,,True,candidate_occlusion
O06,missing_30,85,9,,True,candidate_occlusion
O06,missing_30,86,7,,True,candidate_occlusion
O06,missing_30,86,9,,True,candidate_occlusion
O06,missing_30,87,7,,True,candidate_occlusion
O06,missing_30,87,9,,True,candidate_occlusion
O06,missing_30,88,7,,True,candidate_occlusion
O06,missing_30,88,9,,True,candidate_occlusion
O06,missing_30,89,7,,True,candidate_occlusion
O06,missing_30,89,9,,True,candidate_occlusion
O06,missing_30,90,7,,True,candidate_occlusion
O06,missing_30,90,9,,True,candidate_occlusion
O06,missing_30,91,7,,True,candidate_occlusion
O06,missing_30,91,9,,True,candidate_occlusion
O06,missing_30,92,7,,True,candidate_occlusion
O06,missing_30,92,9,,True,candidate_occlusion
O06,missing_30,93,7,,True,candidate_occlusion
O06,missing_30,93,9,,True,candidate_occlusion
O06,missing_30,94,7,,True,candidate_occlusion
O06,missing_30,94,9,,True,candidate_occlusion
O06,missing_30,95,7,,True,candidate_occlusion
O06,missing_30,95,9,,True,candidate_occlusion
O06,missing_30,96,7,,True,candidate_occlusion
O06,missing_30,96,9,,True,candidate_occlusion
O06,missing_30,97,7,,True,candidate_occlusion
O06,missing_30,97,9,,True,candidate_occlusion
O06,missing_30,98,7,,True,candidate_occlusion
O06,missing_30,98,9,,True,candidate_occlusion
O06,missing_30,99,7,,True,candidate_occlusion
O06,missing_30,99,9,,True,candidate_occlusion
O06,missing_30,100,7,,True,candidate_occlusion
O06,missing_30,100,9,,True,candidate_occlusion
O06,missing_30,101,7,,True,candidate_occlusion
O06,missing_30,101,9,,True,candidate_occlusion
O06,missing_30,102,7,,True,candidate_occlusion
O06,missing_30,102,9,,True,candidate_occlusion
O06,missing_30,103,7,,True,candidate_occlusion
O06,missing_30,103,9,,True,candidate_occlusion
O06,missing_30,104,7,,True,candidate_occlusion
O06,missing_30,104,9,,True,candidate_occlusion
O06,missing_30,105,7,,True,candidate_occlusion
O06,missing_30,105,9,,True,candidate_occlusion
O06,missing_30,106,7,,True,candidate_occlusion
O06,missing_30,106,9,,True,candidate_occlusion
O06,missing_30,107,7,,True,candidate_occlusion
O06,missing_30,107,9,,True,candidate_occlusion
O06,missing_30,108,7,,True,candidate_occlusion
O06,missing_30,108,9,,True,candidate_occlusion
O06,missing_30,109,7,,True,candidate_occlusion
O06,missing_30,109,9,,True,candidate_occlusion
O06,missing_30,110,7,,True,candidate_occlusion
O06,missing_30,110,9,,True,candidate_occlusion
O06,missing_30,111,7,,True,candidate_occlusion
O06,missing_30,111,9,,True,candidate_occlusion
O06,missing_30,112,7,,True,candidate_occlusion
O06,missing_30,112,9,,True,candidate_occlusion
O06,missing_30,113,7,,True,candidate_occlusion
O06,missing_30,113,9,,True,candidate_occlusion
O06,missing_30,114,7,,True,candidate_occlusion
O06,missing_30,114,9,,True,candidate_occlusion
O06,missing_30,115,7,,True,candidate_occlusion
O06,missing_30,115,9,,True,candidate_occlusion
O06,missing_30,116,7,,True,candidate_occlusion
O06,missing_30,116,9,,True,candidate_occlusion
O06,missing_30,117,7,,True,candidate_occlusion
O06,missing_30,117,9,,True,candidate_occlusion
O06,missing_30,118,7,,True,candidate_occlusion
O06,missing_30,118,9,,True,candidate_occlusion
O06,missing_30,119,7,,True,candidate_occlusion
O06,missing_30,119,9,,True,candidate_occlusion
O06,missing_30,120,7,,True,candidate_occlusion
O06,missing_30,120,9,,True,candidate_occlusion
O06,missing_30,121,7,,True,candidate_occlusion
O06,missing_30,121,9,,True,candidate_occlusion
O06,missing_30,122,7,,True,candidate_occlusion
O06,missing_30,122,9,,True,candidate_occlusion
O06,missing_30,123,7,,True,candidate_occlusion
O06,missing_30,123,9,,True,candidate_occlusion
O06,missing_30,124,7,,True,candidate_occlusion
O06,missing_30,124,9,,True,candidate_occlusion
O06,missing_30,125,7,,True,candidate_occlusion
O06,missing_30,125,9,,True,candidate_occlusion
O06,missing_30,126,7,,True,candidate_occlusion
O06,missing_30,126,9,,True,candidate_occlusion
O06,missing_30,127,7,,True,candidate_occlusion
O06,missing_30,127,9,,True,candidate_occlusion
O06,missing_30,128,7,,True,candidate_occlusion
O06,missing_30,128,9,,True,candidate_occlusion
O06,missing_30,129,7,,True,candidate_occlusion
O06,missing_30,129,9,,True,candidate_occlusion
O06,missing_30,130,7,,True,candidate_occlusion
O06,missing_30,130,9,,True,candidate_occlusion
O06,missing_30,131,7,,True,candidate_occlusion
O06,missing_30,131,9,,True,candidate_occlusion
O06,missing_30,132,7,,True,candidate_occlusion
O06,missing_30,132,9,,True,candidate_occlusion
O06,missing_30,133,7,,True,candidate_occlusion
O06,missing_30,133,9,,True,candidate_occlusion
O06,missing_30,134,7,,True,candidate_occlusion
O06,missing_30,134,9,,True,candidate_occlusion
O06,missing_30,135,7,,True,candidate_occlusion
O06,missing_30,135,9,,True,candidate_occlusion
O06,missing_30,136,7,,True,candidate_occlusion
O06,missing_30,136,9,,True,candidate_occlusion
O06,missing_30,137,7,,True,candidate_occlusion
O06,missing_30,137,9,,True,candidate_occlusion
O06,missing_30,138,7,,True,candidate_occlusion
O06,missing_30,138,9,,True,candidate_occlusion
O06,missing_30,139,7,,True,candidate_occlusion
O06,missing_30,139,9,,True,candidate_occlusion
O06,missing_30,140,7,,True,candidate_occlusion
O06,missing_30,140,9,,True,candidate_occlusion
O06,missing_30,141,7,,False,
O06,missing_30,141,9,,False,
O06,missing_30,142,7,,False,
O06,missing_30,142,9,,False,
O06,missing_30,143,7,,False,
O06,missing_30,143,9,,False,
O06,missing_30,144,7,,False,
O06,missing_30,144,9,,False,
O06,missing_30,145,7,,False,
O06,missing_30,145,9,,False,
O06,missing_30,146,7,,False,
O06,missing_30,146,9,,False,
O06,missing_30,147,7,,False,
O06,missing_30,147,9,,False,
O06,missing_30,148,7,,False,
O06,missing_30,148,9,,False,
O06,missing_30,149,7,,False,
O06,missing_30,149,9,,False,
O06,missing_30,150,7,,False,
O06,missing_30,150,9,,False,
O06,missing_30,151,7,,False,
O06,missing_30,151,9,,False,
O06,missing_30,152,7,,False,
O06,missing_30,152,9,,False,
O06,missing_30,153,7,,False,
O06,missing_30,153,9,,False,
O06,missing_30,154,7,,False,
O06,missing_30,154,9,,False,
O06,missing_30,155,7,,False,
O06,missing_30,155,9,,False,
O06,missing_30,156,7,,False,
O06,missing_30,156,9,,False,
O06,missing_30,157,7,,False,
O06,missing_30,157,9,,False,
O06,missing_30,158,7,,False,
O06,missing_30,158,9,,False,
O06,missing_30,159,7,,False,
O06,missing_30,159,9,,False,
O06,missing_30,160,7,,False,
O06,missing_30,160,9,,False,
O06,missing_30,161,7,,False,
O06,missing_30,161,9,,False,
O06,missing_30,162,7,,False,
O06,missing_30,162,9,,False,
O06,missing_30,163,7,,False,
O06,missing_30,163,9,,False,
O06,missing_30,164,7,,False,
O06,missing_30,164,9,,False,
O06,missing_30,165,7,,False,
O06,missing_30,165,9,,False,
O06,missing_30,166,7,,False,
O06,missing_30,166,9,,False,
O06,missing_30,167,7,,False,
O06,missing_30,167,9,,False,
O06,missing_30,168,7,,False,
O06,missing_30,168,9,,False,
O06,missing_30,169,7,,False,
O06,missing_30,169,9,,False,
O06,missing_30,170,7,,False,
O06,missing_30,170,9,,False,
O06,missing_30,171,7,,False,
O06,missing_30,171,9,,False,
O06,missing_30,172,7,,False,
O06,missing_30,172,9,,False,
O06,missing_30,173,7,,False,
O06,missing_30,173,9,,False,
O06,missing_30,174,7,,False,
O06,missing_30,174,9,,False,
O06,missing_30,175,7,,False,
O06,missing_30,175,9,,False,
O06,missing_30,176,7,,False,
O06,missing_30,176,9,,False,
O06,missing_30,177,7,,False,
O06,missing_30,177,9,,False,
O06,missing_30,178,7,,False,
O06,missing_30,178,9,,False,
O06,missing_30,179,7,,False,
O06,missing_30,179,9,,False,
O06,missing_30,180,7,,False,
O06,missing_30,180,9,,False,
O06,missing_30,181,7,,False,
O06,missing_30,181,9,,False,
O06,missing_30,182,7,,False,
O06,missing_30,182,9,,False,
O06,missing_30,183,7,,False,
O06,missing_30,183,9,,False,
O06,missing_30,184,7,,False,
O06,missing_30,184,9,,False,
O06,missing_30,185,7,,False,
O06,missing_30,185,9,,False,
O06,missing_30,186,7,,False,
O06,missing_30,186,9,,False,
O06,missing_30,187,7,,False,
O06,missing_30,187,9,,False,
O06,missing_30,188,7,,False,
O06,missing_30,188,9,,False,
O06,missing_30,189,7,,False,
O06,missing_30,189,9,,False,
O06,missing_30,190,7,,False,
O06,missing_30,190,9,,False,
O06,missing_30,191,7,,False,
O06,missing_30,191,9,,False,
O06,missing_30,192,7,,False,
O06,missing_30,192,9,,False,
O06,missing_30,193,7,,False,
O06,missing_30,193,9,,False,
O06,missing_30,194,7,,False,
O06,missing_30,194,9,,False,
O06,missing_30,195,7,,False,
O06,missing_30,195,9,,False,
O06,missing_30,196,7,,False,
O06,missing_30,196,9,,False,
O06,missing_30,197,7,,False,
O06,missing_30,197,9,,False,
O06,missing_30,198,7,,False,
O06,missing_30,198,9,,False,
O06,missing_30,199,7,,False,
O06,missing_30,199,9,,False,
O06,missing_30,200,7,,False,
O06,missing_30,200,9,,False,
O06,missing_30,201,7,,False,
O06,missing_30,201,9,,False,
O06,missing_30,202,7,,False,
O06,missing_30,202,9,,False,
O06,missing_30,203,7,,False,
O06,missing_30,203,9,,False,
O06,missing_30,204,7,,False,
O06,missing_30,204,9,,False,
O06,missing_30,205,7,,False,
O06,missing_30,205,9,,False,
O06,missing_30,206,7,,False,
O06,missing_30,206,9,,False,
O06,missing_30,207,7,,False,
O06,missing_30,207,9,,False,
O06,missing_30,208,7,,False,
O06,missing_30,208,9,,False,
O06,missing_30,209,7,,False,
O06,missing_30,209,9,,False,
O06,missing_30,210,7,,False,
O06,missing_30,210,9,,False,
O06,missing_30,211,7,,False,
O06,missing_30,211,9,,False,
O06,missing_30,212,7,,False,
O06,missing_30,212,9,,False,
O06,missing_30,213,7,,False,
O06,missing_30,213,9,,False,
O06,missing_30,214,7,,False,
O06,missing_30,214,9,,False,
O06,missing_30,215,7,,False,
O06,missing_30,215,9,,False,
O06,missing_30,216,7,,False,
O06,missing_30,216,9,,False,
O06,missing_30,217,7,,False,
O06,missing_30,217,9,,False,
O06,missing_30,218,7,,False,
O06,missing_30,218,9,,False,
O06,missing_30,219,7,,False,
O06,missing_30,219,9,,False,
O06,missing_30,220,7,,False,
O06,missing_30,220,9,,False,
O06,missing_30,221,7,,False,
O06,missing_30,221,9,,False,
O06,missing_30,222,7,,False,
O06,missing_30,222,9,,False,
O06,missing_30,223,7,,False,
O06,missing_30,223,9,,False,
O06,missing_30,224,7,,False,
O06,missing_30,224,9,,False,
O07,missing_30,25,1,,False,
O07,missing_30,25,2,1,False,
O07,missing_30,26,1,,False,
O07,missing_30,26,2,1,False,
O07,missing_30,27,1,,False,
O07,missing_30,27,2,1,False,
O07,missing_30,28,1,,False,
O07,missing_30,28,2,1,False,
O07,missing_30,29,1,,False,
O07,missing_30,29,2,1,False,
O07,missing_30,30,1,2,False,
O07,missing_30,30,2,1,False,
O07,missing_30,31,1,,False,
O07,missing_30,31,2,1,False,
O07,missing_30,32,1,,False,
O07,missing_30,32,2,1,False,
O07,missing_30,33,1,,False,
O07,missing_30,33,2,1,False,
O07,missing_30,34,1,,False,
O07,missing_30,34,2,,False,
O07,missing_30,35,1,,False,
O07,missing_30,35,2,,False,
O07,missing_30,36,1,,False,
O07,missing_30,36,2,,False,
O07,missing_30,37,1,,False,
O07,missing_30,37,2,,False,
O07,missing_30,38,1,,False,
O07,missing_30,38,2,,False,
O07,missing_30,39,1,,False,
O07,missing_30,39,2,,False,
O07,missing_30,40,1,,False,
O07,missing_30,40,2,,False,
O07,missing_30,41,1,,False,
O07,missing_30,41,2,,False,
O07,missing_30,42,1,,False,
O07,missing_30,42,2,,False,
O07,missing_30,43,1,,False,
O07,missing_30,43,2,1,False,
O07,missing_30,44,1,,False,
O07,missing_30,44,2,1,False,
O07,missing_30,45,1,,False,
O07,missing_30,45,2,1,False,
O07,missing_30,46,1,,False,
O07,missing_30,46,2,1,False,
O07,missing_30,47,1,,False,
O07,missing_30,47,2,1,False,
O07,missing_30,48,1,,False,
O07,missing_30,48,2,1,False,
O07,missing_30,49,1,,False,
O07,missing_30,49,2,1,False,
O07,missing_30,50,1,,False,
O07,missing_30,50,2,1,False,
O07,missing_30,51,1,,False,
O07,missing_30,51,2,1,False,
O07,missing_30,52,1,,False,
O07,missing_30,52,2,1,False,
O07,missing_30,53,1,,False,
O07,missing_30,53,2,1,False,
O07,missing_30,54,1,,False,
O07,missing_30,54,2,1,False,
O07,missing_30,55,1,,False,
O07,missing_30,55,2,1,False,
O07,missing_30,56,1,,False,
O07,missing_30,56,2,1,False,
O07,missing_30,57,1,,False,
O07,missing_30,57,2,1,False,
O07,missing_30,58,1,,False,
O07,missing_30,58,2,1,False,
O07,missing_30,59,1,,False,
O07,missing_30,59,2,1,False,
O07,missing_30,60,1,,False,
O07,missing_30,60,2,1,False,
O07,missing_30,61,1,,False,
O07,missing_30,61,2,1,False,
O07,missing_30,62,1,,False,
O07,missing_30,62,2,1,False,
O07,missing_30,63,1,,False,
O07,missing_30,63,2,1,False,
O07,missing_30,64,1,,False,
O07,missing_30,64,2,1,False,
O07,missing_30,65,1,,False,
O07,missing_30,65,2,1,False,
O07,missing_30,66,1,,False,
O07,missing_30,66,2,1,False,
O07,missing_30,67,1,,False,
O07,missing_30,67,2,1,False,
O07,missing_30,68,1,,False,
O07,missing_30,68,2,1,False,
O07,missing_30,69,1,,False,
O07,missing_30,69,2,1,False,
O07,missing_30,70,1,,False,
O07,missing_30,70,2,1,False,
O07,missing_30,71,1,,False,
O07,missing_30,71,2,1,False,
O07,missing_30,72,1,,False,
O07,missing_30,72,2,1,False,
O07,missing_30,73,1,,False,
O07,missing_30,73,2,1,False,
O07,missing_30,74,1,,False,
O07,missing_30,74,2,,False,
O07,missing_30,75,1,,False,
O07,missing_30,75,2,,False,
O07,missing_30,76,1,,False,
O07,missing_30,76,2,1,False,
O07,missing_30,77,1,,False,
O07,missing_30,77,2,1,False,
O07,missing_30,78,1,,False,
O07,missing_30,78,2,1,False,
O07,missing_30,79,1,,False,
O07,missing_30,79,2,,False,
O07,missing_30,80,1,,False,
O07,missing_30,80,2,,False,
O07,missing_30,81,1,,False,
O07,missing_30,81,2,,False,
O07,missing_30,82,1,,False,
O07,missing_30,82,2,,False,
O07,missing_30,83,1,,False,
O07,missing_30,83,2,,False,
O07,missing_30,84,1,,False,
O07,missing_30,84,2,,False,
O07,missing_30,85,1,,False,
O07,missing_30,85,2,,False,
O07,missing_30,86,1,,False,
O07,missing_30,86,2,,False,
O07,missing_30,87,1,,False,
O07,missing_30,87,2,,False,
O07,missing_30,88,1,,False,
O07,missing_30,88,2,,False,
O07,missing_30,89,1,,False,
O07,missing_30,89,2,,False,
O07,missing_30,90,1,,False,
O07,missing_30,90,2,,False,
O07,missing_30,91,1,,False,
O07,missing_30,91,2,,False,
O07,missing_30,92,1,,False,
O07,missing_30,92,2,,False,
O07,missing_30,93,1,,False,
O07,missing_30,93,2,,False,
O07,missing_30,94,1,,False,
O07,missing_30,94,2,,False,
O07,missing_30,95,1,,False,
O07,missing_30,95,2,,False,
O07,missing_30,96,1,,False,
O07,missing_30,96,2,,False,
O07,missing_30,97,1,,False,
O07,missing_30,97,2,,False,
O07,missing_30,98,1,,False,
O07,missing_30,98,2,,False,
O07,missing_30,99,1,,False,
O07,missing_30,99,2,,False,
O07,missing_30,100,1,,False,
O07,missing_30,100,2,,False,
O07,missing_30,101,1,,False,
O07,missing_30,101,2,,False,
O07,missing_30,102,1,,False,
O07,missing_30,102,2,,False,
O07,missing_30,103,1,,False,
O07,missing_30,103,2,,False,
O07,missing_30,104,1,,False,
O07,missing_30,104,2,,False,
O07,missing_30,105,1,,False,
O07,missing_30,105,2,,False,
O07,missing_30,106,1,,False,
O07,missing_30,106,2,,False,
O07,missing_30,107,1,,False,
O07,missing_30,107,2,,False,
O07,missing_30,108,1,,False,
O07,missing_30,108,2,,False,
O07,missing_30,109,1,,False,
O07,missing_30,109,2,,False,
O07,missing_30,110,1,,False,
O07,missing_30,110,2,,False,
O07,missing_30,111,1,,False,
O07,missing_30,111,2,,False,
O07,missing_30,112,1,,False,
O07,missing_30,112,2,,False,
O07,missing_30,113,1,,False,
O07,missing_30,113,2,,False,
O07,missing_30,114,1,,False,
O07,missing_30,114,2,4,False,
O07,missing_30,115,1,,False,
O07,missing_30,115,2,4,False,
O07,missing_30,116,1,,False,
O07,missing_30,116,2,4,False,
O07,missing_30,117,1,,False,
O07,missing_30,117,2,4,False,
O07,missing_30,118,1,,False,
O07,missing_30,118,2,4,False,
O07,missing_30,119,1,,False,
O07,missing_30,119,2,4,False,
O07,missing_30,120,1,,False,
O07,missing_30,120,2,4,False,
O07,missing_30,121,1,,False,
O07,missing_30,121,2,,False,
O07,missing_30,122,1,,False,
O07,missing_30,122,2,,False,
O07,missing_30,123,1,,False,
O07,missing_30,123,2,,False,
O07,missing_30,124,1,,False,
O07,missing_30,124,2,,False,
O07,missing_30,125,1,,False,
O07,missing_30,125,2,,False,
O07,missing_30,126,1,,False,
O07,missing_30,126,2,,False,
O07,missing_30,127,1,,False,
O07,missing_30,127,2,,False,
O07,missing_30,128,1,,False,
O07,missing_30,128,2,,False,
O07,missing_30,129,1,,False,
O07,missing_30,129,2,,False,
O07,missing_30,130,1,,False,
O07,missing_30,130,2,,False,
O07,missing_30,131,1,,False,
O07,missing_30,131,2,,False,
O07,missing_30,132,1,,False,
O07,missing_30,132,2,,False,
O07,missing_30,133,1,,False,
O07,missing_30,133,2,,False,
O07,missing_30,134,1,,False,
O07,missing_30,134,2,,False,
O07,missing_30,135,1,,False,
O07,missing_30,135,2,,False,
O07,missing_30,136,1,,False,
O07,missing_30,136,2,,False,
O07,missing_30,137,1,,False,
O07,missing_30,137,2,,False,
O07,missing_30,138,1,4,True,candidate_occlusion
O07,missing_30,138,2,,True,candidate_occlusion
O07,missing_30,139,1,,True,candidate_occlusion
O07,missing_30,139,2,4,True,candidate_occlusion
O07,missing_30,140,1,,True,candidate_occlusion
O07,missing_30,140,2,,True,candidate_occlusion
O07,missing_30,141,1,,True,candidate_occlusion
O07,missing_30,141,2,,True,candidate_occlusion
O07,missing_30,142,1,,True,candidate_occlusion
O07,missing_30,142,2,,True,candidate_occlusion
O07,missing_30,143,1,,True,candidate_occlusion
O07,missing_30,143,2,4,True,candidate_occlusion
O07,missing_30,144,1,,True,candidate_occlusion
O07,missing_30,144,2,4,True,candidate_occlusion
O07,missing_30,145,1,,True,candidate_occlusion
O07,missing_30,145,2,4,True,candidate_occlusion
O07,missing_30,146,1,,True,candidate_occlusion
O07,missing_30,146,2,4,True,candidate_occlusion
O07,missing_30,147,1,,True,candidate_occlusion
O07,missing_30,147,2,4,True,candidate_occlusion
O07,missing_30,148,1,,True,candidate_occlusion
O07,missing_30,148,2,4,True,candidate_occlusion
O07,missing_30,149,1,4,True,candidate_occlusion
O07,missing_30,149,2,,True,candidate_occlusion
O07,missing_30,150,1,,True,candidate_occlusion
O07,missing_30,150,2,4,True,candidate_occlusion
O07,missing_30,151,1,,True,candidate_occlusion
O07,missing_30,151,2,4,True,candidate_occlusion
O07,missing_30,152,1,,True,candidate_occlusion
O07,missing_30,152,2,,True,candidate_occlusion
O07,missing_30,153,1,,True,candidate_occlusion
O07,missing_30,153,2,4,True,candidate_occlusion
O07,missing_30,154,1,,True,candidate_occlusion
O07,missing_30,154,2,,True,candidate_occlusion
O07,missing_30,155,1,,True,candidate_occlusion
O07,missing_30,155,2,,True,candidate_occlusion
O07,missing_30,156,1,,True,candidate_occlusion
O07,missing_30,156,2,,True,candidate_occlusion
O07,missing_30,157,1,,True,candidate_occlusion
O07,missing_30,157,2,,True,candidate_occlusion
O07,missing_30,158,1,,True,candidate_occlusion
O07,missing_30,158,2,,True,candidate_occlusion
O07,missing_30,159,1,,True,candidate_occlusion
O07,missing_30,159,2,,True,candidate_occlusion
O07,missing_30,160,1,,True,candidate_occlusion
O07,missing_30,160,2,,True,candidate_occlusion
O07,missing_30,161,1,,True,candidate_occlusion
O07,missing_30,161,2,,True,candidate_occlusion
O07,missing_30,162,1,,True,candidate_occlusion
O07,missing_30,162,2,,True,candidate_occlusion
O07,missing_30,163,1,,True,candidate_occlusion
O07,missing_30,163,2,,True,candidate_occlusion
O07,missing_30,164,1,,True,candidate_occlusion
O07,missing_30,164,2,,True,candidate_occlusion
O07,missing_30,165,1,,True,candidate_occlusion
O07,missing_30,165,2,4,True,candidate_occlusion
O07,missing_30,166,1,,True,candidate_occlusion
O07,missing_30,166,2,,True,candidate_occlusion
O07,missing_30,167,1,,True,candidate_occlusion
O07,missing_30,167,2,,True,candidate_occlusion
O07,missing_30,168,1,,True,candidate_occlusion
O07,missing_30,168,2,,True,candidate_occlusion
O07,missing_30,169,1,,True,candidate_occlusion
O07,missing_30,169,2,,True,candidate_occlusion
O07,missing_30,170,1,,True,candidate_occlusion
O07,missing_30,170,2,4,True,candidate_occlusion
O07,missing_30,171,1,,True,candidate_occlusion
O07,missing_30,171,2,,True,candidate_occlusion
O07,missing_30,172,1,,True,candidate_occlusion
O07,missing_30,172,2,,True,candidate_occlusion
O07,missing_30,173,1,,True,candidate_occlusion
O07,missing_30,173,2,,True,candidate_occlusion
O07,missing_30,174,1,,True,candidate_occlusion
O07,missing_30,174,2,,True,candidate_occlusion
O07,missing_30,175,1,,True,candidate_occlusion
O07,missing_30,175,2,,True,candidate_occlusion
O07,missing_30,176,1,,True,candidate_occlusion
O07,missing_30,176,2,,True,candidate_occlusion
O07,missing_30,177,1,,True,candidate_occlusion
O07,missing_30,177,2,,True,candidate_occlusion
O07,missing_30,178,1,,True,candidate_occlusion
O07,missing_30,178,2,,True,candidate_occlusion
O07,missing_30,179,1,,True,candidate_occlusion
O07,missing_30,179,2,,True,candidate_occlusion
O07,missing_30,180,1,,True,candidate_occlusion
O07,missing_30,180,2,,True,candidate_occlusion
O07,missing_30,181,1,,True,candidate_occlusion
O07,missing_30,181,2,,True,candidate_occlusion
O07,missing_30,182,1,,True,candidate_occlusion
O07,missing_30,182,2,,True,candidate_occlusion
O07,missing_30,183,1,,True,candidate_occlusion
O07,missing_30,183,2,,True,candidate_occlusion
O07,missing_30,184,1,,True,candidate_occlusion
O07,missing_30,184,2,,True,candidate_occlusion
O07,missing_30,185,1,,True,candidate_occlusion
O07,missing_30,185,2,,True,candidate_occlusion
O07,missing_30,186,1,,True,candidate_occlusion
O07,missing_30,186,2,,True,candidate_occlusion
O07,missing_30,187,1,,True,candidate_occlusion
O07,missing_30,187,2,,True,candidate_occlusion
O07,missing_30,188,1,,True,candidate_occlusion
O07,missing_30,188,2,,True,candidate_occlusion
O07,missing_30,189,1,,True,candidate_occlusion
O07,missing_30,189,2,,True,candidate_occlusion
O07,missing_30,190,1,,True,candidate_occlusion
O07,missing_30,190,2,,True,candidate_occlusion
O07,missing_30,191,1,,True,candidate_occlusion
O07,missing_30,191,2,,True,candidate_occlusion
O07,missing_30,192,1,,False,
O07,missing_30,192,2,,True,absent_or_warmup
O07,missing_30,193,1,,False,
O07,missing_30,193,2,,True,absent_or_warmup
O07,missing_30,194,1,,False,
O07,missing_30,194,2,,True,absent_or_warmup
O07,missing_30,195,1,,False,
O07,missing_30,195,2,,True,absent_or_warmup
O07,missing_30,196,1,,False,
O07,missing_30,196,2,,True,absent_or_warmup
O07,missing_30,197,1,,False,
O07,missing_30,197,2,,True,absent_or_warmup
O07,missing_30,198,1,,False,
O07,missing_30,198,2,,True,absent_or_warmup
O07,missing_30,199,1,,False,
O07,missing_30,199,2,,True,absent_or_warmup
O07,missing_30,200,1,,False,
O07,missing_30,200,2,,True,absent_or_warmup
O07,missing_30,201,1,,False,
O07,missing_30,201,2,,True,absent_or_warmup
O07,missing_30,202,1,,True,absent_or_warmup
O07,missing_30,202,2,,True,absent_or_warmup
O07,missing_30,203,1,,True,absent_or_warmup
O07,missing_30,203,2,,True,absent_or_warmup
O07,missing_30,204,1,,True,absent_or_warmup
O07,missing_30,204,2,,True,absent_or_warmup
O07,missing_30,205,1,,True,absent_or_warmup
O07,missing_30,205,2,,True,absent_or_warmup
O07,missing_30,206,1,,True,absent_or_warmup
O07,missing_30,206,2,,True,absent_or_warmup
O08,missing_30,25,1,,False,
O08,missing_30,25,2,,False,
O08,missing_30,26,1,,False,
O08,missing_30,26,2,,False,
O08,missing_30,27,1,,False,
O08,missing_30,27,2,,False,
O08,missing_30,28,1,,False,
O08,missing_30,28,2,,False,
O08,missing_30,29,1,,False,
O08,missing_30,29,2,,False,
O08,missing_30,30,1,,False,
O08,missing_30,30,2,,False,
O08,missing_30,31,1,,False,
O08,missing_30,31,2,,False,
O08,missing_30,32,1,1,False,
O08,missing_30,32,2,,False,
O08,missing_30,33,1,1,False,
O08,missing_30,33,2,,False,
O08,missing_30,34,1,,False,
O08,missing_30,34,2,,False,
O08,missing_30,35,1,2,False,
O08,missing_30,35,2,3,False,
O08,missing_30,36,1,2,False,
O08,missing_30,36,2,3,False,
O08,missing_30,37,1,2,False,
O08,missing_30,37,2,3,False,
O08,missing_30,38,1,2,False,
O08,missing_30,38,2,3,False,
O08,missing_30,39,1,2,False,
O08,missing_30,39,2,3,False,
O08,missing_30,40,1,2,False,
O08,missing_30,40,2,3,False,
O08,missing_30,41,1,2,False,
O08,missing_30,41,2,3,False,
O08,missing_30,42,1,2,False,
O08,missing_30,42,2,3,False,
O08,missing_30,43,1,2,False,
O08,missing_30,43,2,3,False,
O08,missing_30,44,1,2,False,
O08,missing_30,44,2,3,False,
O08,missing_30,45,1,2,False,
O08,missing_30,45,2,3,False,
O08,missing_30,46,1,2,False,
O08,missing_30,46,2,3,False,
O08,missing_30,47,1,,False,
O08,missing_30,47,2,3,False,
O08,missing_30,48,1,,False,
O08,missing_30,48,2,3,False,
O08,missing_30,49,1,,False,
O08,missing_30,49,2,3,False,
O08,missing_30,50,1,,False,
O08,missing_30,50,2,3,False,
O08,missing_30,51,1,,False,
O08,missing_30,51,2,3,False,
O08,missing_30,52,1,,False,
O08,missing_30,52,2,3,False,
O08,missing_30,53,1,,False,
O08,missing_30,53,2,3,False,
O08,missing_30,54,1,,False,
O08,missing_30,54,2,3,False,
O08,missing_30,55,1,,False,
O08,missing_30,55,2,3,False,
O08,missing_30,56,1,,False,
O08,missing_30,56,2,3,False,
O08,missing_30,57,1,,False,
O08,missing_30,57,2,3,False,
O08,missing_30,58,1,,False,
O08,missing_30,58,2,3,False,
O08,missing_30,59,1,,False,
O08,missing_30,59,2,3,False,
O08,missing_30,60,1,,False,
O08,missing_30,60,2,3,False,
O08,missing_30,61,1,,True,candidate_occlusion
O08,missing_30,61,2,3,True,candidate_occlusion
O08,missing_30,62,1,,True,candidate_occlusion
O08,missing_30,62,2,3,True,candidate_occlusion
O08,missing_30,63,1,,True,candidate_occlusion
O08,missing_30,63,2,3,True,candidate_occlusion
O08,missing_30,64,1,,True,candidate_occlusion
O08,missing_30,64,2,3,True,candidate_occlusion
O08,missing_30,65,1,,True,candidate_occlusion
O08,missing_30,65,2,3,True,candidate_occlusion
O08,missing_30,66,1,3,True,candidate_occlusion
O08,missing_30,66,2,,True,candidate_occlusion
O08,missing_30,67,1,4,True,candidate_occlusion
O08,missing_30,67,2,,True,candidate_occlusion
O08,missing_30,68,1,,True,candidate_occlusion
O08,missing_30,68,2,,True,candidate_occlusion
O08,missing_30,69,1,,True,candidate_occlusion
O08,missing_30,69,2,,True,candidate_occlusion
O08,missing_30,70,1,,True,candidate_occlusion
O08,missing_30,70,2,,True,candidate_occlusion
O08,missing_30,71,1,,True,candidate_occlusion
O08,missing_30,71,2,,True,candidate_occlusion
O08,missing_30,72,1,,True,candidate_occlusion
O08,missing_30,72,2,,True,candidate_occlusion
O08,missing_30,73,1,,True,candidate_occlusion
O08,missing_30,73,2,,True,candidate_occlusion
O08,missing_30,74,1,,True,candidate_occlusion
O08,missing_30,74,2,4,True,candidate_occlusion
O08,missing_30,75,1,,True,candidate_occlusion
O08,missing_30,75,2,4,True,candidate_occlusion
O08,missing_30,76,1,,True,candidate_occlusion
O08,missing_30,76,2,4,True,candidate_occlusion
O08,missing_30,77,1,,True,candidate_occlusion
O08,missing_30,77,2,4,True,candidate_occlusion
O08,missing_30,78,1,,True,candidate_occlusion
O08,missing_30,78,2,4,True,candidate_occlusion
O08,missing_30,79,1,,True,candidate_occlusion
O08,missing_30,79,2,4,True,candidate_occlusion
O08,missing_30,80,1,,False,
O08,missing_30,80,2,4,False,
O08,missing_30,81,1,,False,
O08,missing_30,81,2,4,False,
O08,missing_30,82,1,,False,
O08,missing_30,82,2,4,False,
O08,missing_30,83,1,,False,
O08,missing_30,83,2,4,False,
O08,missing_30,84,1,,False,
O08,missing_30,84,2,4,False,
O08,missing_30,85,1,,False,
O08,missing_30,85,2,4,False,
O08,missing_30,86,1,,False,
O08,missing_30,86,2,4,False,
O08,missing_30,87,1,,False,
O08,missing_30,87,2,,False,
O08,missing_30,88,1,,False,
O08,missing_30,88,2,,False,
O08,missing_30,89,1,,False,
O08,missing_30,89,2,6,False,
O08,missing_30,90,1,,False,
O08,missing_30,90,2,6,False,
O08,missing_30,91,1,,False,
O08,missing_30,91,2,6,False,
O08,missing_30,92,1,,False,
O08,missing_30,92,2,6,False,
O08,missing_30,93,1,,False,
O08,missing_30,93,2,6,False,
O08,missing_30,94,1,,False,
O08,missing_30,94,2,6,False,
O08,missing_30,95,1,,False,
O08,missing_30,95,2,6,False,
O08,missing_30,96,1,,False,
O08,missing_30,96,2,6,False,
O08,missing_30,97,1,,False,
O08,missing_30,97,2,6,False,
O08,missing_30,98,1,,False,
O08,missing_30,98,2,6,False,
O08,missing_30,99,1,,False,
O08,missing_30,99,2,6,False,
O08,missing_30,100,1,,False,
O08,missing_30,100,2,6,False,
O08,missing_30,101,1,,False,
O08,missing_30,101,2,6,False,
O08,missing_30,102,1,,False,
O08,missing_30,102,2,6,False,
O08,missing_30,103,1,,False,
O08,missing_30,103,2,6,False,
O08,missing_30,104,1,,False,
O08,missing_30,104,2,6,False,
O08,missing_30,105,1,,False,
O08,missing_30,105,2,6,False,
O08,missing_30,106,1,,False,
O08,missing_30,106,2,6,False,
O08,missing_30,107,1,,False,
O08,missing_30,107,2,6,False,
O08,missing_30,108,1,,False,
O08,missing_30,108,2,6,False,
O08,missing_30,109,1,,False,
O08,missing_30,109,2,6,False,
O08,missing_30,110,1,,False,
O08,missing_30,110,2,6,False,
O08,missing_30,111,1,,False,
O08,missing_30,111,2,6,False,
O08,missing_30,112,1,,False,
O08,missing_30,112,2,6,False,
O08,missing_30,113,1,,False,
O08,missing_30,113,2,6,False,
O08,missing_30,114,1,,False,
O08,missing_30,114,2,6,False,
O08,missing_30,115,1,,False,
O08,missing_30,115,2,6,False,
O08,missing_30,116,1,,False,
O08,missing_30,116,2,6,False,
O08,missing_30,117,1,,False,
O08,missing_30,117,2,6,False,
O08,missing_30,118,1,,False,
O08,missing_30,118,2,6,False,
O08,missing_30,119,1,,False,
O08,missing_30,119,2,6,False,
O08,missing_30,120,1,,False,
O08,missing_30,120,2,6,False,
O08,missing_30,121,1,,False,
O08,missing_30,121,2,6,False,
O08,missing_30,122,1,,False,
O08,missing_30,122,2,6,False,
O08,missing_30,123,1,,False,
O08,missing_30,123,2,6,False,
O08,missing_30,124,1,,False,
O08,missing_30,124,2,6,False,
O08,missing_30,125,1,,False,
O08,missing_30,125,2,6,False,
O08,missing_30,126,1,,False,
O08,missing_30,126,2,6,False,
O08,missing_30,127,1,,False,
O08,missing_30,127,2,6,False,
O08,missing_30,128,1,,False,
O08,missing_30,128,2,6,False,
O08,missing_30,129,1,,False,
O08,missing_30,129,2,6,False,
O08,missing_30,130,1,,False,
O08,missing_30,130,2,6,False,
O08,missing_30,131,1,,False,
O08,missing_30,131,2,6,False,
O08,missing_30,132,1,,False,
O08,missing_30,132,2,,False,
O08,missing_30,133,1,,False,
O08,missing_30,133,2,,False,
O08,missing_30,134,1,,False,
O08,missing_30,134,2,,True,absent_or_warmup
O08,missing_30,135,1,,False,
O08,missing_30,135,2,,True,absent_or_warmup
O08,missing_30,136,1,,False,
O08,missing_30,136,2,,True,absent_or_warmup
O08,missing_30,137,1,,False,
O08,missing_30,137,2,,True,absent_or_warmup
O08,missing_30,138,1,,False,
O08,missing_30,138,2,,True,absent_or_warmup
O08,missing_30,139,1,,False,
O08,missing_30,139,2,,True,absent_or_warmup
O08,missing_30,140,1,,False,
O08,missing_30,140,2,,True,absent_or_warmup
O08,missing_30,141,1,,False,
O08,missing_30,141,2,,True,absent_or_warmup
O08,missing_30,142,1,10,False,
O08,missing_30,142,2,,True,absent_or_warmup
O08,missing_30,143,1,10,False,
O08,missing_30,143,2,,True,absent_or_warmup
O08,missing_30,144,1,10,False,
O08,missing_30,144,2,,True,absent_or_warmup
O08,missing_30,145,1,10,False,
O08,missing_30,145,2,,True,absent_or_warmup
O08,missing_30,146,1,10,False,
O08,missing_30,146,2,,True,absent_or_warmup
O08,missing_30,147,1,10,False,
O08,missing_30,147,2,,True,absent_or_warmup
O08,missing_30,148,1,10,False,
O08,missing_30,148,2,,True,absent_or_warmup
O08,missing_30,149,1,10,False,
O08,missing_30,149,2,,True,absent_or_warmup
O09,missing_30,25,2,1,False,
O09,missing_30,25,3,,True,absent_or_warmup
O09,missing_30,26,2,1,False,
O09,missing_30,26,3,,True,absent_or_warmup
O09,missing_30,27,2,1,False,
O09,missing_30,27,3,,True,absent_or_warmup
O09,missing_30,28,2,1,False,
O09,missing_30,28,3,,True,absent_or_warmup
O09,missing_30,29,2,1,False,
O09,missing_30,29,3,,True,absent_or_warmup
O09,missing_30,30,2,1,False,
O09,missing_30,30,3,,True,absent_or_warmup
O09,missing_30,31,2,1,False,
O09,missing_30,31,3,,True,absent_or_warmup
O09,missing_30,32,2,1,False,
O09,missing_30,32,3,,True,absent_or_warmup
O09,missing_30,33,2,1,False,
O09,missing_30,33,3,,True,absent_or_warmup
O09,missing_30,34,2,1,False,
O09,missing_30,34,3,,True,absent_or_warmup
O09,missing_30,35,2,1,False,
O09,missing_30,35,3,,False,
O09,missing_30,36,2,1,False,
O09,missing_30,36,3,,False,
O09,missing_30,37,2,1,False,
O09,missing_30,37,3,,False,
O09,missing_30,38,2,1,False,
O09,missing_30,38,3,,False,
O09,missing_30,39,2,1,False,
O09,missing_30,39,3,4,False,
O09,missing_30,40,2,1,False,
O09,missing_30,40,3,4,False,
O09,missing_30,41,2,1,False,
O09,missing_30,41,3,4,False,
O09,missing_30,42,2,1,False,
O09,missing_30,42,3,4,False,
O09,missing_30,43,2,1,False,
O09,missing_30,43,3,4,False,
O09,missing_30,44,2,1,False,
O09,missing_30,44,3,4,False,
O09,missing_30,45,2,1,False,
O09,missing_30,45,3,4,False,
O09,missing_30,46,2,1,False,
O09,missing_30,46,3,4,False,
O09,missing_30,47,2,1,False,
O09,missing_30,47,3,4,False,
O09,missing_30,48,2,1,False,
O09,missing_30,48,3,4,False,
O09,missing_30,49,2,1,False,
O09,missing_30,49,3,4,False,
O09,missing_30,50,2,1,False,
O09,missing_30,50,3,4,False,
O09,missing_30,51,2,1,False,
O09,missing_30,51,3,4,False,
O09,missing_30,52,2,1,False,
O09,missing_30,52,3,4,False,
O09,missing_30,53,2,1,False,
O09,missing_30,53,3,4,False,
O09,missing_30,54,2,4,False,
O09,missing_30,54,3,,False,
O09,missing_30,55,2,4,False,
O09,missing_30,55,3,,False,
O09,missing_30,56,2,4,False,
O09,missing_30,56,3,,False,
O09,missing_30,57,2,4,False,
O09,missing_30,57,3,,False,
O09,missing_30,58,2,4,False,
O09,missing_30,58,3,,False,
O09,missing_30,59,2,,True,candidate_occlusion
O09,missing_30,59,3,4,True,candidate_occlusion
O09,missing_30,60,2,,True,candidate_occlusion
O09,missing_30,60,3,4,True,candidate_occlusion
O09,missing_30,61,2,,True,candidate_occlusion
O09,missing_30,61,3,4,True,candidate_occlusion
O09,missing_30,62,2,,True,candidate_occlusion
O09,missing_30,62,3,4,True,candidate_occlusion
O09,missing_30,63,2,,True,candidate_occlusion
O09,missing_30,63,3,4,True,candidate_occlusion
O09,missing_30,64,2,,True,candidate_occlusion
O09,missing_30,64,3,4,True,candidate_occlusion
O09,missing_30,65,2,1,True,candidate_occlusion
O09,missing_30,65,3,4,True,candidate_occlusion
O09,missing_30,66,2,4,True,candidate_occlusion
O09,missing_30,66,3,1,True,candidate_occlusion
O09,missing_30,67,2,4,True,candidate_occlusion
O09,missing_30,67,3,1,True,candidate_occlusion
O09,missing_30,68,2,4,True,candidate_occlusion
O09,missing_30,68,3,3,True,candidate_occlusion
O09,missing_30,69,2,4,False,
O09,missing_30,69,3,3,False,
O09,missing_30,70,2,4,False,
O09,missing_30,70,3,3,False,
O09,missing_30,71,2,4,False,
O09,missing_30,71,3,3,False,
O09,missing_30,72,2,4,False,
O09,missing_30,72,3,3,False,
O09,missing_30,73,2,4,False,
O09,missing_30,73,3,3,False,
O09,missing_30,74,2,4,False,
O09,missing_30,74,3,3,False,
O09,missing_30,75,2,4,False,
O09,missing_30,75,3,3,False,
O09,missing_30,76,2,4,False,
O09,missing_30,76,3,3,False,
O09,missing_30,77,2,4,False,
O09,missing_30,77,3,3,False,
O09,missing_30,78,2,4,False,
O09,missing_30,78,3,3,False,
O09,missing_30,79,2,,False,
O09,missing_30,79,3,3,False,
O09,missing_30,80,2,,False,
O09,missing_30,80,3,3,False,
O09,missing_30,81,2,,False,
O09,missing_30,81,3,3,False,
O09,missing_30,82,2,,False,
O09,missing_30,82,3,3,False,
O09,missing_30,83,2,,False,
O09,missing_30,83,3,3,False,
O09,missing_30,84,2,,False,
O09,missing_30,84,3,3,False,
O09,missing_30,85,2,,False,
O09,missing_30,85,3,3,False,
O09,missing_30,86,2,,False,
O09,missing_30,86,3,3,False,
O09,missing_30,87,2,,False,
O09,missing_30,87,3,3,False,
O09,missing_30,88,2,,False,
O09,missing_30,88,3,3,False,
O09,missing_30,89,2,,False,
O09,missing_30,89,3,3,False,
O09,missing_30,90,2,,False,
O09,missing_30,90,3,3,False,
O09,missing_30,91,2,,False,
O09,missing_30,91,3,3,False,
O09,missing_30,92,2,,False,
O09,missing_30,92,3,3,False,
O09,missing_30,93,2,,False,
O09,missing_30,93,3,3,False,
O09,missing_30,94,2,,False,
O09,missing_30,94,3,3,False,
O09,missing_30,95,2,,False,
O09,missing_30,95,3,3,False,
O09,missing_30,96,2,,True,absent_or_warmup
O09,missing_30,96,3,3,False,
O09,missing_30,97,2,,True,absent_or_warmup
O09,missing_30,97,3,3,False,
O09,missing_30,98,2,,True,absent_or_warmup
O09,missing_30,98,3,3,False,
O09,missing_30,99,2,,True,absent_or_warmup
O09,missing_30,99,3,3,False,
O09,missing_30,100,2,,True,absent_or_warmup
O09,missing_30,100,3,3,False,
O09,missing_30,101,2,,True,absent_or_warmup
O09,missing_30,101,3,1,False,
O09,missing_30,102,2,,True,absent_or_warmup
O09,missing_30,102,3,1,False,
O09,missing_30,103,2,,True,absent_or_warmup
O09,missing_30,103,3,1,False,
O09,missing_30,104,2,,True,absent_or_warmup
O09,missing_30,104,3,1,False,
O09,missing_30,105,2,,True,absent_or_warmup
O09,missing_30,105,3,1,False,
O09,missing_30,106,2,,True,absent_or_warmup
O09,missing_30,106,3,1,False,
O09,missing_30,107,2,,True,absent_or_warmup
O09,missing_30,107,3,1,False,
O09,missing_30,108,2,,True,absent_or_warmup
O09,missing_30,108,3,1,False,
O09,missing_30,109,2,,True,absent_or_warmup
O09,missing_30,109,3,1,False,
O09,missing_30,110,2,,True,absent_or_warmup
O09,missing_30,110,3,3,False,
O09,missing_30,111,2,,True,absent_or_warmup
O09,missing_30,111,3,3,False,
O09,missing_30,112,2,,True,absent_or_warmup
O09,missing_30,112,3,3,False,
O09,missing_30,113,2,,True,absent_or_warmup
O09,missing_30,113,3,3,False,
O09,missing_30,114,2,,True,absent_or_warmup
O09,missing_30,114,3,7,False,
O09,missing_30,115,2,,True,absent_or_warmup
O09,missing_30,115,3,7,False,
O09,missing_30,116,2,,True,absent_or_warmup
O09,missing_30,116,3,7,False,
O09,missing_30,117,2,,True,absent_or_warmup
O09,missing_30,117,3,7,False,
O09,missing_30,118,2,,True,absent_or_warmup
O09,missing_30,118,3,7,False,
O09,missing_30,119,2,,True,absent_or_warmup
O09,missing_30,119,3,7,False,
O09,missing_30,120,2,,True,absent_or_warmup
O09,missing_30,120,3,7,False,
O09,missing_30,121,2,,True,absent_or_warmup
O09,missing_30,121,3,7,False,
O09,missing_30,122,2,,True,absent_or_warmup
O09,missing_30,122,3,7,False,
O09,missing_30,123,2,,True,absent_or_warmup
O09,missing_30,123,3,7,False,
O09,missing_30,124,2,,True,absent_or_warmup
O09,missing_30,124,3,7,False,
O09,missing_30,125,2,,True,absent_or_warmup
O09,missing_30,125,3,7,False,
O09,missing_30,126,2,,True,absent_or_warmup
O09,missing_30,126,3,7,False,
O09,missing_30,127,2,,True,absent_or_warmup
O09,missing_30,127,3,7,False,
O09,missing_30,128,2,,True,absent_or_warmup
O09,missing_30,128,3,7,False,
O09,missing_30,129,2,,True,absent_or_warmup
O09,missing_30,129,3,7,False,
O09,missing_30,130,2,,True,absent_or_warmup
O09,missing_30,130,3,7,False,
O09,missing_30,131,2,,True,absent_or_warmup
O09,missing_30,131,3,7,False,
O09,missing_30,132,2,,True,absent_or_warmup
O09,missing_30,132,3,7,False,
O09,missing_30,133,2,,True,absent_or_warmup
O09,missing_30,133,3,7,False,
O09,missing_30,134,2,,True,absent_or_warmup
O09,missing_30,134,3,7,False,
O09,missing_30,135,2,,True,absent_or_warmup
O09,missing_30,135,3,7,False,
O09,missing_30,136,2,,True,absent_or_warmup
O09,missing_30,136,3,7,False,
O09,missing_30,137,2,,True,absent_or_warmup
O09,missing_30,137,3,,False,
O09,missing_30,138,2,,True,absent_or_warmup
O09,missing_30,138,3,3,False,
O09,missing_30,139,2,,True,absent_or_warmup
O09,missing_30,139,3,3,False,
O09,missing_30,140,2,,True,absent_or_warmup
O09,missing_30,140,3,3,False,
O09,missing_30,141,2,,True,absent_or_warmup
O09,missing_30,141,3,3,False,
O09,missing_30,142,2,,True,absent_or_warmup
O09,missing_30,142,3,3,False,
O09,missing_30,143,2,,True,absent_or_warmup
O09,missing_30,143,3,,False,
O09,missing_30,144,2,,True,absent_or_warmup
O09,missing_30,144,3,7,False,
O09,missing_30,145,2,,True,absent_or_warmup
O09,missing_30,145,3,8,False,
O09,missing_30,146,2,,True,absent_or_warmup
O09,missing_30,146,3,8,False,
O09,missing_30,147,2,,True,absent_or_warmup
O09,missing_30,147,3,8,False,
O09,missing_30,148,2,,True,absent_or_warmup
O09,missing_30,148,3,8,False,
O09,missing_30,149,2,,True,absent_or_warmup
O09,missing_30,149,3,8,False,
O10,missing_30,590,1,13,False,
O10,missing_30,590,2,,False,
O10,missing_30,591,1,13,False,
O10,missing_30,591,2,,False,
O10,missing_30,592,1,13,False,
O10,missing_30,592,2,,False,
O10,missing_30,593,1,13,False,
O10,missing_30,593,2,,False,
O10,missing_30,594,1,13,False,
O10,missing_30,594,2,,False,
O10,missing_30,595,1,13,False,
O10,missing_30,595,2,,False,
O10,missing_30,596,1,13,False,
O10,missing_30,596,2,,False,
O10,missing_30,597,1,13,False,
O10,missing_30,597,2,,False,
O10,missing_30,598,1,13,False,
O10,missing_30,598,2,,False,
O10,missing_30,599,1,13,False,
O10,missing_30,599,2,,False,
O10,missing_30,600,1,13,False,
O10,missing_30,600,2,,False,
O10,missing_30,601,1,13,False,
O10,missing_30,601,2,,False,
O10,missing_30,602,1,13,False,
O10,missing_30,602,2,,False,
O10,missing_30,603,1,13,False,
O10,missing_30,603,2,,False,
O10,missing_30,604,1,13,False,
O10,missing_30,604,2,,False,
O10,missing_30,605,1,,False,
O10,missing_30,605,2,,False,
O10,missing_30,606,1,,False,
O10,missing_30,606,2,,False,
O10,missing_30,607,1,,False,
O10,missing_30,607,2,,False,
O10,missing_30,608,1,,False,
O10,missing_30,608,2,,False,
O10,missing_30,609,1,,False,
O10,missing_30,609,2,,False,
O10,missing_30,610,1,,False,
O10,missing_30,610,2,,False,
O10,missing_30,611,1,,False,
O10,missing_30,611,2,,False,
O10,missing_30,612,1,,False,
O10,missing_30,612,2,,False,
O10,missing_30,613,1,,False,
O10,missing_30,613,2,,False,
O10,missing_30,614,1,,False,
O10,missing_30,614,2,,False,
O10,missing_30,615,1,,False,
O10,missing_30,615,2,,False,
O10,missing_30,616,1,,False,
O10,missing_30,616,2,,False,
O10,missing_30,617,1,,False,
O10,missing_30,617,2,,False,
O10,missing_30,618,1,,False,
O10,missing_30,618,2,,False,
O10,missing_30,619,1,,False,
O10,missing_30,619,2,,False,
O10,missing_30,620,1,,False,
O10,missing_30,620,2,,False,
O10,missing_30,621,1,,False,
O10,missing_30,621,2,,False,
O10,missing_30,622,1,,False,
O10,missing_30,622,2,,False,
O10,missing_30,623,1,,False,
O10,missing_30,623,2,,False,
O10,missing_30,624,1,,False,
O10,missing_30,624,2,,False,
O10,missing_30,625,1,,False,
O10,missing_30,625,2,,False,
O10,missing_30,626,1,,False,
O10,missing_30,626,2,,False,
O10,missing_30,627,1,,False,
O10,missing_30,627,2,,False,
O10,missing_30,628,1,,False,
O10,missing_30,628,2,,False,
O10,missing_30,629,1,,False,
O10,missing_30,629,2,,False,
O10,missing_30,630,1,,False,
O10,missing_30,630,2,,False,
O10,missing_30,631,1,13,False,
O10,missing_30,631,2,,False,
O10,missing_30,632,1,13,False,
O10,missing_30,632,2,,False,
O10,missing_30,633,1,,False,
O10,missing_30,633,2,,False,
O10,missing_30,634,1,,False,
O10,missing_30,634,2,,False,
O10,missing_30,635,1,,False,
O10,missing_30,635,2,,False,
O10,missing_30,636,1,,False,
O10,missing_30,636,2,,False,
O10,missing_30,637,1,,False,
O10,missing_30,637,2,,False,
O10,missing_30,638,1,,False,
O10,missing_30,638,2,,False,
O10,missing_30,639,1,,False,
O10,missing_30,639,2,,False,
O10,missing_30,640,1,,False,
O10,missing_30,640,2,,False,
O10,missing_30,641,1,,False,
O10,missing_30,641,2,13,False,
O10,missing_30,642,1,,False,
O10,missing_30,642,2,13,False,
O10,missing_30,643,1,,False,
O10,missing_30,643,2,13,False,
O10,missing_30,644,1,,False,
O10,missing_30,644,2,13,False,
O10,missing_30,645,1,,False,
O10,missing_30,645,2,13,False,
O10,missing_30,646,1,,False,
O10,missing_30,646,2,13,False,
O10,missing_30,647,1,,False,
O10,missing_30,647,2,,False,
O10,missing_30,648,1,,False,
O10,missing_30,648,2,,False,
O10,missing_30,649,1,,False,
O10,missing_30,649,2,,False,
O10,missing_30,650,1,,False,
O10,missing_30,650,2,,False,
O10,missing_30,651,1,,False,
O10,missing_30,651,2,,False,
O10,missing_30,652,1,,False,
O10,missing_30,652,2,,False,
O10,missing_30,653,1,,False,
O10,missing_30,653,2,,False,
O10,missing_30,654,1,,False,
O10,missing_30,654,2,,False,
O10,missing_30,655,1,,False,
O10,missing_30,655,2,,False,
O10,missing_30,656,1,,False,
O10,missing_30,656,2,,False,
O10,missing_30,657,1,,False,
O10,missing_30,657,2,,False,
O10,missing_30,658,1,,False,
O10,missing_30,658,2,,False,
O10,missing_30,659,1,,False,
O10,missing_30,659,2,,False,
O10,missing_30,660,1,,False,
O10,missing_30,660,2,,False,
O10,missing_30,661,1,,False,
O10,missing_30,661,2,,False,
O10,missing_30,662,1,,False,
O10,missing_30,662,2,,False,
O10,missing_30,663,1,,False,
O10,missing_30,663,2,,False,
O10,missing_30,664,1,,False,
O10,missing_30,664,2,,False,
O10,missing_30,665,1,,False,
O10,missing_30,665,2,,False,
O10,missing_30,666,1,,False,
O10,missing_30,666,2,,False,
O10,missing_30,667,1,,False,
O10,missing_30,667,2,,False,
O10,missing_30,668,1,,False,
O10,missing_30,668,2,,False,
O10,missing_30,669,1,,False,
O10,missing_30,669,2,,False,
O10,missing_30,670,1,,False,
O10,missing_30,670,2,,False,
O10,missing_30,671,1,,False,
O10,missing_30,671,2,,False,
O10,missing_30,672,1,,False,
O10,missing_30,672,2,,False,
O10,missing_30,673,1,,False,
O10,missing_30,673,2,,False,
O10,missing_30,674,1,,False,
O10,missing_30,674,2,,False,
O10,missing_30,675,1,,False,
O10,missing_30,675,2,,False,
O10,missing_30,676,1,,False,
O10,missing_30,676,2,,False,
O10,missing_30,677,1,,False,
O10,missing_30,677,2,,False,
O10,missing_30,678,1,18,False,
O10,missing_30,678,2,,False,
O10,missing_30,679,1,,False,
O10,missing_30,679,2,,False,
O10,missing_30,680,1,,False,
O10,missing_30,680,2,,False,
O10,missing_30,681,1,,False,
O10,missing_30,681,2,,False,
O10,missing_30,682,1,,False,
O10,missing_30,682,2,,False,
O10,missing_30,683,1,,False,
O10,missing_30,683,2,,False,
O10,missing_30,684,1,,False,
O10,missing_30,684,2,,False,
O10,missing_30,685,1,,False,
O10,missing_30,685,2,,False,
O10,missing_30,686,1,,False,
O10,missing_30,686,2,,False,
O10,missing_30,687,1,,False,
O10,missing_30,687,2,,False,
O10,missing_30,688,1,,False,
O10,missing_30,688,2,,False,
O10,missing_30,689,1,,False,
O10,missing_30,689,2,,False,
O10,missing_30,690,1,,False,
O10,missing_30,690,2,,False,
S01,missing_30,95,0,1,False,
S01,missing_30,96,0,1,False,
S01,missing_30,97,0,1,False,
S01,missing_30,98,0,1,False,
S01,missing_30,99,0,1,False,
S01,missing_30,100,0,1,False,
S01,missing_30,101,0,,False,
S01,missing_30,102,0,1,False,
S01,missing_30,103,0,1,False,
S01,missing_30,104,0,,False,
S01,missing_30,105,0,,False,
S01,missing_30,106,0,,False,
S01,missing_30,107,0,,False,
S01,missing_30,108,0,,False,
S01,missing_30,109,0,,False,
S01,missing_30,110,0,,False,
S01,missing_30,111,0,,False,
S01,missing_30,112,0,,False,
S01,missing_30,113,0,,False,
S01,missing_30,114,0,,False,
S01,missing_30,115,0,,False,
S01,missing_30,116,0,,False,
S01,missing_30,117,0,,False,
S01,missing_30,118,0,,False,
S01,missing_30,119,0,,False,
S01,missing_30,120,0,,False,
S02,missing_30,355,1,,False,
S02,missing_30,356,1,,False,
S02,missing_30,357,1,,False,
S02,missing_30,358,1,,False,
S02,missing_30,359,1,,False,
S02,missing_30,360,1,,False,
S02,missing_30,361,1,,False,
S02,missing_30,362,1,,False,
S02,missing_30,363,1,,False,
S02,missing_30,364,1,,False,
S02,missing_30,365,1,,False,
S02,missing_30,366,1,,False,
S02,missing_30,367,1,,False,
S02,missing_30,368,1,,False,
S02,missing_30,369,1,,False,
S02,missing_30,370,1,,False,
S02,missing_30,371,1,,False,
S02,missing_30,372,1,,False,
S02,missing_30,373,1,,False,
S02,missing_30,374,1,,False,
S02,missing_30,375,1,,False,
S02,missing_30,376,1,,False,
S02,missing_30,377,1,,False,
S02,missing_30,378,1,,False,
S02,missing_30,379,1,,False,
S02,missing_30,380,1,,False,
S02,missing_30,381,1,,False,
S02,missing_30,382,1,,False,
S02,missing_30,383,1,,False,
S02,missing_30,384,1,,False,
S02,missing_30,385,1,,False,
S02,missing_30,386,1,,False,
S02,missing_30,387,1,,False,
S02,missing_30,388,1,,False,
S02,missing_30,389,1,,False,
S02,missing_30,390,1,,False,
S03,missing_30,159,1,1,False,
S03,missing_30,160,1,1,False,
S03,missing_30,161,1,1,False,
S03,missing_30,162,1,1,False,
S03,missing_30,163,1,1,False,
S03,missing_30,164,1,1,False,
S03,missing_30,165,1,1,False,
S03,missing_30,166,1,1,False,
S03,missing_30,167,1,1,False,
S03,missing_30,168,1,8,False,
S03,missing_30,169,1,8,False,
S03,missing_30,170,1,,False,
S03,missing_30,171,1,8,False,
S03,missing_30,172,1,8,False,
S03,missing_30,173,1,8,False,
S03,missing_30,174,1,8,False,
S03,missing_30,175,1,8,False,
S03,missing_30,176,1,8,False,
S03,missing_30,177,1,8,False,
S03,missing_30,178,1,,False,
S03,missing_30,179,1,,False,
S03,missing_30,180,1,,False,
S03,missing_30,181,1,,False,
S03,missing_30,182,1,,False,
S03,missing_30,183,1,,False,
S03,missing_30,184,1,,False,
S03,missing_30,185,1,,False,
S03,missing_30,186,1,,False,
S03,missing_30,187,1,,False,
S03,missing_30,188,1,,False,
S03,missing_30,189,1,,False,
S03,missing_30,190,1,,False,
S03,missing_30,191,1,,False,
S03,missing_30,192,1,,False,
S03,missing_30,193,1,,False,
S03,missing_30,194,1,,False,
S03,missing_30,195,1,,False,
S03,missing_30,196,1,,False,
S03,missing_30,197,1,,False,
S03,missing_30,198,1,,False,
S03,missing_30,199,1,,False,
S03,missing_30,200,1,,False,
S03,missing_30,201,1,,False,
S03,missing_30,202,1,,False,
S03,missing_30,203,1,,False,
S03,missing_30,204,1,,False,
S03,missing_30,205,1,,False,
S03,missing_30,206,1,,False,
S03,missing_30,207,1,,False,
S03,missing_30,208,1,,False,
S03,missing_30,209,1,,False,
S03,missing_30,210,1,,False,
S03,missing_30,211,1,,False,
S03,missing_30,212,1,,False,
S03,missing_30,213,1,,False,
S03,missing_30,214,1,,False,
S03,missing_30,215,1,,False,
S03,missing_30,216,1,,False,
S03,missing_30,217,1,,False,
S03,missing_30,218,1,,False,
S03,missing_30,219,1,,False,
S03,missing_30,220,1,,False,
S03,missing_30,221,1,,False,
S03,missing_30,222,1,,False,
S03,missing_30,223,1,,False,
S03,missing_30,224,1,,False,
S03,missing_30,225,1,,False,
S03,missing_30,226,1,,False,
S03,missing_30,227,1,,False,
S03,missing_30,228,1,,False,
S03,missing_30,229,1,,False,
S03,missing_30,230,1,,False,
S03,missing_30,231,1,,False,
S03,missing_30,232,1,,False,
S03,missing_30,233,1,,False,
S03,missing_30,234,1,,False,
S03,missing_30,235,1,,False,
S03,missing_30,236,1,,False,
S03,missing_30,237,1,,False,
S03,missing_30,238,1,,False,
S03,missing_30,239,1,,False,
S03,missing_30,240,1,,False,
S03,missing_30,241,1,,False,
S03,missing_30,242,1,,False,
S03,missing_30,243,1,,False,
S03,missing_30,244,1,,False,
S03,missing_30,245,1,,False,
S03,missing_30,246,1,,False,
S03,missing_30,247,1,,False,
S03,missing_30,248,1,,False,
S03,missing_30,249,1,,False,
S03,missing_30,250,1,,False,
S03,missing_30,251,1,,False,
S03,missing_30,252,1,,False,
S03,missing_30,253,1,,False,
S03,missing_30,254,1,,False,
S03,missing_30,255,1,,False,
S03,missing_30,256,1,,False,
S03,missing_30,257,1,,False,
S03,missing_30,258,1,,False,
S03,missing_30,259,1,,False,
S03,missing_30,260,1,,False,
S03,missing_30,261,1,,False,
S03,missing_30,262,1,,False,
S03,missing_30,263,1,,False,
S03,missing_30,264,1,,False,
S03,missing_30,265,1,,False,
S03,missing_30,266,1,,False,
S03,missing_30,267,1,,False,
S03,missing_30,268,1,,False,
S03,missing_30,269,1,,False,
S03,missing_30,270,1,,False,
S03,missing_30,271,1,9,False,
S03,missing_30,272,1,9,False,
S03,missing_30,273,1,9,False,
S04,missing_30,123,1,2,False,
S04,missing_30,124,1,2,False,
S04,missing_30,125,1,2,False,
S04,missing_30,126,1,6,False,
S04,missing_30,127,1,6,False,
S04,missing_30,128,1,,False,
S04,missing_30,129,1,,False,
S04,missing_30,130,1,,False,
S04,missing_30,131,1,,False,
S04,missing_30,132,1,,False,
S04,missing_30,133,1,,False,
S05,missing_30,177,1,14,False,
S05,missing_30,178,1,,False,
S05,missing_30,179,1,,False,
S05,missing_30,180,1,,False,
S05,missing_30,181,1,,False,
S05,missing_30,182,1,25,False,
S05,missing_30,183,1,25,False,
S05,missing_30,184,1,,False,
S05,missing_30,185,1,,False,
S05,missing_30,186,1,,False,
S05,missing_30,187,1,,False,
S05,missing_30,188,1,14,False,
S05,missing_30,189,1,25,False,
S05,missing_30,190,1,29,False,
S05,missing_30,191,1,25,False,
S05,missing_30,192,1,,False,
S05,missing_30,193,1,,False,
S05,missing_30,194,1,,False,
S05,missing_30,195,1,,False,
S05,missing_30,196,1,14,False,
S05,missing_30,197,1,14,False,
S05,missing_30,198,1,14,False,
S05,missing_30,199,1,14,False,
S05,missing_30,200,1,14,False,
S05,missing_30,201,1,14,False,
S05,missing_30,202,1,14,False,
S05,missing_30,203,1,14,False,
S05,missing_30,204,1,14,False,
S05,missing_30,205,1,14,False,
S05,missing_30,206,1,14,False,
S05,missing_30,207,1,14,False,
S05,missing_30,208,1,14,False,
S05,missing_30,209,1,14,False,
S05,missing_30,210,1,14,False,
S05,missing_30,211,1,14,False,
S05,missing_30,212,1,29,False,
S05,missing_30,213,1,14,False,
S05,missing_30,214,1,14,False,
S05,missing_30,215,1,31,False,
S05,missing_30,216,1,,False,
S05,missing_30,217,1,,False,
S05,missing_30,218,1,,False,
S05,missing_30,219,1,39,False,
S05,missing_30,220,1,,False,
S05,missing_30,221,1,,False,
S05,missing_30,222,1,,False,
S05,missing_30,223,1,,False,
S05,missing_30,224,1,,False,
S05,missing_30,225,1,25,False,
S05,missing_30,226,1,25,False,
S05,missing_30,227,1,,False,
S05,missing_30,228,1,,False,
S05,missing_30,229,1,,False,
S05,missing_30,230,1,,False,
S05,missing_30,231,1,,False,
S05,missing_30,232,1,25,False,
S05,missing_30,233,1,,False,
S05,missing_30,234,1,,False,
S05,missing_30,235,1,,False,
S05,missing_30,236,1,,False,
S05,missing_30,237,1,,False,
S05,missing_30,238,1,,False,
S05,missing_30,239,1,,False,
S05,missing_30,240,1,,False,
S05,missing_30,241,1,,False,
S05,missing_30,242,1,25,False,
S05,missing_30,243,1,25,False,
S05,missing_30,244,1,25,False,
S05,missing_30,245,1,25,False,
S05,missing_30,246,1,25,False,
S05,missing_30,247,1,25,False,
S05,missing_30,248,1,25,False,
S05,missing_30,249,1,25,False,
S05,missing_30,250,1,25,False,
S05,missing_30,251,1,25,False,
S05,missing_30,252,1,25,False,
S05,missing_30,253,1,25,False,
S05,missing_30,254,1,25,False,
S05,missing_30,255,1,25,False,
S05,missing_30,256,1,25,False,
L01,missing_30,119,1,2,False,
L01,missing_30,120,1,2,False,
L01,missing_30,121,1,2,False,
L01,missing_30,122,1,2,False,
L01,missing_30,123,1,2,False,
L01,missing_30,124,1,2,False,
L01,missing_30,125,1,2,False,
L01,missing_30,126,1,6,False,
L01,missing_30,127,1,6,False,
L01,missing_30,128,1,,False,
L01,missing_30,129,1,,False,
L01,missing_30,130,1,,False,
L01,missing_30,131,1,,False,
L01,missing_30,132,1,,False,
L01,missing_30,133,1,,False,
L01,missing_30,134,1,,False,
L01,missing_30,135,1,,False,
L01,missing_30,136,1,,False,
L01,missing_30,137,1,,False,
L01,missing_30,138,1,2,False,
L01,missing_30,139,1,2,False,
L01,missing_30,140,1,2,False,
L01,missing_30,141,1,2,False,
L01,missing_30,142,1,2,False,
L01,missing_30,143,1,2,False,
L01,missing_30,144,1,17,False,
L01,missing_30,145,1,17,False,
L01,missing_30,146,1,17,False,
L01,missing_30,147,1,17,False,
L01,missing_30,148,1,17,False,
L01,missing_30,149,1,17,False,
L01,missing_30,150,1,17,False,
L01,missing_30,151,1,17,False,
L01,missing_30,152,1,17,False,
L01,missing_30,153,1,23,False,
L01,missing_30,154,1,23,False,
L01,missing_30,155,1,23,False,
L01,missing_30,156,1,23,False,
L01,missing_30,157,1,23,False,
L01,missing_30,158,1,23,False,
L01,missing_30,159,1,23,False,
L01,missing_30,160,1,23,False,
L01,missing_30,161,1,23,False,
L01,missing_30,162,1,23,False,
L01,missing_30,163,1,23,False,
L01,missing_30,164,1,23,False,
L01,missing_30,165,1,23,False,
L01,missing_30,166,1,23,False,
L01,missing_30,167,1,23,False,
L01,missing_30,168,1,23,False,
L01,missing_30,169,1,23,False,
L01,missing_30,170,1,23,False,
L01,missing_30,171,1,23,False,
L01,missing_30,172,1,23,False,
L01,missing_30,173,1,23,False,
L01,missing_30,174,1,23,False,
L02,missing_30,204,1,14,False,
L02,missing_30,205,1,14,False,
L02,missing_30,206,1,14,False,
L02,missing_30,207,1,14,False,
L02,missing_30,208,1,14,False,
L02,missing_30,209,1,14,False,
L02,missing_30,210,1,14,False,
L02,missing_30,211,1,14,False,
L02,missing_30,212,1,29,False,
L02,missing_30,213,1,14,False,
L02,missing_30,214,1,14,False,
L02,missing_30,215,1,31,False,
L02,missing_30,216,1,,False,
L02,missing_30,217,1,,False,
L02,missing_30,218,1,,False,
L02,missing_30,219,1,39,False,
L02,missing_30,220,1,,False,
L02,missing_30,221,1,,False,
L02,missing_30,222,1,,False,
L02,missing_30,223,1,,False,
L02,missing_30,224,1,,False,
L02,missing_30,225,1,25,False,
L02,missing_30,226,1,25,False,
L02,missing_30,227,1,,False,
L02,missing_30,228,1,,False,
L02,missing_30,229,1,,False,
L02,missing_30,230,1,,False,
L02,missing_30,231,1,,False,
L02,missing_30,232,1,25,False,
L02,missing_30,233,1,,False,
L02,missing_30,234,1,,False,
L02,missing_30,235,1,,False,
L02,missing_30,236,1,,False,
L02,missing_30,237,1,,False,
L02,missing_30,238,1,,False,
L02,missing_30,239,1,,False,
L02,missing_30,240,1,,False,
L02,missing_30,241,1,,False,
L02,missing_30,242,1,25,False,
L02,missing_30,243,1,25,False,
L02,missing_30,244,1,25,False,
L02,missing_30,245,1,25,False,
L02,missing_30,246,1,25,False,
L02,missing_30,247,1,25,False,
L02,missing_30,248,1,25,False,
L02,missing_30,249,1,25,False,
L03,missing_30,800,1,,False,
L03,missing_30,801,1,,False,
L03,missing_30,802,1,,False,
L03,missing_30,803,1,,False,
L03,missing_30,804,1,,False,
L03,missing_30,805,1,,False,
L03,missing_30,806,1,,False,
L03,missing_30,807,1,,False,
L03,missing_30,808,1,2,False,
L03,missing_30,809,1,2,False,
L03,missing_30,810,1,2,False,
L03,missing_30,811,1,2,False,
L03,missing_30,812,1,,False,
L03,missing_30,813,1,,False,
L03,missing_30,814,1,,False,
L03,missing_30,815,1,,False,
L03,missing_30,816,1,,False,
L03,missing_30,817,1,,False,
L03,missing_30,818,1,,False,
L03,missing_30,819,1,2,False,
L03,missing_30,820,1,2,False,
L03,missing_30,821,1,2,False,
L03,missing_30,822,1,2,False,
L03,missing_30,823,1,2,False,
L03,missing_30,824,1,9,False,
L03,missing_30,825,1,,False,
L03,missing_30,826,1,,False,
L04,missing_30,1851,1,,False,
L04,missing_30,1852,1,,False,
L04,missing_30,1853,1,,False,
L04,missing_30,1854,1,,False,
L04,missing_30,1855,1,,False,
L04,missing_30,1856,1,,False,
L04,missing_30,1857,1,,False,
L04,missing_30,1858,1,,False,
L04,missing_30,1859,1,,False,
L04,missing_30,1860,1,,False,
L04,missing_30,1861,1,,False,
L04,missing_30,1862,1,,False,
L04,missing_30,1863,1,13,False,
L04,missing_30,1864,1,13,False,
L04,missing_30,1865,1,14,False,
L04,missing_30,1866,1,14,False,
L04,missing_30,1867,1,14,False,
L04,missing_30,1868,1,14,False,
L04,missing_30,1869,1,14,False,
L04,missing_30,1870,1,18,False,
L04,missing_30,1871,1,18,False,
L04,missing_30,1872,1,14,False,
L04,missing_30,1873,1,,False,
L04,missing_30,1874,1,18,False,
L04,missing_30,1875,1,18,False,
L04,missing_30,1876,1,18,False,
L04,missing_30,1877,1,18,False,
L04,missing_30,1878,1,,False,
L04,missing_30,1879,1,,False,
L04,missing_30,1880,1,,False,
L04,missing_30,1881,1,,False,
L04,missing_30,1882,1,,False,
L04,missing_30,1883,1,,False,
L04,missing_30,1884,1,,False,
L04,missing_30,1885,1,,False,
L04,missing_30,1886,1,,False,
L04,missing_30,1887,1,,False,
L04,missing_30,1888,1,,False,
L04,missing_30,1889,1,,False,
L04,missing_30,1890,1,,False,
L04,missing_30,1891,1,,False,
L04,missing_30,1892,1,,False,
L04,missing_30,1893,1,,False,
L04,missing_30,1894,1,,False,
L04,missing_30,1895,1,,False,
L04,missing_30,1896,1,,False,
L04,missing_30,1897,1,,False,
L04,missing_30,1898,1,,False,
L04,missing_30,1899,1,,False,
L04,missing_30,1900,1,,False,
L04,missing_30,1901,1,,False,
L04,missing_30,1902,1,,False,
L04,missing_30,1903,1,,False,
L04,missing_30,1904,1,,False,
L04,missing_30,1905,1,,False,
L04,missing_30,1906,1,,False,
L04,missing_30,1907,1,,False,
L04,missing_30,1908,1,,False,
L04,missing_30,1909,1,,False,
L04,missing_30,1910,1,,False,
L05,missing_30,2160,1,23,False,
L05,missing_30,2161,1,24,False,
L05,missing_30,2162,1,24,False,
L05,missing_30,2163,1,24,False,
L05,missing_30,2164,1,24,False,
L05,missing_30,2165,1,24,False,
L05,missing_30,2166,1,24,False,
L05,missing_30,2167,1,24,False,
L05,missing_30,2168,1,24,False,
L05,missing_30,2169,1,24,False,
L05,missing_30,2170,1,24,False,
L05,missing_30,2171,1,24,False,
L05,missing_30,2172,1,23,False,
L05,missing_30,2173,1,,False,
L05,missing_30,2174,1,23,False,
L05,missing_30,2175,1,23,False,
L05,missing_30,2176,1,23,False,
L05,missing_30,2177,1,,False,
L05,missing_30,2178,1,,False,
L05,missing_30,2179,1,,False,
L05,missing_30,2180,1,29,False,
L05,missing_30,2181,1,29,False,
L05,missing_30,2182,1,29,False,
L05,missing_30,2183,1,29,False,
L05,missing_30,2184,1,29,False,
L05,missing_30,2185,1,29,False,
L05,missing_30,2186,1,29,False,
L05,missing_30,2187,1,29,False,
L05,missing_30,2188,1,,False,
L05,missing_30,2189,1,,False,
L05,missing_30,2190,1,,False,
L05,missing_30,2191,1,,False,
L05,missing_30,2192,1,,False,
M01,velocity,89,1,1,False,
M01,velocity,90,1,1,False,
M01,velocity,91,1,1,False,
M01,velocity,92,1,1,False,
M01,velocity,93,1,1,False,
M01,velocity,94,1,1,False,
M01,velocity,95,1,1,False,
M01,velocity,96,1,1,False,
M01,velocity,97,1,1,False,
M01,velocity,98,1,1,False,
M01,velocity,99,1,1,False,
M01,velocity,100,1,1,False,
M01,velocity,101,1,1,False,
M01,velocity,102,1,1,False,
M01,velocity,103,1,1,False,
M01,velocity,104,1,1,False,
M01,velocity,105,1,1,False,
M01,velocity,106,1,1,False,
M01,velocity,107,1,1,False,
M01,velocity,108,1,1,False,
M01,velocity,109,1,1,False,
M01,velocity,110,1,1,False,
M01,velocity,111,1,1,False,
M01,velocity,112,1,1,False,
M01,velocity,113,1,1,False,
M01,velocity,114,1,1,False,
M01,velocity,115,1,1,False,
M01,velocity,116,1,1,False,
M01,velocity,117,1,1,False,
M01,velocity,118,1,1,False,
M01,velocity,119,1,1,False,
M01,velocity,120,1,1,False,
M01,velocity,121,1,1,False,
M01,velocity,122,1,1,False,
M01,velocity,123,1,1,False,
M01,velocity,124,1,1,False,
M01,velocity,125,1,1,False,
M01,velocity,126,1,1,False,
M01,velocity,127,1,1,False,
M01,velocity,128,1,1,False,
M01,velocity,129,1,1,False,
M01,velocity,130,1,1,False,
M01,velocity,131,1,1,False,
M01,velocity,132,1,1,False,
M01,velocity,133,1,1,False,
M01,velocity,134,1,1,False,
M01,velocity,135,1,1,False,
M01,velocity,136,1,1,False,
M01,velocity,137,1,1,False,
M01,velocity,138,1,1,False,
M01,velocity,139,1,1,False,
M01,velocity,140,1,1,False,
M01,velocity,141,1,1,False,
M01,velocity,142,1,1,False,
M01,velocity,143,1,1,False,
M01,velocity,144,1,1,False,
M01,velocity,145,1,1,False,
M01,velocity,146,1,1,False,
M01,velocity,147,1,1,False,
M01,velocity,148,1,1,False,
M01,velocity,149,1,1,False,
M02,velocity,139,1,2,False,
M02,velocity,140,1,2,False,
M02,velocity,141,1,2,False,
M02,velocity,142,1,2,False,
M02,velocity,143,1,2,False,
M02,velocity,144,1,2,False,
M02,velocity,145,1,2,False,
M02,velocity,146,1,2,False,
M02,velocity,147,1,2,False,
M02,velocity,148,1,2,False,
M02,velocity,149,1,2,False,
M02,velocity,150,1,2,False,
M02,velocity,151,1,2,False,
M02,velocity,152,1,2,False,
M02,velocity,153,1,27,False,
M02,velocity,154,1,27,False,
M02,velocity,155,1,2,False,
M02,velocity,156,1,2,False,
M02,velocity,157,1,2,False,
M02,velocity,158,1,2,False,
M02,velocity,159,1,2,False,
M02,velocity,160,1,2,False,
M02,velocity,161,1,2,False,
M02,velocity,162,1,2,False,
M02,velocity,163,1,2,False,
M02,velocity,164,1,2,False,
M02,velocity,165,1,2,False,
M02,velocity,166,1,2,False,
M02,velocity,167,1,2,False,
M02,velocity,168,1,2,False,
M02,velocity,169,1,2,False,
M02,velocity,170,1,2,False,
M02,velocity,171,1,2,False,
M02,velocity,172,1,2,False,
M02,velocity,173,1,2,False,
M02,velocity,174,1,2,False,
M02,velocity,175,1,2,False,
M02,velocity,176,1,2,False,
M02,velocity,177,1,2,False,
M02,velocity,178,1,2,False,
M02,velocity,179,1,2,False,
M02,velocity,180,1,2,False,
M02,velocity,181,1,2,False,
M02,velocity,182,1,2,False,
M02,velocity,183,1,2,False,
M02,velocity,184,1,2,False,
M02,velocity,185,1,2,False,
M02,velocity,186,1,2,False,
M02,velocity,187,1,2,False,
M02,velocity,188,1,2,False,
M02,velocity,189,1,2,False,
M03,velocity,79,1,2,False,
M03,velocity,80,1,2,False,
M03,velocity,81,1,2,False,
M03,velocity,82,1,2,False,
M03,velocity,83,1,2,False,
M03,velocity,84,1,6,False,
M03,velocity,85,1,6,False,
M03,velocity,86,1,6,False,
M03,velocity,87,1,6,False,
M03,velocity,88,1,6,False,
M03,velocity,89,1,6,False,
M03,velocity,90,1,6,False,
M03,velocity,91,1,11,False,
M03,velocity,92,1,11,False,
M03,velocity,93,1,11,False,
M03,velocity,94,1,11,False,
M03,velocity,95,1,11,False,
M03,velocity,96,1,11,False,
M03,velocity,97,1,11,False,
M03,velocity,98,1,11,False,
M03,velocity,99,1,11,False,
M03,velocity,100,1,11,False,
M03,velocity,101,1,26,False,
M03,velocity,102,1,26,False,
M03,velocity,103,1,26,False,
M03,velocity,104,1,23,False,
M03,velocity,105,1,23,False,
M03,velocity,106,1,23,False,
M03,velocity,107,1,23,False,
M03,velocity,108,1,23,False,
M03,velocity,109,1,23,False,
M03,velocity,110,1,23,False,
M03,velocity,111,1,29,False,
M03,velocity,112,1,8,False,
M03,velocity,113,1,8,False,
M03,velocity,114,1,8,False,
M03,velocity,115,1,8,False,
M03,velocity,116,1,8,False,
M03,velocity,117,1,8,False,
M03,velocity,118,1,8,False,
M03,velocity,119,1,8,False,
M03,velocity,120,1,8,False,
M03,velocity,121,1,8,False,
M03,velocity,122,1,8,False,
M03,velocity,123,1,28,False,
M03,velocity,124,1,8,False,
M03,velocity,125,1,8,False,
M03,velocity,126,1,8,False,
M03,velocity,127,1,8,False,
M03,velocity,128,1,8,False,
M03,velocity,129,1,8,False,
M03,velocity,130,1,8,False,
M03,velocity,131,1,8,False,
M03,velocity,132,1,8,False,
M03,velocity,133,1,8,False,
M03,velocity,134,1,8,False,
M03,velocity,135,1,8,False,
M03,velocity,136,1,8,False,
M03,velocity,137,1,8,False,
M03,velocity,138,1,8,False,
M03,velocity,139,1,8,False,
M03,velocity,140,1,8,False,
M03,velocity,141,1,8,False,
M03,velocity,142,1,8,False,
M03,velocity,143,1,8,False,
M03,velocity,144,1,8,False,
M03,velocity,145,1,8,False,
M03,velocity,146,1,8,False,
M03,velocity,147,1,8,False,
M03,velocity,148,1,8,False,
M03,velocity,149,1,8,False,
M03,velocity,150,1,8,False,
M03,velocity,151,1,8,False,
M03,velocity,152,1,8,False,
M03,velocity,153,1,8,False,
M03,velocity,154,1,8,False,
M03,velocity,155,1,8,False,
M03,velocity,156,1,8,False,
M03,velocity,157,1,8,False,
M03,velocity,158,1,8,False,
M03,velocity,159,1,8,False,
M03,velocity,160,1,8,False,
M03,velocity,161,1,8,False,
M03,velocity,162,1,8,False,
M03,velocity,163,1,8,False,
M03,velocity,164,1,8,False,
M03,velocity,165,1,8,False,
M03,velocity,166,1,8,False,
M03,velocity,167,1,8,False,
M03,velocity,168,1,8,False,
M03,velocity,169,1,8,False,
M04,velocity,104,1,1,False,
M04,velocity,105,1,1,False,
M04,velocity,106,1,1,False,
M04,velocity,107,1,1,False,
M04,velocity,108,1,1,False,
M04,velocity,109,1,1,False,
M04,velocity,110,1,1,False,
M04,velocity,111,1,1,False,
M04,velocity,112,1,1,False,
M04,velocity,113,1,1,False,
M04,velocity,114,1,1,False,
M04,velocity,115,1,1,False,
M04,velocity,116,1,1,False,
M04,velocity,117,1,1,False,
M04,velocity,118,1,1,False,
M04,velocity,119,1,1,False,
M04,velocity,120,1,1,False,
M04,velocity,121,1,1,False,
M04,velocity,122,1,1,False,
M04,velocity,123,1,1,False,
M04,velocity,124,1,1,False,
M04,velocity,125,1,1,False,
M04,velocity,126,1,1,False,
M04,velocity,127,1,1,False,
M04,velocity,128,1,1,False,
M04,velocity,129,1,1,False,
M04,velocity,130,1,1,False,
M04,velocity,131,1,1,False,
M04,velocity,132,1,1,False,
M04,velocity,133,1,1,False,
M04,velocity,134,1,1,False,
M04,velocity,135,1,1,False,
M04,velocity,136,1,1,False,
M04,velocity,137,1,1,False,
M04,velocity,138,1,1,False,
M04,velocity,139,1,1,False,
M04,velocity,140,1,1,False,
M04,velocity,141,1,1,False,
M04,velocity,142,1,1,False,
M04,velocity,143,1,1,False,
M04,velocity,144,1,1,False,
M04,velocity,145,1,1,False,
M04,velocity,146,1,1,False,
M04,velocity,147,1,1,False,
M04,velocity,148,1,1,False,
M04,velocity,149,1,1,False,
M04,velocity,150,1,1,False,
M04,velocity,151,1,1,False,
M04,velocity,152,1,1,False,
M04,velocity,153,1,1,False,
M04,velocity,154,1,1,False,
M05,velocity,94,1,2,False,
M05,velocity,95,1,2,False,
M05,velocity,96,1,2,False,
M05,velocity,97,1,2,False,
M05,velocity,98,1,2,False,
M05,velocity,99,1,2,False,
M05,velocity,100,1,2,False,
M05,velocity,101,1,2,False,
M05,velocity,102,1,2,False,
M05,velocity,103,1,2,False,
M05,velocity,104,1,2,False,
M05,velocity,105,1,2,False,
M05,velocity,106,1,2,False,
M05,velocity,107,1,2,False,
M05,velocity,108,1,2,False,
M05,velocity,109,1,2,False,
M05,velocity,110,1,2,False,
M05,velocity,111,1,2,False,
M05,velocity,112,1,2,False,
M05,velocity,113,1,2,False,
M05,velocity,114,1,17,False,
M05,velocity,115,1,17,False,
M05,velocity,116,1,17,False,
M05,velocity,117,1,17,False,
M05,velocity,118,1,17,False,
M05,velocity,119,1,17,False,
M05,velocity,120,1,17,False,
M05,velocity,121,1,17,False,
M05,velocity,122,1,17,False,
M05,velocity,123,1,17,False,
M05,velocity,124,1,17,False,
M05,velocity,125,1,17,False,
M05,velocity,126,1,17,False,
M05,velocity,127,1,17,False,
M05,velocity,128,1,17,False,
M05,velocity,129,1,17,False,
M06,velocity,30,0,1,False,
M06,velocity,31,0,1,False,
M06,velocity,32,0,1,False,
M06,velocity,33,0,1,False,
M06,velocity,34,0,1,False,
M06,velocity,35,0,1,False,
M06,velocity,36,0,1,False,
M06,velocity,37,0,1,False,
M06,velocity,38,0,1,False,
M06,velocity,39,0,1,False,
M06,velocity,40,0,1,False,
M06,velocity,41,0,1,False,
M06,velocity,42,0,1,False,
M06,velocity,43,0,1,False,
M06,velocity,44,0,1,False,
M06,velocity,45,0,1,False,
M06,velocity,46,0,1,False,
M06,velocity,47,0,1,False,
M06,velocity,48,0,1,False,
M06,velocity,49,0,1,False,
M06,velocity,50,0,1,False,
M06,velocity,51,0,1,False,
M06,velocity,52,0,1,False,
M06,velocity,53,0,1,False,
M06,velocity,54,0,1,False,
M06,velocity,55,0,1,False,
M06,velocity,56,0,1,False,
M06,velocity,57,0,1,False,
M06,velocity,58,0,1,False,
M06,velocity,59,0,1,False,
M06,velocity,60,0,1,False,
M06,velocity,61,0,1,False,
M06,velocity,62,0,1,False,
M06,velocity,63,0,1,False,
M06,velocity,64,0,1,False,
M06,velocity,65,0,1,False,
M06,velocity,66,0,1,False,
M06,velocity,67,0,1,False,
M06,velocity,68,0,1,False,
M06,velocity,69,0,1,False,
M06,velocity,70,0,1,False,
M06,velocity,71,0,1,False,
M06,velocity,72,0,1,False,
M06,velocity,73,0,1,False,
M06,velocity,74,0,1,False,
M06,velocity,75,0,1,False,
M06,velocity,76,0,1,False,
M06,velocity,77,0,1,False,
M06,velocity,78,0,1,False,
M06,velocity,79,0,1,False,
M06,velocity,80,0,1,False,
M06,velocity,81,0,1,False,
M06,velocity,82,0,1,False,
M06,velocity,83,0,1,False,
M06,velocity,84,0,1,False,
M06,velocity,85,0,1,False,
M07,velocity,310,1,6,False,
M07,velocity,311,1,6,False,
M07,velocity,312,1,6,False,
M07,velocity,313,1,6,False,
M07,velocity,314,1,6,False,
M07,velocity,315,1,6,False,
M07,velocity,316,1,6,False,
M07,velocity,317,1,6,False,
M07,velocity,318,1,6,False,
M07,velocity,319,1,6,False,
M07,velocity,320,1,6,False,
M07,velocity,321,1,6,False,
M07,velocity,322,1,6,False,
M07,velocity,323,1,6,False,
M07,velocity,324,1,6,False,
M07,velocity,325,1,6,False,
M07,velocity,326,1,6,False,
M07,velocity,327,1,6,False,
M07,velocity,328,1,6,False,
M07,velocity,329,1,6,False,
M07,velocity,330,1,6,False,
M07,velocity,331,1,6,False,
M07,velocity,332,1,6,False,
M07,velocity,333,1,6,False,
M07,velocity,334,1,6,False,
M07,velocity,335,1,6,False,
M07,velocity,336,1,6,False,
M07,velocity,337,1,6,False,
M07,velocity,338,1,6,False,
M07,velocity,339,1,6,False,
M07,velocity,340,1,6,False,
M07,velocity,341,1,6,False,
M07,velocity,342,1,6,False,
M07,velocity,343,1,6,False,
M07,velocity,344,1,6,False,
M07,velocity,345,1,6,False,
M07,velocity,346,1,6,False,
M07,velocity,347,1,6,False,
M07,velocity,348,1,6,False,
M07,velocity,349,1,6,False,
M07,velocity,350,1,6,False,
M07,velocity,351,1,6,False,
M07,velocity,352,1,6,False,
M07,velocity,353,1,6,False,
M07,velocity,354,1,6,False,
M07,velocity,355,1,6,False,
M07,velocity,356,1,6,False,
M07,velocity,357,1,6,False,
M07,velocity,358,1,6,False,
M07,velocity,359,1,6,False,
M07,velocity,360,1,6,False,
M07,velocity,361,1,6,False,
M07,velocity,362,1,6,False,
M07,velocity,363,1,6,False,
M07,velocity,364,1,6,False,
M07,velocity,365,1,6,False,
M07,velocity,366,1,6,False,
M07,velocity,367,1,6,False,
M07,velocity,368,1,,False,
M07,velocity,369,1,6,False,
M07,velocity,370,1,6,False,
M07,velocity,371,1,6,False,
M07,velocity,372,1,6,False,
M07,velocity,373,1,6,False,
M07,velocity,374,1,6,False,
M07,velocity,375,1,6,False,
M07,velocity,376,1,6,False,
M07,velocity,377,1,6,False,
M07,velocity,378,1,,False,
M07,velocity,379,1,,False,
M07,velocity,380,1,,False,
M07,velocity,381,1,,False,
M07,velocity,382,1,,False,
M07,velocity,383,1,,False,
M07,velocity,384,1,,False,
M07,velocity,385,1,,False,
M07,velocity,386,1,,False,
M07,velocity,387,1,,False,
M07,velocity,388,1,,False,
M07,velocity,389,1,,False,
M07,velocity,390,1,,False,
M07,velocity,391,1,,False,
M07,velocity,392,1,,False,
M07,velocity,393,1,,False,
M07,velocity,394,1,,False,
M07,velocity,395,1,,False,
M07,velocity,396,1,,False,
M07,velocity,397,1,,False,
M07,velocity,398,1,,False,
M07,velocity,399,1,,False,
M07,velocity,400,1,,False,
M07,velocity,401,1,,False,
M07,velocity,402,1,,False,
M07,velocity,403,1,,False,
M07,velocity,404,1,,False,
M07,velocity,405,1,,False,
M07,velocity,406,1,,False,
M07,velocity,407,1,,False,
M07,velocity,408,1,,False,
M07,velocity,409,1,,False,
M07,velocity,410,1,,False,
M07,velocity,411,1,,False,
M07,velocity,412,1,,False,
M07,velocity,413,1,,False,
M07,velocity,414,1,,False,
M07,velocity,415,1,,False,
M07,velocity,416,1,,False,
M07,velocity,417,1,,False,
M07,velocity,418,1,,False,
M07,velocity,419,1,,False,
M07,velocity,420,1,,False,
M07,velocity,421,1,,False,
M07,velocity,422,1,,False,
M07,velocity,423,1,,False,
M07,velocity,424,1,,False,
M07,velocity,425,1,,False,
M07,velocity,426,1,,False,
M07,velocity,427,1,,False,
M07,velocity,428,1,,False,
M07,velocity,429,1,,False,
M07,velocity,430,1,,False,
M07,velocity,431,1,,False,
M07,velocity,432,1,,False,
M07,velocity,433,1,,False,
M07,velocity,434,1,,False,
M07,velocity,435,1,,False,
M07,velocity,436,1,,False,
M07,velocity,437,1,,False,
M07,velocity,438,1,,False,
M07,velocity,439,1,,False,
M07,velocity,440,1,,False,
M07,velocity,441,1,,False,
M07,velocity,442,1,,False,
M07,velocity,443,1,,False,
M07,velocity,444,1,,False,
M07,velocity,445,1,,False,
M08,velocity,80,3,4,False,
M08,velocity,81,3,4,False,
M08,velocity,82,3,4,False,
M08,velocity,83,3,4,False,
M08,velocity,84,3,4,False,
M08,velocity,85,3,4,False,
M08,velocity,86,3,4,False,
M08,velocity,87,3,4,False,
M08,velocity,88,3,4,False,
M08,velocity,89,3,4,False,
M08,velocity,90,3,4,False,
M08,velocity,91,3,4,False,
M08,velocity,92,3,4,False,
M08,velocity,93,3,4,False,
M08,velocity,94,3,4,False,
M08,velocity,95,3,4,False,
M08,velocity,96,3,4,False,
M08,velocity,97,3,4,False,
M08,velocity,98,3,4,False,
M08,velocity,99,3,4,False,
M08,velocity,100,3,4,False,
M08,velocity,101,3,4,False,
M08,velocity,102,3,4,False,
M08,velocity,103,3,4,False,
M08,velocity,104,3,4,False,
M08,velocity,105,3,4,False,
M08,velocity,106,3,4,False,
M08,velocity,107,3,4,False,
M08,velocity,108,3,4,False,
M08,velocity,109,3,4,False,
M08,velocity,110,3,4,False,
M08,velocity,111,3,4,False,
M08,velocity,112,3,4,False,
M08,velocity,113,3,4,False,
M08,velocity,114,3,4,False,
M08,velocity,115,3,4,False,
M08,velocity,116,3,4,False,
M08,velocity,117,3,4,False,
M08,velocity,118,3,4,False,
M08,velocity,119,3,4,False,
M08,velocity,120,3,4,False,
M09,velocity,105,1,,False,
M09,velocity,106,1,,False,
M09,velocity,107,1,,False,
M09,velocity,108,1,,False,
M09,velocity,109,1,,False,
M09,velocity,110,1,,False,
M09,velocity,111,1,,False,
M09,velocity,112,1,,False,
M09,velocity,113,1,,False,
M09,velocity,114,1,,False,
M09,velocity,115,1,,False,
M09,velocity,116,1,,False,
M09,velocity,117,1,,False,
M09,velocity,118,1,,False,
M09,velocity,119,1,,False,
M09,velocity,120,1,,False,
M09,velocity,121,1,,False,
M09,velocity,122,1,,False,
M09,velocity,123,1,,False,
M09,velocity,124,1,,False,
M09,velocity,125,1,,False,
M09,velocity,126,1,3,False,
M09,velocity,127,1,3,False,
M09,velocity,128,1,3,False,
M09,velocity,129,1,,False,
M09,velocity,130,1,3,False,
M09,velocity,131,1,2,False,
M09,velocity,132,1,,False,
M09,velocity,133,1,2,False,
M09,velocity,134,1,2,False,
M09,velocity,135,1,2,False,
M09,velocity,136,1,2,False,
M09,velocity,137,1,2,False,
M09,velocity,138,1,,False,
M09,velocity,139,1,,False,
M09,velocity,140,1,,False,
M09,velocity,141,1,2,False,
M09,velocity,142,1,,False,
M09,velocity,143,1,,False,
M09,velocity,144,1,,False,
M09,velocity,145,1,4,False,
M09,velocity,146,1,4,False,
M09,velocity,147,1,4,False,
M09,velocity,148,1,4,False,
M09,velocity,149,1,4,False,
M09,velocity,150,1,4,False,
M09,velocity,151,1,4,False,
M09,velocity,152,1,4,False,
M09,velocity,153,1,4,False,
M09,velocity,154,1,4,False,
M09,velocity,155,1,4,False,
M09,velocity,156,1,4,False,
M09,velocity,157,1,4,False,
M09,velocity,158,1,4,False,
M09,velocity,159,1,4,False,
M09,velocity,160,1,4,False,
M09,velocity,161,1,4,False,
M09,velocity,162,1,4,False,
M09,velocity,163,1,4,False,
M09,velocity,164,1,4,False,
M09,velocity,165,1,2,False,
M09,velocity,166,1,2,False,
M09,velocity,167,1,2,False,
M09,velocity,168,1,2,False,
M09,velocity,169,1,2,False,
M09,velocity,170,1,2,False,
M09,velocity,171,1,2,False,
M09,velocity,172,1,2,False,
M09,velocity,173,1,2,False,
M09,velocity,174,1,2,False,
M09,velocity,175,1,2,False,
M09,velocity,176,1,2,False,
M09,velocity,177,1,2,False,
M09,velocity,178,1,2,False,
M09,velocity,179,1,2,False,
M09,velocity,180,1,2,False,
M09,velocity,181,1,2,False,
M09,velocity,182,1,2,False,
M09,velocity,183,1,2,False,
M09,velocity,184,1,2,False,
M09,velocity,185,1,2,False,
M09,velocity,186,1,2,False,
M09,velocity,187,1,2,False,
M09,velocity,188,1,2,False,
M09,velocity,189,1,2,False,
M09,velocity,190,1,2,False,
M09,velocity,191,1,2,False,
M09,velocity,192,1,2,False,
M09,velocity,193,1,2,False,
M09,velocity,194,1,2,False,
M09,velocity,195,1,2,False,
M09,velocity,196,1,2,False,
M09,velocity,197,1,2,False,
M09,velocity,198,1,2,False,
M09,velocity,199,1,5,False,
M09,velocity,200,1,5,False,
M09,velocity,201,1,5,False,
M09,velocity,202,1,5,False,
M09,velocity,203,1,5,False,
M09,velocity,204,1,5,False,
M09,velocity,205,1,5,False,
M09,velocity,206,1,5,False,
M09,velocity,207,1,5,False,
M09,velocity,208,1,8,False,
M09,velocity,209,1,8,False,
M09,velocity,210,1,7,False,
M09,velocity,211,1,7,False,
M09,velocity,212,1,7,False,
M09,velocity,213,1,10,False,
M09,velocity,214,1,,False,
M09,velocity,215,1,10,False,
M09,velocity,216,1,10,False,
M09,velocity,217,1,,False,
M09,velocity,218,1,10,False,
M09,velocity,219,1,7,False,
M09,velocity,220,1,7,False,
M09,velocity,221,1,7,False,
M09,velocity,222,1,7,False,
M09,velocity,223,1,9,False,
M09,velocity,224,1,9,False,
M09,velocity,225,1,7,False,
M09,velocity,226,1,7,False,
M09,velocity,227,1,7,False,
M09,velocity,228,1,10,False,
M09,velocity,229,1,10,False,
M09,velocity,230,1,10,False,
M09,velocity,231,1,10,False,
M09,velocity,232,1,10,False,
M09,velocity,233,1,10,False,
M09,velocity,234,1,10,False,
M09,velocity,235,1,10,False,
M09,velocity,236,1,10,False,
M09,velocity,237,1,10,False,
M09,velocity,238,1,10,False,
M09,velocity,239,1,10,False,
M09,velocity,240,1,10,False,
M09,velocity,241,1,10,False,
M09,velocity,242,1,10,False,
M09,velocity,243,1,10,False,
M09,velocity,244,1,10,False,
M09,velocity,245,1,10,False,
M09,velocity,246,1,11,False,
M09,velocity,247,1,11,False,
M09,velocity,248,1,11,False,
M09,velocity,249,1,11,False,
M09,velocity,250,1,11,False,
M09,velocity,251,1,11,False,
M09,velocity,252,1,11,False,
M09,velocity,253,1,11,False,
M09,velocity,254,1,11,False,
M09,velocity,255,1,10,False,
M09,velocity,256,1,11,False,
M09,velocity,257,1,11,False,
M09,velocity,258,1,11,False,
M09,velocity,259,1,11,False,
M09,velocity,260,1,11,False,
M09,velocity,261,1,11,False,
M09,velocity,262,1,11,False,
M09,velocity,263,1,11,False,
M09,velocity,264,1,11,False,
M09,velocity,265,1,11,False,
M09,velocity,266,1,11,False,
M09,velocity,267,1,11,False,
M09,velocity,268,1,11,False,
M09,velocity,269,1,11,False,
M09,velocity,270,1,11,False,
M09,velocity,271,1,11,False,
M09,velocity,272,1,11,False,
M09,velocity,273,1,11,False,
M09,velocity,274,1,11,False,
M09,velocity,275,1,13,False,
M09,velocity,276,1,13,False,
M09,velocity,277,1,13,False,
M09,velocity,278,1,13,False,
M09,velocity,279,1,13,False,
M09,velocity,280,1,13,False,
M09,velocity,281,1,13,False,
M09,velocity,282,1,13,False,
M09,velocity,283,1,11,False,
M09,velocity,284,1,13,False,
M09,velocity,285,1,11,False,
M09,velocity,286,1,11,False,
M09,velocity,287,1,11,False,
M09,velocity,288,1,11,False,
M09,velocity,289,1,11,False,
M09,velocity,290,1,11,False,
M09,velocity,291,1,11,False,
M09,velocity,292,1,11,False,
M09,velocity,293,1,11,False,
M09,velocity,294,1,11,False,
M09,velocity,295,1,11,False,
M09,velocity,296,1,11,False,
M09,velocity,297,1,11,False,
M09,velocity,298,1,11,False,
M09,velocity,299,1,11,False,
M09,velocity,300,1,11,False,
M09,velocity,301,1,11,False,
M09,velocity,302,1,11,False,
M09,velocity,303,1,11,False,
M09,velocity,304,1,11,False,
M09,velocity,305,1,,False,
M09,velocity,306,1,,False,
M09,velocity,307,1,,False,
M09,velocity,308,1,,False,
M09,velocity,309,1,,False,
M09,velocity,310,1,14,False,
M09,velocity,311,1,14,False,
M09,velocity,312,1,14,False,
M09,velocity,313,1,14,False,
M09,velocity,314,1,14,False,
M09,velocity,315,1,14,False,
M09,velocity,316,1,14,False,
M09,velocity,317,1,14,False,
M09,velocity,318,1,14,False,
M09,velocity,319,1,11,False,
M09,velocity,320,1,14,False,
M09,velocity,321,1,11,False,
M09,velocity,322,1,11,False,
M09,velocity,323,1,11,False,
M09,velocity,324,1,11,False,
M09,velocity,325,1,11,False,
M10,velocity,430,2,17,False,
M10,velocity,431,2,17,False,
M10,velocity,432,2,17,False,
M10,velocity,433,2,17,False,
M10,velocity,434,2,17,False,
M10,velocity,435,2,17,False,
M10,velocity,436,2,17,False,
M10,velocity,437,2,17,False,
M10,velocity,438,2,17,False,
M10,velocity,439,2,17,False,
M10,velocity,440,2,17,False,
M10,velocity,441,2,17,False,
M10,velocity,442,2,17,False,
M10,velocity,443,2,17,False,
M10,velocity,444,2,17,False,
M10,velocity,445,2,20,False,
M10,velocity,446,2,20,False,
M10,velocity,447,2,20,False,
M10,velocity,448,2,20,False,
M10,velocity,449,2,20,False,
M10,velocity,450,2,20,False,
M10,velocity,451,2,20,False,
M10,velocity,452,2,20,False,
M10,velocity,453,2,20,False,
M10,velocity,454,2,20,False,
M10,velocity,455,2,20,False,
M10,velocity,456,2,20,False,
M10,velocity,457,2,20,False,
M10,velocity,458,2,20,False,
M10,velocity,459,2,20,False,
M10,velocity,460,2,20,False,
M10,velocity,461,2,20,False,
M10,velocity,462,2,20,False,
M10,velocity,463,2,20,False,
M10,velocity,464,2,20,False,
M10,velocity,465,2,20,False,
M10,velocity,466,2,20,False,
M10,velocity,467,2,20,False,
M10,velocity,468,2,,False,
M10,velocity,469,2,,False,
M10,velocity,470,2,,False,
M10,velocity,471,2,,False,
M10,velocity,472,2,,False,
M10,velocity,473,2,,False,
M10,velocity,474,2,,False,
M10,velocity,475,2,,False,
M10,velocity,476,2,,False,
M10,velocity,477,2,,False,
M10,velocity,478,2,,False,
M10,velocity,479,2,,False,
M10,velocity,480,2,,False,
M10,velocity,481,2,20,False,
M10,velocity,482,2,20,False,
M10,velocity,483,2,20,False,
M10,velocity,484,2,20,False,
M10,velocity,485,2,20,False,
M10,velocity,486,2,20,False,
M10,velocity,487,2,20,False,
M10,velocity,488,2,20,False,
M10,velocity,489,2,20,False,
M10,velocity,490,2,20,False,
M10,velocity,491,2,20,False,
M10,velocity,492,2,20,False,
M10,velocity,493,2,,False,
M10,velocity,494,2,,False,
M10,velocity,495,2,,False,
M10,velocity,496,2,,False,
M10,velocity,497,2,,False,
M10,velocity,498,2,,False,
M10,velocity,499,2,,False,
M10,velocity,500,2,,False,
M10,velocity,501,2,,False,
M10,velocity,502,2,,False,
M10,velocity,503,2,,False,
M10,velocity,504,2,,False,
M10,velocity,505,2,,False,
M10,velocity,506,2,,False,
M10,velocity,507,2,23,False,
M10,velocity,508,2,23,False,
M10,velocity,509,2,23,False,
M10,velocity,510,2,23,False,
M10,velocity,511,2,23,False,
M10,velocity,512,2,23,False,
M10,velocity,513,2,23,False,
M10,velocity,514,2,23,False,
M10,velocity,515,2,21,False,
M10,velocity,516,2,,False,
M10,velocity,517,2,,False,
M10,velocity,518,2,,False,
M10,velocity,519,2,,False,
M10,velocity,520,2,,False,
M10,velocity,521,2,,False,
M10,velocity,522,2,,False,
M10,velocity,523,2,,False,
M10,velocity,524,2,,False,
M10,velocity,525,2,,False,
M10,velocity,526,2,,False,
M10,velocity,527,2,,False,
M10,velocity,528,2,,False,
M10,velocity,529,2,,False,
M10,velocity,530,2,,False,
M10,velocity,531,2,,False,
M10,velocity,532,2,,False,
M10,velocity,533,2,,False,
M10,velocity,534,2,,False,
M10,velocity,535,2,,False,
M10,velocity,536,2,21,False,
M10,velocity,537,2,21,False,
M10,velocity,538,2,,False,
M10,velocity,539,2,,False,
M10,velocity,540,2,,False,
M10,velocity,541,2,,False,
M10,velocity,542,2,,False,
M10,velocity,543,2,,False,
M10,velocity,544,2,,False,
M10,velocity,545,2,,False,
M10,velocity,546,2,,False,
M10,velocity,547,2,,False,
M10,velocity,548,2,,False,
M10,velocity,549,2,,False,
M10,velocity,550,2,,False,
M10,velocity,551,2,,False,
M10,velocity,552,2,,False,
M10,velocity,553,2,,False,
M10,velocity,554,2,,False,
M10,velocity,555,2,,False,
M10,velocity,556,2,,False,
M10,velocity,557,2,,False,
M10,velocity,558,2,,False,
M10,velocity,559,2,,False,
M10,velocity,560,2,,False,
M10,velocity,561,2,27,False,
M10,velocity,562,2,,False,
M10,velocity,563,2,,False,
M10,velocity,564,2,,False,
M10,velocity,565,2,,False,
M10,velocity,566,2,,False,
M10,velocity,567,2,,False,
M10,velocity,568,2,,False,
M10,velocity,569,2,,False,
M10,velocity,570,2,,False,
M10,velocity,571,2,,False,
M10,velocity,572,2,,False,
M10,velocity,573,2,,False,
M10,velocity,574,2,,False,
M10,velocity,575,2,,False,
M10,velocity,576,2,,False,
M10,velocity,577,2,,False,
M10,velocity,578,2,,False,
M10,velocity,579,2,,False,
M10,velocity,580,2,,False,
M10,velocity,581,2,,False,
M10,velocity,582,2,,False,
M10,velocity,583,2,28,False,
M10,velocity,584,2,28,False,
M10,velocity,585,2,28,False,
M10,velocity,586,2,28,False,
M10,velocity,587,2,28,False,
M10,velocity,588,2,28,False,
M10,velocity,589,2,28,False,
M10,velocity,590,2,,False,
O01,velocity,110,1,2,False,
O01,velocity,110,3,4,False,
O01,velocity,111,1,2,False,
O01,velocity,111,3,4,False,
O01,velocity,112,1,2,False,
O01,velocity,112,3,4,False,
O01,velocity,113,1,2,False,
O01,velocity,113,3,4,False,
O01,velocity,114,1,2,False,
O01,velocity,114,3,4,False,
O01,velocity,115,1,2,False,
O01,velocity,115,3,4,False,
O01,velocity,116,1,2,False,
O01,velocity,116,3,4,False,
O01,velocity,117,1,2,False,
O01,velocity,117,3,4,False,
O01,velocity,118,1,2,False,
O01,velocity,118,3,4,False,
O01,velocity,119,1,2,False,
O01,velocity,119,3,4,False,
O01,velocity,120,1,2,False,
O01,velocity,120,3,4,False,
O01,velocity,121,1,2,False,
O01,velocity,121,3,4,False,
O01,velocity,122,1,2,False,
O01,velocity,122,3,4,False,
O01,velocity,123,1,2,False,
O01,velocity,123,3,4,False,
O01,velocity,124,1,2,False,
O01,velocity,124,3,4,False,
O01,velocity,125,1,2,False,
O01,velocity,125,3,4,False,
O01,velocity,126,1,2,False,
O01,velocity,126,3,4,False,
O01,velocity,127,1,2,False,
O01,velocity,127,3,4,False,
O01,velocity,128,1,2,False,
O01,velocity,128,3,4,False,
O01,velocity,129,1,2,False,
O01,velocity,129,3,4,False,
O01,velocity,130,1,2,False,
O01,velocity,130,3,4,False,
O01,velocity,131,1,2,False,
O01,velocity,131,3,4,False,
O01,velocity,132,1,2,False,
O01,velocity,132,3,4,False,
O01,velocity,133,1,2,False,
O01,velocity,133,3,4,False,
O01,velocity,134,1,2,False,
O01,velocity,134,3,4,False,
O01,velocity,135,1,2,False,
O01,velocity,135,3,4,False,
O01,velocity,136,1,2,False,
O01,velocity,136,3,4,False,
O01,velocity,137,1,2,False,
O01,velocity,137,3,4,False,
O01,velocity,138,1,2,False,
O01,velocity,138,3,4,False,
O01,velocity,139,1,2,False,
O01,velocity,139,3,4,False,
O01,velocity,140,1,2,False,
O01,velocity,140,3,4,False,
O01,velocity,141,1,2,False,
O01,velocity,141,3,4,False,
O01,velocity,142,1,2,False,
O01,velocity,142,3,4,False,
O01,velocity,143,1,2,False,
O01,velocity,143,3,4,False,
O01,velocity,144,1,2,False,
O01,velocity,144,3,4,False,
O01,velocity,145,1,2,False,
O01,velocity,145,3,4,False,
O01,velocity,146,1,2,False,
O01,velocity,146,3,4,False,
O01,velocity,147,1,2,False,
O01,velocity,147,3,,False,
O01,velocity,148,1,2,False,
O01,velocity,148,3,,False,
O01,velocity,149,1,2,False,
O01,velocity,149,3,,False,
O01,velocity,150,1,2,False,
O01,velocity,150,3,,False,
O01,velocity,151,1,2,False,
O01,velocity,151,3,,False,
O01,velocity,152,1,2,False,
O01,velocity,152,3,,False,
O01,velocity,153,1,2,False,
O01,velocity,153,3,,False,
O01,velocity,154,1,2,False,
O01,velocity,154,3,4,False,
O01,velocity,155,1,4,False,
O01,velocity,155,3,,False,
O01,velocity,156,1,4,False,
O01,velocity,156,3,,False,
O01,velocity,157,1,4,False,
O01,velocity,157,3,,False,
O01,velocity,158,1,4,False,
O01,velocity,158,3,,False,
O01,velocity,159,1,4,False,
O01,velocity,159,3,,False,
O01,velocity,160,1,4,False,
O01,velocity,160,3,,False,
O01,velocity,161,1,4,False,
O01,velocity,161,3,,False,
O01,velocity,162,1,4,False,
O01,velocity,162,3,,False,
O01,velocity,163,1,,False,
O01,velocity,163,3,,False,
O01,velocity,164,1,,False,
O01,velocity,164,3,,False,
O01,velocity,165,1,,False,
O01,velocity,165,3,,False,
O01,velocity,166,1,,False,
O01,velocity,166,3,,False,
O01,velocity,167,1,,False,
O01,velocity,167,3,,False,
O01,velocity,168,1,,False,
O01,velocity,168,3,,False,
O01,velocity,169,1,,False,
O01,velocity,169,3,,False,
O01,velocity,170,1,,False,
O01,velocity,170,3,,False,
O01,velocity,171,1,,False,
O01,velocity,171,3,,False,
O01,velocity,172,1,,False,
O01,velocity,172,3,,False,
O01,velocity,173,1,,False,
O01,velocity,173,3,,False,
O01,velocity,174,1,,False,
O01,velocity,174,3,,False,
O01,velocity,175,1,4,False,
O01,velocity,175,3,,False,
O01,velocity,176,1,4,False,
O01,velocity,176,3,,False,
O01,velocity,177,1,4,False,
O01,velocity,177,3,,False,
O01,velocity,178,1,4,False,
O01,velocity,178,3,,False,
O01,velocity,179,1,4,False,
O01,velocity,179,3,,False,
O01,velocity,180,1,4,False,
O01,velocity,180,3,,False,
O01,velocity,181,1,4,False,
O01,velocity,181,3,,False,
O01,velocity,182,1,4,False,
O01,velocity,182,3,,False,
O01,velocity,183,1,4,False,
O01,velocity,183,3,,False,
O01,velocity,184,1,4,False,
O01,velocity,184,3,,False,
O01,velocity,185,1,4,False,
O01,velocity,185,3,,False,
O01,velocity,186,1,4,False,
O01,velocity,186,3,,False,
O01,velocity,187,1,,False,
O01,velocity,187,3,,False,
O01,velocity,188,1,,False,
O01,velocity,188,3,,False,
O01,velocity,189,1,,False,
O01,velocity,189,3,,False,
O01,velocity,190,1,,False,
O01,velocity,190,3,,False,
O01,velocity,191,1,,False,
O01,velocity,191,3,,False,
O01,velocity,192,1,,False,
O01,velocity,192,3,,False,
O01,velocity,193,1,,False,
O01,velocity,193,3,,False,
O01,velocity,194,1,,False,
O01,velocity,194,3,,False,
O01,velocity,195,1,,False,
O01,velocity,195,3,,False,
O01,velocity,196,1,,False,
O01,velocity,196,3,,False,
O01,velocity,197,1,,False,
O01,velocity,197,3,,False,
O01,velocity,198,1,,False,
O01,velocity,198,3,,False,
O01,velocity,199,1,,False,
O01,velocity,199,3,,False,
O01,velocity,200,1,,False,
O01,velocity,200,3,,False,
O01,velocity,201,1,,False,
O01,velocity,201,3,,False,
O01,velocity,202,1,,False,
O01,velocity,202,3,,False,
O01,velocity,203,1,,False,
O01,velocity,203,3,,False,
O01,velocity,204,1,6,False,
O01,velocity,204,3,,False,
O01,velocity,205,1,,False,
O01,velocity,205,3,,False,
O01,velocity,206,1,,False,
O01,velocity,206,3,,False,
O01,velocity,207,1,,False,
O01,velocity,207,3,,False,
O01,velocity,208,1,,False,
O01,velocity,208,3,,False,
O01,velocity,209,1,6,False,
O01,velocity,209,3,,False,
O01,velocity,210,1,6,False,
O01,velocity,210,3,,False,
O01,velocity,211,1,6,False,
O01,velocity,211,3,,False,
O01,velocity,212,1,6,False,
O01,velocity,212,3,,False,
O01,velocity,213,1,6,False,
O01,velocity,213,3,,False,
O01,velocity,214,1,6,False,
O01,velocity,214,3,,False,
O01,velocity,215,1,6,False,
O01,velocity,215,3,,False,
O01,velocity,216,1,6,False,
O01,velocity,216,3,,False,
O01,velocity,217,1,6,False,
O01,velocity,217,3,,False,
O01,velocity,218,1,6,False,
O01,velocity,218,3,,False,
O01,velocity,219,1,6,False,
O01,velocity,219,3,,False,
O01,velocity,220,1,,False,
O01,velocity,220,3,,False,
O01,velocity,221,1,,False,
O01,velocity,221,3,,False,
O01,velocity,222,1,,False,
O01,velocity,222,3,,False,
O01,velocity,223,1,,False,
O01,velocity,223,3,6,False,
O01,velocity,224,1,,False,
O01,velocity,224,3,,False,
O01,velocity,225,1,,False,
O01,velocity,225,3,6,False,
O01,velocity,226,1,,False,
O01,velocity,226,3,,False,
O01,velocity,227,1,,False,
O01,velocity,227,3,,False,
O01,velocity,228,1,,False,
O01,velocity,228,3,6,False,
O01,velocity,229,1,,False,
O01,velocity,229,3,6,False,
O01,velocity,230,1,,False,
O01,velocity,230,3,6,False,
O01,velocity,231,1,,False,
O01,velocity,231,3,6,False,
O01,velocity,232,1,7,False,
O01,velocity,232,3,6,False,
O01,velocity,233,1,7,False,
O01,velocity,233,3,,False,
O01,velocity,234,1,7,False,
O01,velocity,234,3,,False,
O01,velocity,235,1,7,False,
O01,velocity,235,3,,False,
O01,velocity,236,1,,False,
O01,velocity,236,3,,False,
O01,velocity,237,1,,False,
O01,velocity,237,3,,False,
O01,velocity,238,1,,False,
O01,velocity,238,3,,False,
O01,velocity,239,1,,False,
O01,velocity,239,3,,False,
O01,velocity,240,1,,False,
O01,velocity,240,3,,False,
O02,velocity,25,1,,True,absent_or_warmup
O02,velocity,25,2,1,False,
O02,velocity,26,1,,True,absent_or_warmup
O02,velocity,26,2,,False,
O02,velocity,27,1,,True,absent_or_warmup
O02,velocity,27,2,,False,
O02,velocity,28,1,,True,absent_or_warmup
O02,velocity,28,2,,False,
O02,velocity,29,1,,True,absent_or_warmup
O02,velocity,29,2,,False,
O02,velocity,30,1,,True,absent_or_warmup
O02,velocity,30,2,,False,
O02,velocity,31,1,,True,absent_or_warmup
O02,velocity,31,2,,False,
O02,velocity,32,1,,True,absent_or_warmup
O02,velocity,32,2,,False,
O02,velocity,33,1,,True,absent_or_warmup
O02,velocity,33,2,,False,
O02,velocity,34,1,,True,absent_or_warmup
O02,velocity,34,2,,False,
O02,velocity,35,1,,True,absent_or_warmup
O02,velocity,35,2,,False,
O02,velocity,36,1,,True,absent_or_warmup
O02,velocity,36,2,,False,
O02,velocity,37,1,,True,absent_or_warmup
O02,velocity,37,2,,False,
O02,velocity,38,1,,True,absent_or_warmup
O02,velocity,38,2,,False,
O02,velocity,39,1,,True,absent_or_warmup
O02,velocity,39,2,,False,
O02,velocity,40,1,,True,absent_or_warmup
O02,velocity,40,2,,False,
O02,velocity,41,1,,True,absent_or_warmup
O02,velocity,41,2,,False,
O02,velocity,42,1,,True,absent_or_warmup
O02,velocity,42,2,,False,
O02,velocity,43,1,,True,absent_or_warmup
O02,velocity,43,2,,False,
O02,velocity,44,1,,True,absent_or_warmup
O02,velocity,44,2,,False,
O02,velocity,45,1,,True,absent_or_warmup
O02,velocity,45,2,,False,
O02,velocity,46,1,,True,absent_or_warmup
O02,velocity,46,2,,False,
O02,velocity,47,1,,True,absent_or_warmup
O02,velocity,47,2,,False,
O02,velocity,48,1,,True,absent_or_warmup
O02,velocity,48,2,,False,
O02,velocity,49,1,,False,
O02,velocity,49,2,,False,
O02,velocity,50,1,,False,
O02,velocity,50,2,,False,
O02,velocity,51,1,,False,
O02,velocity,51,2,,False,
O02,velocity,52,1,,False,
O02,velocity,52,2,,False,
O02,velocity,53,1,5,False,
O02,velocity,53,2,,False,
O02,velocity,54,1,5,False,
O02,velocity,54,2,,False,
O02,velocity,55,1,5,False,
O02,velocity,55,2,,False,
O02,velocity,56,1,5,False,
O02,velocity,56,2,,False,
O02,velocity,57,1,5,False,
O02,velocity,57,2,,False,
O02,velocity,58,1,5,False,
O02,velocity,58,2,,False,
O02,velocity,59,1,5,False,
O02,velocity,59,2,,False,
O02,velocity,60,1,5,False,
O02,velocity,60,2,,False,
O02,velocity,61,1,5,False,
O02,velocity,61,2,,False,
O02,velocity,62,1,5,False,
O02,velocity,62,2,,False,
O02,velocity,63,1,5,False,
O02,velocity,63,2,,False,
O02,velocity,64,1,5,False,
O02,velocity,64,2,,False,
O02,velocity,65,1,5,False,
O02,velocity,65,2,,False,
O02,velocity,66,1,5,False,
O02,velocity,66,2,,False,
O02,velocity,67,1,5,False,
O02,velocity,67,2,,False,
O02,velocity,68,1,5,False,
O02,velocity,68,2,,False,
O02,velocity,69,1,5,False,
O02,velocity,69,2,,False,
O02,velocity,70,1,5,False,
O02,velocity,70,2,,False,
O02,velocity,71,1,5,False,
O02,velocity,71,2,,False,
O02,velocity,72,1,5,False,
O02,velocity,72,2,,False,
O02,velocity,73,1,5,False,
O02,velocity,73,2,,False,
O02,velocity,74,1,5,False,
O02,velocity,74,2,,False,
O02,velocity,75,1,5,False,
O02,velocity,75,2,,False,
O02,velocity,76,1,5,False,
O02,velocity,76,2,,False,
O02,velocity,77,1,5,False,
O02,velocity,77,2,,False,
O02,velocity,78,1,5,True,candidate_occlusion
O02,velocity,78,2,,True,candidate_occlusion
O02,velocity,79,1,5,True,candidate_occlusion
O02,velocity,79,2,,True,candidate_occlusion
O02,velocity,80,1,5,True,candidate_occlusion
O02,velocity,80,2,,True,candidate_occlusion
O02,velocity,81,1,5,True,candidate_occlusion
O02,velocity,81,2,,True,candidate_occlusion
O02,velocity,82,1,,True,candidate_occlusion
O02,velocity,82,2,,True,candidate_occlusion
O02,velocity,83,1,,True,candidate_occlusion
O02,velocity,83,2,,True,candidate_occlusion
O02,velocity,84,1,,True,candidate_occlusion
O02,velocity,84,2,,True,candidate_occlusion
O02,velocity,85,1,,True,candidate_occlusion
O02,velocity,85,2,,True,candidate_occlusion
O02,velocity,86,1,,True,candidate_occlusion
O02,velocity,86,2,,True,candidate_occlusion
O02,velocity,87,1,,True,candidate_occlusion
O02,velocity,87,2,,True,candidate_occlusion
O02,velocity,88,1,,True,candidate_occlusion
O02,velocity,88,2,,True,candidate_occlusion
O02,velocity,89,1,,True,candidate_occlusion
O02,velocity,89,2,,True,candidate_occlusion
O02,velocity,90,1,11,True,candidate_occlusion
O02,velocity,90,2,,True,candidate_occlusion
O02,velocity,91,1,11,True,candidate_occlusion
O02,velocity,91,2,,True,candidate_occlusion
O02,velocity,92,1,11,True,candidate_occlusion
O02,velocity,92,2,,True,candidate_occlusion
O02,velocity,93,1,11,True,candidate_occlusion
O02,velocity,93,2,,True,candidate_occlusion
O02,velocity,94,1,11,True,candidate_occlusion
O02,velocity,94,2,,True,candidate_occlusion
O02,velocity,95,1,11,True,candidate_occlusion
O02,velocity,95,2,,True,candidate_occlusion
O02,velocity,96,1,9,True,candidate_occlusion
O02,velocity,96,2,,True,candidate_occlusion
O02,velocity,97,1,9,False,
O02,velocity,97,2,,False,
O02,velocity,98,1,9,False,
O02,velocity,98,2,,False,
O02,velocity,99,1,9,False,
O02,velocity,99,2,,False,
O02,velocity,100,1,9,False,
O02,velocity,100,2,,False,
O02,velocity,101,1,9,False,
O02,velocity,101,2,,False,
O02,velocity,102,1,9,False,
O02,velocity,102,2,,False,
O02,velocity,103,1,12,False,
O02,velocity,103,2,,False,
O02,velocity,104,1,12,False,
O02,velocity,104,2,,False,
O02,velocity,105,1,12,False,
O02,velocity,105,2,,False,
O02,velocity,106,1,12,False,
O02,velocity,106,2,,False,
O02,velocity,107,1,7,False,
O02,velocity,107,2,,False,
O02,velocity,108,1,7,False,
O02,velocity,108,2,,False,
O02,velocity,109,1,7,False,
O02,velocity,109,2,,False,
O02,velocity,110,1,14,False,
O02,velocity,110,2,,False,
O02,velocity,111,1,14,False,
O02,velocity,111,2,,False,
O02,velocity,112,1,14,False,
O02,velocity,112,2,,False,
O02,velocity,113,1,14,False,
O02,velocity,113,2,,False,
O02,velocity,114,1,14,False,
O02,velocity,114,2,,False,
O02,velocity,115,1,14,False,
O02,velocity,115,2,,False,
O02,velocity,116,1,14,False,
O02,velocity,116,2,,False,
O02,velocity,117,1,14,False,
O02,velocity,117,2,,False,
O02,velocity,118,1,14,False,
O02,velocity,118,2,,False,
O02,velocity,119,1,14,False,
O02,velocity,119,2,,False,
O02,velocity,120,1,14,False,
O02,velocity,120,2,,False,
O02,velocity,121,1,14,False,
O02,velocity,121,2,,False,
O02,velocity,122,1,14,False,
O02,velocity,122,2,,False,
O02,velocity,123,1,14,False,
O02,velocity,123,2,13,False,
O02,velocity,124,1,14,False,
O02,velocity,124,2,13,False,
O02,velocity,125,1,14,False,
O02,velocity,125,2,13,False,
O02,velocity,126,1,14,False,
O02,velocity,126,2,13,False,
O02,velocity,127,1,14,False,
O02,velocity,127,2,13,False,
O02,velocity,128,1,14,False,
O02,velocity,128,2,,False,
O02,velocity,129,1,14,False,
O02,velocity,129,2,,False,
O02,velocity,130,1,14,False,
O02,velocity,130,2,,False,
O02,velocity,131,1,14,False,
O02,velocity,131,2,,False,
O02,velocity,132,1,14,False,
O02,velocity,132,2,,False,
O02,velocity,133,1,14,False,
O02,velocity,133,2,,False,
O02,velocity,134,1,7,False,
O02,velocity,134,2,,False,
O02,velocity,135,1,14,False,
O02,velocity,135,2,,False,
O02,velocity,136,1,14,False,
O02,velocity,136,2,,False,
O02,velocity,137,1,14,False,
O02,velocity,137,2,,False,
O02,velocity,138,1,,False,
O02,velocity,138,2,,False,
O02,velocity,139,1,,False,
O02,velocity,139,2,,False,
O02,velocity,140,1,,False,
O02,velocity,140,2,,False,
O02,velocity,141,1,,False,
O02,velocity,141,2,,False,
O02,velocity,142,1,,False,
O02,velocity,142,2,,False,
O02,velocity,143,1,,False,
O02,velocity,143,2,,False,
O02,velocity,144,1,14,False,
O02,velocity,144,2,,False,
O02,velocity,145,1,14,False,
O02,velocity,145,2,,False,
O02,velocity,146,1,14,False,
O02,velocity,146,2,,False,
O02,velocity,147,1,14,False,
O02,velocity,147,2,,False,
O02,velocity,148,1,14,False,
O02,velocity,148,2,,False,
O02,velocity,149,1,12,False,
O02,velocity,149,2,,False,
O02,velocity,150,1,12,False,
O02,velocity,150,2,,False,
O02,velocity,151,1,,False,
O02,velocity,151,2,,False,
O02,velocity,152,1,,False,
O02,velocity,152,2,,False,
O02,velocity,153,1,,False,
O02,velocity,153,2,,False,
O02,velocity,154,1,,False,
O02,velocity,154,2,,False,
O02,velocity,155,1,,False,
O02,velocity,155,2,,False,
O02,velocity,156,1,,False,
O02,velocity,156,2,,False,
O02,velocity,157,1,,False,
O02,velocity,157,2,,False,
O02,velocity,158,1,,False,
O02,velocity,158,2,,False,
O02,velocity,159,1,,False,
O02,velocity,159,2,,False,
O02,velocity,160,1,,False,
O02,velocity,160,2,,False,
O02,velocity,161,1,,False,
O02,velocity,161,2,,False,
O02,velocity,162,1,,False,
O02,velocity,162,2,,False,
O02,velocity,163,1,,False,
O02,velocity,163,2,,False,
O02,velocity,164,1,,False,
O02,velocity,164,2,,False,
O02,velocity,165,1,,False,
O02,velocity,165,2,,False,
O02,velocity,166,1,,False,
O02,velocity,166,2,,False,
O02,velocity,167,1,,False,
O02,velocity,167,2,,False,
O02,velocity,168,1,,False,
O02,velocity,168,2,18,False,
O02,velocity,169,1,14,False,
O02,velocity,169,2,18,False,
O02,velocity,170,1,14,False,
O02,velocity,170,2,,False,
O02,velocity,171,1,14,False,
O02,velocity,171,2,18,False,
O02,velocity,172,1,14,False,
O02,velocity,172,2,18,False,
O02,velocity,173,1,14,False,
O02,velocity,173,2,18,False,
O02,velocity,174,1,14,False,
O02,velocity,174,2,18,False,
O02,velocity,175,1,14,False,
O02,velocity,175,2,21,False,
O02,velocity,176,1,14,False,
O02,velocity,176,2,21,False,
O02,velocity,177,1,14,False,
O02,velocity,177,2,21,False,
O02,velocity,178,1,14,False,
O02,velocity,178,2,21,False,
O02,velocity,179,1,14,False,
O02,velocity,179,2,21,False,
O02,velocity,180,1,14,False,
O02,velocity,180,2,21,False,
O02,velocity,181,1,14,False,
O02,velocity,181,2,21,False,
O02,velocity,182,1,14,False,
O02,velocity,182,2,,False,
O02,velocity,183,1,14,False,
O02,velocity,183,2,,False,
O02,velocity,184,1,,False,
O02,velocity,184,2,12,False,
O02,velocity,185,1,,False,
O02,velocity,185,2,12,False,
O02,velocity,186,1,,False,
O02,velocity,186,2,12,False,
O02,velocity,187,1,,False,
O02,velocity,187,2,12,False,
O02,velocity,188,1,,False,
O02,velocity,188,2,12,False,
O02,velocity,189,1,,False,
O02,velocity,189,2,18,False,
O02,velocity,190,1,,False,
O02,velocity,190,2,18,False,
O02,velocity,191,1,,False,
O02,velocity,191,2,18,False,
O02,velocity,192,1,,False,
O02,velocity,192,2,18,False,
O02,velocity,193,1,,False,
O02,velocity,193,2,18,False,
O02,velocity,194,1,,False,
O02,velocity,194,2,18,False,
O02,velocity,195,1,,False,
O02,velocity,195,2,18,False,
O02,velocity,196,1,,False,
O02,velocity,196,2,,False,
O02,velocity,197,1,14,False,
O02,velocity,197,2,,False,
O02,velocity,198,1,14,False,
O02,velocity,198,2,,False,
O02,velocity,199,1,14,False,
O02,velocity,199,2,,False,
O02,velocity,200,1,14,False,
O02,velocity,200,2,,False,
O02,velocity,201,1,14,False,
O02,velocity,201,2,,False,
O02,velocity,202,1,14,False,
O02,velocity,202,2,,False,
O02,velocity,203,1,14,False,
O02,velocity,203,2,,False,
O02,velocity,204,1,14,False,
O02,velocity,204,2,,False,
O02,velocity,205,1,14,False,
O02,velocity,205,2,,False,
O02,velocity,206,1,14,False,
O02,velocity,206,2,,False,
O02,velocity,207,1,14,False,
O02,velocity,207,2,,False,
O02,velocity,208,1,14,False,
O02,velocity,208,2,,False,
O02,velocity,209,1,,False,
O02,velocity,209,2,,False,
O02,velocity,210,1,,False,
O02,velocity,210,2,,False,
O02,velocity,211,1,,False,
O02,velocity,211,2,,False,
O02,velocity,212,1,,False,
O02,velocity,212,2,,False,
O02,velocity,213,1,,False,
O02,velocity,213,2,,False,
O02,velocity,214,1,,False,
O02,velocity,214,2,,False,
O02,velocity,215,1,,False,
O02,velocity,215,2,,False,
O02,velocity,216,1,,False,
O02,velocity,216,2,,False,
O02,velocity,217,1,,False,
O02,velocity,217,2,,False,
O02,velocity,218,1,,False,
O02,velocity,218,2,,False,
O02,velocity,219,1,,False,
O02,velocity,219,2,,False,
O02,velocity,220,1,,False,
O02,velocity,220,2,,False,
O02,velocity,221,1,,False,
O02,velocity,221,2,,False,
O02,velocity,222,1,,False,
O02,velocity,222,2,,False,
O02,velocity,223,1,14,False,
O02,velocity,223,2,,False,
O02,velocity,224,1,14,False,
O02,velocity,224,2,,False,
O03,velocity,25,1,,False,
O03,velocity,25,2,1,False,
O03,velocity,26,1,,False,
O03,velocity,26,2,1,False,
O03,velocity,27,1,,False,
O03,velocity,27,2,1,False,
O03,velocity,28,1,,False,
O03,velocity,28,2,,False,
O03,velocity,29,1,,False,
O03,velocity,29,2,1,False,
O03,velocity,30,1,,False,
O03,velocity,30,2,1,False,
O03,velocity,31,1,,False,
O03,velocity,31,2,2,False,
O03,velocity,32,1,,False,
O03,velocity,32,2,2,False,
O03,velocity,33,1,,False,
O03,velocity,33,2,1,False,
O03,velocity,34,1,,False,
O03,velocity,34,2,1,False,
O03,velocity,35,1,,False,
O03,velocity,35,2,1,False,
O03,velocity,36,1,,False,
O03,velocity,36,2,1,False,
O03,velocity,37,1,,False,
O03,velocity,37,2,,False,
O03,velocity,38,1,,False,
O03,velocity,38,2,,False,
O03,velocity,39,1,,False,
O03,velocity,39,2,,False,
O03,velocity,40,1,,False,
O03,velocity,40,2,,False,
O03,velocity,41,1,,False,
O03,velocity,41,2,,False,
O03,velocity,42,1,,False,
O03,velocity,42,2,,False,
O03,velocity,43,1,,False,
O03,velocity,43,2,1,False,
O03,velocity,44,1,,False,
O03,velocity,44,2,2,False,
O03,velocity,45,1,,False,
O03,velocity,45,2,1,False,
O03,velocity,46,1,,False,
O03,velocity,46,2,1,False,
O03,velocity,47,1,,False,
O03,velocity,47,2,1,False,
O03,velocity,48,1,,False,
O03,velocity,48,2,1,False,
O03,velocity,49,1,,False,
O03,velocity,49,2,,False,
O03,velocity,50,1,,False,
O03,velocity,50,2,1,False,
O03,velocity,51,1,,False,
O03,velocity,51,2,,False,
O03,velocity,52,1,,False,
O03,velocity,52,2,,False,
O03,velocity,53,1,,False,
O03,velocity,53,2,,False,
O03,velocity,54,1,,False,
O03,velocity,54,2,,False,
O03,velocity,55,1,,False,
O03,velocity,55,2,,False,
O03,velocity,56,1,,False,
O03,velocity,56,2,,False,
O03,velocity,57,1,,False,
O03,velocity,57,2,,False,
O03,velocity,58,1,,False,
O03,velocity,58,2,,False,
O03,velocity,59,1,,False,
O03,velocity,59,2,,False,
O03,velocity,60,1,,False,
O03,velocity,60,2,,False,
O03,velocity,61,1,,False,
O03,velocity,61,2,,False,
O03,velocity,62,1,,False,
O03,velocity,62,2,,False,
O03,velocity,63,1,,False,
O03,velocity,63,2,,False,
O03,velocity,64,1,,False,
O03,velocity,64,2,,False,
O03,velocity,65,1,,False,
O03,velocity,65,2,,False,
O03,velocity,66,1,,False,
O03,velocity,66,2,,False,
O03,velocity,67,1,,False,
O03,velocity,67,2,,False,
O03,velocity,68,1,,False,
O03,velocity,68,2,,False,
O03,velocity,69,1,,False,
O03,velocity,69,2,,False,
O03,velocity,70,1,,False,
O03,velocity,70,2,,False,
O03,velocity,71,1,,False,
O03,velocity,71,2,,False,
O03,velocity,72,1,,False,
O03,velocity,72,2,,False,
O03,velocity,73,1,,False,
O03,velocity,73,2,,False,
O03,velocity,74,1,,False,
O03,velocity,74,2,,False,
O03,velocity,75,1,,False,
O03,velocity,75,2,,False,
O03,velocity,76,1,,False,
O03,velocity,76,2,,False,
O03,velocity,77,1,,False,
O03,velocity,77,2,,False,
O03,velocity,78,1,,False,
O03,velocity,78,2,,False,
O03,velocity,79,1,,False,
O03,velocity,79,2,,False,
O03,velocity,80,1,,False,
O03,velocity,80,2,,False,
O03,velocity,81,1,,False,
O03,velocity,81,2,,False,
O03,velocity,82,1,,False,
O03,velocity,82,2,,False,
O03,velocity,83,1,,False,
O03,velocity,83,2,,False,
O03,velocity,84,1,,False,
O03,velocity,84,2,,False,
O03,velocity,85,1,,False,
O03,velocity,85,2,,False,
O03,velocity,86,1,,False,
O03,velocity,86,2,,False,
O03,velocity,87,1,,False,
O03,velocity,87,2,,False,
O03,velocity,88,1,,False,
O03,velocity,88,2,,False,
O03,velocity,89,1,,False,
O03,velocity,89,2,,False,
O03,velocity,90,1,,False,
O03,velocity,90,2,,False,
O03,velocity,91,1,,False,
O03,velocity,91,2,,False,
O03,velocity,92,1,,False,
O03,velocity,92,2,,False,
O03,velocity,93,1,,False,
O03,velocity,93,2,,False,
O03,velocity,94,1,,False,
O03,velocity,94,2,,False,
O03,velocity,95,1,,False,
O03,velocity,95,2,,False,
O03,velocity,96,1,,False,
O03,velocity,96,2,,False,
O03,velocity,97,1,,False,
O03,velocity,97,2,,False,
O03,velocity,98,1,,False,
O03,velocity,98,2,,False,
O03,velocity,99,1,,True,candidate_occlusion
O03,velocity,99,2,,True,candidate_occlusion
O03,velocity,100,1,,True,candidate_occlusion
O03,velocity,100,2,,True,candidate_occlusion
O03,velocity,101,1,,True,candidate_occlusion
O03,velocity,101,2,,True,candidate_occlusion
O03,velocity,102,1,,True,candidate_occlusion
O03,velocity,102,2,,True,candidate_occlusion
O03,velocity,103,1,,True,candidate_occlusion
O03,velocity,103,2,,True,candidate_occlusion
O03,velocity,104,1,,True,candidate_occlusion
O03,velocity,104,2,,True,candidate_occlusion
O03,velocity,105,1,,True,candidate_occlusion
O03,velocity,105,2,,True,candidate_occlusion
O03,velocity,106,1,,True,candidate_occlusion
O03,velocity,106,2,,True,candidate_occlusion
O03,velocity,107,1,,True,candidate_occlusion
O03,velocity,107,2,,True,candidate_occlusion
O03,velocity,108,1,,True,candidate_occlusion
O03,velocity,108,2,,True,candidate_occlusion
O03,velocity,109,1,,True,candidate_occlusion
O03,velocity,109,2,,True,candidate_occlusion
O03,velocity,110,1,,True,candidate_occlusion
O03,velocity,110,2,,True,candidate_occlusion
O03,velocity,111,1,,True,candidate_occlusion
O03,velocity,111,2,,True,candidate_occlusion
O03,velocity,112,1,,True,candidate_occlusion
O03,velocity,112,2,,True,candidate_occlusion
O03,velocity,113,1,,True,candidate_occlusion
O03,velocity,113,2,,True,candidate_occlusion
O03,velocity,114,1,,True,candidate_occlusion
O03,velocity,114,2,,True,candidate_occlusion
O03,velocity,115,1,,True,candidate_occlusion
O03,velocity,115,2,,True,candidate_occlusion
O03,velocity,116,1,,True,candidate_occlusion
O03,velocity,116,2,,True,candidate_occlusion
O03,velocity,117,1,,True,candidate_occlusion
O03,velocity,117,2,,True,candidate_occlusion
O03,velocity,118,1,,True,candidate_occlusion
O03,velocity,118,2,,True,candidate_occlusion
O03,velocity,119,1,,True,candidate_occlusion
O03,velocity,119,2,,True,candidate_occlusion
O03,velocity,120,1,,True,candidate_occlusion
O03,velocity,120,2,,True,candidate_occlusion
O03,velocity,121,1,,True,candidate_occlusion
O03,velocity,121,2,,True,candidate_occlusion
O03,velocity,122,1,,True,candidate_occlusion
O03,velocity,122,2,,True,candidate_occlusion
O03,velocity,123,1,,True,candidate_occlusion
O03,velocity,123,2,,True,candidate_occlusion
O03,velocity,124,1,,True,candidate_occlusion
O03,velocity,124,2,,True,candidate_occlusion
O03,velocity,125,1,,True,candidate_occlusion
O03,velocity,125,2,,True,candidate_occlusion
O03,velocity,126,1,,True,candidate_occlusion
O03,velocity,126,2,,True,candidate_occlusion
O03,velocity,127,1,,True,candidate_occlusion
O03,velocity,127,2,,True,candidate_occlusion
O03,velocity,128,1,,True,candidate_occlusion
O03,velocity,128,2,,True,candidate_occlusion
O03,velocity,129,1,,True,candidate_occlusion
O03,velocity,129,2,,True,candidate_occlusion
O03,velocity,130,1,,True,candidate_occlusion
O03,velocity,130,2,,True,candidate_occlusion
O03,velocity,131,1,,True,candidate_occlusion
O03,velocity,131,2,,True,candidate_occlusion
O03,velocity,132,1,,True,candidate_occlusion
O03,velocity,132,2,,True,candidate_occlusion
O03,velocity,133,1,,True,candidate_occlusion
O03,velocity,133,2,,True,candidate_occlusion
O03,velocity,134,1,,True,candidate_occlusion
O03,velocity,134,2,,True,candidate_occlusion
O03,velocity,135,1,,True,candidate_occlusion
O03,velocity,135,2,,True,candidate_occlusion
O03,velocity,136,1,,True,candidate_occlusion
O03,velocity,136,2,,True,candidate_occlusion
O03,velocity,137,1,,True,candidate_occlusion
O03,velocity,137,2,,True,candidate_occlusion
O03,velocity,138,1,,False,
O03,velocity,138,2,,False,
O03,velocity,139,1,,False,
O03,velocity,139,2,,False,
O03,velocity,140,1,,False,
O03,velocity,140,2,,False,
O03,velocity,141,1,3,False,
O03,velocity,141,2,,False,
O03,velocity,142,1,,False,
O03,velocity,142,2,,False,
O03,velocity,143,1,,False,
O03,velocity,143,2,,False,
O03,velocity,144,1,,False,
O03,velocity,144,2,,False,
O03,velocity,145,1,,False,
O03,velocity,145,2,,False,
O03,velocity,146,1,3,False,
O03,velocity,146,2,,False,
O03,velocity,147,1,3,False,
O03,velocity,147,2,4,False,
O03,velocity,148,1,3,False,
O03,velocity,148,2,,False,
O03,velocity,149,1,3,False,
O03,velocity,149,2,,False,
O03,velocity,150,1,3,False,
O03,velocity,150,2,,False,
O03,velocity,151,1,3,False,
O03,velocity,151,2,,False,
O03,velocity,152,1,3,False,
O03,velocity,152,2,,False,
O03,velocity,153,1,3,False,
O03,velocity,153,2,,False,
O03,velocity,154,1,3,False,
O03,velocity,154,2,,False,
O03,velocity,155,1,3,False,
O03,velocity,155,2,,False,
O03,velocity,156,1,3,False,
O03,velocity,156,2,,False,
O03,velocity,157,1,3,False,
O03,velocity,157,2,,False,
O03,velocity,158,1,3,False,
O03,velocity,158,2,,False,
O03,velocity,159,1,3,False,
O03,velocity,159,2,4,False,
O03,velocity,160,1,3,False,
O03,velocity,160,2,4,False,
O03,velocity,161,1,3,False,
O03,velocity,161,2,4,False,
O03,velocity,162,1,3,False,
O03,velocity,162,2,,False,
O03,velocity,163,1,3,False,
O03,velocity,163,2,,False,
O03,velocity,164,1,3,False,
O03,velocity,164,2,,False,
O03,velocity,165,1,3,False,
O03,velocity,165,2,,False,
O03,velocity,166,1,3,False,
O03,velocity,166,2,,False,
O03,velocity,167,1,3,False,
O03,velocity,167,2,,False,
O03,velocity,168,1,3,False,
O03,velocity,168,2,,False,
O03,velocity,169,1,3,False,
O03,velocity,169,2,,False,
O03,velocity,170,1,,False,
O03,velocity,170,2,,False,
O03,velocity,171,1,,False,
O03,velocity,171,2,4,False,
O03,velocity,172,1,,False,
O03,velocity,172,2,4,False,
O03,velocity,173,1,,False,
O03,velocity,173,2,4,False,
O03,velocity,174,1,3,False,
O03,velocity,174,2,,False,
O03,velocity,175,1,3,False,
O03,velocity,175,2,,False,
O03,velocity,176,1,3,False,
O03,velocity,176,2,,False,
O03,velocity,177,1,3,False,
O03,velocity,177,2,4,False,
O03,velocity,178,1,3,False,
O03,velocity,178,2,4,False,
O03,velocity,179,1,3,False,
O03,velocity,179,2,,False,
O03,velocity,180,1,3,False,
O03,velocity,180,2,,False,
O03,velocity,181,1,3,False,
O03,velocity,181,2,4,False,
O03,velocity,182,1,3,False,
O03,velocity,182,2,,False,
O03,velocity,183,1,3,False,
O03,velocity,183,2,4,False,
O03,velocity,184,1,3,False,
O03,velocity,184,2,4,False,
O03,velocity,185,1,,False,
O03,velocity,185,2,4,False,
O03,velocity,186,1,,False,
O03,velocity,186,2,4,False,
O03,velocity,187,1,,False,
O03,velocity,187,2,4,False,
O03,velocity,188,1,,False,
O03,velocity,188,2,4,False,
O03,velocity,189,1,,False,
O03,velocity,189,2,4,False,
O03,velocity,190,1,,False,
O03,velocity,190,2,4,False,
O03,velocity,191,1,,False,
O03,velocity,191,2,4,False,
O03,velocity,192,1,,False,
O03,velocity,192,2,4,False,
O03,velocity,193,1,,False,
O03,velocity,193,2,4,False,
O03,velocity,194,1,,False,
O03,velocity,194,2,4,False,
O03,velocity,195,1,,False,
O03,velocity,195,2,4,False,
O03,velocity,196,1,,False,
O03,velocity,196,2,4,False,
O03,velocity,197,1,,False,
O03,velocity,197,2,4,False,
O03,velocity,198,1,,False,
O03,velocity,198,2,4,False,
O03,velocity,199,1,,False,
O03,velocity,199,2,4,False,
O03,velocity,200,1,,False,
O03,velocity,200,2,4,False,
O03,velocity,201,1,,False,
O03,velocity,201,2,4,False,
O03,velocity,202,1,,False,
O03,velocity,202,2,4,False,
O03,velocity,203,1,,False,
O03,velocity,203,2,4,False,
O03,velocity,204,1,,False,
O03,velocity,204,2,,False,
O03,velocity,205,1,,False,
O03,velocity,205,2,,False,
O03,velocity,206,1,,False,
O03,velocity,206,2,,False,
O03,velocity,207,1,,False,
O03,velocity,207,2,,False,
O03,velocity,208,1,,False,
O03,velocity,208,2,,False,
O03,velocity,209,1,,False,
O03,velocity,209,2,,False,
O03,velocity,210,1,4,False,
O03,velocity,210,2,,False,
O03,velocity,211,1,,False,
O03,velocity,211,2,,False,
O03,velocity,212,1,,False,
O03,velocity,212,2,,False,
O03,velocity,213,1,,False,
O03,velocity,213,2,,False,
O03,velocity,214,1,,False,
O03,velocity,214,2,,False,
O03,velocity,215,1,,False,
O03,velocity,215,2,,False,
O03,velocity,216,1,4,False,
O03,velocity,216,2,,False,
O03,velocity,217,1,,False,
O03,velocity,217,2,,False,
O03,velocity,218,1,,False,
O03,velocity,218,2,,False,
O03,velocity,219,1,4,False,
O03,velocity,219,2,,False,
O03,velocity,220,1,4,False,
O03,velocity,220,2,,False,
O03,velocity,221,1,,False,
O03,velocity,221,2,,False,
O03,velocity,222,1,,False,
O03,velocity,222,2,,False,
O03,velocity,223,1,,False,
O03,velocity,223,2,,False,
O03,velocity,224,1,,False,
O03,velocity,224,2,,False,
O04,velocity,25,6,1,False,
O04,velocity,25,7,,False,
O04,velocity,26,6,1,False,
O04,velocity,26,7,,False,
O04,velocity,27,6,1,False,
O04,velocity,27,7,,False,
O04,velocity,28,6,1,False,
O04,velocity,28,7,,False,
O04,velocity,29,6,1,False,
O04,velocity,29,7,,False,
O04,velocity,30,6,1,False,
O04,velocity,30,7,,False,
O04,velocity,31,6,1,False,
O04,velocity,31,7,,False,
O04,velocity,32,6,1,False,
O04,velocity,32,7,,False,
O04,velocity,33,6,1,False,
O04,velocity,33,7,,False,
O04,velocity,34,6,1,False,
O04,velocity,34,7,,False,
O04,velocity,35,6,1,False,
O04,velocity,35,7,,False,
O04,velocity,36,6,1,False,
O04,velocity,36,7,,False,
O04,velocity,37,6,1,False,
O04,velocity,37,7,,False,
O04,velocity,38,6,1,False,
O04,velocity,38,7,,False,
O04,velocity,39,6,1,False,
O04,velocity,39,7,,False,
O04,velocity,40,6,1,False,
O04,velocity,40,7,,False,
O04,velocity,41,6,1,False,
O04,velocity,41,7,,False,
O04,velocity,42,6,1,False,
O04,velocity,42,7,,False,
O04,velocity,43,6,1,False,
O04,velocity,43,7,,False,
O04,velocity,44,6,1,False,
O04,velocity,44,7,,False,
O04,velocity,45,6,1,False,
O04,velocity,45,7,,False,
O04,velocity,46,6,1,False,
O04,velocity,46,7,,False,
O04,velocity,47,6,1,False,
O04,velocity,47,7,,False,
O04,velocity,48,6,1,False,
O04,velocity,48,7,,False,
O04,velocity,49,6,1,False,
O04,velocity,49,7,,False,
O04,velocity,50,6,1,False,
O04,velocity,50,7,,False,
O04,velocity,51,6,1,False,
O04,velocity,51,7,,False,
O04,velocity,52,6,1,False,
O04,velocity,52,7,,False,
O04,velocity,53,6,1,False,
O04,velocity,53,7,,False,
O04,velocity,54,6,1,False,
O04,velocity,54,7,,False,
O04,velocity,55,6,1,False,
O04,velocity,55,7,,False,
O04,velocity,56,6,1,False,
O04,velocity,56,7,,False,
O04,velocity,57,6,1,False,
O04,velocity,57,7,,False,
O04,velocity,58,6,1,False,
O04,velocity,58,7,,False,
O04,velocity,59,6,1,False,
O04,velocity,59,7,,False,
O04,velocity,60,6,1,False,
O04,velocity,60,7,,False,
O04,velocity,61,6,1,False,
O04,velocity,61,7,,False,
O04,velocity,62,6,1,False,
O04,velocity,62,7,,False,
O04,velocity,63,6,1,False,
O04,velocity,63,7,,False,
O04,velocity,64,6,1,False,
O04,velocity,64,7,,False,
O04,velocity,65,6,1,False,
O04,velocity,65,7,,False,
O04,velocity,66,6,1,False,
O04,velocity,66,7,,False,
O04,velocity,67,6,1,False,
O04,velocity,67,7,,False,
O04,velocity,68,6,1,False,
O04,velocity,68,7,,False,
O04,velocity,69,6,1,False,
O04,velocity,69,7,,False,
O04,velocity,70,6,1,False,
O04,velocity,70,7,,False,
O04,velocity,71,6,1,False,
O04,velocity,71,7,,False,
O04,velocity,72,6,1,False,
O04,velocity,72,7,,False,
O04,velocity,73,6,1,False,
O04,velocity,73,7,,False,
O04,velocity,74,6,1,False,
O04,velocity,74,7,,False,
O04,velocity,75,6,1,False,
O04,velocity,75,7,,False,
O04,velocity,76,6,1,False,
O04,velocity,76,7,,False,
O04,velocity,77,6,1,False,
O04,velocity,77,7,,False,
O04,velocity,78,6,1,False,
O04,velocity,78,7,,False,
O04,velocity,79,6,1,False,
O04,velocity,79,7,,False,
O04,velocity,80,6,1,False,
O04,velocity,80,7,,False,
O04,velocity,81,6,1,False,
O04,velocity,81,7,,False,
O04,velocity,82,6,1,False,
O04,velocity,82,7,,False,
O04,velocity,83,6,1,False,
O04,velocity,83,7,,False,
O04,velocity,84,6,1,False,
O04,velocity,84,7,,False,
O04,velocity,85,6,1,False,
O04,velocity,85,7,,False,
O04,velocity,86,6,1,False,
O04,velocity,86,7,,False,
O04,velocity,87,6,1,False,
O04,velocity,87,7,,False,
O04,velocity,88,6,1,False,
O04,velocity,88,7,,False,
O04,velocity,89,6,,False,
O04,velocity,89,7,1,False,
O04,velocity,90,6,,False,
O04,velocity,90,7,1,False,
O04,velocity,91,6,,False,
O04,velocity,91,7,1,False,
O04,velocity,92,6,,False,
O04,velocity,92,7,1,False,
O04,velocity,93,6,,False,
O04,velocity,93,7,1,False,
O04,velocity,94,6,,False,
O04,velocity,94,7,1,False,
O04,velocity,95,6,1,False,
O04,velocity,95,7,,False,
O04,velocity,96,6,1,True,candidate_occlusion
O04,velocity,96,7,,True,candidate_occlusion
O04,velocity,97,6,,True,candidate_occlusion
O04,velocity,97,7,,True,candidate_occlusion
O04,velocity,98,6,,True,candidate_occlusion
O04,velocity,98,7,,True,candidate_occlusion
O04,velocity,99,6,,True,candidate_occlusion
O04,velocity,99,7,,True,candidate_occlusion
O04,velocity,100,6,,True,candidate_occlusion
O04,velocity,100,7,,True,candidate_occlusion
O04,velocity,101,6,,True,candidate_occlusion
O04,velocity,101,7,,True,candidate_occlusion
O04,velocity,102,6,,True,candidate_occlusion
O04,velocity,102,7,,True,candidate_occlusion
O04,velocity,103,6,,True,candidate_occlusion
O04,velocity,103,7,,True,candidate_occlusion
O04,velocity,104,6,,True,candidate_occlusion
O04,velocity,104,7,,True,candidate_occlusion
O04,velocity,105,6,,True,candidate_occlusion
O04,velocity,105,7,,True,candidate_occlusion
O04,velocity,106,6,,True,candidate_occlusion
O04,velocity,106,7,,True,candidate_occlusion
O04,velocity,107,6,,True,candidate_occlusion
O04,velocity,107,7,,True,candidate_occlusion
O04,velocity,108,6,,True,candidate_occlusion
O04,velocity,108,7,,True,candidate_occlusion
O04,velocity,109,6,,True,candidate_occlusion
O04,velocity,109,7,,True,candidate_occlusion
O04,velocity,110,6,,True,candidate_occlusion
O04,velocity,110,7,,True,candidate_occlusion
O04,velocity,111,6,,True,candidate_occlusion
O04,velocity,111,7,,True,candidate_occlusion
O04,velocity,112,6,,True,candidate_occlusion
O04,velocity,112,7,,True,candidate_occlusion
O04,velocity,113,6,,True,candidate_occlusion
O04,velocity,113,7,,True,candidate_occlusion
O04,velocity,114,6,,True,candidate_occlusion
O04,velocity,114,7,,True,candidate_occlusion
O04,velocity,115,6,,True,candidate_occlusion
O04,velocity,115,7,,True,candidate_occlusion
O04,velocity,116,6,,True,candidate_occlusion
O04,velocity,116,7,,True,candidate_occlusion
O04,velocity,117,6,,True,candidate_occlusion
O04,velocity,117,7,,True,candidate_occlusion
O04,velocity,118,6,,True,candidate_occlusion
O04,velocity,118,7,,True,candidate_occlusion
O04,velocity,119,6,,True,candidate_occlusion
O04,velocity,119,7,,True,candidate_occlusion
O04,velocity,120,6,,True,candidate_occlusion
O04,velocity,120,7,,True,candidate_occlusion
O04,velocity,121,6,,True,candidate_occlusion
O04,velocity,121,7,,True,candidate_occlusion
O04,velocity,122,6,,True,candidate_occlusion
O04,velocity,122,7,,True,candidate_occlusion
O04,velocity,123,6,,True,candidate_occlusion
O04,velocity,123,7,,True,candidate_occlusion
O04,velocity,124,6,,True,candidate_occlusion
O04,velocity,124,7,,True,candidate_occlusion
O04,velocity,125,6,,True,candidate_occlusion
O04,velocity,125,7,,True,candidate_occlusion
O04,velocity,126,6,,True,candidate_occlusion
O04,velocity,126,7,,True,candidate_occlusion
O04,velocity,127,6,,False,
O04,velocity,127,7,,False,
O04,velocity,128,6,2,False,
O04,velocity,128,7,,False,
O04,velocity,129,6,,False,
O04,velocity,129,7,,False,
O04,velocity,130,6,,False,
O04,velocity,130,7,,False,
O04,velocity,131,6,,False,
O04,velocity,131,7,,False,
O04,velocity,132,6,,False,
O04,velocity,132,7,,False,
O04,velocity,133,6,,False,
O04,velocity,133,7,,False,
O04,velocity,134,6,,False,
O04,velocity,134,7,,False,
O04,velocity,135,6,,False,
O04,velocity,135,7,,False,
O04,velocity,136,6,,False,
O04,velocity,136,7,,False,
O04,velocity,137,6,,False,
O04,velocity,137,7,,False,
O04,velocity,138,6,,False,
O04,velocity,138,7,,False,
O04,velocity,139,6,,False,
O04,velocity,139,7,,False,
O04,velocity,140,6,,False,
O04,velocity,140,7,,False,
O04,velocity,141,6,,False,
O04,velocity,141,7,,False,
O04,velocity,142,6,,False,
O04,velocity,142,7,,False,
O04,velocity,143,6,,False,
O04,velocity,143,7,,False,
O04,velocity,144,6,,False,
O04,velocity,144,7,,False,
O04,velocity,145,6,,False,
O04,velocity,145,7,,False,
O04,velocity,146,6,,False,
O04,velocity,146,7,,False,
O04,velocity,147,6,,False,
O04,velocity,147,7,,False,
O04,velocity,148,6,3,False,
O04,velocity,148,7,,False,
O04,velocity,149,6,3,False,
O04,velocity,149,7,,False,
O04,velocity,150,6,3,False,
O04,velocity,150,7,,False,
O04,velocity,151,6,3,False,
O04,velocity,151,7,,False,
O04,velocity,152,6,3,False,
O04,velocity,152,7,,False,
O04,velocity,153,6,3,False,
O04,velocity,153,7,,False,
O04,velocity,154,6,3,False,
O04,velocity,154,7,,False,
O04,velocity,155,6,3,False,
O04,velocity,155,7,,False,
O04,velocity,156,6,3,False,
O04,velocity,156,7,,False,
O04,velocity,157,6,3,False,
O04,velocity,157,7,,False,
O04,velocity,158,6,3,False,
O04,velocity,158,7,4,False,
O04,velocity,159,6,3,False,
O04,velocity,159,7,4,False,
O04,velocity,160,6,3,False,
O04,velocity,160,7,4,False,
O04,velocity,161,6,3,False,
O04,velocity,161,7,4,False,
O04,velocity,162,6,3,False,
O04,velocity,162,7,4,False,
O04,velocity,163,6,3,False,
O04,velocity,163,7,4,False,
O04,velocity,164,6,3,False,
O04,velocity,164,7,4,False,
O04,velocity,165,6,3,False,
O04,velocity,165,7,4,False,
O04,velocity,166,6,3,False,
O04,velocity,166,7,4,False,
O04,velocity,167,6,3,False,
O04,velocity,167,7,4,False,
O04,velocity,168,6,3,False,
O04,velocity,168,7,4,False,
O04,velocity,169,6,3,False,
O04,velocity,169,7,4,False,
O04,velocity,170,6,3,False,
O04,velocity,170,7,4,False,
O04,velocity,171,6,3,False,
O04,velocity,171,7,4,False,
O04,velocity,172,6,3,False,
O04,velocity,172,7,4,False,
O04,velocity,173,6,3,False,
O04,velocity,173,7,4,False,
O04,velocity,174,6,3,False,
O04,velocity,174,7,4,False,
O04,velocity,175,6,3,False,
O04,velocity,175,7,4,False,
O04,velocity,176,6,3,False,
O04,velocity,176,7,4,False,
O04,velocity,177,6,3,False,
O04,velocity,177,7,4,False,
O04,velocity,178,6,3,False,
O04,velocity,178,7,4,False,
O04,velocity,179,6,3,False,
O04,velocity,179,7,4,False,
O04,velocity,180,6,3,False,
O04,velocity,180,7,,False,
O04,velocity,181,6,3,False,
O04,velocity,181,7,4,False,
O04,velocity,182,6,3,False,
O04,velocity,182,7,4,False,
O04,velocity,183,6,3,False,
O04,velocity,183,7,4,False,
O04,velocity,184,6,3,False,
O04,velocity,184,7,,False,
O04,velocity,185,6,3,False,
O04,velocity,185,7,,False,
O04,velocity,186,6,3,False,
O04,velocity,186,7,4,False,
O04,velocity,187,6,3,False,
O04,velocity,187,7,,False,
O04,velocity,188,6,3,False,
O04,velocity,188,7,,False,
O04,velocity,189,6,3,False,
O04,velocity,189,7,,False,
O04,velocity,190,6,3,False,
O04,velocity,190,7,,False,
O04,velocity,191,6,3,False,
O04,velocity,191,7,,False,
O04,velocity,192,6,3,False,
O04,velocity,192,7,,False,
O04,velocity,193,6,3,False,
O04,velocity,193,7,,False,
O04,velocity,194,6,3,False,
O04,velocity,194,7,,False,
O04,velocity,195,6,3,False,
O04,velocity,195,7,,False,
O04,velocity,196,6,3,False,
O04,velocity,196,7,,False,
O04,velocity,197,6,3,False,
O04,velocity,197,7,,False,
O04,velocity,198,6,3,False,
O04,velocity,198,7,,False,
O04,velocity,199,6,3,False,
O04,velocity,199,7,,False,
O04,velocity,200,6,3,False,
O04,velocity,200,7,,False,
O04,velocity,201,6,3,False,
O04,velocity,201,7,,False,
O04,velocity,202,6,3,False,
O04,velocity,202,7,,False,
O04,velocity,203,6,3,False,
O04,velocity,203,7,,False,
O04,velocity,204,6,3,False,
O04,velocity,204,7,,False,
O04,velocity,205,6,3,False,
O04,velocity,205,7,,False,
O04,velocity,206,6,3,False,
O04,velocity,206,7,,False,
O04,velocity,207,6,3,False,
O04,velocity,207,7,,False,
O04,velocity,208,6,3,False,
O04,velocity,208,7,,False,
O04,velocity,209,6,3,False,
O04,velocity,209,7,,False,
O04,velocity,210,6,3,False,
O04,velocity,210,7,,False,
O04,velocity,211,6,3,False,
O04,velocity,211,7,,False,
O04,velocity,212,6,,False,
O04,velocity,212,7,,False,
O04,velocity,213,6,,False,
O04,velocity,213,7,,False,
O04,velocity,214,6,,False,
O04,velocity,214,7,,False,
O04,velocity,215,6,3,False,
O04,velocity,215,7,,False,
O04,velocity,216,6,3,False,
O04,velocity,216,7,,False,
O04,velocity,217,6,3,False,
O04,velocity,217,7,,False,
O04,velocity,218,6,3,False,
O04,velocity,218,7,,False,
O04,velocity,219,6,3,False,
O04,velocity,219,7,,False,
O04,velocity,220,6,3,False,
O04,velocity,220,7,,False,
O04,velocity,221,6,3,False,
O04,velocity,221,7,,False,
O04,velocity,222,6,3,False,
O04,velocity,222,7,,False,
O04,velocity,223,6,3,False,
O04,velocity,223,7,,False,
O04,velocity,224,6,3,False,
O04,velocity,224,7,,False,
O05,velocity,25,3,1,False,
O05,velocity,25,4,,False,
O05,velocity,26,3,1,False,
O05,velocity,26,4,,False,
O05,velocity,27,3,1,False,
O05,velocity,27,4,,False,
O05,velocity,28,3,1,False,
O05,velocity,28,4,,False,
O05,velocity,29,3,1,False,
O05,velocity,29,4,,False,
O05,velocity,30,3,1,False,
O05,velocity,30,4,,False,
O05,velocity,31,3,1,False,
O05,velocity,31,4,,False,
O05,velocity,32,3,1,False,
O05,velocity,32,4,,False,
O05,velocity,33,3,1,False,
O05,velocity,33,4,,False,
O05,velocity,34,3,1,False,
O05,velocity,34,4,,False,
O05,velocity,35,3,1,False,
O05,velocity,35,4,,False,
O05,velocity,36,3,,False,
O05,velocity,36,4,,False,
O05,velocity,37,3,1,False,
O05,velocity,37,4,,False,
O05,velocity,38,3,,False,
O05,velocity,38,4,,False,
O05,velocity,39,3,1,False,
O05,velocity,39,4,,False,
O05,velocity,40,3,1,False,
O05,velocity,40,4,,False,
O05,velocity,41,3,1,False,
O05,velocity,41,4,,False,
O05,velocity,42,3,,False,
O05,velocity,42,4,,False,
O05,velocity,43,3,1,False,
O05,velocity,43,4,,False,
O05,velocity,44,3,1,False,
O05,velocity,44,4,,False,
O05,velocity,45,3,1,False,
O05,velocity,45,4,,False,
O05,velocity,46,3,1,False,
O05,velocity,46,4,,False,
O05,velocity,47,3,1,False,
O05,velocity,47,4,,False,
O05,velocity,48,3,,False,
O05,velocity,48,4,,False,
O05,velocity,49,3,,False,
O05,velocity,49,4,,False,
O05,velocity,50,3,,True,candidate_occlusion
O05,velocity,50,4,,True,candidate_occlusion
O05,velocity,51,3,1,True,candidate_occlusion
O05,velocity,51,4,,True,candidate_occlusion
O05,velocity,52,3,1,True,candidate_occlusion
O05,velocity,52,4,,True,candidate_occlusion
O05,velocity,53,3,,True,candidate_occlusion
O05,velocity,53,4,,True,candidate_occlusion
O05,velocity,54,3,,True,candidate_occlusion
O05,velocity,54,4,,True,candidate_occlusion
O05,velocity,55,3,,True,candidate_occlusion
O05,velocity,55,4,,True,candidate_occlusion
O05,velocity,56,3,,True,candidate_occlusion
O05,velocity,56,4,,True,candidate_occlusion
O05,velocity,57,3,,True,candidate_occlusion
O05,velocity,57,4,,True,candidate_occlusion
O05,velocity,58,3,,True,candidate_occlusion
O05,velocity,58,4,,True,candidate_occlusion
O05,velocity,59,3,,True,candidate_occlusion
O05,velocity,59,4,,True,candidate_occlusion
O05,velocity,60,3,,True,candidate_occlusion
O05,velocity,60,4,,True,candidate_occlusion
O05,velocity,61,3,,True,candidate_occlusion
O05,velocity,61,4,,True,candidate_occlusion
O05,velocity,62,3,,True,candidate_occlusion
O05,velocity,62,4,,True,candidate_occlusion
O05,velocity,63,3,,True,candidate_occlusion
O05,velocity,63,4,,True,candidate_occlusion
O05,velocity,64,3,,True,candidate_occlusion
O05,velocity,64,4,,True,candidate_occlusion
O05,velocity,65,3,,True,candidate_occlusion
O05,velocity,65,4,,True,candidate_occlusion
O05,velocity,66,3,,True,candidate_occlusion
O05,velocity,66,4,,True,candidate_occlusion
O05,velocity,67,3,,True,candidate_occlusion
O05,velocity,67,4,,True,candidate_occlusion
O05,velocity,68,3,,True,candidate_occlusion
O05,velocity,68,4,,True,candidate_occlusion
O05,velocity,69,3,,True,candidate_occlusion
O05,velocity,69,4,,True,candidate_occlusion
O05,velocity,70,3,,True,candidate_occlusion
O05,velocity,70,4,,True,candidate_occlusion
O05,velocity,71,3,,True,candidate_occlusion
O05,velocity,71,4,,True,candidate_occlusion
O05,velocity,72,3,,True,candidate_occlusion
O05,velocity,72,4,,True,candidate_occlusion
O05,velocity,73,3,,True,candidate_occlusion
O05,velocity,73,4,,True,candidate_occlusion
O05,velocity,74,3,,True,candidate_occlusion
O05,velocity,74,4,,True,candidate_occlusion
O05,velocity,75,3,,True,candidate_occlusion
O05,velocity,75,4,,True,candidate_occlusion
O05,velocity,76,3,,True,candidate_occlusion
O05,velocity,76,4,,True,candidate_occlusion
O05,velocity,77,3,,True,candidate_occlusion
O05,velocity,77,4,,True,candidate_occlusion
O05,velocity,78,3,,True,candidate_occlusion
O05,velocity,78,4,,True,candidate_occlusion
O05,velocity,79,3,,True,candidate_occlusion
O05,velocity,79,4,,True,candidate_occlusion
O05,velocity,80,3,,True,candidate_occlusion
O05,velocity,80,4,,True,candidate_occlusion
O05,velocity,81,3,,True,candidate_occlusion
O05,velocity,81,4,,True,candidate_occlusion
O05,velocity,82,3,,True,candidate_occlusion
O05,velocity,82,4,,True,candidate_occlusion
O05,velocity,83,3,,True,candidate_occlusion
O05,velocity,83,4,,True,candidate_occlusion
O05,velocity,84,3,,True,candidate_occlusion
O05,velocity,84,4,,True,candidate_occlusion
O05,velocity,85,3,,True,candidate_occlusion
O05,velocity,85,4,,True,candidate_occlusion
O05,velocity,86,3,,True,candidate_occlusion
O05,velocity,86,4,,True,candidate_occlusion
O05,velocity,87,3,,True,candidate_occlusion
O05,velocity,87,4,,True,candidate_occlusion
O05,velocity,88,3,,True,candidate_occlusion
O05,velocity,88,4,,True,candidate_occlusion
O05,velocity,89,3,,True,candidate_occlusion
O05,velocity,89,4,,True,candidate_occlusion
O05,velocity,90,3,,True,candidate_occlusion
O05,velocity,90,4,,True,candidate_occlusion
O05,velocity,91,3,,True,candidate_occlusion
O05,velocity,91,4,,True,candidate_occlusion
O05,velocity,92,3,,True,candidate_occlusion
O05,velocity,92,4,,True,candidate_occlusion
O05,velocity,93,3,,True,candidate_occlusion
O05,velocity,93,4,,True,candidate_occlusion
O05,velocity,94,3,,True,candidate_occlusion
O05,velocity,94,4,,True,candidate_occlusion
O05,velocity,95,3,,True,candidate_occlusion
O05,velocity,95,4,,True,candidate_occlusion
O05,velocity,96,3,,True,candidate_occlusion
O05,velocity,96,4,,True,candidate_occlusion
O05,velocity,97,3,,True,candidate_occlusion
O05,velocity,97,4,,True,candidate_occlusion
O05,velocity,98,3,,True,candidate_occlusion
O05,velocity,98,4,,True,candidate_occlusion
O05,velocity,99,3,,True,candidate_occlusion
O05,velocity,99,4,,True,candidate_occlusion
O05,velocity,100,3,,True,candidate_occlusion
O05,velocity,100,4,,True,candidate_occlusion
O05,velocity,101,3,,True,candidate_occlusion
O05,velocity,101,4,,True,candidate_occlusion
O05,velocity,102,3,,True,candidate_occlusion
O05,velocity,102,4,,True,candidate_occlusion
O05,velocity,103,3,,True,candidate_occlusion
O05,velocity,103,4,,True,candidate_occlusion
O05,velocity,104,3,,True,candidate_occlusion
O05,velocity,104,4,,True,candidate_occlusion
O05,velocity,105,3,,True,candidate_occlusion
O05,velocity,105,4,,True,candidate_occlusion
O05,velocity,106,3,,True,candidate_occlusion
O05,velocity,106,4,,True,candidate_occlusion
O05,velocity,107,3,,True,candidate_occlusion
O05,velocity,107,4,,True,candidate_occlusion
O05,velocity,108,3,,True,candidate_occlusion
O05,velocity,108,4,,True,candidate_occlusion
O05,velocity,109,3,,True,candidate_occlusion
O05,velocity,109,4,,True,candidate_occlusion
O05,velocity,110,3,,True,candidate_occlusion
O05,velocity,110,4,,True,candidate_occlusion
O05,velocity,111,3,,True,candidate_occlusion
O05,velocity,111,4,,True,candidate_occlusion
O05,velocity,112,3,,True,candidate_occlusion
O05,velocity,112,4,,True,candidate_occlusion
O05,velocity,113,3,,True,candidate_occlusion
O05,velocity,113,4,,True,candidate_occlusion
O05,velocity,114,3,,True,candidate_occlusion
O05,velocity,114,4,,True,candidate_occlusion
O05,velocity,115,3,,True,candidate_occlusion
O05,velocity,115,4,,True,candidate_occlusion
O05,velocity,116,3,,True,candidate_occlusion
O05,velocity,116,4,,True,candidate_occlusion
O05,velocity,117,3,4,True,candidate_occlusion
O05,velocity,117,4,,True,candidate_occlusion
O05,velocity,118,3,4,True,candidate_occlusion
O05,velocity,118,4,,True,candidate_occlusion
O05,velocity,119,3,4,True,candidate_occlusion
O05,velocity,119,4,,True,candidate_occlusion
O05,velocity,120,3,4,True,candidate_occlusion
O05,velocity,120,4,,True,candidate_occlusion
O05,velocity,121,3,4,True,candidate_occlusion
O05,velocity,121,4,,True,candidate_occlusion
O05,velocity,122,3,4,True,candidate_occlusion
O05,velocity,122,4,,True,candidate_occlusion
O05,velocity,123,3,4,True,candidate_occlusion
O05,velocity,123,4,,True,candidate_occlusion
O05,velocity,124,3,,True,candidate_occlusion
O05,velocity,124,4,,True,candidate_occlusion
O05,velocity,125,3,4,True,candidate_occlusion
O05,velocity,125,4,,True,candidate_occlusion
O05,velocity,126,3,4,True,candidate_occlusion
O05,velocity,126,4,,True,candidate_occlusion
O05,velocity,127,3,4,True,candidate_occlusion
O05,velocity,127,4,,True,candidate_occlusion
O05,velocity,128,3,,True,candidate_occlusion
O05,velocity,128,4,,True,candidate_occlusion
O05,velocity,129,3,,True,candidate_occlusion
O05,velocity,129,4,,True,candidate_occlusion
O05,velocity,130,3,,True,candidate_occlusion
O05,velocity,130,4,,True,candidate_occlusion
O05,velocity,131,3,4,True,candidate_occlusion
O05,velocity,131,4,,True,candidate_occlusion
O05,velocity,132,3,,True,candidate_occlusion
O05,velocity,132,4,,True,candidate_occlusion
O05,velocity,133,3,,True,candidate_occlusion
O05,velocity,133,4,,True,candidate_occlusion
O05,velocity,134,3,4,True,candidate_occlusion
O05,velocity,134,4,,True,candidate_occlusion
O05,velocity,135,3,4,True,candidate_occlusion
O05,velocity,135,4,,True,candidate_occlusion
O05,velocity,136,3,4,True,candidate_occlusion
O05,velocity,136,4,,True,candidate_occlusion
O05,velocity,137,3,4,True,candidate_occlusion
O05,velocity,137,4,,True,candidate_occlusion
O05,velocity,138,3,4,True,candidate_occlusion
O05,velocity,138,4,,True,candidate_occlusion
O05,velocity,139,3,4,True,candidate_occlusion
O05,velocity,139,4,,True,candidate_occlusion
O05,velocity,140,3,,True,candidate_occlusion
O05,velocity,140,4,,True,candidate_occlusion
O05,velocity,141,3,,True,candidate_occlusion
O05,velocity,141,4,,True,candidate_occlusion
O05,velocity,142,3,,True,candidate_occlusion
O05,velocity,142,4,,True,candidate_occlusion
O05,velocity,143,3,4,True,candidate_occlusion
O05,velocity,143,4,,True,candidate_occlusion
O05,velocity,144,3,,True,candidate_occlusion
O05,velocity,144,4,,True,candidate_occlusion
O05,velocity,145,3,,True,candidate_occlusion
O05,velocity,145,4,,True,candidate_occlusion
O05,velocity,146,3,,True,candidate_occlusion
O05,velocity,146,4,,True,candidate_occlusion
O05,velocity,147,3,,True,candidate_occlusion
O05,velocity,147,4,,True,candidate_occlusion
O05,velocity,148,3,,True,candidate_occlusion
O05,velocity,148,4,,True,candidate_occlusion
O05,velocity,149,3,,True,candidate_occlusion
O05,velocity,149,4,,True,candidate_occlusion
O05,velocity,150,3,,True,candidate_occlusion
O05,velocity,150,4,,True,candidate_occlusion
O05,velocity,151,3,,True,candidate_occlusion
O05,velocity,151,4,,True,candidate_occlusion
O05,velocity,152,3,,True,candidate_occlusion
O05,velocity,152,4,,True,candidate_occlusion
O05,velocity,153,3,,True,candidate_occlusion
O05,velocity,153,4,,True,candidate_occlusion
O05,velocity,154,3,,False,
O05,velocity,154,4,,False,
O05,velocity,155,3,,False,
O05,velocity,155,4,,False,
O05,velocity,156,3,,False,
O05,velocity,156,4,,False,
O05,velocity,157,3,,False,
O05,velocity,157,4,,False,
O05,velocity,158,3,,False,
O05,velocity,158,4,,False,
O05,velocity,159,3,,False,
O05,velocity,159,4,,False,
O05,velocity,160,3,,False,
O05,velocity,160,4,,False,
O05,velocity,161,3,,False,
O05,velocity,161,4,5,False,
O05,velocity,162,3,,False,
O05,velocity,162,4,5,False,
O05,velocity,163,3,,False,
O05,velocity,163,4,5,False,
O05,velocity,164,3,,False,
O05,velocity,164,4,5,False,
O05,velocity,165,3,,False,
O05,velocity,165,4,5,False,
O05,velocity,166,3,,False,
O05,velocity,166,4,5,False,
O05,velocity,167,3,,False,
O05,velocity,167,4,5,False,
O05,velocity,168,3,,False,
O05,velocity,168,4,5,False,
O05,velocity,169,3,,False,
O05,velocity,169,4,5,False,
O05,velocity,170,3,,False,
O05,velocity,170,4,5,False,
O05,velocity,171,3,,False,
O05,velocity,171,4,5,False,
O05,velocity,172,3,,False,
O05,velocity,172,4,5,False,
O05,velocity,173,3,6,False,
O05,velocity,173,4,5,False,
O05,velocity,174,3,6,False,
O05,velocity,174,4,5,False,
O05,velocity,175,3,6,False,
O05,velocity,175,4,5,False,
O05,velocity,176,3,6,False,
O05,velocity,176,4,5,False,
O05,velocity,177,3,6,False,
O05,velocity,177,4,5,False,
O05,velocity,178,3,6,False,
O05,velocity,178,4,5,False,
O05,velocity,179,3,6,False,
O05,velocity,179,4,5,False,
O05,velocity,180,3,6,False,
O05,velocity,180,4,,False,
O05,velocity,181,3,6,False,
O05,velocity,181,4,,False,
O05,velocity,182,3,6,False,
O05,velocity,182,4,,False,
O05,velocity,183,3,6,False,
O05,velocity,183,4,,False,
O05,velocity,184,3,6,False,
O05,velocity,184,4,,False,
O05,velocity,185,3,6,False,
O05,velocity,185,4,,False,
O05,velocity,186,3,6,False,
O05,velocity,186,4,,False,
O05,velocity,187,3,6,False,
O05,velocity,187,4,,False,
O05,velocity,188,3,6,False,
O05,velocity,188,4,,False,
O05,velocity,189,3,6,False,
O05,velocity,189,4,,False,
O05,velocity,190,3,6,False,
O05,velocity,190,4,,False,
O05,velocity,191,3,6,False,
O05,velocity,191,4,,False,
O05,velocity,192,3,6,False,
O05,velocity,192,4,,False,
O05,velocity,193,3,6,False,
O05,velocity,193,4,,False,
O05,velocity,194,3,6,False,
O05,velocity,194,4,,False,
O05,velocity,195,3,6,False,
O05,velocity,195,4,,False,
O05,velocity,196,3,6,False,
O05,velocity,196,4,,False,
O05,velocity,197,3,6,False,
O05,velocity,197,4,,False,
O05,velocity,198,3,6,False,
O05,velocity,198,4,,False,
O05,velocity,199,3,6,False,
O05,velocity,199,4,,False,
O05,velocity,200,3,6,False,
O05,velocity,200,4,,False,
O05,velocity,201,3,6,False,
O05,velocity,201,4,,False,
O05,velocity,202,3,6,False,
O05,velocity,202,4,,False,
O05,velocity,203,3,6,False,
O05,velocity,203,4,,False,
O05,velocity,204,3,6,False,
O05,velocity,204,4,,False,
O05,velocity,205,3,6,False,
O05,velocity,205,4,,False,
O05,velocity,206,3,6,False,
O05,velocity,206,4,,False,
O05,velocity,207,3,6,False,
O05,velocity,207,4,,False,
O05,velocity,208,3,6,False,
O05,velocity,208,4,,False,
O05,velocity,209,3,6,False,
O05,velocity,209,4,,False,
O05,velocity,210,3,6,False,
O05,velocity,210,4,,False,
O05,velocity,211,3,6,False,
O05,velocity,211,4,,False,
O05,velocity,212,3,6,False,
O05,velocity,212,4,,False,
O05,velocity,213,3,6,False,
O05,velocity,213,4,,False,
O05,velocity,214,3,6,False,
O05,velocity,214,4,,False,
O05,velocity,215,3,6,False,
O05,velocity,215,4,,False,
O05,velocity,216,3,6,False,
O05,velocity,216,4,,False,
O05,velocity,217,3,6,False,
O05,velocity,217,4,,False,
O05,velocity,218,3,,False,
O05,velocity,218,4,,False,
O05,velocity,219,3,6,False,
O05,velocity,219,4,,False,
O05,velocity,220,3,,False,
O05,velocity,220,4,,False,
O05,velocity,221,3,,False,
O05,velocity,221,4,,False,
O05,velocity,222,3,,False,
O05,velocity,222,4,,False,
O05,velocity,223,3,,False,
O05,velocity,223,4,,False,
O05,velocity,224,3,,False,
O05,velocity,224,4,,False,
O06,velocity,25,7,,True,absent_or_warmup
O06,velocity,25,9,,False,
O06,velocity,26,7,,True,absent_or_warmup
O06,velocity,26,9,,False,
O06,velocity,27,7,,True,absent_or_warmup
O06,velocity,27,9,,False,
O06,velocity,28,7,,True,absent_or_warmup
O06,velocity,28,9,,False,
O06,velocity,29,7,,True,absent_or_warmup
O06,velocity,29,9,,False,
O06,velocity,30,7,,True,absent_or_warmup
O06,velocity,30,9,,False,
O06,velocity,31,7,,True,absent_or_warmup
O06,velocity,31,9,,False,
O06,velocity,32,7,,True,absent_or_warmup
O06,velocity,32,9,,False,
O06,velocity,33,7,,True,absent_or_warmup
O06,velocity,33,9,,False,
O06,velocity,34,7,,True,absent_or_warmup
O06,velocity,34,9,,False,
O06,velocity,35,7,,True,absent_or_warmup
O06,velocity,35,9,,False,
O06,velocity,36,7,,True,absent_or_warmup
O06,velocity,36,9,,False,
O06,velocity,37,7,,True,absent_or_warmup
O06,velocity,37,9,,False,
O06,velocity,38,7,,True,absent_or_warmup
O06,velocity,38,9,,False,
O06,velocity,39,7,,True,absent_or_warmup
O06,velocity,39,9,,False,
O06,velocity,40,7,,True,absent_or_warmup
O06,velocity,40,9,,False,
O06,velocity,41,7,,True,absent_or_warmup
O06,velocity,41,9,,False,
O06,velocity,42,7,,True,absent_or_warmup
O06,velocity,42,9,,False,
O06,velocity,43,7,,True,absent_or_warmup
O06,velocity,43,9,,False,
O06,velocity,44,7,,True,absent_or_warmup
O06,velocity,44,9,,False,
O06,velocity,45,7,,True,absent_or_warmup
O06,velocity,45,9,,False,
O06,velocity,46,7,,True,absent_or_warmup
O06,velocity,46,9,,False,
O06,velocity,47,7,,True,absent_or_warmup
O06,velocity,47,9,,False,
O06,velocity,48,7,,True,absent_or_warmup
O06,velocity,48,9,,False,
O06,velocity,49,7,,True,absent_or_warmup
O06,velocity,49,9,,False,
O06,velocity,50,7,,True,absent_or_warmup
O06,velocity,50,9,,False,
O06,velocity,51,7,,True,absent_or_warmup
O06,velocity,51,9,,False,
O06,velocity,52,7,,True,absent_or_warmup
O06,velocity,52,9,,False,
O06,velocity,53,7,,True,absent_or_warmup
O06,velocity,53,9,,False,
O06,velocity,54,7,,True,absent_or_warmup
O06,velocity,54,9,,False,
O06,velocity,55,7,,True,candidate_occlusion
O06,velocity,55,9,,True,candidate_occlusion
O06,velocity,56,7,,True,candidate_occlusion
O06,velocity,56,9,,True,candidate_occlusion
O06,velocity,57,7,,True,candidate_occlusion
O06,velocity,57,9,,True,candidate_occlusion
O06,velocity,58,7,,True,candidate_occlusion
O06,velocity,58,9,,True,candidate_occlusion
O06,velocity,59,7,,True,candidate_occlusion
O06,velocity,59,9,,True,candidate_occlusion
O06,velocity,60,7,,True,candidate_occlusion
O06,velocity,60,9,,True,candidate_occlusion
O06,velocity,61,7,,True,candidate_occlusion
O06,velocity,61,9,,True,candidate_occlusion
O06,velocity,62,7,,True,candidate_occlusion
O06,velocity,62,9,,True,candidate_occlusion
O06,velocity,63,7,,True,candidate_occlusion
O06,velocity,63,9,,True,candidate_occlusion
O06,velocity,64,7,,True,candidate_occlusion
O06,velocity,64,9,,True,candidate_occlusion
O06,velocity,65,7,,True,candidate_occlusion
O06,velocity,65,9,,True,candidate_occlusion
O06,velocity,66,7,,True,candidate_occlusion
O06,velocity,66,9,,True,candidate_occlusion
O06,velocity,67,7,,True,candidate_occlusion
O06,velocity,67,9,,True,candidate_occlusion
O06,velocity,68,7,,True,candidate_occlusion
O06,velocity,68,9,,True,candidate_occlusion
O06,velocity,69,7,,True,candidate_occlusion
O06,velocity,69,9,,True,candidate_occlusion
O06,velocity,70,7,,True,candidate_occlusion
O06,velocity,70,9,,True,candidate_occlusion
O06,velocity,71,7,,True,candidate_occlusion
O06,velocity,71,9,,True,candidate_occlusion
O06,velocity,72,7,,True,candidate_occlusion
O06,velocity,72,9,,True,candidate_occlusion
O06,velocity,73,7,,True,candidate_occlusion
O06,velocity,73,9,,True,candidate_occlusion
O06,velocity,74,7,,True,candidate_occlusion
O06,velocity,74,9,,True,candidate_occlusion
O06,velocity,75,7,,True,candidate_occlusion
O06,velocity,75,9,,True,candidate_occlusion
O06,velocity,76,7,,True,candidate_occlusion
O06,velocity,76,9,,True,candidate_occlusion
O06,velocity,77,7,,True,candidate_occlusion
O06,velocity,77,9,,True,candidate_occlusion
O06,velocity,78,7,,True,candidate_occlusion
O06,velocity,78,9,,True,candidate_occlusion
O06,velocity,79,7,,True,candidate_occlusion
O06,velocity,79,9,,True,candidate_occlusion
O06,velocity,80,7,,True,candidate_occlusion
O06,velocity,80,9,,True,candidate_occlusion
O06,velocity,81,7,,True,candidate_occlusion
O06,velocity,81,9,,True,candidate_occlusion
O06,velocity,82,7,,True,candidate_occlusion
O06,velocity,82,9,,True,candidate_occlusion
O06,velocity,83,7,,True,candidate_occlusion
O06,velocity,83,9,,True,candidate_occlusion
O06,velocity,84,7,,True,candidate_occlusion
O06,velocity,84,9,,True,candidate_occlusion
O06,velocity,85,7,,True,candidate_occlusion
O06,velocity,85,9,,True,candidate_occlusion
O06,velocity,86,7,,True,candidate_occlusion
O06,velocity,86,9,,True,candidate_occlusion
O06,velocity,87,7,,True,candidate_occlusion
O06,velocity,87,9,,True,candidate_occlusion
O06,velocity,88,7,,True,candidate_occlusion
O06,velocity,88,9,,True,candidate_occlusion
O06,velocity,89,7,,True,candidate_occlusion
O06,velocity,89,9,,True,candidate_occlusion
O06,velocity,90,7,,True,candidate_occlusion
O06,velocity,90,9,,True,candidate_occlusion
O06,velocity,91,7,,True,candidate_occlusion
O06,velocity,91,9,,True,candidate_occlusion
O06,velocity,92,7,,True,candidate_occlusion
O06,velocity,92,9,,True,candidate_occlusion
O06,velocity,93,7,,True,candidate_occlusion
O06,velocity,93,9,,True,candidate_occlusion
O06,velocity,94,7,,True,candidate_occlusion
O06,velocity,94,9,,True,candidate_occlusion
O06,velocity,95,7,,True,candidate_occlusion
O06,velocity,95,9,,True,candidate_occlusion
O06,velocity,96,7,,True,candidate_occlusion
O06,velocity,96,9,,True,candidate_occlusion
O06,velocity,97,7,,True,candidate_occlusion
O06,velocity,97,9,,True,candidate_occlusion
O06,velocity,98,7,,True,candidate_occlusion
O06,velocity,98,9,,True,candidate_occlusion
O06,velocity,99,7,,True,candidate_occlusion
O06,velocity,99,9,,True,candidate_occlusion
O06,velocity,100,7,,True,candidate_occlusion
O06,velocity,100,9,,True,candidate_occlusion
O06,velocity,101,7,,True,candidate_occlusion
O06,velocity,101,9,,True,candidate_occlusion
O06,velocity,102,7,,True,candidate_occlusion
O06,velocity,102,9,,True,candidate_occlusion
O06,velocity,103,7,,True,candidate_occlusion
O06,velocity,103,9,,True,candidate_occlusion
O06,velocity,104,7,,True,candidate_occlusion
O06,velocity,104,9,,True,candidate_occlusion
O06,velocity,105,7,,True,candidate_occlusion
O06,velocity,105,9,,True,candidate_occlusion
O06,velocity,106,7,,True,candidate_occlusion
O06,velocity,106,9,,True,candidate_occlusion
O06,velocity,107,7,,True,candidate_occlusion
O06,velocity,107,9,,True,candidate_occlusion
O06,velocity,108,7,,True,candidate_occlusion
O06,velocity,108,9,,True,candidate_occlusion
O06,velocity,109,7,,True,candidate_occlusion
O06,velocity,109,9,,True,candidate_occlusion
O06,velocity,110,7,,True,candidate_occlusion
O06,velocity,110,9,,True,candidate_occlusion
O06,velocity,111,7,,True,candidate_occlusion
O06,velocity,111,9,,True,candidate_occlusion
O06,velocity,112,7,,True,candidate_occlusion
O06,velocity,112,9,,True,candidate_occlusion
O06,velocity,113,7,,True,candidate_occlusion
O06,velocity,113,9,,True,candidate_occlusion
O06,velocity,114,7,,True,candidate_occlusion
O06,velocity,114,9,,True,candidate_occlusion
O06,velocity,115,7,,True,candidate_occlusion
O06,velocity,115,9,,True,candidate_occlusion
O06,velocity,116,7,,True,candidate_occlusion
O06,velocity,116,9,,True,candidate_occlusion
O06,velocity,117,7,,True,candidate_occlusion
O06,velocity,117,9,,True,candidate_occlusion
O06,velocity,118,7,,True,candidate_occlusion
O06,velocity,118,9,,True,candidate_occlusion
O06,velocity,119,7,,True,candidate_occlusion
O06,velocity,119,9,,True,candidate_occlusion
O06,velocity,120,7,,True,candidate_occlusion
O06,velocity,120,9,,True,candidate_occlusion
O06,velocity,121,7,,True,candidate_occlusion
O06,velocity,121,9,,True,candidate_occlusion
O06,velocity,122,7,,True,candidate_occlusion
O06,velocity,122,9,,True,candidate_occlusion
O06,velocity,123,7,,True,candidate_occlusion
O06,velocity,123,9,,True,candidate_occlusion
O06,velocity,124,7,,True,candidate_occlusion
O06,velocity,124,9,,True,candidate_occlusion
O06,velocity,125,7,,True,candidate_occlusion
O06,velocity,125,9,,True,candidate_occlusion
O06,velocity,126,7,,True,candidate_occlusion
O06,velocity,126,9,,True,candidate_occlusion
O06,velocity,127,7,,True,candidate_occlusion
O06,velocity,127,9,,True,candidate_occlusion
O06,velocity,128,7,,True,candidate_occlusion
O06,velocity,128,9,,True,candidate_occlusion
O06,velocity,129,7,,True,candidate_occlusion
O06,velocity,129,9,,True,candidate_occlusion
O06,velocity,130,7,,True,candidate_occlusion
O06,velocity,130,9,,True,candidate_occlusion
O06,velocity,131,7,,True,candidate_occlusion
O06,velocity,131,9,,True,candidate_occlusion
O06,velocity,132,7,,True,candidate_occlusion
O06,velocity,132,9,,True,candidate_occlusion
O06,velocity,133,7,,True,candidate_occlusion
O06,velocity,133,9,,True,candidate_occlusion
O06,velocity,134,7,,True,candidate_occlusion
O06,velocity,134,9,,True,candidate_occlusion
O06,velocity,135,7,,True,candidate_occlusion
O06,velocity,135,9,,True,candidate_occlusion
O06,velocity,136,7,,True,candidate_occlusion
O06,velocity,136,9,,True,candidate_occlusion
O06,velocity,137,7,,True,candidate_occlusion
O06,velocity,137,9,,True,candidate_occlusion
O06,velocity,138,7,,True,candidate_occlusion
O06,velocity,138,9,,True,candidate_occlusion
O06,velocity,139,7,,True,candidate_occlusion
O06,velocity,139,9,,True,candidate_occlusion
O06,velocity,140,7,,True,candidate_occlusion
O06,velocity,140,9,,True,candidate_occlusion
O06,velocity,141,7,,False,
O06,velocity,141,9,,False,
O06,velocity,142,7,,False,
O06,velocity,142,9,,False,
O06,velocity,143,7,,False,
O06,velocity,143,9,,False,
O06,velocity,144,7,,False,
O06,velocity,144,9,,False,
O06,velocity,145,7,,False,
O06,velocity,145,9,,False,
O06,velocity,146,7,,False,
O06,velocity,146,9,,False,
O06,velocity,147,7,,False,
O06,velocity,147,9,,False,
O06,velocity,148,7,,False,
O06,velocity,148,9,,False,
O06,velocity,149,7,,False,
O06,velocity,149,9,,False,
O06,velocity,150,7,,False,
O06,velocity,150,9,,False,
O06,velocity,151,7,,False,
O06,velocity,151,9,,False,
O06,velocity,152,7,,False,
O06,velocity,152,9,,False,
O06,velocity,153,7,,False,
O06,velocity,153,9,,False,
O06,velocity,154,7,,False,
O06,velocity,154,9,,False,
O06,velocity,155,7,,False,
O06,velocity,155,9,,False,
O06,velocity,156,7,,False,
O06,velocity,156,9,,False,
O06,velocity,157,7,,False,
O06,velocity,157,9,,False,
O06,velocity,158,7,,False,
O06,velocity,158,9,,False,
O06,velocity,159,7,,False,
O06,velocity,159,9,,False,
O06,velocity,160,7,,False,
O06,velocity,160,9,,False,
O06,velocity,161,7,,False,
O06,velocity,161,9,,False,
O06,velocity,162,7,,False,
O06,velocity,162,9,,False,
O06,velocity,163,7,,False,
O06,velocity,163,9,,False,
O06,velocity,164,7,,False,
O06,velocity,164,9,,False,
O06,velocity,165,7,,False,
O06,velocity,165,9,,False,
O06,velocity,166,7,,False,
O06,velocity,166,9,,False,
O06,velocity,167,7,,False,
O06,velocity,167,9,,False,
O06,velocity,168,7,,False,
O06,velocity,168,9,,False,
O06,velocity,169,7,,False,
O06,velocity,169,9,,False,
O06,velocity,170,7,,False,
O06,velocity,170,9,,False,
O06,velocity,171,7,,False,
O06,velocity,171,9,,False,
O06,velocity,172,7,,False,
O06,velocity,172,9,,False,
O06,velocity,173,7,,False,
O06,velocity,173,9,,False,
O06,velocity,174,7,,False,
O06,velocity,174,9,,False,
O06,velocity,175,7,,False,
O06,velocity,175,9,,False,
O06,velocity,176,7,,False,
O06,velocity,176,9,,False,
O06,velocity,177,7,,False,
O06,velocity,177,9,,False,
O06,velocity,178,7,,False,
O06,velocity,178,9,,False,
O06,velocity,179,7,,False,
O06,velocity,179,9,,False,
O06,velocity,180,7,,False,
O06,velocity,180,9,,False,
O06,velocity,181,7,,False,
O06,velocity,181,9,,False,
O06,velocity,182,7,,False,
O06,velocity,182,9,,False,
O06,velocity,183,7,,False,
O06,velocity,183,9,,False,
O06,velocity,184,7,,False,
O06,velocity,184,9,,False,
O06,velocity,185,7,,False,
O06,velocity,185,9,,False,
O06,velocity,186,7,,False,
O06,velocity,186,9,,False,
O06,velocity,187,7,,False,
O06,velocity,187,9,,False,
O06,velocity,188,7,,False,
O06,velocity,188,9,,False,
O06,velocity,189,7,,False,
O06,velocity,189,9,,False,
O06,velocity,190,7,,False,
O06,velocity,190,9,,False,
O06,velocity,191,7,,False,
O06,velocity,191,9,,False,
O06,velocity,192,7,,False,
O06,velocity,192,9,,False,
O06,velocity,193,7,,False,
O06,velocity,193,9,,False,
O06,velocity,194,7,,False,
O06,velocity,194,9,,False,
O06,velocity,195,7,,False,
O06,velocity,195,9,,False,
O06,velocity,196,7,,False,
O06,velocity,196,9,,False,
O06,velocity,197,7,,False,
O06,velocity,197,9,,False,
O06,velocity,198,7,,False,
O06,velocity,198,9,,False,
O06,velocity,199,7,,False,
O06,velocity,199,9,,False,
O06,velocity,200,7,,False,
O06,velocity,200,9,,False,
O06,velocity,201,7,,False,
O06,velocity,201,9,,False,
O06,velocity,202,7,,False,
O06,velocity,202,9,,False,
O06,velocity,203,7,,False,
O06,velocity,203,9,,False,
O06,velocity,204,7,,False,
O06,velocity,204,9,,False,
O06,velocity,205,7,,False,
O06,velocity,205,9,,False,
O06,velocity,206,7,,False,
O06,velocity,206,9,,False,
O06,velocity,207,7,,False,
O06,velocity,207,9,,False,
O06,velocity,208,7,,False,
O06,velocity,208,9,,False,
O06,velocity,209,7,,False,
O06,velocity,209,9,,False,
O06,velocity,210,7,,False,
O06,velocity,210,9,,False,
O06,velocity,211,7,,False,
O06,velocity,211,9,,False,
O06,velocity,212,7,,False,
O06,velocity,212,9,,False,
O06,velocity,213,7,,False,
O06,velocity,213,9,,False,
O06,velocity,214,7,,False,
O06,velocity,214,9,,False,
O06,velocity,215,7,,False,
O06,velocity,215,9,,False,
O06,velocity,216,7,,False,
O06,velocity,216,9,,False,
O06,velocity,217,7,,False,
O06,velocity,217,9,,False,
O06,velocity,218,7,,False,
O06,velocity,218,9,,False,
O06,velocity,219,7,,False,
O06,velocity,219,9,,False,
O06,velocity,220,7,,False,
O06,velocity,220,9,,False,
O06,velocity,221,7,,False,
O06,velocity,221,9,,False,
O06,velocity,222,7,,False,
O06,velocity,222,9,,False,
O06,velocity,223,7,,False,
O06,velocity,223,9,,False,
O06,velocity,224,7,,False,
O06,velocity,224,9,,False,
O07,velocity,25,1,,False,
O07,velocity,25,2,1,False,
O07,velocity,26,1,,False,
O07,velocity,26,2,1,False,
O07,velocity,27,1,,False,
O07,velocity,27,2,1,False,
O07,velocity,28,1,,False,
O07,velocity,28,2,1,False,
O07,velocity,29,1,,False,
O07,velocity,29,2,1,False,
O07,velocity,30,1,2,False,
O07,velocity,30,2,1,False,
O07,velocity,31,1,,False,
O07,velocity,31,2,1,False,
O07,velocity,32,1,,False,
O07,velocity,32,2,1,False,
O07,velocity,33,1,,False,
O07,velocity,33,2,1,False,
O07,velocity,34,1,,False,
O07,velocity,34,2,,False,
O07,velocity,35,1,,False,
O07,velocity,35,2,,False,
O07,velocity,36,1,,False,
O07,velocity,36,2,,False,
O07,velocity,37,1,,False,
O07,velocity,37,2,,False,
O07,velocity,38,1,,False,
O07,velocity,38,2,,False,
O07,velocity,39,1,,False,
O07,velocity,39,2,,False,
O07,velocity,40,1,,False,
O07,velocity,40,2,,False,
O07,velocity,41,1,,False,
O07,velocity,41,2,,False,
O07,velocity,42,1,,False,
O07,velocity,42,2,,False,
O07,velocity,43,1,,False,
O07,velocity,43,2,1,False,
O07,velocity,44,1,,False,
O07,velocity,44,2,1,False,
O07,velocity,45,1,,False,
O07,velocity,45,2,1,False,
O07,velocity,46,1,,False,
O07,velocity,46,2,1,False,
O07,velocity,47,1,,False,
O07,velocity,47,2,1,False,
O07,velocity,48,1,,False,
O07,velocity,48,2,1,False,
O07,velocity,49,1,,False,
O07,velocity,49,2,1,False,
O07,velocity,50,1,,False,
O07,velocity,50,2,1,False,
O07,velocity,51,1,,False,
O07,velocity,51,2,1,False,
O07,velocity,52,1,,False,
O07,velocity,52,2,1,False,
O07,velocity,53,1,,False,
O07,velocity,53,2,1,False,
O07,velocity,54,1,,False,
O07,velocity,54,2,1,False,
O07,velocity,55,1,,False,
O07,velocity,55,2,1,False,
O07,velocity,56,1,,False,
O07,velocity,56,2,1,False,
O07,velocity,57,1,,False,
O07,velocity,57,2,1,False,
O07,velocity,58,1,,False,
O07,velocity,58,2,1,False,
O07,velocity,59,1,,False,
O07,velocity,59,2,1,False,
O07,velocity,60,1,,False,
O07,velocity,60,2,1,False,
O07,velocity,61,1,,False,
O07,velocity,61,2,1,False,
O07,velocity,62,1,,False,
O07,velocity,62,2,1,False,
O07,velocity,63,1,,False,
O07,velocity,63,2,1,False,
O07,velocity,64,1,,False,
O07,velocity,64,2,1,False,
O07,velocity,65,1,,False,
O07,velocity,65,2,1,False,
O07,velocity,66,1,,False,
O07,velocity,66,2,1,False,
O07,velocity,67,1,,False,
O07,velocity,67,2,1,False,
O07,velocity,68,1,,False,
O07,velocity,68,2,1,False,
O07,velocity,69,1,,False,
O07,velocity,69,2,1,False,
O07,velocity,70,1,,False,
O07,velocity,70,2,1,False,
O07,velocity,71,1,,False,
O07,velocity,71,2,1,False,
O07,velocity,72,1,,False,
O07,velocity,72,2,1,False,
O07,velocity,73,1,,False,
O07,velocity,73,2,1,False,
O07,velocity,74,1,,False,
O07,velocity,74,2,,False,
O07,velocity,75,1,,False,
O07,velocity,75,2,,False,
O07,velocity,76,1,,False,
O07,velocity,76,2,1,False,
O07,velocity,77,1,,False,
O07,velocity,77,2,1,False,
O07,velocity,78,1,,False,
O07,velocity,78,2,1,False,
O07,velocity,79,1,,False,
O07,velocity,79,2,,False,
O07,velocity,80,1,,False,
O07,velocity,80,2,,False,
O07,velocity,81,1,,False,
O07,velocity,81,2,,False,
O07,velocity,82,1,,False,
O07,velocity,82,2,,False,
O07,velocity,83,1,,False,
O07,velocity,83,2,,False,
O07,velocity,84,1,,False,
O07,velocity,84,2,,False,
O07,velocity,85,1,,False,
O07,velocity,85,2,,False,
O07,velocity,86,1,,False,
O07,velocity,86,2,,False,
O07,velocity,87,1,,False,
O07,velocity,87,2,,False,
O07,velocity,88,1,,False,
O07,velocity,88,2,,False,
O07,velocity,89,1,,False,
O07,velocity,89,2,,False,
O07,velocity,90,1,,False,
O07,velocity,90,2,,False,
O07,velocity,91,1,,False,
O07,velocity,91,2,,False,
O07,velocity,92,1,,False,
O07,velocity,92,2,,False,
O07,velocity,93,1,,False,
O07,velocity,93,2,,False,
O07,velocity,94,1,,False,
O07,velocity,94,2,,False,
O07,velocity,95,1,,False,
O07,velocity,95,2,,False,
O07,velocity,96,1,,False,
O07,velocity,96,2,,False,
O07,velocity,97,1,,False,
O07,velocity,97,2,,False,
O07,velocity,98,1,,False,
O07,velocity,98,2,,False,
O07,velocity,99,1,,False,
O07,velocity,99,2,,False,
O07,velocity,100,1,,False,
O07,velocity,100,2,,False,
O07,velocity,101,1,,False,
O07,velocity,101,2,,False,
O07,velocity,102,1,,False,
O07,velocity,102,2,,False,
O07,velocity,103,1,,False,
O07,velocity,103,2,,False,
O07,velocity,104,1,,False,
O07,velocity,104,2,,False,
O07,velocity,105,1,,False,
O07,velocity,105,2,,False,
O07,velocity,106,1,,False,
O07,velocity,106,2,,False,
O07,velocity,107,1,,False,
O07,velocity,107,2,,False,
O07,velocity,108,1,,False,
O07,velocity,108,2,,False,
O07,velocity,109,1,,False,
O07,velocity,109,2,,False,
O07,velocity,110,1,,False,
O07,velocity,110,2,,False,
O07,velocity,111,1,,False,
O07,velocity,111,2,,False,
O07,velocity,112,1,,False,
O07,velocity,112,2,,False,
O07,velocity,113,1,,False,
O07,velocity,113,2,,False,
O07,velocity,114,1,,False,
O07,velocity,114,2,5,False,
O07,velocity,115,1,,False,
O07,velocity,115,2,5,False,
O07,velocity,116,1,,False,
O07,velocity,116,2,5,False,
O07,velocity,117,1,,False,
O07,velocity,117,2,5,False,
O07,velocity,118,1,,False,
O07,velocity,118,2,5,False,
O07,velocity,119,1,,False,
O07,velocity,119,2,5,False,
O07,velocity,120,1,,False,
O07,velocity,120,2,5,False,
O07,velocity,121,1,,False,
O07,velocity,121,2,,False,
O07,velocity,122,1,,False,
O07,velocity,122,2,,False,
O07,velocity,123,1,,False,
O07,velocity,123,2,,False,
O07,velocity,124,1,,False,
O07,velocity,124,2,,False,
O07,velocity,125,1,,False,
O07,velocity,125,2,,False,
O07,velocity,126,1,,False,
O07,velocity,126,2,,False,
O07,velocity,127,1,,False,
O07,velocity,127,2,,False,
O07,velocity,128,1,,False,
O07,velocity,128,2,,False,
O07,velocity,129,1,,False,
O07,velocity,129,2,,False,
O07,velocity,130,1,,False,
O07,velocity,130,2,,False,
O07,velocity,131,1,,False,
O07,velocity,131,2,,False,
O07,velocity,132,1,,False,
O07,velocity,132,2,,False,
O07,velocity,133,1,,False,
O07,velocity,133,2,,False,
O07,velocity,134,1,,False,
O07,velocity,134,2,,False,
O07,velocity,135,1,,False,
O07,velocity,135,2,,False,
O07,velocity,136,1,,False,
O07,velocity,136,2,,False,
O07,velocity,137,1,,False,
O07,velocity,137,2,,False,
O07,velocity,138,1,6,True,candidate_occlusion
O07,velocity,138,2,,True,candidate_occlusion
O07,velocity,139,1,,True,candidate_occlusion
O07,velocity,139,2,6,True,candidate_occlusion
O07,velocity,140,1,,True,candidate_occlusion
O07,velocity,140,2,,True,candidate_occlusion
O07,velocity,141,1,,True,candidate_occlusion
O07,velocity,141,2,,True,candidate_occlusion
O07,velocity,142,1,,True,candidate_occlusion
O07,velocity,142,2,,True,candidate_occlusion
O07,velocity,143,1,,True,candidate_occlusion
O07,velocity,143,2,6,True,candidate_occlusion
O07,velocity,144,1,,True,candidate_occlusion
O07,velocity,144,2,6,True,candidate_occlusion
O07,velocity,145,1,,True,candidate_occlusion
O07,velocity,145,2,6,True,candidate_occlusion
O07,velocity,146,1,,True,candidate_occlusion
O07,velocity,146,2,6,True,candidate_occlusion
O07,velocity,147,1,,True,candidate_occlusion
O07,velocity,147,2,6,True,candidate_occlusion
O07,velocity,148,1,,True,candidate_occlusion
O07,velocity,148,2,6,True,candidate_occlusion
O07,velocity,149,1,6,True,candidate_occlusion
O07,velocity,149,2,,True,candidate_occlusion
O07,velocity,150,1,,True,candidate_occlusion
O07,velocity,150,2,6,True,candidate_occlusion
O07,velocity,151,1,,True,candidate_occlusion
O07,velocity,151,2,6,True,candidate_occlusion
O07,velocity,152,1,,True,candidate_occlusion
O07,velocity,152,2,,True,candidate_occlusion
O07,velocity,153,1,,True,candidate_occlusion
O07,velocity,153,2,6,True,candidate_occlusion
O07,velocity,154,1,,True,candidate_occlusion
O07,velocity,154,2,,True,candidate_occlusion
O07,velocity,155,1,,True,candidate_occlusion
O07,velocity,155,2,,True,candidate_occlusion
O07,velocity,156,1,,True,candidate_occlusion
O07,velocity,156,2,,True,candidate_occlusion
O07,velocity,157,1,,True,candidate_occlusion
O07,velocity,157,2,,True,candidate_occlusion
O07,velocity,158,1,,True,candidate_occlusion
O07,velocity,158,2,,True,candidate_occlusion
O07,velocity,159,1,,True,candidate_occlusion
O07,velocity,159,2,,True,candidate_occlusion
O07,velocity,160,1,,True,candidate_occlusion
O07,velocity,160,2,,True,candidate_occlusion
O07,velocity,161,1,,True,candidate_occlusion
O07,velocity,161,2,,True,candidate_occlusion
O07,velocity,162,1,,True,candidate_occlusion
O07,velocity,162,2,,True,candidate_occlusion
O07,velocity,163,1,,True,candidate_occlusion
O07,velocity,163,2,,True,candidate_occlusion
O07,velocity,164,1,,True,candidate_occlusion
O07,velocity,164,2,,True,candidate_occlusion
O07,velocity,165,1,,True,candidate_occlusion
O07,velocity,165,2,6,True,candidate_occlusion
O07,velocity,166,1,,True,candidate_occlusion
O07,velocity,166,2,,True,candidate_occlusion
O07,velocity,167,1,,True,candidate_occlusion
O07,velocity,167,2,,True,candidate_occlusion
O07,velocity,168,1,,True,candidate_occlusion
O07,velocity,168,2,,True,candidate_occlusion
O07,velocity,169,1,,True,candidate_occlusion
O07,velocity,169,2,,True,candidate_occlusion
O07,velocity,170,1,,True,candidate_occlusion
O07,velocity,170,2,6,True,candidate_occlusion
O07,velocity,171,1,,True,candidate_occlusion
O07,velocity,171,2,,True,candidate_occlusion
O07,velocity,172,1,,True,candidate_occlusion
O07,velocity,172,2,,True,candidate_occlusion
O07,velocity,173,1,,True,candidate_occlusion
O07,velocity,173,2,,True,candidate_occlusion
O07,velocity,174,1,,True,candidate_occlusion
O07,velocity,174,2,,True,candidate_occlusion
O07,velocity,175,1,,True,candidate_occlusion
O07,velocity,175,2,,True,candidate_occlusion
O07,velocity,176,1,,True,candidate_occlusion
O07,velocity,176,2,,True,candidate_occlusion
O07,velocity,177,1,,True,candidate_occlusion
O07,velocity,177,2,,True,candidate_occlusion
O07,velocity,178,1,,True,candidate_occlusion
O07,velocity,178,2,,True,candidate_occlusion
O07,velocity,179,1,,True,candidate_occlusion
O07,velocity,179,2,,True,candidate_occlusion
O07,velocity,180,1,,True,candidate_occlusion
O07,velocity,180,2,,True,candidate_occlusion
O07,velocity,181,1,,True,candidate_occlusion
O07,velocity,181,2,,True,candidate_occlusion
O07,velocity,182,1,,True,candidate_occlusion
O07,velocity,182,2,,True,candidate_occlusion
O07,velocity,183,1,,True,candidate_occlusion
O07,velocity,183,2,,True,candidate_occlusion
O07,velocity,184,1,,True,candidate_occlusion
O07,velocity,184,2,,True,candidate_occlusion
O07,velocity,185,1,,True,candidate_occlusion
O07,velocity,185,2,,True,candidate_occlusion
O07,velocity,186,1,,True,candidate_occlusion
O07,velocity,186,2,,True,candidate_occlusion
O07,velocity,187,1,,True,candidate_occlusion
O07,velocity,187,2,,True,candidate_occlusion
O07,velocity,188,1,,True,candidate_occlusion
O07,velocity,188,2,,True,candidate_occlusion
O07,velocity,189,1,,True,candidate_occlusion
O07,velocity,189,2,,True,candidate_occlusion
O07,velocity,190,1,,True,candidate_occlusion
O07,velocity,190,2,,True,candidate_occlusion
O07,velocity,191,1,,True,candidate_occlusion
O07,velocity,191,2,,True,candidate_occlusion
O07,velocity,192,1,,False,
O07,velocity,192,2,,True,absent_or_warmup
O07,velocity,193,1,,False,
O07,velocity,193,2,,True,absent_or_warmup
O07,velocity,194,1,,False,
O07,velocity,194,2,,True,absent_or_warmup
O07,velocity,195,1,,False,
O07,velocity,195,2,,True,absent_or_warmup
O07,velocity,196,1,,False,
O07,velocity,196,2,,True,absent_or_warmup
O07,velocity,197,1,,False,
O07,velocity,197,2,,True,absent_or_warmup
O07,velocity,198,1,,False,
O07,velocity,198,2,,True,absent_or_warmup
O07,velocity,199,1,,False,
O07,velocity,199,2,,True,absent_or_warmup
O07,velocity,200,1,,False,
O07,velocity,200,2,,True,absent_or_warmup
O07,velocity,201,1,,False,
O07,velocity,201,2,,True,absent_or_warmup
O07,velocity,202,1,,True,absent_or_warmup
O07,velocity,202,2,,True,absent_or_warmup
O07,velocity,203,1,,True,absent_or_warmup
O07,velocity,203,2,,True,absent_or_warmup
O07,velocity,204,1,,True,absent_or_warmup
O07,velocity,204,2,,True,absent_or_warmup
O07,velocity,205,1,,True,absent_or_warmup
O07,velocity,205,2,,True,absent_or_warmup
O07,velocity,206,1,,True,absent_or_warmup
O07,velocity,206,2,,True,absent_or_warmup
O08,velocity,25,1,,False,
O08,velocity,25,2,,False,
O08,velocity,26,1,,False,
O08,velocity,26,2,,False,
O08,velocity,27,1,,False,
O08,velocity,27,2,,False,
O08,velocity,28,1,,False,
O08,velocity,28,2,,False,
O08,velocity,29,1,,False,
O08,velocity,29,2,,False,
O08,velocity,30,1,,False,
O08,velocity,30,2,,False,
O08,velocity,31,1,,False,
O08,velocity,31,2,,False,
O08,velocity,32,1,1,False,
O08,velocity,32,2,,False,
O08,velocity,33,1,1,False,
O08,velocity,33,2,,False,
O08,velocity,34,1,,False,
O08,velocity,34,2,,False,
O08,velocity,35,1,2,False,
O08,velocity,35,2,3,False,
O08,velocity,36,1,2,False,
O08,velocity,36,2,3,False,
O08,velocity,37,1,2,False,
O08,velocity,37,2,3,False,
O08,velocity,38,1,2,False,
O08,velocity,38,2,3,False,
O08,velocity,39,1,2,False,
O08,velocity,39,2,3,False,
O08,velocity,40,1,2,False,
O08,velocity,40,2,3,False,
O08,velocity,41,1,2,False,
O08,velocity,41,2,3,False,
O08,velocity,42,1,2,False,
O08,velocity,42,2,3,False,
O08,velocity,43,1,2,False,
O08,velocity,43,2,3,False,
O08,velocity,44,1,2,False,
O08,velocity,44,2,3,False,
O08,velocity,45,1,2,False,
O08,velocity,45,2,3,False,
O08,velocity,46,1,1,False,
O08,velocity,46,2,3,False,
O08,velocity,47,1,,False,
O08,velocity,47,2,3,False,
O08,velocity,48,1,,False,
O08,velocity,48,2,3,False,
O08,velocity,49,1,,False,
O08,velocity,49,2,3,False,
O08,velocity,50,1,,False,
O08,velocity,50,2,3,False,
O08,velocity,51,1,,False,
O08,velocity,51,2,3,False,
O08,velocity,52,1,,False,
O08,velocity,52,2,3,False,
O08,velocity,53,1,,False,
O08,velocity,53,2,3,False,
O08,velocity,54,1,,False,
O08,velocity,54,2,3,False,
O08,velocity,55,1,,False,
O08,velocity,55,2,3,False,
O08,velocity,56,1,,False,
O08,velocity,56,2,3,False,
O08,velocity,57,1,,False,
O08,velocity,57,2,3,False,
O08,velocity,58,1,,False,
O08,velocity,58,2,3,False,
O08,velocity,59,1,,False,
O08,velocity,59,2,3,False,
O08,velocity,60,1,,False,
O08,velocity,60,2,3,False,
O08,velocity,61,1,,True,candidate_occlusion
O08,velocity,61,2,3,True,candidate_occlusion
O08,velocity,62,1,,True,candidate_occlusion
O08,velocity,62,2,3,True,candidate_occlusion
O08,velocity,63,1,,True,candidate_occlusion
O08,velocity,63,2,3,True,candidate_occlusion
O08,velocity,64,1,,True,candidate_occlusion
O08,velocity,64,2,3,True,candidate_occlusion
O08,velocity,65,1,,True,candidate_occlusion
O08,velocity,65,2,3,True,candidate_occlusion
O08,velocity,66,1,3,True,candidate_occlusion
O08,velocity,66,2,,True,candidate_occlusion
O08,velocity,67,1,4,True,candidate_occlusion
O08,velocity,67,2,,True,candidate_occlusion
O08,velocity,68,1,,True,candidate_occlusion
O08,velocity,68,2,,True,candidate_occlusion
O08,velocity,69,1,,True,candidate_occlusion
O08,velocity,69,2,,True,candidate_occlusion
O08,velocity,70,1,,True,candidate_occlusion
O08,velocity,70,2,,True,candidate_occlusion
O08,velocity,71,1,,True,candidate_occlusion
O08,velocity,71,2,,True,candidate_occlusion
O08,velocity,72,1,,True,candidate_occlusion
O08,velocity,72,2,,True,candidate_occlusion
O08,velocity,73,1,,True,candidate_occlusion
O08,velocity,73,2,,True,candidate_occlusion
O08,velocity,74,1,,True,candidate_occlusion
O08,velocity,74,2,4,True,candidate_occlusion
O08,velocity,75,1,,True,candidate_occlusion
O08,velocity,75,2,4,True,candidate_occlusion
O08,velocity,76,1,,True,candidate_occlusion
O08,velocity,76,2,4,True,candidate_occlusion
O08,velocity,77,1,,True,candidate_occlusion
O08,velocity,77,2,4,True,candidate_occlusion
O08,velocity,78,1,,True,candidate_occlusion
O08,velocity,78,2,4,True,candidate_occlusion
O08,velocity,79,1,,True,candidate_occlusion
O08,velocity,79,2,4,True,candidate_occlusion
O08,velocity,80,1,,False,
O08,velocity,80,2,4,False,
O08,velocity,81,1,,False,
O08,velocity,81,2,4,False,
O08,velocity,82,1,,False,
O08,velocity,82,2,4,False,
O08,velocity,83,1,,False,
O08,velocity,83,2,4,False,
O08,velocity,84,1,,False,
O08,velocity,84,2,4,False,
O08,velocity,85,1,,False,
O08,velocity,85,2,4,False,
O08,velocity,86,1,,False,
O08,velocity,86,2,4,False,
O08,velocity,87,1,,False,
O08,velocity,87,2,,False,
O08,velocity,88,1,,False,
O08,velocity,88,2,,False,
O08,velocity,89,1,,False,
O08,velocity,89,2,8,False,
O08,velocity,90,1,,False,
O08,velocity,90,2,8,False,
O08,velocity,91,1,,False,
O08,velocity,91,2,8,False,
O08,velocity,92,1,,False,
O08,velocity,92,2,8,False,
O08,velocity,93,1,,False,
O08,velocity,93,2,8,False,
O08,velocity,94,1,,False,
O08,velocity,94,2,8,False,
O08,velocity,95,1,,False,
O08,velocity,95,2,8,False,
O08,velocity,96,1,,False,
O08,velocity,96,2,8,False,
O08,velocity,97,1,,False,
O08,velocity,97,2,8,False,
O08,velocity,98,1,,False,
O08,velocity,98,2,8,False,
O08,velocity,99,1,,False,
O08,velocity,99,2,8,False,
O08,velocity,100,1,,False,
O08,velocity,100,2,8,False,
O08,velocity,101,1,,False,
O08,velocity,101,2,8,False,
O08,velocity,102,1,,False,
O08,velocity,102,2,8,False,
O08,velocity,103,1,,False,
O08,velocity,103,2,8,False,
O08,velocity,104,1,,False,
O08,velocity,104,2,8,False,
O08,velocity,105,1,,False,
O08,velocity,105,2,8,False,
O08,velocity,106,1,,False,
O08,velocity,106,2,8,False,
O08,velocity,107,1,,False,
O08,velocity,107,2,8,False,
O08,velocity,108,1,,False,
O08,velocity,108,2,8,False,
O08,velocity,109,1,,False,
O08,velocity,109,2,8,False,
O08,velocity,110,1,,False,
O08,velocity,110,2,8,False,
O08,velocity,111,1,,False,
O08,velocity,111,2,8,False,
O08,velocity,112,1,,False,
O08,velocity,112,2,8,False,
O08,velocity,113,1,,False,
O08,velocity,113,2,8,False,
O08,velocity,114,1,,False,
O08,velocity,114,2,8,False,
O08,velocity,115,1,,False,
O08,velocity,115,2,8,False,
O08,velocity,116,1,,False,
O08,velocity,116,2,8,False,
O08,velocity,117,1,,False,
O08,velocity,117,2,8,False,
O08,velocity,118,1,,False,
O08,velocity,118,2,8,False,
O08,velocity,119,1,,False,
O08,velocity,119,2,8,False,
O08,velocity,120,1,,False,
O08,velocity,120,2,8,False,
O08,velocity,121,1,,False,
O08,velocity,121,2,8,False,
O08,velocity,122,1,,False,
O08,velocity,122,2,8,False,
O08,velocity,123,1,,False,
O08,velocity,123,2,8,False,
O08,velocity,124,1,,False,
O08,velocity,124,2,8,False,
O08,velocity,125,1,,False,
O08,velocity,125,2,8,False,
O08,velocity,126,1,,False,
O08,velocity,126,2,8,False,
O08,velocity,127,1,,False,
O08,velocity,127,2,8,False,
O08,velocity,128,1,,False,
O08,velocity,128,2,8,False,
O08,velocity,129,1,,False,
O08,velocity,129,2,8,False,
O08,velocity,130,1,,False,
O08,velocity,130,2,8,False,
O08,velocity,131,1,,False,
O08,velocity,131,2,8,False,
O08,velocity,132,1,,False,
O08,velocity,132,2,,False,
O08,velocity,133,1,,False,
O08,velocity,133,2,,False,
O08,velocity,134,1,,False,
O08,velocity,134,2,,True,absent_or_warmup
O08,velocity,135,1,,False,
O08,velocity,135,2,,True,absent_or_warmup
O08,velocity,136,1,,False,
O08,velocity,136,2,,True,absent_or_warmup
O08,velocity,137,1,,False,
O08,velocity,137,2,,True,absent_or_warmup
O08,velocity,138,1,,False,
O08,velocity,138,2,,True,absent_or_warmup
O08,velocity,139,1,,False,
O08,velocity,139,2,,True,absent_or_warmup
O08,velocity,140,1,,False,
O08,velocity,140,2,,True,absent_or_warmup
O08,velocity,141,1,,False,
O08,velocity,141,2,,True,absent_or_warmup
O08,velocity,142,1,14,False,
O08,velocity,142,2,,True,absent_or_warmup
O08,velocity,143,1,14,False,
O08,velocity,143,2,,True,absent_or_warmup
O08,velocity,144,1,14,False,
O08,velocity,144,2,,True,absent_or_warmup
O08,velocity,145,1,14,False,
O08,velocity,145,2,,True,absent_or_warmup
O08,velocity,146,1,14,False,
O08,velocity,146,2,,True,absent_or_warmup
O08,velocity,147,1,14,False,
O08,velocity,147,2,,True,absent_or_warmup
O08,velocity,148,1,14,False,
O08,velocity,148,2,,True,absent_or_warmup
O08,velocity,149,1,14,False,
O08,velocity,149,2,,True,absent_or_warmup
O09,velocity,25,2,1,False,
O09,velocity,25,3,,True,absent_or_warmup
O09,velocity,26,2,1,False,
O09,velocity,26,3,,True,absent_or_warmup
O09,velocity,27,2,1,False,
O09,velocity,27,3,,True,absent_or_warmup
O09,velocity,28,2,1,False,
O09,velocity,28,3,,True,absent_or_warmup
O09,velocity,29,2,1,False,
O09,velocity,29,3,,True,absent_or_warmup
O09,velocity,30,2,1,False,
O09,velocity,30,3,,True,absent_or_warmup
O09,velocity,31,2,1,False,
O09,velocity,31,3,,True,absent_or_warmup
O09,velocity,32,2,1,False,
O09,velocity,32,3,,True,absent_or_warmup
O09,velocity,33,2,1,False,
O09,velocity,33,3,,True,absent_or_warmup
O09,velocity,34,2,1,False,
O09,velocity,34,3,,True,absent_or_warmup
O09,velocity,35,2,1,False,
O09,velocity,35,3,,False,
O09,velocity,36,2,1,False,
O09,velocity,36,3,,False,
O09,velocity,37,2,1,False,
O09,velocity,37,3,,False,
O09,velocity,38,2,1,False,
O09,velocity,38,3,,False,
O09,velocity,39,2,1,False,
O09,velocity,39,3,3,False,
O09,velocity,40,2,1,False,
O09,velocity,40,3,3,False,
O09,velocity,41,2,1,False,
O09,velocity,41,3,3,False,
O09,velocity,42,2,1,False,
O09,velocity,42,3,3,False,
O09,velocity,43,2,1,False,
O09,velocity,43,3,3,False,
O09,velocity,44,2,1,False,
O09,velocity,44,3,3,False,
O09,velocity,45,2,1,False,
O09,velocity,45,3,3,False,
O09,velocity,46,2,1,False,
O09,velocity,46,3,3,False,
O09,velocity,47,2,1,False,
O09,velocity,47,3,3,False,
O09,velocity,48,2,1,False,
O09,velocity,48,3,3,False,
O09,velocity,49,2,1,False,
O09,velocity,49,3,3,False,
O09,velocity,50,2,1,False,
O09,velocity,50,3,3,False,
O09,velocity,51,2,1,False,
O09,velocity,51,3,3,False,
O09,velocity,52,2,1,False,
O09,velocity,52,3,3,False,
O09,velocity,53,2,1,False,
O09,velocity,53,3,3,False,
O09,velocity,54,2,1,False,
O09,velocity,54,3,,False,
O09,velocity,55,2,1,False,
O09,velocity,55,3,,False,
O09,velocity,56,2,1,False,
O09,velocity,56,3,,False,
O09,velocity,57,2,1,False,
O09,velocity,57,3,,False,
O09,velocity,58,2,1,False,
O09,velocity,58,3,,False,
O09,velocity,59,2,,True,candidate_occlusion
O09,velocity,59,3,1,True,candidate_occlusion
O09,velocity,60,2,,True,candidate_occlusion
O09,velocity,60,3,1,True,candidate_occlusion
O09,velocity,61,2,,True,candidate_occlusion
O09,velocity,61,3,1,True,candidate_occlusion
O09,velocity,62,2,,True,candidate_occlusion
O09,velocity,62,3,1,True,candidate_occlusion
O09,velocity,63,2,,True,candidate_occlusion
O09,velocity,63,3,1,True,candidate_occlusion
O09,velocity,64,2,,True,candidate_occlusion
O09,velocity,64,3,1,True,candidate_occlusion
O09,velocity,65,2,5,True,candidate_occlusion
O09,velocity,65,3,1,True,candidate_occlusion
O09,velocity,66,2,1,True,candidate_occlusion
O09,velocity,66,3,5,True,candidate_occlusion
O09,velocity,67,2,1,True,candidate_occlusion
O09,velocity,67,3,5,True,candidate_occlusion
O09,velocity,68,2,1,True,candidate_occlusion
O09,velocity,68,3,2,True,candidate_occlusion
O09,velocity,69,2,1,False,
O09,velocity,69,3,2,False,
O09,velocity,70,2,1,False,
O09,velocity,70,3,2,False,
O09,velocity,71,2,1,False,
O09,velocity,71,3,2,False,
O09,velocity,72,2,1,False,
O09,velocity,72,3,2,False,
O09,velocity,73,2,1,False,
O09,velocity,73,3,2,False,
O09,velocity,74,2,1,False,
O09,velocity,74,3,2,False,
O09,velocity,75,2,1,False,
O09,velocity,75,3,2,False,
O09,velocity,76,2,1,False,
O09,velocity,76,3,2,False,
O09,velocity,77,2,1,False,
O09,velocity,77,3,2,False,
O09,velocity,78,2,1,False,
O09,velocity,78,3,2,False,
O09,velocity,79,2,,False,
O09,velocity,79,3,2,False,
O09,velocity,80,2,,False,
O09,velocity,80,3,2,False,
O09,velocity,81,2,,False,
O09,velocity,81,3,2,False,
O09,velocity,82,2,,False,
O09,velocity,82,3,2,False,
O09,velocity,83,2,,False,
O09,velocity,83,3,2,False,
O09,velocity,84,2,,False,
O09,velocity,84,3,2,False,
O09,velocity,85,2,,False,
O09,velocity,85,3,2,False,
O09,velocity,86,2,,False,
O09,velocity,86,3,2,False,
O09,velocity,87,2,,False,
O09,velocity,87,3,2,False,
O09,velocity,88,2,,False,
O09,velocity,88,3,2,False,
O09,velocity,89,2,,False,
O09,velocity,89,3,2,False,
O09,velocity,90,2,,False,
O09,velocity,90,3,2,False,
O09,velocity,91,2,,False,
O09,velocity,91,3,2,False,
O09,velocity,92,2,,False,
O09,velocity,92,3,2,False,
O09,velocity,93,2,,False,
O09,velocity,93,3,2,False,
O09,velocity,94,2,,False,
O09,velocity,94,3,2,False,
O09,velocity,95,2,,False,
O09,velocity,95,3,2,False,
O09,velocity,96,2,,True,absent_or_warmup
O09,velocity,96,3,2,False,
O09,velocity,97,2,,True,absent_or_warmup
O09,velocity,97,3,2,False,
O09,velocity,98,2,,True,absent_or_warmup
O09,velocity,98,3,2,False,
O09,velocity,99,2,,True,absent_or_warmup
O09,velocity,99,3,2,False,
O09,velocity,100,2,,True,absent_or_warmup
O09,velocity,100,3,2,False,
O09,velocity,101,2,,True,absent_or_warmup
O09,velocity,101,3,8,False,
O09,velocity,102,2,,True,absent_or_warmup
O09,velocity,102,3,8,False,
O09,velocity,103,2,,True,absent_or_warmup
O09,velocity,103,3,8,False,
O09,velocity,104,2,,True,absent_or_warmup
O09,velocity,104,3,8,False,
O09,velocity,105,2,,True,absent_or_warmup
O09,velocity,105,3,8,False,
O09,velocity,106,2,,True,absent_or_warmup
O09,velocity,106,3,8,False,
O09,velocity,107,2,,True,absent_or_warmup
O09,velocity,107,3,8,False,
O09,velocity,108,2,,True,absent_or_warmup
O09,velocity,108,3,8,False,
O09,velocity,109,2,,True,absent_or_warmup
O09,velocity,109,3,8,False,
O09,velocity,110,2,,True,absent_or_warmup
O09,velocity,110,3,2,False,
O09,velocity,111,2,,True,absent_or_warmup
O09,velocity,111,3,2,False,
O09,velocity,112,2,,True,absent_or_warmup
O09,velocity,112,3,9,False,
O09,velocity,113,2,,True,absent_or_warmup
O09,velocity,113,3,9,False,
O09,velocity,114,2,,True,absent_or_warmup
O09,velocity,114,3,2,False,
O09,velocity,115,2,,True,absent_or_warmup
O09,velocity,115,3,2,False,
O09,velocity,116,2,,True,absent_or_warmup
O09,velocity,116,3,2,False,
O09,velocity,117,2,,True,absent_or_warmup
O09,velocity,117,3,2,False,
O09,velocity,118,2,,True,absent_or_warmup
O09,velocity,118,3,2,False,
O09,velocity,119,2,,True,absent_or_warmup
O09,velocity,119,3,2,False,
O09,velocity,120,2,,True,absent_or_warmup
O09,velocity,120,3,2,False,
O09,velocity,121,2,,True,absent_or_warmup
O09,velocity,121,3,2,False,
O09,velocity,122,2,,True,absent_or_warmup
O09,velocity,122,3,2,False,
O09,velocity,123,2,,True,absent_or_warmup
O09,velocity,123,3,2,False,
O09,velocity,124,2,,True,absent_or_warmup
O09,velocity,124,3,2,False,
O09,velocity,125,2,,True,absent_or_warmup
O09,velocity,125,3,2,False,
O09,velocity,126,2,,True,absent_or_warmup
O09,velocity,126,3,2,False,
O09,velocity,127,2,,True,absent_or_warmup
O09,velocity,127,3,2,False,
O09,velocity,128,2,,True,absent_or_warmup
O09,velocity,128,3,2,False,
O09,velocity,129,2,,True,absent_or_warmup
O09,velocity,129,3,2,False,
O09,velocity,130,2,,True,absent_or_warmup
O09,velocity,130,3,2,False,
O09,velocity,131,2,,True,absent_or_warmup
O09,velocity,131,3,2,False,
O09,velocity,132,2,,True,absent_or_warmup
O09,velocity,132,3,2,False,
O09,velocity,133,2,,True,absent_or_warmup
O09,velocity,133,3,2,False,
O09,velocity,134,2,,True,absent_or_warmup
O09,velocity,134,3,2,False,
O09,velocity,135,2,,True,absent_or_warmup
O09,velocity,135,3,2,False,
O09,velocity,136,2,,True,absent_or_warmup
O09,velocity,136,3,10,False,
O09,velocity,137,2,,True,absent_or_warmup
O09,velocity,137,3,,False,
O09,velocity,138,2,,True,absent_or_warmup
O09,velocity,138,3,11,False,
O09,velocity,139,2,,True,absent_or_warmup
O09,velocity,139,3,11,False,
O09,velocity,140,2,,True,absent_or_warmup
O09,velocity,140,3,11,False,
O09,velocity,141,2,,True,absent_or_warmup
O09,velocity,141,3,11,False,
O09,velocity,142,2,,True,absent_or_warmup
O09,velocity,142,3,11,False,
O09,velocity,143,2,,True,absent_or_warmup
O09,velocity,143,3,,False,
O09,velocity,144,2,,True,absent_or_warmup
O09,velocity,144,3,10,False,
O09,velocity,145,2,,True,absent_or_warmup
O09,velocity,145,3,12,False,
O09,velocity,146,2,,True,absent_or_warmup
O09,velocity,146,3,12,False,
O09,velocity,147,2,,True,absent_or_warmup
O09,velocity,147,3,12,False,
O09,velocity,148,2,,True,absent_or_warmup
O09,velocity,148,3,12,False,
O09,velocity,149,2,,True,absent_or_warmup
O09,velocity,149,3,12,False,
O10,velocity,590,1,26,False,
O10,velocity,590,2,,False,
O10,velocity,591,1,26,False,
O10,velocity,591,2,,False,
O10,velocity,592,1,26,False,
O10,velocity,592,2,,False,
O10,velocity,593,1,26,False,
O10,velocity,593,2,,False,
O10,velocity,594,1,26,False,
O10,velocity,594,2,,False,
O10,velocity,595,1,26,False,
O10,velocity,595,2,,False,
O10,velocity,596,1,26,False,
O10,velocity,596,2,,False,
O10,velocity,597,1,26,False,
O10,velocity,597,2,,False,
O10,velocity,598,1,26,False,
O10,velocity,598,2,,False,
O10,velocity,599,1,26,False,
O10,velocity,599,2,,False,
O10,velocity,600,1,26,False,
O10,velocity,600,2,,False,
O10,velocity,601,1,26,False,
O10,velocity,601,2,,False,
O10,velocity,602,1,26,False,
O10,velocity,602,2,,False,
O10,velocity,603,1,26,False,
O10,velocity,603,2,,False,
O10,velocity,604,1,26,False,
O10,velocity,604,2,,False,
O10,velocity,605,1,,False,
O10,velocity,605,2,,False,
O10,velocity,606,1,,False,
O10,velocity,606,2,,False,
O10,velocity,607,1,,False,
O10,velocity,607,2,,False,
O10,velocity,608,1,,False,
O10,velocity,608,2,,False,
O10,velocity,609,1,,False,
O10,velocity,609,2,,False,
O10,velocity,610,1,,False,
O10,velocity,610,2,,False,
O10,velocity,611,1,,False,
O10,velocity,611,2,,False,
O10,velocity,612,1,,False,
O10,velocity,612,2,,False,
O10,velocity,613,1,,False,
O10,velocity,613,2,,False,
O10,velocity,614,1,,False,
O10,velocity,614,2,,False,
O10,velocity,615,1,,False,
O10,velocity,615,2,,False,
O10,velocity,616,1,,False,
O10,velocity,616,2,,False,
O10,velocity,617,1,,False,
O10,velocity,617,2,,False,
O10,velocity,618,1,,False,
O10,velocity,618,2,,False,
O10,velocity,619,1,,False,
O10,velocity,619,2,,False,
O10,velocity,620,1,,False,
O10,velocity,620,2,,False,
O10,velocity,621,1,,False,
O10,velocity,621,2,,False,
O10,velocity,622,1,,False,
O10,velocity,622,2,,False,
O10,velocity,623,1,,False,
O10,velocity,623,2,,False,
O10,velocity,624,1,,False,
O10,velocity,624,2,,False,
O10,velocity,625,1,,False,
O10,velocity,625,2,,False,
O10,velocity,626,1,,False,
O10,velocity,626,2,,False,
O10,velocity,627,1,,False,
O10,velocity,627,2,,False,
O10,velocity,628,1,,False,
O10,velocity,628,2,,False,
O10,velocity,629,1,,False,
O10,velocity,629,2,,False,
O10,velocity,630,1,,False,
O10,velocity,630,2,,False,
O10,velocity,631,1,31,False,
O10,velocity,631,2,,False,
O10,velocity,632,1,31,False,
O10,velocity,632,2,,False,
O10,velocity,633,1,,False,
O10,velocity,633,2,,False,
O10,velocity,634,1,,False,
O10,velocity,634,2,,False,
O10,velocity,635,1,,False,
O10,velocity,635,2,,False,
O10,velocity,636,1,,False,
O10,velocity,636,2,,False,
O10,velocity,637,1,,False,
O10,velocity,637,2,,False,
O10,velocity,638,1,,False,
O10,velocity,638,2,,False,
O10,velocity,639,1,,False,
O10,velocity,639,2,,False,
O10,velocity,640,1,,False,
O10,velocity,640,2,,False,
O10,velocity,641,1,,False,
O10,velocity,641,2,31,False,
O10,velocity,642,1,,False,
O10,velocity,642,2,31,False,
O10,velocity,643,1,,False,
O10,velocity,643,2,31,False,
O10,velocity,644,1,,False,
O10,velocity,644,2,31,False,
O10,velocity,645,1,,False,
O10,velocity,645,2,31,False,
O10,velocity,646,1,,False,
O10,velocity,646,2,31,False,
O10,velocity,647,1,,False,
O10,velocity,647,2,,False,
O10,velocity,648,1,,False,
O10,velocity,648,2,,False,
O10,velocity,649,1,,False,
O10,velocity,649,2,,False,
O10,velocity,650,1,,False,
O10,velocity,650,2,,False,
O10,velocity,651,1,,False,
O10,velocity,651,2,,False,
O10,velocity,652,1,,False,
O10,velocity,652,2,,False,
O10,velocity,653,1,,False,
O10,velocity,653,2,,False,
O10,velocity,654,1,,False,
O10,velocity,654,2,,False,
O10,velocity,655,1,,False,
O10,velocity,655,2,,False,
O10,velocity,656,1,,False,
O10,velocity,656,2,,False,
O10,velocity,657,1,,False,
O10,velocity,657,2,,False,
O10,velocity,658,1,,False,
O10,velocity,658,2,,False,
O10,velocity,659,1,,False,
O10,velocity,659,2,,False,
O10,velocity,660,1,,False,
O10,velocity,660,2,,False,
O10,velocity,661,1,,False,
O10,velocity,661,2,,False,
O10,velocity,662,1,,False,
O10,velocity,662,2,,False,
O10,velocity,663,1,,False,
O10,velocity,663,2,,False,
O10,velocity,664,1,,False,
O10,velocity,664,2,,False,
O10,velocity,665,1,,False,
O10,velocity,665,2,,False,
O10,velocity,666,1,,False,
O10,velocity,666,2,,False,
O10,velocity,667,1,,False,
O10,velocity,667,2,,False,
O10,velocity,668,1,,False,
O10,velocity,668,2,,False,
O10,velocity,669,1,,False,
O10,velocity,669,2,,False,
O10,velocity,670,1,,False,
O10,velocity,670,2,,False,
O10,velocity,671,1,,False,
O10,velocity,671,2,,False,
O10,velocity,672,1,,False,
O10,velocity,672,2,,False,
O10,velocity,673,1,,False,
O10,velocity,673,2,,False,
O10,velocity,674,1,,False,
O10,velocity,674,2,,False,
O10,velocity,675,1,,False,
O10,velocity,675,2,,False,
O10,velocity,676,1,,False,
O10,velocity,676,2,,False,
O10,velocity,677,1,,False,
O10,velocity,677,2,,False,
O10,velocity,678,1,36,False,
O10,velocity,678,2,,False,
O10,velocity,679,1,,False,
O10,velocity,679,2,,False,
O10,velocity,680,1,,False,
O10,velocity,680,2,,False,
O10,velocity,681,1,,False,
O10,velocity,681,2,,False,
O10,velocity,682,1,,False,
O10,velocity,682,2,,False,
O10,velocity,683,1,,False,
O10,velocity,683,2,,False,
O10,velocity,684,1,,False,
O10,velocity,684,2,,False,
O10,velocity,685,1,,False,
O10,velocity,685,2,,False,
O10,velocity,686,1,,False,
O10,velocity,686,2,,False,
O10,velocity,687,1,,False,
O10,velocity,687,2,,False,
O10,velocity,688,1,,False,
O10,velocity,688,2,,False,
O10,velocity,689,1,,False,
O10,velocity,689,2,,False,
O10,velocity,690,1,,False,
O10,velocity,690,2,,False,
S01,velocity,95,0,1,False,
S01,velocity,96,0,1,False,
S01,velocity,97,0,1,False,
S01,velocity,98,0,1,False,
S01,velocity,99,0,1,False,
S01,velocity,100,0,1,False,
S01,velocity,101,0,,False,
S01,velocity,102,0,1,False,
S01,velocity,103,0,1,False,
S01,velocity,104,0,,False,
S01,velocity,105,0,,False,
S01,velocity,106,0,,False,
S01,velocity,107,0,,False,
S01,velocity,108,0,,False,
S01,velocity,109,0,,False,
S01,velocity,110,0,,False,
S01,velocity,111,0,,False,
S01,velocity,112,0,,False,
S01,velocity,113,0,,False,
S01,velocity,114,0,,False,
S01,velocity,115,0,,False,
S01,velocity,116,0,,False,
S01,velocity,117,0,,False,
S01,velocity,118,0,,False,
S01,velocity,119,0,,False,
S01,velocity,120,0,,False,
S02,velocity,355,1,,False,
S02,velocity,356,1,,False,
S02,velocity,357,1,,False,
S02,velocity,358,1,,False,
S02,velocity,359,1,,False,
S02,velocity,360,1,,False,
S02,velocity,361,1,,False,
S02,velocity,362,1,,False,
S02,velocity,363,1,,False,
S02,velocity,364,1,,False,
S02,velocity,365,1,,False,
S02,velocity,366,1,,False,
S02,velocity,367,1,,False,
S02,velocity,368,1,,False,
S02,velocity,369,1,,False,
S02,velocity,370,1,,False,
S02,velocity,371,1,,False,
S02,velocity,372,1,,False,
S02,velocity,373,1,,False,
S02,velocity,374,1,,False,
S02,velocity,375,1,,False,
S02,velocity,376,1,,False,
S02,velocity,377,1,,False,
S02,velocity,378,1,,False,
S02,velocity,379,1,,False,
S02,velocity,380,1,,False,
S02,velocity,381,1,,False,
S02,velocity,382,1,,False,
S02,velocity,383,1,,False,
S02,velocity,384,1,,False,
S02,velocity,385,1,,False,
S02,velocity,386,1,,False,
S02,velocity,387,1,,False,
S02,velocity,388,1,,False,
S02,velocity,389,1,,False,
S02,velocity,390,1,,False,
S03,velocity,159,1,1,False,
S03,velocity,160,1,1,False,
S03,velocity,161,1,1,False,
S03,velocity,162,1,1,False,
S03,velocity,163,1,1,False,
S03,velocity,164,1,1,False,
S03,velocity,165,1,1,False,
S03,velocity,166,1,1,False,
S03,velocity,167,1,1,False,
S03,velocity,168,1,7,False,
S03,velocity,169,1,7,False,
S03,velocity,170,1,,False,
S03,velocity,171,1,7,False,
S03,velocity,172,1,7,False,
S03,velocity,173,1,6,False,
S03,velocity,174,1,7,False,
S03,velocity,175,1,7,False,
S03,velocity,176,1,7,False,
S03,velocity,177,1,7,False,
S03,velocity,178,1,,False,
S03,velocity,179,1,,False,
S03,velocity,180,1,,False,
S03,velocity,181,1,,False,
S03,velocity,182,1,,False,
S03,velocity,183,1,,False,
S03,velocity,184,1,,False,
S03,velocity,185,1,,False,
S03,velocity,186,1,,False,
S03,velocity,187,1,,False,
S03,velocity,188,1,,False,
S03,velocity,189,1,,False,
S03,velocity,190,1,,False,
S03,velocity,191,1,,False,
S03,velocity,192,1,,False,
S03,velocity,193,1,,False,
S03,velocity,194,1,,False,
S03,velocity,195,1,,False,
S03,velocity,196,1,,False,
S03,velocity,197,1,,False,
S03,velocity,198,1,,False,
S03,velocity,199,1,,False,
S03,velocity,200,1,,False,
S03,velocity,201,1,,False,
S03,velocity,202,1,,False,
S03,velocity,203,1,,False,
S03,velocity,204,1,,False,
S03,velocity,205,1,,False,
S03,velocity,206,1,,False,
S03,velocity,207,1,,False,
S03,velocity,208,1,,False,
S03,velocity,209,1,,False,
S03,velocity,210,1,,False,
S03,velocity,211,1,,False,
S03,velocity,212,1,,False,
S03,velocity,213,1,,False,
S03,velocity,214,1,,False,
S03,velocity,215,1,,False,
S03,velocity,216,1,,False,
S03,velocity,217,1,,False,
S03,velocity,218,1,,False,
S03,velocity,219,1,,False,
S03,velocity,220,1,,False,
S03,velocity,221,1,,False,
S03,velocity,222,1,,False,
S03,velocity,223,1,,False,
S03,velocity,224,1,,False,
S03,velocity,225,1,,False,
S03,velocity,226,1,,False,
S03,velocity,227,1,,False,
S03,velocity,228,1,,False,
S03,velocity,229,1,,False,
S03,velocity,230,1,,False,
S03,velocity,231,1,,False,
S03,velocity,232,1,,False,
S03,velocity,233,1,,False,
S03,velocity,234,1,,False,
S03,velocity,235,1,,False,
S03,velocity,236,1,,False,
S03,velocity,237,1,,False,
S03,velocity,238,1,,False,
S03,velocity,239,1,,False,
S03,velocity,240,1,,False,
S03,velocity,241,1,,False,
S03,velocity,242,1,,False,
S03,velocity,243,1,,False,
S03,velocity,244,1,,False,
S03,velocity,245,1,,False,
S03,velocity,246,1,,False,
S03,velocity,247,1,,False,
S03,velocity,248,1,,False,
S03,velocity,249,1,,False,
S03,velocity,250,1,,False,
S03,velocity,251,1,,False,
S03,velocity,252,1,,False,
S03,velocity,253,1,,False,
S03,velocity,254,1,,False,
S03,velocity,255,1,,False,
S03,velocity,256,1,,False,
S03,velocity,257,1,,False,
S03,velocity,258,1,,False,
S03,velocity,259,1,,False,
S03,velocity,260,1,,False,
S03,velocity,261,1,,False,
S03,velocity,262,1,,False,
S03,velocity,263,1,,False,
S03,velocity,264,1,,False,
S03,velocity,265,1,,False,
S03,velocity,266,1,,False,
S03,velocity,267,1,,False,
S03,velocity,268,1,,False,
S03,velocity,269,1,,False,
S03,velocity,270,1,,False,
S03,velocity,271,1,10,False,
S03,velocity,272,1,10,False,
S03,velocity,273,1,10,False,
S04,velocity,123,1,2,False,
S04,velocity,124,1,2,False,
S04,velocity,125,1,2,False,
S04,velocity,126,1,7,False,
S04,velocity,127,1,7,False,
S04,velocity,128,1,,False,
S04,velocity,129,1,,False,
S04,velocity,130,1,,False,
S04,velocity,131,1,,False,
S04,velocity,132,1,,False,
S04,velocity,133,1,,False,
S05,velocity,177,1,34,False,
S05,velocity,178,1,,False,
S05,velocity,179,1,,False,
S05,velocity,180,1,,False,
S05,velocity,181,1,,False,
S05,velocity,182,1,36,False,
S05,velocity,183,1,36,False,
S05,velocity,184,1,,False,
S05,velocity,185,1,,False,
S05,velocity,186,1,,False,
S05,velocity,187,1,,False,
S05,velocity,188,1,34,False,
S05,velocity,189,1,36,False,
S05,velocity,190,1,33,False,
S05,velocity,191,1,36,False,
S05,velocity,192,1,,False,
S05,velocity,193,1,,False,
S05,velocity,194,1,,False,
S05,velocity,195,1,,False,
S05,velocity,196,1,34,False,
S05,velocity,197,1,34,False,
S05,velocity,198,1,34,False,
S05,velocity,199,1,34,False,
S05,velocity,200,1,34,False,
S05,velocity,201,1,34,False,
S05,velocity,202,1,34,False,
S05,velocity,203,1,34,False,
S05,velocity,204,1,34,False,
S05,velocity,205,1,34,False,
S05,velocity,206,1,34,False,
S05,velocity,207,1,34,False,
S05,velocity,208,1,34,False,
S05,velocity,209,1,34,False,
S05,velocity,210,1,34,False,
S05,velocity,211,1,34,False,
S05,velocity,212,1,37,False,
S05,velocity,213,1,34,False,
S05,velocity,214,1,34,False,
S05,velocity,215,1,40,False,
S05,velocity,216,1,,False,
S05,velocity,217,1,,False,
S05,velocity,218,1,,False,
S05,velocity,219,1,49,False,
S05,velocity,220,1,,False,
S05,velocity,221,1,,False,
S05,velocity,222,1,,False,
S05,velocity,223,1,,False,
S05,velocity,224,1,,False,
S05,velocity,225,1,49,False,
S05,velocity,226,1,49,False,
S05,velocity,227,1,,False,
S05,velocity,228,1,,False,
S05,velocity,229,1,,False,
S05,velocity,230,1,,False,
S05,velocity,231,1,,False,
S05,velocity,232,1,49,False,
S05,velocity,233,1,,False,
S05,velocity,234,1,,False,
S05,velocity,235,1,,False,
S05,velocity,236,1,,False,
S05,velocity,237,1,,False,
S05,velocity,238,1,,False,
S05,velocity,239,1,,False,
S05,velocity,240,1,,False,
S05,velocity,241,1,,False,
S05,velocity,242,1,49,False,
S05,velocity,243,1,49,False,
S05,velocity,244,1,49,False,
S05,velocity,245,1,49,False,
S05,velocity,246,1,49,False,
S05,velocity,247,1,49,False,
S05,velocity,248,1,49,False,
S05,velocity,249,1,49,False,
S05,velocity,250,1,49,False,
S05,velocity,251,1,49,False,
S05,velocity,252,1,49,False,
S05,velocity,253,1,49,False,
S05,velocity,254,1,49,False,
S05,velocity,255,1,49,False,
S05,velocity,256,1,49,False,
L01,velocity,119,1,2,False,
L01,velocity,120,1,2,False,
L01,velocity,121,1,2,False,
L01,velocity,122,1,2,False,
L01,velocity,123,1,2,False,
L01,velocity,124,1,2,False,
L01,velocity,125,1,2,False,
L01,velocity,126,1,7,False,
L01,velocity,127,1,7,False,
L01,velocity,128,1,,False,
L01,velocity,129,1,,False,
L01,velocity,130,1,,False,
L01,velocity,131,1,,False,
L01,velocity,132,1,,False,
L01,velocity,133,1,,False,
L01,velocity,134,1,,False,
L01,velocity,135,1,,False,
L01,velocity,136,1,,False,
L01,velocity,137,1,,False,
L01,velocity,138,1,2,False,
L01,velocity,139,1,2,False,
L01,velocity,140,1,2,False,
L01,velocity,141,1,2,False,
L01,velocity,142,1,2,False,
L01,velocity,143,1,2,False,
L01,velocity,144,1,2,False,
L01,velocity,145,1,2,False,
L01,velocity,146,1,2,False,
L01,velocity,147,1,2,False,
L01,velocity,148,1,2,False,
L01,velocity,149,1,2,False,
L01,velocity,150,1,2,False,
L01,velocity,151,1,2,False,
L01,velocity,152,1,2,False,
L01,velocity,153,1,27,False,
L01,velocity,154,1,27,False,
L01,velocity,155,1,2,False,
L01,velocity,156,1,2,False,
L01,velocity,157,1,2,False,
L01,velocity,158,1,2,False,
L01,velocity,159,1,2,False,
L01,velocity,160,1,2,False,
L01,velocity,161,1,2,False,
L01,velocity,162,1,2,False,
L01,velocity,163,1,2,False,
L01,velocity,164,1,2,False,
L01,velocity,165,1,2,False,
L01,velocity,166,1,2,False,
L01,velocity,167,1,2,False,
L01,velocity,168,1,2,False,
L01,velocity,169,1,2,False,
L01,velocity,170,1,2,False,
L01,velocity,171,1,2,False,
L01,velocity,172,1,2,False,
L01,velocity,173,1,2,False,
L01,velocity,174,1,2,False,
L02,velocity,204,1,34,False,
L02,velocity,205,1,34,False,
L02,velocity,206,1,34,False,
L02,velocity,207,1,34,False,
L02,velocity,208,1,34,False,
L02,velocity,209,1,34,False,
L02,velocity,210,1,34,False,
L02,velocity,211,1,34,False,
L02,velocity,212,1,37,False,
L02,velocity,213,1,34,False,
L02,velocity,214,1,34,False,
L02,velocity,215,1,40,False,
L02,velocity,216,1,,False,
L02,velocity,217,1,,False,
L02,velocity,218,1,,False,
L02,velocity,219,1,49,False,
L02,velocity,220,1,,False,
L02,velocity,221,1,,False,
L02,velocity,222,1,,False,
L02,velocity,223,1,,False,
L02,velocity,224,1,,False,
L02,velocity,225,1,49,False,
L02,velocity,226,1,49,False,
L02,velocity,227,1,,False,
L02,velocity,228,1,,False,
L02,velocity,229,1,,False,
L02,velocity,230,1,,False,
L02,velocity,231,1,,False,
L02,velocity,232,1,49,False,
L02,velocity,233,1,,False,
L02,velocity,234,1,,False,
L02,velocity,235,1,,False,
L02,velocity,236,1,,False,
L02,velocity,237,1,,False,
L02,velocity,238,1,,False,
L02,velocity,239,1,,False,
L02,velocity,240,1,,False,
L02,velocity,241,1,,False,
L02,velocity,242,1,49,False,
L02,velocity,243,1,49,False,
L02,velocity,244,1,49,False,
L02,velocity,245,1,49,False,
L02,velocity,246,1,49,False,
L02,velocity,247,1,49,False,
L02,velocity,248,1,49,False,
L02,velocity,249,1,49,False,
L03,velocity,800,1,,False,
L03,velocity,801,1,,False,
L03,velocity,802,1,,False,
L03,velocity,803,1,,False,
L03,velocity,804,1,,False,
L03,velocity,805,1,,False,
L03,velocity,806,1,,False,
L03,velocity,807,1,,False,
L03,velocity,808,1,2,False,
L03,velocity,809,1,2,False,
L03,velocity,810,1,2,False,
L03,velocity,811,1,2,False,
L03,velocity,812,1,,False,
L03,velocity,813,1,,False,
L03,velocity,814,1,,False,
L03,velocity,815,1,,False,
L03,velocity,816,1,,False,
L03,velocity,817,1,,False,
L03,velocity,818,1,,False,
L03,velocity,819,1,6,False,
L03,velocity,820,1,6,False,
L03,velocity,821,1,6,False,
L03,velocity,822,1,6,False,
L03,velocity,823,1,6,False,
L03,velocity,824,1,5,False,
L03,velocity,825,1,,False,
L03,velocity,826,1,,False,
L04,velocity,1851,1,,False,
L04,velocity,1852,1,,False,
L04,velocity,1853,1,,False,
L04,velocity,1854,1,,False,
L04,velocity,1855,1,,False,
L04,velocity,1856,1,,False,
L04,velocity,1857,1,,False,
L04,velocity,1858,1,,False,
L04,velocity,1859,1,,False,
L04,velocity,1860,1,,False,
L04,velocity,1861,1,,False,
L04,velocity,1862,1,,False,
L04,velocity,1863,1,15,False,
L04,velocity,1864,1,15,False,
L04,velocity,1865,1,16,False,
L04,velocity,1866,1,16,False,
L04,velocity,1867,1,16,False,
L04,velocity,1868,1,22,False,
L04,velocity,1869,1,22,False,
L04,velocity,1870,1,15,False,
L04,velocity,1871,1,15,False,
L04,velocity,1872,1,22,False,
L04,velocity,1873,1,,False,
L04,velocity,1874,1,15,False,
L04,velocity,1875,1,15,False,
L04,velocity,1876,1,15,False,
L04,velocity,1877,1,15,False,
L04,velocity,1878,1,,False,
L04,velocity,1879,1,,False,
L04,velocity,1880,1,,False,
L04,velocity,1881,1,,False,
L04,velocity,1882,1,,False,
L04,velocity,1883,1,,False,
L04,velocity,1884,1,,False,
L04,velocity,1885,1,,False,
L04,velocity,1886,1,,False,
L04,velocity,1887,1,,False,
L04,velocity,1888,1,,False,
L04,velocity,1889,1,,False,
L04,velocity,1890,1,,False,
L04,velocity,1891,1,,False,
L04,velocity,1892,1,,False,
L04,velocity,1893,1,,False,
L04,velocity,1894,1,,False,
L04,velocity,1895,1,,False,
L04,velocity,1896,1,,False,
L04,velocity,1897,1,,False,
L04,velocity,1898,1,,False,
L04,velocity,1899,1,,False,
L04,velocity,1900,1,,False,
L04,velocity,1901,1,,False,
L04,velocity,1902,1,,False,
L04,velocity,1903,1,,False,
L04,velocity,1904,1,,False,
L04,velocity,1905,1,,False,
L04,velocity,1906,1,,False,
L04,velocity,1907,1,,False,
L04,velocity,1908,1,,False,
L04,velocity,1909,1,,False,
L04,velocity,1910,1,,False,
L05,velocity,2160,1,28,False,
L05,velocity,2161,1,29,False,
L05,velocity,2162,1,29,False,
L05,velocity,2163,1,29,False,
L05,velocity,2164,1,29,False,
L05,velocity,2165,1,29,False,
L05,velocity,2166,1,29,False,
L05,velocity,2167,1,29,False,
L05,velocity,2168,1,29,False,
L05,velocity,2169,1,29,False,
L05,velocity,2170,1,29,False,
L05,velocity,2171,1,29,False,
L05,velocity,2172,1,31,False,
L05,velocity,2173,1,,False,
L05,velocity,2174,1,31,False,
L05,velocity,2175,1,31,False,
L05,velocity,2176,1,31,False,
L05,velocity,2177,1,,False,
L05,velocity,2178,1,,False,
L05,velocity,2179,1,,False,
L05,velocity,2180,1,35,False,
L05,velocity,2181,1,35,False,
L05,velocity,2182,1,35,False,
L05,velocity,2183,1,35,False,
L05,velocity,2184,1,35,False,
L05,velocity,2185,1,35,False,
L05,velocity,2186,1,35,False,
L05,velocity,2187,1,35,False,
L05,velocity,2188,1,,False,
L05,velocity,2189,1,,False,
L05,velocity,2190,1,,False,
L05,velocity,2191,1,,False,
L05,velocity,2192,1,,False,
